algorithm,run,round,ch_id,x,y,residual_energy,distance_to_bs,cluster_size
Hybrid GWO-ABC,0,1,20,43.715191887233075,83.26781960578374,0.5,33.85626432932715,22
Hybrid GWO-ABC,0,1,55,45.57762898336111,20.236336479523032,0.5,30.09041428044784,21
Hybrid GWO-ABC,0,1,60,58.40979689127356,64.984660155482,0.5,17.183268714879727,21
Hybrid GWO-ABC,0,1,66,58.106113970039495,34.686980453483706,0.5,17.32621283856514,18
Hybrid GWO-ABC,0,1,70,48.66583308381603,49.07069943545209,0.5,1.6259154035523802,18
Hybrid GWO-ABC,0,2,30,66.84029617904716,47.10962061431325,0.499790775682903,17.08654056242027,21
Hybrid GWO-ABC,0,2,35,21.45846728195292,40.852864372463614,0.49976768905732005,29.97147277135205,17
Hybrid GWO-ABC,0,2,39,55.70321523412783,78.38982091064135,0.4997932996969986,28.957012887124193,21
Hybrid GWO-ABC,0,2,46,44.61562755740307,38.10212260964825,0.4997945314463044,13.059515802526548,19
Hybrid GWO-ABC,0,2,47,30.151208914787652,63.028259311888846,0.49977849580856704,23.742578803538244,22
Hybrid GWO-ABC,0,3,32,63.47183200005908,55.35794006579958,0.49959209282944694,14.498199170466526,21
Hybrid GWO-ABC,0,3,58,75.85195298352102,71.94629559509367,0.4995679926468589,33.911109734265686,21
Hybrid GWO-ABC,0,3,59,43.20930397751037,62.73088407024432,0.49958452093468614,14.428754682225943,19
Hybrid GWO-ABC,0,3,61,8.44443211398891,41.58074021706096,0.4995262497800133,42.399872141570086,20
Hybrid GWO-ABC,0,3,73,33.15689973425522,52.06724024715378,0.49958485262453134,16.969487582168895,19
Hybrid GWO-ABC,0,4,31,56.52361064811888,76.49988574160255,0.49937970963233735,27.291050551531363,20
Hybrid GWO-ABC,0,4,43,72.23593505964503,46.18772302513874,0.49937908863516683,22.560369316786645,19
Hybrid GWO-ABC,0,4,78,28.123378383900832,65.94226346919018,0.4993690505733099,27.06921383888075,19
Hybrid GWO-ABC,0,4,82,55.48524693914834,37.092228386243875,0.49937883022249785,14.024924314103254,23
Hybrid GWO-ABC,0,4,85,29.091783814011862,51.50571292317145,0.4993784078146917,20.962363308725994,19
Hybrid GWO-ABC,0,5,4,12.811363267554587,45.038593789556714,0.4991307201527032,37.51813233095184,20
Hybrid GWO-ABC,0,5,16,32.58253581381519,37.045970603486886,0.4991604503268591,21.706564359261378,20
Hybrid GWO-ABC,0,5,28,45.891577553834,56.87411959528937,0.4991717291343187,8.008286658611938,19
Hybrid GWO-ABC,0,5,40,66.43135403273875,40.63868614400705,0.49918253308691163,18.91093843413398,20
Hybrid GWO-ABC,0,5,92,77.2012432110988,66.16612631677611,0.49914863856903213,31.642554769160306,21
Hybrid GWO-ABC,0,6,3,76.1139701990353,78.60643052769538,0.4989398309872551,38.73328422806367,25
Hybrid GWO-ABC,0,6,33,55.92071607454135,30.39500980626122,0.49895395929542874,20.47951462637545,19
Hybrid GWO-ABC,0,6,44,16.127177903360177,50.10447751033635,0.49893951085111465,33.87298322174735,16
Hybrid GWO-ABC,0,6,56,30.59566241506525,57.9219568941896,0.49896998087384015,20.959144022204473,22
Hybrid GWO-ABC,0,6,91,51.885836038644904,31.5929051830793,0.49895283601003926,18.503446088871144,18
Hybrid GWO-ABC,0,7,10,75.80877400853738,35.45259681298683,0.4987302933342769,29.626335502543604,20
Hybrid GWO-ABC,0,7,13,46.67210037270342,4.380376578722878,0.4985189486447787,45.740845609023204,19
Hybrid GWO-ABC,0,7,38,29.35937577666836,66.1916514726895,0.4987542498928374,26.233660547888334,19
Hybrid GWO-ABC,0,7,77,10.857574113544356,67.22400930398116,0.49865972464094377,42.76442447619636,19
Hybrid GWO-ABC,0,7,79,72.69946142868827,76.8647491917657,0.4987567252474476,35.170730704507434,23
Hybrid GWO-ABC,0,8,6,64.38651200806646,82.276161327083,0.4985427314906297,35.33726528425946,25
Hybrid GWO-ABC,0,8,17,46.95558112758079,18.94713590842857,0.49848016239321596,31.201744415342365,19
Hybrid GWO-ABC,0,8,18,12.992150533547164,47.57049262259338,0.49851454319483,37.08751040752812,15
Hybrid GWO-ABC,0,8,19,22.69093490508841,66.98139946825104,0.4985236059056838,32.15824877474573,21
Hybrid GWO-ABC,0,8,21,70.0265102002249,31.236664138204105,0.4985351387058624,27.443102657357606,20
Hybrid GWO-ABC,0,9,0,77.39560485559633,43.88784397520523,0.49832008369984127,28.069157747880652,20
Hybrid GWO-ABC,0,9,7,44.34141988273311,22.723872178477688,0.4983038788638898,27.856896415063034,19
Hybrid GWO-ABC,0,9,23,38.74783790301745,28.83281039302441,0.49830912584743325,23.97208934812371,20
Hybrid GWO-ABC,0,9,57,17.67727829392317,85.66142840923754,0.49814604527799733,48.12998872507312,21
Hybrid GWO-ABC,0,9,98,59.93827915208435,87.45620408374644,0.49830322942141964,38.7522466041392,20
Hybrid GWO-ABC,0,10,14,15.428949206754783,68.30489532424546,0.49806895863830997,39.11811275842336,21
Hybrid GWO-ABC,0,10,26,78.69243775021384,66.48508565920321,0.4980925212004337,33.09099625640128,25
Hybrid GWO-ABC,0,10,76,14.024908899861078,55.40361435390494,0.498069841621712,36.37865071369501,16
Hybrid GWO-ABC,0,10,93,37.36577288737101,9.446666806151526,0.4979604120546904,42.47583463411616,20
Hybrid GWO-ABC,0,10,94,74.6789611349026,26.246051592286467,0.4980674063930059,34.2534843140716,18
Hybrid GWO-ABC,0,11,5,37.07980242325812,92.67649888486018,0.4976811917342418,44.589405271785346,19
Hybrid GWO-ABC,0,11,53,44.93615021437887,27.224156184515902,0.4979023950099506,23.331987402676617,17
Hybrid GWO-ABC,0,11,64,10.340296772255165,58.7644572177712,0.49784202365022406,40.616594766609076,21
Hybrid GWO-ABC,0,11,71,93.78264549749828,57.17280523760754,0.4977126860756295,44.366306830028755,24
Hybrid GWO-ABC,0,11,72,47.348940105695384,26.69756630918936,0.4978979112687546,23.45275110680658,19
Hybrid GWO-ABC,0,12,9,82.7631171992582,63.166439912206485,0.4976587421139472,35.30972937554283,20
Hybrid GWO-ABC,0,12,27,70.51653786263351,78.07290310219679,0.49770158299506545,34.77091046340611,20
Hybrid GWO-ABC,0,12,63,32.98612123327853,14.45241888660469,0.4975817275181267,39.40942265121521,23
Hybrid GWO-ABC,0,12,96,12.275793241148602,83.11126721249062,0.4974986462872234,50.19434023873136,19
Hybrid GWO-ABC,0,12,99,19.643466571457324,31.03236729000948,0.49757953735262117,35.795114365222126,18
Hybrid GWO-ABC,0,13,12,77.83834970737618,19.463870785196757,0.49724187069517395,41.321046717784526,17
Hybrid GWO-ABC,0,13,48,36.18126105533904,8.7649919316101,0.4973269688887605,43.488888654699714,22
Hybrid GWO-ABC,0,13,62,4.161417386189248,49.39908192445189,0.49735705156259014,45.84252129384545,20
Hybrid GWO-ABC,0,13,84,31.713889282271534,95.28993950697449,0.49720518287756116,48.842199640540684,19
Hybrid GWO-ABC,0,13,89,89.1677266254914,74.86080194569492,0.49734070344023973,46.391489331474325,22
Hybrid GWO-ABC,0,14,8,55.45847870158348,6.381725610417533,0.49703380529387553,43.9584900839479,17
Hybrid GWO-ABC,0,14,22,83.2259801395201,80.47643574968019,0.49720212663354146,45.086349289293416,25
Hybrid GWO-ABC,0,14,24,68.24955039749754,13.97524836093098,0.4970470261297274,40.38352164395039,18
Hybrid GWO-ABC,0,14,34,3.0817834567939406,43.671738923236234,0.49712965818555965,47.34306635454508,19
Hybrid GWO-ABC,0,14,86,25.596509056760276,93.60435700489633,0.49702809678003385,49.96869339923984,21
Hybrid GWO-ABC,0,15,36,85.34030732681661,23.393948586534073,0.4968029964695972,44.23595024151556,18
Hybrid GWO-ABC,0,15,45,15.231210271316842,69.6320375077736,0.4970017660848944,39.92850655739597,19
Hybrid GWO-ABC,0,15,51,26.586996145951957,96.91763773477238,0.49675450196912474,52.4350405748008,12
Hybrid GWO-ABC,0,15,52,77.87509039657947,71.68901891589957,0.49706907074523776,35.31903461522874,27
Hybrid GWO-ABC,0,15,97,15.328431662449404,17.926830815773908,0.4967653289389663,47.23140726789146,24
Hybrid GWO-ABC,0,16,18,12.992150533547164,47.57049262259338,0.4936709865091657,37.08751040752812,25
Hybrid GWO-ABC,0,16,29,13.979699812765745,11.453007353597345,0.49642907314928403,52.75729966232435,17
Hybrid GWO-ABC,0,16,41,81.40203846660347,16.697291990770392,0.4965318032389697,45.772900067682514,18
Hybrid GWO-ABC,0,16,50,90.8580690707607,69.97071338107496,0.4967314446116586,45.47759009820221,22
Hybrid GWO-ABC,0,16,88,43.509706000303794,99.2375564055837,0.49650491022617743,49.66347628786701,18
Hybrid GWO-ABC,0,17,1,85.85979199113825,69.73680290593639,0.49660296188790976,40.93245742189787,24
Hybrid GWO-ABC,0,17,37,5.830274168906602,28.138389202199654,0.4963790953845335,49.28381789866183,17
Hybrid GWO-ABC,0,17,44,16.127177903360177,50.10447751033635,0.4932707362820153,33.87298322174735,19
Hybrid GWO-ABC,0,17,68,95.85592132414453,48.23034369429002,0.4963150368232367,45.890055610409455,18
Hybrid GWO-ABC,0,17,76,14.024908899861078,55.40361435390494,0.4932446070986216,36.37865071369501,22
Hybrid GWO-ABC,0,18,35,21.45846728195292,40.852864372463614,0.4928263305692566,29.97147277135205,23
Hybrid GWO-ABC,0,18,53,44.93615021437887,27.224156184515902,0.49274894015219406,23.331987402676617,23
Hybrid GWO-ABC,0,18,65,17.05929685368861,92.51201183767972,0.49608943134390887,53.78067565827367,17
Hybrid GWO-ABC,0,18,69,78.27352272502863,8.272999992243857,0.4958976051500705,50.40371630078472,12
Hybrid GWO-ABC,0,18,83,82.97897431324131,80.82514720643019,0.4963858094072088,45.142025287436105,25
Hybrid GWO-ABC,0,19,65,17.05929685368861,92.51201183767972,0.4922337369009384,53.78067565827367,20
Hybrid GWO-ABC,0,19,66,58.106113970039495,34.686980453483706,0.49231267508490073,17.32621283856514,21
Hybrid GWO-ABC,0,19,75,82.62919241943578,89.61607718397667,0.49604804278038916,51.32346217268826,22
Hybrid GWO-ABC,0,19,91,51.885836038644904,31.5929051830793,0.49228054818750333,18.503446088871144,15
Hybrid GWO-ABC,0,19,99,19.643466571457324,31.03236729000948,0.4922955612198262,35.795114365222126,22
Hybrid GWO-ABC,0,20,46,44.61562755740307,38.10212260964825,0.4918315308680925,13.059515802526548,33
Hybrid GWO-ABC,0,20,70,48.66583308381603,49.07069943545209,0.49189742937667236,1.6259154035523802,32
Hybrid GWO-ABC,0,20,73,33.15689973425522,52.06724024715378,0.4919137845563675,16.969487582168895,35
Hybrid GWO-ABC,0,21,40,66.43135403273875,40.63868614400705,0.49148934500003794,18.91093843413398,16
Hybrid GWO-ABC,0,21,58,75.85195298352102,71.94629559509367,0.4913305893608874,33.911109734265686,20
Hybrid GWO-ABC,0,21,59,43.20930397751037,62.73088407024432,0.4915077706231663,14.428754682225943,18
Hybrid GWO-ABC,0,21,72,47.348940105695384,26.69756630918936,0.49168176009998316,23.45275110680658,23
Hybrid GWO-ABC,0,21,85,29.091783814011862,51.50571292317145,0.49175908489977493,20.962363308725994,23
Hybrid GWO-ABC,0,22,17,46.95558112758079,18.94713590842857,0.49143966343406686,31.201744415342365,23
Hybrid GWO-ABC,0,22,21,70.0265102002249,31.236664138204105,0.49128043268045435,27.443102657357606,18
Hybrid GWO-ABC,0,22,28,45.891577553834,56.87411959528937,0.4912582472257407,8.008286658611938,20
Hybrid GWO-ABC,0,22,60,58.40979689127356,64.984660155482,0.49093468222051684,17.183268714879727,23
Hybrid GWO-ABC,0,22,84,31.713889282271534,95.28993950697449,0.49110435203975045,48.842199640540684,16
Hybrid GWO-ABC,0,23,10,75.80877400853738,35.45259681298683,0.49105791192324383,29.626335502543604,13
Hybrid GWO-ABC,0,23,32,63.47183200005908,55.35794006579958,0.49074087775408975,14.498199170466526,25
Hybrid GWO-ABC,0,23,33,55.92071607454135,30.39500980626122,0.49126284556810207,20.47951462637545,24
Hybrid GWO-ABC,0,23,38,29.35937577666836,66.1916514726895,0.49127168087430945,26.233660547888334,20
Hybrid GWO-ABC,0,23,56,30.59566241506525,57.9219568941896,0.49063275439659026,20.959144022204473,18
Hybrid GWO-ABC,0,24,0,77.39560485559633,43.88784397520523,0.49079519346274153,28.069157747880652,20
Hybrid GWO-ABC,0,24,4,12.811363267554587,45.038593789556714,0.4908469408903476,37.51813233095184,19
Hybrid GWO-ABC,0,24,14,15.428949206754783,68.30489532424546,0.4905639091898024,39.11811275842336,22
Hybrid GWO-ABC,0,24,30,66.84029617904716,47.10962061431325,0.4905818152401058,17.08654056242027,18
Hybrid GWO-ABC,0,24,82,55.48524693914834,37.092228386243875,0.4901508369424457,14.024924314103254,21
Hybrid GWO-ABC,0,25,23,38.74783790301745,28.83281039302441,0.49066097486736954,23.97208934812371,35
Hybrid GWO-ABC,0,25,47,30.151208914787652,63.028259311888846,0.4901988218998967,23.742578803538244,33
Hybrid GWO-ABC,0,25,92,77.2012432110988,66.16612631677611,0.49046906406376345,31.642554769160306,32
Hybrid GWO-ABC,0,26,9,82.7631171992582,63.166439912206485,0.4904206187961734,35.30972937554283,21
Hybrid GWO-ABC,0,26,31,56.52361064811888,76.49988574160255,0.49029139232927155,27.291050551531363,17
Hybrid GWO-ABC,0,26,41,81.40203846660347,16.697291990770392,0.490359799974348,45.772900067682514,22
Hybrid GWO-ABC,0,26,61,8.44443211398891,41.58074021706096,0.4902878611264152,42.399872141570086,20
Hybrid GWO-ABC,0,26,64,10.340296772255165,58.7644572177712,0.490124917341003,40.616594766609076,20
Hybrid GWO-ABC,0,27,13,46.67210037270342,4.380376578722878,0.48992506703178235,45.740845609023204,21
Hybrid GWO-ABC,0,27,43,72.23593505964503,46.18772302513874,0.49039528120772463,22.560369316786645,20
Hybrid GWO-ABC,0,27,77,10.857574113544356,67.22400930398116,0.4903213598675303,42.76442447619636,19
Hybrid GWO-ABC,0,27,78,28.123378383900832,65.94226346919018,0.49045451750002655,27.06921383888075,18
Hybrid GWO-ABC,0,27,79,72.69946142868827,76.8647491917657,0.48959182526715356,35.170730704507434,22
Hybrid GWO-ABC,0,28,16,32.58253581381519,37.045970603486886,0.48994065993232755,21.706564359261378,20
Hybrid GWO-ABC,0,28,26,78.69243775021384,66.48508565920321,0.48897030632480304,33.09099625640128,20
Hybrid GWO-ABC,0,28,27,70.51653786263351,78.07290310219679,0.49003406936080823,34.77091046340611,20
Hybrid GWO-ABC,0,28,34,3.0817834567939406,43.671738923236234,0.48992201688270665,47.34306635454508,20
Hybrid GWO-ABC,0,28,63,32.98612123327853,14.45241888660469,0.48914270551652445,39.40942265121521,20
Hybrid GWO-ABC,0,29,3,76.1139701990353,78.60643052769538,0.4887051953851068,38.73328422806367,23
Hybrid GWO-ABC,0,29,20,43.715191887233075,83.26781960578374,0.48909249018882883,33.85626432932715,22
Hybrid GWO-ABC,0,29,24,68.24955039749754,13.97524836093098,0.48984603800212334,40.38352164395039,18
Hybrid GWO-ABC,0,29,62,4.161417386189248,49.39908192445189,0.4895848549357553,45.84252129384545,18
Hybrid GWO-ABC,0,29,93,37.36577288737101,9.446666806151526,0.48948762937963053,42.47583463411616,19
Hybrid GWO-ABC,0,30,7,44.34141988273311,22.723872178477688,0.4897838010019915,27.856896415063034,17
Hybrid GWO-ABC,0,30,19,22.69093490508841,66.98139946825104,0.48935218320005475,32.15824877474573,28
Hybrid GWO-ABC,0,30,39,55.70321523412783,78.38982091064135,0.48921508946836634,28.957012887124193,18
Hybrid GWO-ABC,0,30,55,45.57762898336111,20.236336479523032,0.48932192967717,30.09041428044784,18
Hybrid GWO-ABC,0,30,71,93.78264549749828,57.17280523760754,0.4883130927288424,44.366306830028755,19
Hybrid GWO-ABC,0,31,52,77.87509039657947,71.68901891589957,0.48790281525728374,35.31903461522874,26
Hybrid GWO-ABC,0,31,57,17.67727829392317,85.66142840923754,0.4887618895700888,48.12998872507312,26
Hybrid GWO-ABC,0,31,94,74.6789611349026,26.246051592286467,0.48963591429199216,34.2534843140716,25
Hybrid GWO-ABC,0,31,97,15.328431662449404,17.926830815773908,0.4879524522097331,47.23140726789146,23
Hybrid GWO-ABC,0,32,12,77.83834970737618,19.463870785196757,0.489400111808034,41.321046717784526,18
Hybrid GWO-ABC,0,32,22,83.2259801395201,80.47643574968019,0.48791341845973885,45.086349289293416,21
Hybrid GWO-ABC,0,32,37,5.830274168906602,28.138389202199654,0.4892676537783293,49.28381789866183,20
Hybrid GWO-ABC,0,32,48,36.18126105533904,8.7649919316101,0.4883842706037335,43.488888654699714,18
Hybrid GWO-ABC,0,32,88,43.509706000303794,99.2375564055837,0.48875027197619636,49.66347628786701,23
Hybrid GWO-ABC,0,33,5,37.07980242325812,92.67649888486018,0.48869547070862424,44.589405271785346,19
Hybrid GWO-ABC,0,33,8,55.45847870158348,6.381725610417533,0.4890849387831132,43.9584900839479,14
Hybrid GWO-ABC,0,33,10,75.80877400853738,35.45259681298683,0.4861963888246454,29.626335502543604,25
Hybrid GWO-ABC,0,33,45,15.231210271316842,69.6320375077736,0.4890447361008248,39.92850655739597,25
Hybrid GWO-ABC,0,33,91,51.885836038644904,31.5929051830793,0.48617816097320016,18.503446088871144,17
Hybrid GWO-ABC,0,34,1,85.85979199113825,69.73680290593639,0.48777741386774043,40.93245742189787,19
Hybrid GWO-ABC,0,34,2,9.417734788764953,97.5622351636756,0.4918295087549004,62.52268758970457,20
Hybrid GWO-ABC,0,34,6,64.38651200806646,82.276161327083,0.48754805586455013,35.33726528425946,19
Hybrid GWO-ABC,0,34,8,55.45847870158348,6.381725610417533,0.4859276448290948,43.9584900839479,24
Hybrid GWO-ABC,0,34,81,23.02139908948808,3.741255617617978,0.49220857098927495,53.551062911236734,18
Hybrid GWO-ABC,0,35,2,9.417734788764953,97.5622351636756,0.4872731452963628,62.52268758970457,18
Hybrid GWO-ABC,0,35,29,13.979699812765745,11.453007353597345,0.4883263554135896,52.75729966232435,17
Hybrid GWO-ABC,0,35,36,85.34030732681661,23.393948586534073,0.488435349721339,44.23595024151556,16
Hybrid GWO-ABC,0,35,50,90.8580690707607,69.97071338107496,0.4878445083903374,45.47759009820221,17
Hybrid GWO-ABC,0,35,74,43.89114603050467,2.1612079880330426,0.49221699062887714,48.22725492898028,15
Hybrid GWO-ABC,0,35,98,59.93827915208435,87.45620408374644,0.48825581296472254,38.7522466041392,17
Hybrid GWO-ABC,0,36,7,44.34141988273311,22.723872178477688,0.4849297422453125,27.856896415063034,24
Hybrid GWO-ABC,0,36,40,66.43135403273875,40.63868614400705,0.48487289378621107,18.91093843413398,20
Hybrid GWO-ABC,0,36,74,43.89114603050467,2.1612079880330426,0.48882395590415767,48.22725492898028,11
Hybrid GWO-ABC,0,36,83,82.97897431324131,80.82514720643019,0.4870132773485648,45.142025287436105,22
Hybrid GWO-ABC,0,36,86,25.596509056760276,93.60435700489633,0.48753803148366776,49.96869339923984,23
Hybrid GWO-ABC,0,37,12,77.83834970737618,19.463870785196757,0.48450853557509704,41.321046717784526,19
Hybrid GWO-ABC,0,37,31,56.52361064811888,76.49988574160255,0.48438460840382486,27.291050551531363,26
Hybrid GWO-ABC,0,37,44,16.127177903360177,50.10447751033635,0.4848081555569273,33.87298322174735,15
Hybrid GWO-ABC,0,37,74,43.89114603050467,2.1612079880330426,0.48631092117943825,48.22725492898028,18
Hybrid GWO-ABC,0,37,78,28.123378383900832,65.94226346919018,0.4843882926448652,27.06921383888075,22
Hybrid GWO-ABC,0,38,21,70.0265102002249,31.236664138204105,0.48405508071975,27.443102657357606,21
Hybrid GWO-ABC,0,38,24,68.24955039749754,13.97524836093098,0.4841223745896443,40.38352164395039,11
Hybrid GWO-ABC,0,38,29,13.979699812765745,11.453007353597345,0.48399653953486027,52.75729966232435,21
Hybrid GWO-ABC,0,38,84,31.713889282271534,95.28993950697449,0.48408562984968456,48.842199640540684,22
Hybrid GWO-ABC,0,38,98,59.93827915208435,87.45620408374644,0.4840274816831907,38.7522466041392,25
Hybrid GWO-ABC,0,39,30,66.84029617904716,47.10962061431325,0.48349017687263535,17.08654056242027,21
Hybrid GWO-ABC,0,39,59,43.20930397751037,62.73088407024432,0.48371478165490034,14.428754682225943,19
Hybrid GWO-ABC,0,39,81,23.02139908948808,3.741255617617978,0.4872875210294346,53.551062911236734,20
Hybrid GWO-ABC,0,39,89,89.1677266254914,74.86080194569492,0.48694255499750844,46.391489331474325,20
Hybrid GWO-ABC,0,39,96,12.275793241148602,83.11126721249062,0.4874149007016792,50.19434023873136,20
Hybrid GWO-ABC,0,40,0,77.39560485559633,43.88784397520523,0.4831180747372897,28.069157747880652,18
Hybrid GWO-ABC,0,40,35,21.45846728195292,40.852864372463614,0.48307795073921594,29.97147277135205,19
Hybrid GWO-ABC,0,40,38,29.35937577666836,66.1916514726895,0.4832986989927841,26.233660547888334,22
Hybrid GWO-ABC,0,40,39,55.70321523412783,78.38982091064135,0.48329687074422195,28.957012887124193,19
Hybrid GWO-ABC,0,40,66,58.106113970039495,34.686980453483706,0.4833838622739653,17.32621283856514,22
Hybrid GWO-ABC,0,41,4,12.811363267554587,45.038593789556714,0.4829892865942092,37.51813233095184,19
Hybrid GWO-ABC,0,41,9,82.7631171992582,63.166439912206485,0.48275069843361895,35.30972937554283,21
Hybrid GWO-ABC,0,41,28,45.891577553834,56.87411959528937,0.48276822610257847,8.008286658611938,20
Hybrid GWO-ABC,0,41,43,72.23593505964503,46.18772302513874,0.48313887796440824,22.560369316786645,20
Hybrid GWO-ABC,0,41,99,19.643466571457324,31.03236729000948,0.4827484814926245,35.795114365222126,20
Hybrid GWO-ABC,0,42,17,46.95558112758079,18.94713590842857,0.4822531498862528,31.201744415342365,20
Hybrid GWO-ABC,0,42,56,30.59566241506525,57.9219568941896,0.4825858672230451,20.959144022204473,20
Hybrid GWO-ABC,0,42,72,47.348940105695384,26.69756630918936,0.48227287165876176,23.45275110680658,19
Hybrid GWO-ABC,0,42,76,14.024908899861078,55.40361435390494,0.48298252242818707,36.37865071369501,20
Hybrid GWO-ABC,0,42,90,89.07924908785249,89.34466396978632,0.49049887914970064,55.45439831217919,21
Hybrid GWO-ABC,0,43,1,85.85979199113825,69.73680290593639,0.48179946954762065,40.93245742189787,21
Hybrid GWO-ABC,0,43,5,37.07980242325812,92.67649888486018,0.482395383322921,44.589405271785346,16
Hybrid GWO-ABC,0,43,33,55.92071607454135,30.39500980626122,0.48187033151392994,20.47951462637545,19
Hybrid GWO-ABC,0,43,53,44.93615021437887,27.224156184515902,0.4825128399618532,23.331987402676617,19
Hybrid GWO-ABC,0,43,85,29.091783814011862,51.50571292317145,0.4819464119719581,20.962363308725994,25
Hybrid GWO-ABC,0,44,16,32.58253581381519,37.045970603486886,0.48217633540096205,21.706564359261378,20
Hybrid GWO-ABC,0,44,55,45.57762898336111,20.236336479523032,0.4825349176060596,30.09041428044784,17
Hybrid GWO-ABC,0,44,58,75.85195298352102,71.94629559509367,0.48223022924489184,33.911109734265686,24
Hybrid GWO-ABC,0,44,82,55.48524693914834,37.092228386243875,0.4813739028584083,14.024924314103254,19
Hybrid GWO-ABC,0,44,96,12.275793241148602,83.11126721249062,0.4819739040921261,50.19434023873136,20
Hybrid GWO-ABC,0,45,18,12.992150533547164,47.57049262259338,0.48193426351508306,37.08751040752812,20
Hybrid GWO-ABC,0,45,20,43.715191887233075,83.26781960578374,0.4809626396609496,33.85626432932715,20
Hybrid GWO-ABC,0,45,63,32.98612123327853,14.45241888660469,0.4812924014360113,39.40942265121521,19
Hybrid GWO-ABC,0,45,79,72.69946142868827,76.8647491917657,0.4811192494138016,35.170730704507434,22
Hybrid GWO-ABC,0,45,94,74.6789611349026,26.246051592286467,0.4813199111013035,34.2534843140716,19
Hybrid GWO-ABC,0,46,26,78.69243775021384,66.48508565920321,0.4809222461818282,33.09099625640128,21
Hybrid GWO-ABC,0,46,60,58.40979689127356,64.984660155482,0.480867997261004,17.183268714879727,18
Hybrid GWO-ABC,0,46,61,8.44443211398891,41.58074021706096,0.4815439364603729,42.399872141570086,20
Hybrid GWO-ABC,0,46,69,78.27352272502863,8.272999992243857,0.4867751189278744,50.40371630078472,21
Hybrid GWO-ABC,0,46,77,10.857574113544356,67.22400930398116,0.4820749655811797,42.76442447619636,20
Hybrid GWO-ABC,0,47,14,15.428949206754783,68.30489532424546,0.48087536613904486,39.11811275842336,21
Hybrid GWO-ABC,0,47,22,83.2259801395201,80.47643574968019,0.4801911419184487,45.086349289293416,20
Hybrid GWO-ABC,0,47,32,63.47183200005908,55.35794006579958,0.48018940052875436,14.498199170466526,20
Hybrid GWO-ABC,0,47,41,81.40203846660347,16.697291990770392,0.48090254649739367,45.772900067682514,19
Hybrid GWO-ABC,0,47,64,10.340296772255165,58.7644572177712,0.48120405485826145,40.616594766609076,20
Hybrid GWO-ABC,0,48,6,64.38651200806646,82.276161327083,0.4805458605575848,35.33726528425946,23
Hybrid GWO-ABC,0,48,27,70.51653786263351,78.07290310219679,0.4815925874969348,34.77091046340611,20
Hybrid GWO-ABC,0,48,36,85.34030732681661,23.393948586534073,0.48215666709764976,44.23595024151556,16
Hybrid GWO-ABC,0,48,37,5.830274168906602,28.138389202199654,0.48132030968827477,49.28381789866183,21
Hybrid GWO-ABC,0,48,93,37.36577288737101,9.446666806151526,0.48128777918233684,42.47583463411616,20
Hybrid GWO-ABC,0,49,57,17.67727829392317,85.66142840923754,0.4791658848373977,48.12998872507312,21
Hybrid GWO-ABC,0,49,62,4.161417386189248,49.39908192445189,0.48114985074649597,45.84252129384545,18
Hybrid GWO-ABC,0,49,71,93.78264549749828,57.17280523760754,0.47999720363570453,44.366306830028755,21
Hybrid GWO-ABC,0,49,83,82.97897431324131,80.82514720643019,0.4795594373993306,45.142025287436105,20
Hybrid GWO-ABC,0,49,87,16.460781758201815,4.491061939232899,0.4884712577832087,56.53266846425794,20
Hybrid GWO-ABC,0,50,3,76.1139701990353,78.60643052769538,0.47937887695312414,38.73328422806367,24
Hybrid GWO-ABC,0,50,24,68.24955039749754,13.97524836093098,0.479135448311822,40.38352164395039,13
Hybrid GWO-ABC,0,50,86,25.596509056760276,93.60435700489633,0.4794103555088387,49.96869339923984,21
Hybrid GWO-ABC,0,50,91,51.885836038644904,31.5929051830793,0.4788562802706813,18.503446088871144,23
Hybrid GWO-ABC,0,50,97,15.328431662449404,17.926830815773908,0.4787789156572217,47.23140726789146,19
Hybrid GWO-ABC,0,51,44,16.127177903360177,50.10447751033635,0.47865383643045123,33.87298322174735,19
Hybrid GWO-ABC,0,51,45,15.231210271316842,69.6320375077736,0.47973612947774774,39.92850655739597,21
Hybrid GWO-ABC,0,51,68,95.85592132414453,48.23034369429002,0.48456061986697896,45.890055610409455,20
Hybrid GWO-ABC,0,51,81,23.02139908948808,3.741255617617978,0.48015914842467816,53.551062911236734,21
Hybrid GWO-ABC,0,51,90,89.07924908785249,89.34466396978632,0.48403968248628115,55.45439831217919,19
Hybrid GWO-ABC,0,52,15,74.47621559078172,96.750973243421,0.48834615879917503,52.77062278250554,22
Hybrid GWO-ABC,0,52,34,3.0817834567939406,43.671738923236234,0.48022319361809074,47.34306635454508,19
Hybrid GWO-ABC,0,52,36,85.34030732681661,23.393948586534073,0.4778655737348394,44.23595024151556,20
Hybrid GWO-ABC,0,52,65,17.05929685368861,92.51201183767972,0.4803351060923839,53.78067565827367,20
Hybrid GWO-ABC,0,52,74,43.89114603050467,2.1612079880330426,0.47904849824728,48.22725492898028,19
Hybrid GWO-ABC,0,53,19,22.69093490508841,66.98139946825104,0.4782769584563376,32.15824877474573,31
Hybrid GWO-ABC,0,53,48,36.18126105533904,8.7649919316101,0.4799680544657008,43.488888654699714,24
Hybrid GWO-ABC,0,53,52,77.87509039657947,71.68901891589957,0.4777081099321667,35.31903461522874,25
Hybrid GWO-ABC,0,53,70,48.66583308381603,49.07069943545209,0.477535970058669,1.6259154035523802,20
Hybrid GWO-ABC,0,54,13,46.67210037270342,4.380376578722878,0.4795537269112917,45.740845609023204,20
Hybrid GWO-ABC,0,54,46,44.61562755740307,38.10212260964825,0.4771818258042078,13.059515802526548,28
Hybrid GWO-ABC,0,54,54,9.63909621534993,90.26023965438416,0.48766332371046456,57.007801670843506,22
Hybrid GWO-ABC,0,54,92,77.2012432110988,66.16612631677611,0.47747312090995675,31.642554769160306,30
Hybrid GWO-ABC,0,55,23,38.74783790301745,28.83281039302441,0.47653394004552324,23.97208934812371,24
Hybrid GWO-ABC,0,55,40,66.43135403273875,40.63868614400705,0.4765636982801913,18.91093843413398,18
Hybrid GWO-ABC,0,55,50,90.8580690707607,69.97071338107496,0.479914489335834,45.47759009820221,18
Hybrid GWO-ABC,0,55,73,33.15689973425522,52.06724024715378,0.4765787010330453,16.969487582168895,22
Hybrid GWO-ABC,0,55,88,43.509706000303794,99.2375564055837,0.4784048325465046,49.66347628786701,18
Hybrid GWO-ABC,0,56,12,77.83834970737618,19.463870785196757,0.47619966072472125,41.321046717784526,13
Hybrid GWO-ABC,0,56,47,30.151208914787652,63.028259311888846,0.47622784951580577,23.742578803538244,25
Hybrid GWO-ABC,0,56,51,26.586996145951957,96.91763773477238,0.48482599275101457,52.4350405748008,13
Hybrid GWO-ABC,0,56,55,45.57762898336111,20.236336479523032,0.47632462665021646,30.09041428044784,27
Hybrid GWO-ABC,0,56,89,89.1677266254914,74.86080194569492,0.4790910735112997,46.391489331474325,22
Hybrid GWO-ABC,0,57,10,75.80877400853738,35.45259681298683,0.4756664949314606,29.626335502543604,22
Hybrid GWO-ABC,0,57,50,90.8580690707607,69.97071338107496,0.4756706900788383,45.47759009820221,19
Hybrid GWO-ABC,0,57,54,9.63909621534993,90.26023965438416,0.4822309536250302,57.007801670843506,17
Hybrid GWO-ABC,0,57,59,43.20930397751037,62.73088407024432,0.47575393264151367,14.428754682225943,24
Hybrid GWO-ABC,0,57,87,16.460781758201815,4.491061939232899,0.48236389620018455,56.53266846425794,18
Hybrid GWO-ABC,0,58,0,77.39560485559633,43.88784397520523,0.4753985781921963,28.069157747880652,24
Hybrid GWO-ABC,0,58,5,37.07980242325812,92.67649888486018,0.4756541460399045,44.589405271785346,13
Hybrid GWO-ABC,0,58,8,55.45847870158348,6.381725610417533,0.47543307638768734,43.9584900839479,21
Hybrid GWO-ABC,0,58,39,55.70321523412783,78.38982091064135,0.4752931528047991,28.957012887124193,18
Hybrid GWO-ABC,0,58,76,14.024908899861078,55.40361435390494,0.4752557954705207,36.37865071369501,24
Hybrid GWO-ABC,0,59,27,70.51653786263351,78.07290310219679,0.4750302826765358,34.77091046340611,23
Hybrid GWO-ABC,0,59,35,21.45846728195292,40.852864372463614,0.47500289653648947,29.97147277135205,15
Hybrid GWO-ABC,0,59,43,72.23593505964503,46.18772302513874,0.47499809265255777,22.560369316786645,14
Hybrid GWO-ABC,0,59,53,44.93615021437887,27.224156184515902,0.4749677851671043,23.331987402676617,24
Hybrid GWO-ABC,0,59,78,28.123378383900832,65.94226346919018,0.4749610458750294,27.06921383888075,24
Hybrid GWO-ABC,0,60,18,12.992150533547164,47.57049262259338,0.4744570085066837,37.08751040752812,19
Hybrid GWO-ABC,0,60,21,70.0265102002249,31.236664138204105,0.47488672596865594,27.443102657357606,23
Hybrid GWO-ABC,0,60,30,66.84029617904716,47.10962061431325,0.47451501736046453,17.08654056242027,14
Hybrid GWO-ABC,0,60,56,30.59566241506525,57.9219568941896,0.4744603900104236,20.959144022204473,25
Hybrid GWO-ABC,0,60,75,82.62919241943578,89.61607718397667,0.48218277554264627,51.32346217268826,19
Hybrid GWO-ABC,0,61,4,12.811363267554587,45.038593789556714,0.4746899279944297,37.51813233095184,23
Hybrid GWO-ABC,0,61,7,44.34141988273311,22.723872178477688,0.4743606942014064,27.856896415063034,18
Hybrid GWO-ABC,0,61,9,82.7631171992582,63.166439912206485,0.474051055289567,35.30972937554283,22
Hybrid GWO-ABC,0,61,28,45.891577553834,56.87411959528937,0.4741409494377989,8.008286658611938,20
Hybrid GWO-ABC,0,61,66,58.106113970039495,34.686980453483706,0.4741496538055145,17.32621283856514,17
Hybrid GWO-ABC,0,62,33,55.92071607454135,30.39500980626122,0.4736692425032646,20.47951462637545,19
Hybrid GWO-ABC,0,62,38,29.35937577666836,66.1916514726895,0.47389874814865807,26.233660547888334,19
Hybrid GWO-ABC,0,62,72,47.348940105695384,26.69756630918936,0.4739090954779076,23.45275110680658,22
Hybrid GWO-ABC,0,62,75,82.62919241943578,89.61607718397667,0.47766942758196435,51.32346217268826,21
Hybrid GWO-ABC,0,62,77,10.857574113544356,67.22400930398116,0.474315877309168,42.76442447619636,19
Hybrid GWO-ABC,0,63,31,56.52361064811888,76.49988574160255,0.4731390151134012,27.291050551531363,19
Hybrid GWO-ABC,0,63,41,81.40203846660347,16.697291990770392,0.47317012175907847,45.772900067682514,23
Hybrid GWO-ABC,0,63,60,58.40979689127356,64.984660155482,0.4733380811681214,17.183268714879727,19
Hybrid GWO-ABC,0,63,61,8.44443211398891,41.58074021706096,0.4735623845804499,42.399872141570086,19
Hybrid GWO-ABC,0,63,64,10.340296772255165,58.7644572177712,0.4734623813195043,40.616594766609076,20
Hybrid GWO-ABC,0,64,16,32.58253581381519,37.045970603486886,0.473558415239735,21.706564359261378,18
Hybrid GWO-ABC,0,64,58,75.85195298352102,71.94629559509367,0.472947240497894,33.911109734265686,24
Hybrid GWO-ABC,0,64,84,31.713889282271534,95.28993950697449,0.4734247975595657,48.842199640540684,18
Hybrid GWO-ABC,0,64,94,74.6789611349026,26.246051592286467,0.4731953627951869,34.2534843140716,20
Hybrid GWO-ABC,0,64,99,19.643466571457324,31.03236729000948,0.4734912415763638,35.795114365222126,20
Hybrid GWO-ABC,0,65,17,46.95558112758079,18.94713590842857,0.4730271183063449,31.201744415342365,20
Hybrid GWO-ABC,0,65,20,43.715191887233075,83.26781960578374,0.4722697274894134,33.85626432932715,21
Hybrid GWO-ABC,0,65,26,78.69243775021384,66.48508565920321,0.4724526103497175,33.09099625640128,22
Hybrid GWO-ABC,0,65,62,4.161417386189248,49.39908192445189,0.4737556498010119,45.84252129384545,18
Hybrid GWO-ABC,0,65,82,55.48524693914834,37.092228386243875,0.4727462963083096,14.024924314103254,19
Hybrid GWO-ABC,0,66,1,85.85979199113825,69.73680290593639,0.4724935867864137,40.93245742189787,21
Hybrid GWO-ABC,0,66,14,15.428949206754783,68.30489532424546,0.47227048827850715,39.11811275842336,18
Hybrid GWO-ABC,0,66,32,63.47183200005908,55.35794006579958,0.47179936769264974,14.498199170466526,22
Hybrid GWO-ABC,0,66,45,15.231210271316842,69.6320375077736,0.4720365320792587,39.92850655739597,14
Hybrid GWO-ABC,0,66,63,32.98612123327853,14.45241888660469,0.47261107062305246,39.40942265121521,25
Hybrid GWO-ABC,0,67,24,68.24955039749754,13.97524836093098,0.47262728161000517,40.38352164395039,19
Hybrid GWO-ABC,0,67,83,82.97897431324131,80.82514720643019,0.4715234378341118,45.142025287436105,25
Hybrid GWO-ABC,0,67,85,29.091783814011862,51.50571292317145,0.47147524386712586,20.962363308725994,23
Hybrid GWO-ABC,0,67,93,37.36577288737101,9.446666806151526,0.47288602112381956,42.47583463411616,17
Hybrid GWO-ABC,0,67,96,12.275793241148602,83.11126721249062,0.47254682331548825,50.19434023873136,16
Hybrid GWO-ABC,0,68,6,64.38651200806646,82.276161327083,0.4713254944123876,35.33726528425946,20
Hybrid GWO-ABC,0,68,37,5.830274168906602,28.138389202199654,0.47223630005152245,49.28381789866183,18
Hybrid GWO-ABC,0,68,48,36.18126105533904,8.7649919316101,0.4715244731554441,43.488888654699714,23
Hybrid GWO-ABC,0,68,51,26.586996145951957,96.91763773477238,0.4792969464264206,52.4350405748008,19
Hybrid GWO-ABC,0,68,71,93.78264549749828,57.17280523760754,0.4713056191275797,44.366306830028755,20
Hybrid GWO-ABC,0,69,12,77.83834970737618,19.463870785196757,0.4705832665425328,41.321046717784526,21
Hybrid GWO-ABC,0,69,49,11.800590212051532,96.18976645495145,0.4838591205734904,59.93904765101437,21
Hybrid GWO-ABC,0,69,81,23.02139908948808,3.741255617617978,0.47151247611081676,53.551062911236734,24
Hybrid GWO-ABC,0,69,89,89.1677266254914,74.86080194569492,0.47160354304480867,46.391489331474325,17
Hybrid GWO-ABC,0,69,98,59.93827915208435,87.45620408374644,0.47182412489197334,38.7522466041392,17
Hybrid GWO-ABC,0,70,3,76.1139701990353,78.60643052769538,0.47008702186805157,38.73328422806367,24
Hybrid GWO-ABC,0,70,5,37.07980242325812,92.67649888486018,0.47021996637255314,44.589405271785346,19
Hybrid GWO-ABC,0,70,34,3.0817834567939406,43.671738923236234,0.4720676271531339,47.34306635454508,19
Hybrid GWO-ABC,0,70,68,95.85592132414453,48.23034369429002,0.47593803547441765,45.890055610409455,18
Hybrid GWO-ABC,0,70,87,16.460781758201815,4.491061939232899,0.475401861552184,56.53266846425794,20
Hybrid GWO-ABC,0,71,13,46.67210037270342,4.380376578722878,0.47149505048449825,45.740845609023204,23
Hybrid GWO-ABC,0,71,44,16.127177903360177,50.10447751033635,0.470322399228086,33.87298322174735,26
Hybrid GWO-ABC,0,71,57,17.67727829392317,85.66142840923754,0.4699037445373115,48.12998872507312,15
Hybrid GWO-ABC,0,71,68,95.85592132414453,48.23034369429002,0.47189379958626054,45.890055610409455,13
Hybrid GWO-ABC,0,71,79,72.69946142868827,76.8647491917657,0.47104047984602115,35.170730704507434,23
Hybrid GWO-ABC,0,72,11,97.06980243949033,89.31211213221977,0.483250224853152,61.327061416546535,21
Hybrid GWO-ABC,0,72,65,17.05929685368861,92.51201183767972,0.47159992448399185,53.78067565827367,19
Hybrid GWO-ABC,0,72,67,59.091549148141674,2.28038710296975,0.4836081729237842,48.577955092361506,19
Hybrid GWO-ABC,0,72,74,43.89114603050467,2.1612079880330426,0.47056670860334393,48.22725492898028,23
Hybrid GWO-ABC,0,72,86,25.596509056760276,93.60435700489633,0.4700800655498506,49.96869339923984,18
Hybrid GWO-ABC,0,73,40,66.43135403273875,40.63868614400705,0.4688603082008372,18.91093843413398,25
Hybrid GWO-ABC,0,73,70,48.66583308381603,49.07069943545209,0.46882641528176444,1.6259154035523802,24
Hybrid GWO-ABC,0,73,88,43.509706000303794,99.2375564055837,0.4704064218560537,49.66347628786701,23
Hybrid GWO-ABC,0,73,91,51.885836038644904,31.5929051830793,0.46886171760061446,18.503446088871144,28
Hybrid GWO-ABC,0,74,22,83.2259801395201,80.47643574968019,0.4702394229848964,45.086349289293416,22
Hybrid GWO-ABC,0,74,30,66.84029617904716,47.10962061431325,0.4684859170772251,17.08654056242027,19
Hybrid GWO-ABC,0,74,35,21.45846728195292,40.852864372463614,0.46856414608234215,29.97147277135205,26
Hybrid GWO-ABC,0,74,67,59.091549148141674,2.28038710296975,0.4790973343742414,48.577955092361506,17
Hybrid GWO-ABC,0,74,80,10.774094595589656,91.60118451376078,0.4831317279065398,57.17805704764476,16
Hybrid GWO-ABC,0,75,43,72.23593505964503,46.18772302513874,0.4685756111529204,22.560369316786645,24
Hybrid GWO-ABC,0,75,51,26.586996145951957,96.91763773477238,0.473761554258595,52.4350405748008,21
Hybrid GWO-ABC,0,75,67,59.091549148141674,2.28038710296975,0.4752629416654031,48.577955092361506,14
Hybrid GWO-ABC,0,75,75,82.62919241943578,89.61607718397667,0.4703347568494495,51.32346217268826,18
Hybrid GWO-ABC,0,75,97,15.328431662449404,17.926830815773908,0.4690405552178399,47.23140726789146,23
Hybrid GWO-ABC,0,76,36,85.34030732681661,23.393948586534073,0.46809351932716003,44.23595024151556,14
Hybrid GWO-ABC,0,76,39,55.70321523412783,78.38982091064135,0.46755300844222336,28.957012887124193,21
Hybrid GWO-ABC,0,76,52,77.87509039657947,71.68901891589957,0.46754539859560035,35.31903461522874,21
Hybrid GWO-ABC,0,76,69,78.27352272502863,8.272999992243857,0.4752220773406788,50.40371630078472,21
Hybrid GWO-ABC,0,76,80,10.774094595589656,91.60118451376078,0.4792698221970183,57.17805704764476,23
Hybrid GWO-ABC,0,77,7,44.34141988273311,22.723872178477688,0.46705208328128334,27.856896415063034,18
Hybrid GWO-ABC,0,77,50,90.8580690707607,69.97071338107496,0.4673054069287821,45.47759009820221,21
Hybrid GWO-ABC,0,77,62,4.161417386189248,49.39908192445189,0.4670592472565308,45.84252129384545,19
Hybrid GWO-ABC,0,77,66,58.106113970039495,34.686980453483706,0.4670296991806588,17.32621283856514,19
Hybrid GWO-ABC,0,77,73,33.15689973425522,52.06724024715378,0.46700617976624037,16.969487582168895,23
Hybrid GWO-ABC,0,78,15,74.47621559078172,96.750973243421,0.4777892973973883,52.77062278250554,19
Hybrid GWO-ABC,0,78,16,32.58253581381519,37.045970603486886,0.46659452425910203,21.706564359261378,20
Hybrid GWO-ABC,0,78,68,95.85592132414453,48.23034369429002,0.4675398473355408,45.890055610409455,19
Hybrid GWO-ABC,0,78,77,10.857574113544356,67.22400930398116,0.4666644948959132,42.76442447619636,24
Hybrid GWO-ABC,0,78,93,37.36577288737101,9.446666806151526,0.46689155430662654,42.47583463411616,18
Hybrid GWO-ABC,0,79,10,75.80877400853738,35.45259681298683,0.46626822831019415,29.626335502543604,17
Hybrid GWO-ABC,0,79,23,38.74783790301745,28.83281039302441,0.46613947681771783,23.97208934812371,28
Hybrid GWO-ABC,0,79,38,29.35937577666836,66.1916514726895,0.46609026644364254,26.233660547888334,16
Hybrid GWO-ABC,0,79,45,15.231210271316842,69.6320375077736,0.4661980315059471,39.92850655739597,20
Hybrid GWO-ABC,0,79,90,89.07924908785249,89.34466396978632,0.47382643719912976,55.45439831217919,19
Hybrid GWO-ABC,0,80,18,12.992150533547164,47.57049262259338,0.4659674600669333,37.08751040752812,17
Hybrid GWO-ABC,0,80,19,22.69093490508841,66.98139946825104,0.4657247323898852,32.15824877474573,23
Hybrid GWO-ABC,0,80,21,70.0265102002249,31.236664138204105,0.4656658697298958,27.443102657357606,14
Hybrid GWO-ABC,0,80,27,70.51653786263351,78.07290310219679,0.4656809297612618,34.77091046340611,25
Hybrid GWO-ABC,0,80,33,55.92071607454135,30.39500980626122,0.46567079350020774,20.47951462637545,21
Hybrid GWO-ABC,0,81,0,77.39560485559633,43.88784397520523,0.4652955902911637,28.069157747880652,16
Hybrid GWO-ABC,0,81,17,46.95558112758079,18.94713590842857,0.4653572692581316,31.201744415342365,19
Hybrid GWO-ABC,0,81,28,45.891577553834,56.87411959528937,0.4654520997211014,8.008286658611938,23
Hybrid GWO-ABC,0,81,60,58.40979689127356,64.984660155482,0.4653452028312881,17.183268714879727,24
Hybrid GWO-ABC,0,81,99,19.643466571457324,31.03236729000948,0.4653973248474037,35.795114365222126,18
Hybrid GWO-ABC,0,82,46,44.61562755740307,38.10212260964825,0.4649735986612879,13.059515802526548,23
Hybrid GWO-ABC,0,82,59,43.20930397751037,62.73088407024432,0.4651732800014947,14.428754682225943,26
Hybrid GWO-ABC,0,82,78,28.123378383900832,65.94226346919018,0.46481485241553083,27.06921383888075,28
Hybrid GWO-ABC,0,82,82,55.48524693914834,37.092228386243875,0.46494826629654507,14.024924314103254,23
Hybrid GWO-ABC,0,83,47,30.151208914787652,63.028259311888846,0.46503386743019853,23.742578803538244,20
Hybrid GWO-ABC,0,83,53,44.93615021437887,27.224156184515902,0.46463503402640943,23.331987402676617,16
Hybrid GWO-ABC,0,83,64,10.340296772255165,58.7644572177712,0.4647199706432267,40.616594766609076,18
Hybrid GWO-ABC,0,83,72,47.348940105695384,26.69756630918936,0.4646507606606997,23.45275110680658,23
Hybrid GWO-ABC,0,83,89,89.1677266254914,74.86080194569492,0.46487839272297093,46.391489331474325,23
Hybrid GWO-ABC,0,84,4,12.811363267554587,45.038593789556714,0.4646596221764064,37.51813233095184,26
Hybrid GWO-ABC,0,84,31,56.52361064811888,76.49988574160255,0.4645086329277349,27.291050551531363,19
Hybrid GWO-ABC,0,84,55,45.57762898336111,20.236336479523032,0.46453668498539447,30.09041428044784,22
Hybrid GWO-ABC,0,84,92,77.2012432110988,66.16612631677611,0.4646388025023805,31.642554769160306,20
Hybrid GWO-ABC,0,84,94,74.6789611349026,26.246051592286467,0.46454968247124995,34.2534843140716,13
Hybrid GWO-ABC,0,85,9,82.7631171992582,63.166439912206485,0.46420824275674494,35.30972937554283,18
Hybrid GWO-ABC,0,85,14,15.428949206754783,68.30489532424546,0.464264595881234,39.11811275842336,20
Hybrid GWO-ABC,0,85,25,19.990820247510833,0.7362269751005512,0.4797925478537137,57.684228365004735,18
Hybrid GWO-ABC,0,85,26,78.69243775021384,66.48508565920321,0.46349117226743763,33.09099625640128,19
Hybrid GWO-ABC,0,85,56,30.59566241506525,57.9219568941896,0.46362499158934867,20.959144022204473,25
Hybrid GWO-ABC,0,86,6,64.38651200806646,82.276161327083,0.46318616469208423,35.33726528425946,24
Hybrid GWO-ABC,0,86,13,46.67210037270342,4.380376578722878,0.4632786164326462,45.740845609023204,19
Hybrid GWO-ABC,0,86,20,43.715191887233075,83.26781960578374,0.46312343139520085,33.85626432932715,15
Hybrid GWO-ABC,0,86,24,68.24955039749754,13.97524836093098,0.4643084566171769,40.38352164395039,19
Hybrid GWO-ABC,0,86,76,14.024908899861078,55.40361435390494,0.46404451312934225,36.37865071369501,23
Hybrid GWO-ABC,0,87,1,85.85979199113825,69.73680290593639,0.46349431158514465,40.93245742189787,22
Hybrid GWO-ABC,0,87,8,55.45847870158348,6.381725610417533,0.46457071122779575,43.9584900839479,17
Hybrid GWO-ABC,0,87,61,8.44443211398891,41.58074021706096,0.4640974200428977,42.399872141570086,23
Hybrid GWO-ABC,0,87,63,32.98612123327853,14.45241888660469,0.4627113118464359,39.40942265121521,18
Hybrid GWO-ABC,0,87,98,59.93827915208435,87.45620408374644,0.4642462501553174,38.7522466041392,20
Hybrid GWO-ABC,0,88,32,63.47183200005908,55.35794006579958,0.4622075623847506,14.498199170466526,19
Hybrid GWO-ABC,0,88,37,5.830274168906602,28.138389202199654,0.4636413586932623,49.28381789866183,20
Hybrid GWO-ABC,0,88,67,59.091549148141674,2.28038710296975,0.4693649050894698,48.577955092361506,19
Hybrid GWO-ABC,0,88,79,72.69946142868827,76.8647491917657,0.4624896203817662,35.170730704507434,22
Hybrid GWO-ABC,0,88,86,25.596509056760276,93.60435700489633,0.46253859105872913,49.96869339923984,20
Hybrid GWO-ABC,0,89,5,37.07980242325812,92.67649888486018,0.46187625728863835,44.589405271785346,22
Hybrid GWO-ABC,0,89,22,83.2259801395201,80.47643574968019,0.46232288806419286,45.086349289293416,21
Hybrid GWO-ABC,0,89,34,3.0817834567939406,43.671738923236234,0.46366873221386445,47.34306635454508,20
Hybrid GWO-ABC,0,89,36,85.34030732681661,23.393948586534073,0.4621531065361186,44.23595024151556,18
Hybrid GWO-ABC,0,89,74,43.89114603050467,2.1612079880330426,0.46188144515540447,48.22725492898028,19
Hybrid GWO-ABC,0,90,12,77.83834970737618,19.463870785196757,0.46137420893061726,41.321046717784526,14
Hybrid GWO-ABC,0,90,48,36.18126105533904,8.7649919316101,0.4618307919862999,43.488888654699714,20
Hybrid GWO-ABC,0,90,57,17.67727829392317,85.66142840923754,0.46245601355227073,48.12998872507312,16
Hybrid GWO-ABC,0,90,58,75.85195298352102,71.94629559509367,0.46235157429097284,33.911109734265686,27
Hybrid GWO-ABC,0,90,85,29.091783814011862,51.50571292317145,0.46145136991726643,20.962363308725994,23
Hybrid GWO-ABC,0,91,41,81.40203846660347,16.697291990770392,0.46181218425751625,45.772900067682514,18
Hybrid GWO-ABC,0,91,54,9.63909621534993,90.26023965438416,0.4706868335157441,57.007801670843506,17
Hybrid GWO-ABC,0,91,71,93.78264549749828,57.17280523760754,0.4618987070218097,44.366306830028755,24
Hybrid GWO-ABC,0,91,84,31.713889282271534,95.28993950697449,0.4635503699528599,48.842199640540684,18
Hybrid GWO-ABC,0,91,87,16.460781758201815,4.491061939232899,0.46600355579241054,56.53266846425794,23
Hybrid GWO-ABC,0,92,29,13.979699812765745,11.453007353597345,0.4668778829178702,52.75729966232435,19
Hybrid GWO-ABC,0,92,30,66.84029617904716,47.10962061431325,0.4605374203827475,17.08654056242027,22
Hybrid GWO-ABC,0,92,65,17.05929685368861,92.51201183767972,0.4629308566418152,53.78067565827367,23
Hybrid GWO-ABC,0,92,67,59.091549148141674,2.28038710296975,0.46443036826306944,48.577955092361506,14
Hybrid GWO-ABC,0,92,83,82.97897431324131,80.82514720643019,0.46080448034505855,45.142025287436105,22
Hybrid GWO-ABC,0,93,15,74.47621559078172,96.750973243421,0.470277146323143,52.77062278250554,20
Hybrid GWO-ABC,0,93,29,13.979699812765745,11.453007353597345,0.46258654961116374,52.75729966232435,20
Hybrid GWO-ABC,0,93,54,9.63909621534993,90.26023965438416,0.4666144327434712,57.007801670843506,23
Hybrid GWO-ABC,0,93,67,59.091549148141674,2.28038710296975,0.4612559755542312,48.577955092361506,20
Hybrid GWO-ABC,0,93,68,95.85592132414453,48.23034369429002,0.4600089047635903,45.890055610409455,17
Hybrid GWO-ABC,0,94,3,76.1139701990353,78.60643052769538,0.45985957940574146,38.73328422806367,24
Hybrid GWO-ABC,0,94,7,44.34141988273311,22.723872178477688,0.45961748765028754,27.856896415063034,22
Hybrid GWO-ABC,0,94,21,70.0265102002249,31.236664138204105,0.45971439891694016,27.443102657357606,17
Hybrid GWO-ABC,0,94,51,26.586996145951957,96.91763773477238,0.46486754676403363,52.4350405748008,20
Hybrid GWO-ABC,0,94,97,15.328431662449404,17.926830815773908,0.45973967579985303,47.23140726789146,17
Hybrid GWO-ABC,0,95,8,55.45847870158348,6.381725610417533,0.45928185321288967,43.9584900839479,18
Hybrid GWO-ABC,0,95,10,75.80877400853738,35.45259681298683,0.4592384183896593,29.626335502543604,19
Hybrid GWO-ABC,0,95,15,74.47621559078172,96.750973243421,0.46555248051116804,52.77062278250554,21
Hybrid GWO-ABC,0,95,38,29.35937577666836,66.1916514726895,0.4592242585534771,26.233660547888334,24
Hybrid GWO-ABC,0,95,44,16.127177903360177,50.10447751033635,0.45937125727143197,33.87298322174735,18
Hybrid GWO-ABC,0,96,18,12.992150533547164,47.57049262259338,0.4588635994318739,37.08751040752812,26
Hybrid GWO-ABC,0,96,39,55.70321523412783,78.38982091064135,0.4586997958133456,28.957012887124193,16
Hybrid GWO-ABC,0,96,52,77.87509039657947,71.68901891589957,0.45884853514239027,35.31903461522874,19
Hybrid GWO-ABC,0,96,66,58.106113970039495,34.686980453483706,0.45887354695950866,17.32621283856514,22
Hybrid GWO-ABC,0,96,93,37.36577288737101,9.446666806151526,0.45921942133412674,42.47583463411616,17
Hybrid GWO-ABC,0,97,40,66.43135403273875,40.63868614400705,0.4583716928145738,18.91093843413398,18
Hybrid GWO-ABC,0,97,50,90.8580690707607,69.97071338107496,0.45844945569588835,45.47759009820221,20
Hybrid GWO-ABC,0,97,70,48.66583308381603,49.07069943545209,0.4582697983241797,1.6259154035523802,24
Hybrid GWO-ABC,0,97,81,23.02139908948808,3.741255617617978,0.4599406070581019,53.551062911236734,19
Hybrid GWO-ABC,0,97,84,31.713889282271534,95.28993950697449,0.4583958531888605,48.842199640540684,19
Hybrid GWO-ABC,0,98,15,74.47621559078172,96.750973243421,0.4603560829121581,52.77062278250554,17
Hybrid GWO-ABC,0,98,16,32.58253581381519,37.045970603486886,0.45796701048693034,21.706564359261378,22
Hybrid GWO-ABC,0,98,43,72.23593505964503,46.18772302513874,0.4584999726834168,22.560369316786645,20
Hybrid GWO-ABC,0,98,53,44.93615021437887,27.224156184515902,0.4579670168648178,23.331987402676617,22
Hybrid GWO-ABC,0,98,96,12.275793241148602,83.11126721249062,0.46227057695517987,50.19434023873136,19
Hybrid GWO-ABC,0,99,0,77.39560485559633,43.88784397520523,0.45805204902949526,28.069157747880652,18
Hybrid GWO-ABC,0,99,17,46.95558112758079,18.94713590842857,0.45749201903447184,31.201744415342365,23
Hybrid GWO-ABC,0,99,35,21.45846728195292,40.852864372463614,0.4575302541294095,29.97147277135205,17
Hybrid GWO-ABC,0,99,45,15.231210271316842,69.6320375077736,0.4575726305983337,39.92850655739597,23
Hybrid GWO-ABC,0,99,75,82.62919241943578,89.61607718397667,0.4612629777477036,51.32346217268826,19
Hybrid GWO-ABC,0,100,31,56.52361064811888,76.49988574160255,0.4569764810294748,27.291050551531363,27
Hybrid GWO-ABC,0,100,47,30.151208914787652,63.028259311888846,0.4569972073606868,23.742578803538244,20
Hybrid GWO-ABC,0,100,73,33.15689973425522,52.06724024715378,0.457045422946487,16.969487582168895,16
Hybrid GWO-ABC,0,100,91,51.885836038644904,31.5929051830793,0.45701114827745387,18.503446088871144,22
Hybrid GWO-ABC,0,100,94,74.6789611349026,26.246051592286467,0.4583905165114552,34.2534843140716,15
Hybrid GWO-ABC,0,101,20,43.715191887233075,83.26781960578374,0.4566826316658435,33.85626432932715,26
Hybrid GWO-ABC,0,101,33,55.92071607454135,30.39500980626122,0.4566982394362035,20.47951462637545,27
Hybrid GWO-ABC,0,101,92,77.2012432110988,66.16612631677611,0.4567993980137574,31.642554769160306,24
Hybrid GWO-ABC,0,101,99,19.643466571457324,31.03236729000948,0.4572448010230175,35.795114365222126,23
Hybrid GWO-ABC,0,102,9,82.7631171992582,63.166439912206485,0.45678452464507435,35.30972937554283,22
Hybrid GWO-ABC,0,102,34,3.0817834567939406,43.671738923236234,0.45635650512715864,47.34306635454508,21
Hybrid GWO-ABC,0,102,64,10.340296772255165,58.7644572177712,0.45665605119592007,40.616594766609076,21
Hybrid GWO-ABC,0,102,95,93.68131505337793,24.097057500568475,0.47611574397930195,50.78404980819585,19
Hybrid GWO-ABC,0,102,98,59.93827915208435,87.45620408374644,0.4567511920400195,38.7522466041392,17
Hybrid GWO-ABC,0,103,19,22.69093490508841,66.98139946825104,0.45581751810914906,32.15824877474573,34
Hybrid GWO-ABC,0,103,26,78.69243775021384,66.48508565920321,0.4556696512711594,33.09099625640128,31
Hybrid GWO-ABC,0,103,55,45.57762898336111,20.236336479523032,0.4557139695760738,30.09041428044784,35
Hybrid GWO-ABC,0,104,12,77.83834970737618,19.463870785196757,0.4553745234353739,41.321046717784526,15
Hybrid GWO-ABC,0,104,13,46.67210037270342,4.380376578722878,0.455301913423467,45.740845609023204,20
Hybrid GWO-ABC,0,104,27,70.51653786263351,78.07290310219679,0.45527473745026686,34.77091046340611,22
Hybrid GWO-ABC,0,104,28,45.891577553834,56.87411959528937,0.4553601512578914,8.008286658611938,22
Hybrid GWO-ABC,0,104,57,17.67727829392317,85.66142840923754,0.45602317000532455,48.12998872507312,21
Hybrid GWO-ABC,0,105,1,85.85979199113825,69.73680290593639,0.4549852640560296,40.93245742189787,19
Hybrid GWO-ABC,0,105,46,44.61562755740307,38.10212260964825,0.4549595640867075,13.059515802526548,17
Hybrid GWO-ABC,0,105,60,58.40979689127356,64.984660155482,0.4549897537260982,17.183268714879727,18
Hybrid GWO-ABC,0,105,61,8.44443211398891,41.58074021706096,0.45513553398434115,42.399872141570086,27
Hybrid GWO-ABC,0,105,82,55.48524693914834,37.092228386243875,0.455005439667507,14.024924314103254,19
Hybrid GWO-ABC,0,106,36,85.34030732681661,23.393948586534073,0.45456110743277955,44.23595024151556,19
Hybrid GWO-ABC,0,106,51,26.586996145951957,96.91763773477238,0.45778024194862266,52.4350405748008,19
Hybrid GWO-ABC,0,106,63,32.98612123327853,14.45241888660469,0.45477601602638856,39.40942265121521,19
Hybrid GWO-ABC,0,106,72,47.348940105695384,26.69756630918936,0.4547329589985943,23.45275110680658,24
Hybrid GWO-ABC,0,106,88,43.509706000303794,99.2375564055837,0.4577320745730182,49.66347628786701,19
Hybrid GWO-ABC,0,107,22,83.2259801395201,80.47643574968019,0.4539846354467401,45.086349289293416,20
Hybrid GWO-ABC,0,107,23,38.74783790301745,28.83281039302441,0.4540523882181348,23.97208934812371,25
Hybrid GWO-ABC,0,107,32,63.47183200005908,55.35794006579958,0.45405948170186516,14.498199170466526,19
Hybrid GWO-ABC,0,107,37,5.830274168906602,28.138389202199654,0.4550339696350527,49.28381789866183,16
Hybrid GWO-ABC,0,107,86,25.596509056760276,93.60435700489633,0.45408180412604293,49.96869339923984,20
Hybrid GWO-ABC,0,108,4,12.811363267554587,45.038593789556714,0.45379397517263326,37.51813233095184,22
Hybrid GWO-ABC,0,108,14,15.428949206754783,68.30489532424546,0.45494906866751333,39.11811275842336,17
Hybrid GWO-ABC,0,108,41,81.40203846660347,16.697291990770392,0.4541296975926679,45.772900067682514,22
Hybrid GWO-ABC,0,108,59,43.20930397751037,62.73088407024432,0.45382986344784276,14.428754682225943,19
Hybrid GWO-ABC,0,108,89,89.1677266254914,74.86080194569492,0.454552163147255,46.391489331474325,20
Hybrid GWO-ABC,0,109,48,36.18126105533904,8.7649919316101,0.45334196071822724,43.488888654699714,20
Hybrid GWO-ABC,0,109,76,14.024908899861078,55.40361435390494,0.45396585484025853,36.37865071369501,18
Hybrid GWO-ABC,0,109,77,10.857574113544356,67.22400930398116,0.45470113643315235,42.76442447619636,17
Hybrid GWO-ABC,0,109,79,72.69946142868827,76.8647491917657,0.45336769034934216,35.170730704507434,26
Hybrid GWO-ABC,0,109,94,74.6789611349026,26.246051592286467,0.4533079406821103,34.2534843140716,19
Hybrid GWO-ABC,0,110,6,64.38651200806646,82.276161327083,0.4529362555700404,35.33726528425946,24
Hybrid GWO-ABC,0,110,21,70.0265102002249,31.236664138204105,0.4527811402263089,27.443102657357606,21
Hybrid GWO-ABC,0,110,56,30.59566241506525,57.9219568941896,0.4526923521993397,20.959144022204473,18
Hybrid GWO-ABC,0,110,74,43.89114603050467,2.1612079880330426,0.4531065004686448,48.22725492898028,18
Hybrid GWO-ABC,0,110,78,28.123378383900832,65.94226346919018,0.4526699821976018,27.06921383888075,19
Hybrid GWO-ABC,0,111,5,37.07980242325812,92.67649888486018,0.45227951170598657,44.589405271785346,21
Hybrid GWO-ABC,0,111,24,68.24955039749754,13.97524836093098,0.45488670985584945,40.38352164395039,21
Hybrid GWO-ABC,0,111,62,4.161417386189248,49.39908192445189,0.4553531018844939,45.84252129384545,19
Hybrid GWO-ABC,0,111,90,89.07924908785249,89.34466396978632,0.4625544698298912,55.45439831217919,20
Hybrid GWO-ABC,0,111,93,37.36577288737101,9.446666806151526,0.45228001474492874,42.47583463411616,19
Hybrid GWO-ABC,0,112,39,55.70321523412783,78.38982091064135,0.4518959178375465,28.957012887124193,15
Hybrid GWO-ABC,0,112,44,16.127177903360177,50.10447751033635,0.4519095341329736,33.87298322174735,27
Hybrid GWO-ABC,0,112,58,75.85195298352102,71.94629559509367,0.45189462451434753,33.911109734265686,21
Hybrid GWO-ABC,0,112,95,93.68131505337793,24.097057500568475,0.4697200788671268,50.78404980819585,16
Hybrid GWO-ABC,0,112,97,15.328431662449404,17.926830815773908,0.4520440175977514,47.23140726789146,21
Hybrid GWO-ABC,0,113,8,55.45847870158348,6.381725610417533,0.4514037466430588,43.9584900839479,16
Hybrid GWO-ABC,0,113,29,13.979699812765745,11.453007353597345,0.4536902775876529,52.75729966232435,17
Hybrid GWO-ABC,0,113,30,66.84029617904716,47.10962061431325,0.45134034630442366,17.08654056242027,22
Hybrid GWO-ABC,0,113,65,17.05929685368861,92.51201183767972,0.45318877184016676,53.78067565827367,23
Hybrid GWO-ABC,0,113,83,82.97897431324131,80.82514720643019,0.45164804802110187,45.142025287436105,22
Hybrid GWO-ABC,0,114,40,66.43135403273875,40.63868614400705,0.450928607746576,18.91093843413398,22
Hybrid GWO-ABC,0,114,52,77.87509039657947,71.68901891589957,0.45101728776753397,35.31903461522874,24
Hybrid GWO-ABC,0,114,81,23.02139908948808,3.741255617617978,0.4519117027344684,53.551062911236734,16
Hybrid GWO-ABC,0,114,85,29.091783814011862,51.50571292317145,0.45122277068678834,20.962363308725994,22
Hybrid GWO-ABC,0,114,96,12.275793241148602,83.11126721249062,0.45465872619766245,50.19434023873136,16
Hybrid GWO-ABC,0,115,10,75.80877400853738,35.45259681298683,0.450989879468683,29.626335502543604,21
Hybrid GWO-ABC,0,115,42,2.2712073133860478,9.004786077564175,0.4711796214306212,62.91776550282162,19
Hybrid GWO-ABC,0,115,43,72.23593505964503,46.18772302513874,0.45059627481430975,22.560369316786645,19
Hybrid GWO-ABC,0,115,51,26.586996145951957,96.91763773477238,0.4516954308516891,52.4350405748008,23
Hybrid GWO-ABC,0,115,75,82.62919241943578,89.61607718397667,0.45371261739754626,51.32346217268826,18
Hybrid GWO-ABC,0,116,0,77.39560485559633,43.88784397520523,0.45058583692082305,28.069157747880652,20
Hybrid GWO-ABC,0,116,7,44.34141988273311,22.723872178477688,0.4501442381179527,27.856896415063034,22
Hybrid GWO-ABC,0,116,35,21.45846728195292,40.852864372463614,0.45026046720116564,29.97147277135205,15
Hybrid GWO-ABC,0,116,73,33.15689973425522,52.06724024715378,0.45019540637744876,16.969487582168895,18
Hybrid GWO-ABC,0,116,98,59.93827915208435,87.45620408374644,0.45011008439455763,38.7522466041392,25
Hybrid GWO-ABC,0,117,62,4.161417386189248,49.39908192445189,0.44991650284943685,45.84252129384545,23
Hybrid GWO-ABC,0,117,66,58.106113970039495,34.686980453483706,0.4497014991776799,17.32621283856514,25
Hybrid GWO-ABC,0,117,67,59.091549148141674,2.28038710296975,0.45146091419412776,48.577955092361506,13
Hybrid GWO-ABC,0,117,71,93.78264549749828,57.17280523760754,0.45092486304362467,44.366306830028755,20
Hybrid GWO-ABC,0,117,84,31.713889282271534,95.28993950697449,0.44983776554331295,48.842199640540684,19
Hybrid GWO-ABC,0,118,3,76.1139701990353,78.60643052769538,0.44968137136913244,38.73328422806367,24
Hybrid GWO-ABC,0,118,12,77.83834970737618,19.463870785196757,0.4491752062029619,41.321046717784526,24
Hybrid GWO-ABC,0,118,14,15.428949206754783,68.30489532424546,0.4491947292192073,39.11811275842336,23
Hybrid GWO-ABC,0,118,25,19.990820247510833,0.7362269751005512,0.4683273355675365,57.684228365004735,16
Hybrid GWO-ABC,0,118,96,12.275793241148602,83.11126721249062,0.45034509379595267,50.19434023873136,13
Hybrid GWO-ABC,0,119,29,13.979699812765745,11.453007353597345,0.44872326924990774,52.75729966232435,16
Hybrid GWO-ABC,0,119,38,29.35937577666836,66.1916514726895,0.44887761152465094,26.233660547888334,22
Hybrid GWO-ABC,0,119,50,90.8580690707607,69.97071338107496,0.4493696008548395,45.47759009820221,25
Hybrid GWO-ABC,0,119,69,78.27352272502863,8.272999992243857,0.46081200287536106,50.40371630078472,19
Hybrid GWO-ABC,0,119,77,10.857574113544356,67.22400930398116,0.4489217337349637,42.76442447619636,18
Hybrid GWO-ABC,0,120,15,74.47621559078172,96.750973243421,0.45180974340327257,52.77062278250554,23
Hybrid GWO-ABC,0,120,16,32.58253581381519,37.045970603486886,0.44844069037404444,21.706564359261378,13
Hybrid GWO-ABC,0,120,24,68.24955039749754,13.97524836093098,0.4484683965636999,40.38352164395039,14
Hybrid GWO-ABC,0,120,47,30.151208914787652,63.028259311888846,0.44839113416996507,23.742578803538244,29
Hybrid GWO-ABC,0,120,53,44.93615021437887,27.224156184515902,0.4484457713849936,23.331987402676617,21
Hybrid GWO-ABC,0,121,9,82.7631171992582,63.166439912206485,0.44800197980042084,35.30972937554283,18
Hybrid GWO-ABC,0,121,45,15.231210271316842,69.6320375077736,0.4479174338151071,39.92850655739597,25
Hybrid GWO-ABC,0,121,67,59.091549148141674,2.28038710296975,0.44785567296813206,48.577955092361506,21
Hybrid GWO-ABC,0,121,75,82.62919241943578,89.61607718397667,0.4485500054487792,51.32346217268826,14
Hybrid GWO-ABC,0,121,99,19.643466571457324,31.03236729000948,0.4479386641547379,35.795114365222126,22
Hybrid GWO-ABC,0,122,18,12.992150533547164,47.57049262259338,0.44760982067627353,37.08751040752812,32
Hybrid GWO-ABC,0,122,60,58.40979689127356,64.984660155482,0.44744330330237314,17.183268714879727,33
Hybrid GWO-ABC,0,122,70,48.66583308381603,49.07069943545209,0.4475930715707748,1.6259154035523802,35
Hybrid GWO-ABC,0,123,46,44.61562755740307,38.10212260964825,0.4474178293513037,13.059515802526548,21
Hybrid GWO-ABC,0,123,57,17.67727829392317,85.66142840923754,0.44730986584616256,48.12998872507312,23
Hybrid GWO-ABC,0,123,82,55.48524693914834,37.092228386243875,0.4470479863972202,14.024924314103254,15
Hybrid GWO-ABC,0,123,89,89.1677266254914,74.86080194569492,0.4470546126528756,46.391489331474325,23
Hybrid GWO-ABC,0,123,91,51.885836038644904,31.5929051830793,0.4472838488128139,18.503446088871144,18
Hybrid GWO-ABC,0,124,17,46.95558112758079,18.94713590842857,0.4470939395071081,31.201744415342365,33
Hybrid GWO-ABC,0,124,76,14.024908899861078,55.40361435390494,0.4469053854330899,36.37865071369501,34
Hybrid GWO-ABC,0,124,92,77.2012432110988,66.16612631677611,0.44678285676214924,31.642554769160306,33
Hybrid GWO-ABC,0,125,27,70.51653786263351,78.07290310219679,0.4461327489717434,34.77091046340611,27
Hybrid GWO-ABC,0,125,36,85.34030732681661,23.393948586534073,0.44622205327263365,44.23595024151556,15
Hybrid GWO-ABC,0,125,37,5.830274168906602,28.138389202199654,0.44758069170690074,49.28381789866183,19
Hybrid GWO-ABC,0,125,63,32.98612123327853,14.45241888660469,0.44658812162956496,39.40942265121521,21
Hybrid GWO-ABC,0,125,88,43.509706000303794,99.2375564055837,0.44917915435809197,49.66347628786701,18
Hybrid GWO-ABC,0,126,28,45.891577553834,56.87411959528937,0.4458198691624939,8.008286658611938,29
Hybrid GWO-ABC,0,126,32,63.47183200005908,55.35794006579958,0.4458843888606358,14.498199170466526,40
Hybrid GWO-ABC,0,126,59,43.20930397751037,62.73088407024432,0.44581715983684805,14.428754682225943,31
Hybrid GWO-ABC,0,127,1,85.85979199113825,69.73680290593639,0.44620867851957224,40.93245742189787,20
Hybrid GWO-ABC,0,127,13,46.67210037270342,4.380376578722878,0.4457672864179268,45.740845609023204,19
Hybrid GWO-ABC,0,127,20,43.715191887233075,83.26781960578374,0.445349628582167,33.85626432932715,18
Hybrid GWO-ABC,0,127,64,10.340296772255165,58.7644572177712,0.4466769967960161,40.616594766609076,25
Hybrid GWO-ABC,0,127,94,74.6789611349026,26.246051592286467,0.4453958790569534,34.2534843140716,18
Hybrid GWO-ABC,0,128,22,83.2259801395201,80.47643574968019,0.4452894493029959,45.086349289293416,23
Hybrid GWO-ABC,0,128,33,55.92071607454135,30.39500980626122,0.4450522918395077,20.47951462637545,19
Hybrid GWO-ABC,0,128,56,30.59566241506525,57.9219568941896,0.44495518135536116,20.959144022204473,21
Hybrid GWO-ABC,0,128,72,47.348940105695384,26.69756630918936,0.44477738646573817,23.45275110680658,22
Hybrid GWO-ABC,0,128,96,12.275793241148602,83.11126721249062,0.44532662769777365,50.19434023873136,15
Hybrid GWO-ABC,0,129,4,12.811363267554587,45.038593789556714,0.4445410369859783,37.51813233095184,23
Hybrid GWO-ABC,0,129,31,56.52361064811888,76.49988574160255,0.44488550420896905,27.291050551531363,28
Hybrid GWO-ABC,0,129,41,81.40203846660347,16.697291990770392,0.4447050996968099,45.772900067682514,25
Hybrid GWO-ABC,0,129,78,28.123378383900832,65.94226346919018,0.4445402178367256,27.06921383888075,24
Hybrid GWO-ABC,0,130,21,70.0265102002249,31.236664138204105,0.44405261662976836,27.443102657357606,21
Hybrid GWO-ABC,0,130,35,21.45846728195292,40.852864372463614,0.44411640025166466,29.97147277135205,21
Hybrid GWO-ABC,0,130,65,17.05929685368861,92.51201183767972,0.4443256432504351,53.78067565827367,17
Hybrid GWO-ABC,0,130,90,89.07924908785249,89.34466396978632,0.4540160536535211,55.45439831217919,22
Hybrid GWO-ABC,0,130,93,37.36577288737101,9.446666806151526,0.44393724901280407,42.47583463411616,19
Hybrid GWO-ABC,0,131,8,55.45847870158348,6.381725610417533,0.44394075457941606,43.9584900839479,17
Hybrid GWO-ABC,0,131,39,55.70321523412783,78.38982091064135,0.4445376556611093,28.957012887124193,21
Hybrid GWO-ABC,0,131,48,36.18126105533904,8.7649919316101,0.4441604131658876,43.488888654699714,25
Hybrid GWO-ABC,0,131,86,25.596509056760276,93.60435700489633,0.44438913531530244,49.96869339923984,22
Hybrid GWO-ABC,0,131,90,89.07924908785249,89.34466396978632,0.44905304604183444,55.45439831217919,15
Hybrid GWO-ABC,0,132,6,64.38651200806646,82.276161327083,0.44306217082031396,35.33726528425946,19
Hybrid GWO-ABC,0,132,16,32.58253581381519,37.045970603486886,0.443159237005648,21.706564359261378,28
Hybrid GWO-ABC,0,132,23,38.74783790301745,28.83281039302441,0.4432008834270543,23.97208934812371,30
Hybrid GWO-ABC,0,132,58,75.85195298352102,71.94629559509367,0.44322219158610765,33.911109734265686,23
Hybrid GWO-ABC,0,133,5,37.07980242325812,92.67649888486018,0.4428508387712716,44.589405271785346,15
Hybrid GWO-ABC,0,133,26,78.69243775021384,66.48508565920321,0.442607656755038,33.09099625640128,21
Hybrid GWO-ABC,0,133,43,72.23593505964503,46.18772302513874,0.4426060582777017,22.560369316786645,22
Hybrid GWO-ABC,0,133,61,8.44443211398891,41.58074021706096,0.4431253919307627,42.399872141570086,20
Hybrid GWO-ABC,0,133,73,33.15689973425522,52.06724024715378,0.4427292668418446,16.969487582168895,22
Hybrid GWO-ABC,0,134,0,77.39560485559633,43.88784397520523,0.44234100268615617,28.069157747880652,20
Hybrid GWO-ABC,0,134,10,75.80877400853738,35.45259681298683,0.4423565558840626,29.626335502543604,17
Hybrid GWO-ABC,0,134,85,29.091783814011862,51.50571292317145,0.44221747206648904,20.962363308725994,26
Hybrid GWO-ABC,0,134,88,43.509706000303794,99.2375564055837,0.44330388497433415,49.66347628786701,21
Hybrid GWO-ABC,0,134,97,15.328431662449404,17.926830815773908,0.4425508232794459,47.23140726789146,16
Hybrid GWO-ABC,0,135,24,68.24955039749754,13.97524836093098,0.44216365655170403,40.38352164395039,20
Hybrid GWO-ABC,0,135,30,66.84029617904716,47.10962061431325,0.4418929200385623,17.08654056242027,17
Hybrid GWO-ABC,0,135,34,3.0817834567939406,43.671738923236234,0.4443378825034532,47.34306635454508,22
Hybrid GWO-ABC,0,135,79,72.69946142868827,76.8647491917657,0.4423152850045122,35.170730704507434,23
Hybrid GWO-ABC,0,135,80,10.774094595589656,91.60118451376078,0.46046372980308364,57.17805704764476,18
Hybrid GWO-ABC,0,136,19,22.69093490508841,66.98139946825104,0.44132546171801024,32.15824877474573,19
Hybrid GWO-ABC,0,136,40,66.43135403273875,40.63868614400705,0.44149590934378663,18.91093843413398,23
Hybrid GWO-ABC,0,136,74,43.89114603050467,2.1612079880330426,0.4432176972171589,48.22725492898028,18
Hybrid GWO-ABC,0,136,77,10.857574113544356,67.22400930398116,0.4413126390470307,42.76442447619636,18
Hybrid GWO-ABC,0,136,83,82.97897431324131,80.82514720643019,0.4420312538043099,45.142025287436105,22
Hybrid GWO-ABC,0,137,29,13.979699812765745,11.453007353597345,0.4409870934170955,52.75729966232435,19
Hybrid GWO-ABC,0,137,52,77.87509039657947,71.68901891589957,0.44104765960853237,35.31903461522874,24
Hybrid GWO-ABC,0,137,69,78.27352272502863,8.272999992243857,0.4524832938587414,50.40371630078472,10
Hybrid GWO-ABC,0,137,82,55.48524693914834,37.092228386243875,0.44089552384825986,14.024924314103254,25
Hybrid GWO-ABC,0,137,84,31.713889282271534,95.28993950697449,0.44123286358489067,48.842199640540684,22
Hybrid GWO-ABC,0,138,37,5.830274168906602,28.138389202199654,0.44049354562112175,49.28381789866183,18
Hybrid GWO-ABC,0,138,51,26.586996145951957,96.91763773477238,0.44149705975340214,52.4350405748008,22
Hybrid GWO-ABC,0,138,68,95.85592132414453,48.23034369429002,0.44591417495066965,45.890055610409455,20
Hybrid GWO-ABC,0,138,75,82.62919241943578,89.61607718397667,0.4418248701071143,51.32346217268826,21
Hybrid GWO-ABC,0,138,81,23.02139908948808,3.741255617617978,0.4428051395895932,53.551062911236734,19
Hybrid GWO-ABC,0,139,3,76.1139701990353,78.60643052769538,0.44013224178910026,38.73328422806367,25
Hybrid GWO-ABC,0,139,7,44.34141988273311,22.723872178477688,0.44040325296511734,27.856896415063034,19
Hybrid GWO-ABC,0,139,44,16.127177903360177,50.10447751033635,0.44018125145359904,33.87298322174735,23
Hybrid GWO-ABC,0,139,80,10.774094595589656,91.60118451376078,0.45571997067136377,57.17805704764476,12
Hybrid GWO-ABC,0,139,91,51.885836038644904,31.5929051830793,0.4399921049409128,18.503446088871144,21
Hybrid GWO-ABC,0,140,15,74.47621559078172,96.750973243421,0.44236976956811647,52.77062278250554,24
Hybrid GWO-ABC,0,140,38,29.35937577666836,66.1916514726895,0.4396212064601839,26.233660547888334,25
Hybrid GWO-ABC,0,140,53,44.93615021437887,27.224156184515902,0.4396284325950092,23.331987402676617,17
Hybrid GWO-ABC,0,140,55,45.57762898336111,20.236336479523032,0.4400678012046445,30.09041428044784,22
Hybrid GWO-ABC,0,140,62,4.161417386189248,49.39908192445189,0.43980909307089916,45.84252129384545,12
Hybrid GWO-ABC,0,141,9,82.7631171992582,63.166439912206485,0.4398956033366475,35.30972937554283,26
Hybrid GWO-ABC,0,141,14,15.428949206754783,68.30489532424546,0.43923737138959923,39.11811275842336,36
Hybrid GWO-ABC,0,141,66,58.106113970039495,34.686980453483706,0.43916955968059446,17.32621283856514,38
Hybrid GWO-ABC,0,142,36,85.34030732681661,23.393948586534073,0.43912812484256575,44.23595024151556,14
Hybrid GWO-ABC,0,142,46,44.61562755740307,38.10212260964825,0.4388237922526601,13.059515802526548,28
Hybrid GWO-ABC,0,142,87,16.460781758201815,4.491061939232899,0.44895755581419095,56.53266846425794,12
Hybrid GWO-ABC,0,142,96,12.275793241148602,83.11126721249062,0.4390237124861682,50.19434023873136,21
Hybrid GWO-ABC,0,142,98,59.93827915208435,87.45620408374644,0.43901842996135976,38.7522466041392,25
Hybrid GWO-ABC,0,143,1,85.85979199113825,69.73680290593639,0.43851665215000685,40.93245742189787,27
Hybrid GWO-ABC,0,143,12,77.83834970737618,19.463870785196757,0.4384407214300959,41.321046717784526,17
Hybrid GWO-ABC,0,143,80,10.774094595589656,91.60118451376078,0.45228400643897393,57.17805704764476,19
Hybrid GWO-ABC,0,143,87,16.460781758201815,4.491061939232899,0.4461897181100434,56.53266846425794,11
Hybrid GWO-ABC,0,143,99,19.643466571457324,31.03236729000948,0.43836975739289336,35.795114365222126,26
Hybrid GWO-ABC,0,144,50,90.8580690707607,69.97071338107496,0.43854178113386916,45.47759009820221,25
Hybrid GWO-ABC,0,144,54,9.63909621534993,90.26023965438416,0.44992761005727305,57.007801670843506,25
Hybrid GWO-ABC,0,144,63,32.98612123327853,14.45241888660469,0.4378973973643689,39.40942265121521,30
Hybrid GWO-ABC,0,144,94,74.6789611349026,26.246051592286467,0.437917224675017,34.2534843140716,20
Hybrid GWO-ABC,0,145,20,43.715191887233075,83.26781960578374,0.4375278235779603,33.85626432932715,19
Hybrid GWO-ABC,0,145,57,17.67727829392317,85.66142840923754,0.4375619596199553,48.12998872507312,19
Hybrid GWO-ABC,0,145,69,78.27352272502863,8.272999992243857,0.4485335771691577,50.40371630078472,17
Hybrid GWO-ABC,0,145,71,93.78264549749828,57.17280523760754,0.44026540882680415,44.366306830028755,22
Hybrid GWO-ABC,0,145,87,16.460781758201815,4.491061939232899,0.44342698778681583,56.53266846425794,23
Hybrid GWO-ABC,0,146,13,46.67210037270342,4.380376578722878,0.43737989872315647,45.740845609023204,13
Hybrid GWO-ABC,0,146,33,55.92071607454135,30.39500980626122,0.43715086781781737,20.47951462637545,28
Hybrid GWO-ABC,0,146,45,15.231210271316842,69.6320375077736,0.43707211412029684,39.92850655739597,22
Hybrid GWO-ABC,0,146,64,10.340296772255165,58.7644572177712,0.4370773759327076,40.616594766609076,13
Hybrid GWO-ABC,0,146,89,89.1677266254914,74.86080194569492,0.4371929791123178,46.391489331474325,24
Hybrid GWO-ABC,0,147,5,37.07980242325812,92.67649888486018,0.43657258391406173,44.589405271785346,16
Hybrid GWO-ABC,0,147,34,3.0817834567939406,43.671738923236234,0.4368545364772631,47.34306635454508,20
Hybrid GWO-ABC,0,147,39,55.70321523412783,78.38982091064135,0.43650753205040804,28.957012887124193,21
Hybrid GWO-ABC,0,147,68,95.85592132414453,48.23034369429002,0.43954417987526295,45.890055610409455,19
Hybrid GWO-ABC,0,147,74,43.89114603050467,2.1612079880330426,0.43692514818107286,48.22725492898028,24
Hybrid GWO-ABC,0,148,2,9.417734788764953,97.5622351636756,0.4564901251549595,62.52268758970457,23
Hybrid GWO-ABC,0,148,8,55.45847870158348,6.381725610417533,0.43650442345156676,43.9584900839479,19
Hybrid GWO-ABC,0,148,22,83.2259801395201,80.47643574968019,0.43610633573347435,45.086349289293416,26
Hybrid GWO-ABC,0,148,87,16.460781758201815,4.491061939232899,0.43777232651757936,56.53266846425794,19
Hybrid GWO-ABC,0,148,95,93.68131505337793,24.097057500568475,0.45765994282221706,50.78404980819585,13
Hybrid GWO-ABC,0,149,47,30.151208914787652,63.028259311888846,0.4357210576955816,23.742578803538244,25
Hybrid GWO-ABC,0,149,56,30.59566241506525,57.9219568941896,0.43578000137144635,20.959144022204473,17
Hybrid GWO-ABC,0,149,69,78.27352272502863,8.272999992243857,0.4439841024255808,50.40371630078472,17
Hybrid GWO-ABC,0,149,90,89.07924908785249,89.34466396978632,0.44183755986394674,55.45439831217919,21
Hybrid GWO-ABC,0,149,97,15.328431662449404,17.926830815773908,0.43577994637499584,47.23140726789146,20
Hybrid GWO-ABC,0,150,10,75.80877400853738,35.45259681298683,0.4353118326309198,29.626335502543604,17
Hybrid GWO-ABC,0,150,35,21.45846728195292,40.852864372463614,0.43523282040846556,29.97147277135205,26
Hybrid GWO-ABC,0,150,72,47.348940105695384,26.69756630918936,0.4352581086668655,23.45275110680658,21
Hybrid GWO-ABC,0,150,86,25.596509056760276,93.60435700489633,0.43553745805980926,49.96869339923984,16
Hybrid GWO-ABC,0,150,90,89.07924908785249,89.34466396978632,0.43709455225226007,55.45439831217919,20
Hybrid GWO-ABC,0,151,6,64.38651200806646,82.276161327083,0.4349181343709381,35.33726528425946,21
Hybrid GWO-ABC,0,151,21,70.0265102002249,31.236664138204105,0.4350689742055317,27.443102657357606,20
Hybrid GWO-ABC,0,151,25,19.990820247510833,0.7362269751005512,0.45703187407629525,57.684228365004735,20
Hybrid GWO-ABC,0,151,30,66.84029617904716,47.10962061431325,0.43475739754825027,17.08654056242027,17
Hybrid GWO-ABC,0,151,88,43.509706000303794,99.2375564055837,0.43479802583741506,49.66347628786701,22
Hybrid GWO-ABC,0,152,15,74.47621559078172,96.750973243421,0.43449674820610473,52.77062278250554,17
Hybrid GWO-ABC,0,152,61,8.44443211398891,41.58074021706096,0.434573206065811,42.399872141570086,20
Hybrid GWO-ABC,0,152,65,17.05929685368861,92.51201183767972,0.4359012038387792,53.78067565827367,19
Hybrid GWO-ABC,0,152,68,95.85592132414453,48.23034369429002,0.43433067292763006,45.890055610409455,19
Hybrid GWO-ABC,0,152,93,37.36577288737101,9.446666806151526,0.4351085669538802,42.47583463411616,25
Hybrid GWO-ABC,0,153,0,77.39560485559633,43.88784397520523,0.4339495004372903,28.069157747880652,27
Hybrid GWO-ABC,0,153,4,12.811363267554587,45.038593789556714,0.43425063099400135,37.51813233095184,24
Hybrid GWO-ABC,0,153,27,70.51653786263351,78.07290310219679,0.4344039523988204,34.77091046340611,23
Hybrid GWO-ABC,0,153,78,28.123378383900832,65.94226346919018,0.43406140534671356,27.06921383888075,26
Hybrid GWO-ABC,0,154,18,12.992150533547164,47.57049262259338,0.4335800921465495,37.08751040752812,22
Hybrid GWO-ABC,0,154,24,68.24955039749754,13.97524836093098,0.4337162304649131,40.38352164395039,26
Hybrid GWO-ABC,0,154,26,78.69243775021384,66.48508565920321,0.43364509070644025,33.09099625640128,13
Hybrid GWO-ABC,0,154,58,75.85195298352102,71.94629559509367,0.4336703991056646,33.911109734265686,19
Hybrid GWO-ABC,0,154,77,10.857574113544356,67.22400930398116,0.4334546952406989,42.76442447619636,20
Hybrid GWO-ABC,0,155,17,46.95558112758079,18.94713590842857,0.4331706767006888,31.201744415342365,23
Hybrid GWO-ABC,0,155,19,22.69093490508841,66.98139946825104,0.433122108737259,32.15824877474573,21
Hybrid GWO-ABC,0,155,31,56.52361064811888,76.49988574160255,0.433107907811509,27.291050551531363,20
Hybrid GWO-ABC,0,155,43,72.23593505964503,46.18772302513874,0.4331360634755984,22.560369316786645,21
Hybrid GWO-ABC,0,155,73,33.15689973425522,52.06724024715378,0.43308520424402075,16.969487582168895,15
Hybrid GWO-ABC,0,156,7,44.34141988273311,22.723872178477688,0.4326891055543377,27.856896415063034,37
Hybrid GWO-ABC,0,156,28,45.891577553834,56.87411959528937,0.4327740032093382,8.008286658611938,30
Hybrid GWO-ABC,0,156,60,58.40979689127356,64.984660155482,0.43276965665604206,17.183268714879727,33
Hybrid GWO-ABC,0,157,53,44.93615021437887,27.224156184515902,0.4323437728977632,23.331987402676617,37
Hybrid GWO-ABC,0,157,70,48.66583308381603,49.07069943545209,0.4321440508576864,1.6259154035523802,33
Hybrid GWO-ABC,0,157,79,72.69946142868827,76.8647491917657,0.4327846151588905,35.170730704507434,30
Hybrid GWO-ABC,0,158,40,66.43135403273875,40.63868614400705,0.43178841031317655,18.91093843413398,19
Hybrid GWO-ABC,0,158,48,36.18126105533904,8.7649919316101,0.43285481651102276,43.488888654699714,19
Hybrid GWO-ABC,0,158,59,43.20930397751037,62.73088407024432,0.4319168978307619,14.428754682225943,17
Hybrid GWO-ABC,0,158,76,14.024908899861078,55.40361435390494,0.4319551783478043,36.37865071369501,24
Hybrid GWO-ABC,0,158,92,77.2012432110988,66.16612631677611,0.4324296072607837,31.642554769160306,21
Hybrid GWO-ABC,0,159,36,85.34030732681661,23.393948586534073,0.4323994091887769,44.23595024151556,20
Hybrid GWO-ABC,0,159,37,5.830274168906602,28.138389202199654,0.43184553091775674,49.28381789866183,19
Hybrid GWO-ABC,0,159,64,10.340296772255165,58.7644572177712,0.43139057203714065,40.616594766609076,20
Hybrid GWO-ABC,0,159,71,93.78264549749828,57.17280523760754,0.43243943071544105,44.366306830028755,23
Hybrid GWO-ABC,0,159,84,31.713889282271534,95.28993950697449,0.43150316264341176,48.842199640540684,18
Hybrid GWO-ABC,0,160,52,77.87509039657947,71.68901891589957,0.4310560560044129,35.31903461522874,26
Hybrid GWO-ABC,0,160,54,9.63909621534993,90.26023965438416,0.44075186893230217,57.007801670843506,15
Hybrid GWO-ABC,0,160,55,45.57762898336111,20.236336479523032,0.4310133308576515,30.09041428044784,20
Hybrid GWO-ABC,0,160,85,29.091783814011862,51.50571292317145,0.43088196323600575,20.962363308725994,22
Hybrid GWO-ABC,0,160,91,51.885836038644904,31.5929051830793,0.43096302587219043,18.503446088871144,17
Hybrid GWO-ABC,0,161,12,77.83834970737618,19.463870785196757,0.43086628443260566,41.321046717784526,16
Hybrid GWO-ABC,0,161,16,32.58253581381519,37.045970603486886,0.4307464424280111,21.706564359261378,23
Hybrid GWO-ABC,0,161,23,38.74783790301745,28.83281039302441,0.43040449540187814,23.97208934812371,20
Hybrid GWO-ABC,0,161,51,26.586996145951957,96.91763773477238,0.43152432389819056,52.4350405748008,17
Hybrid GWO-ABC,0,161,83,82.97897431324131,80.82514720643019,0.4320226556194398,45.142025287436105,24
Hybrid GWO-ABC,0,162,13,46.67210037270342,4.380376578722878,0.43105683208673107,45.740845609023204,15
Hybrid GWO-ABC,0,162,44,16.127177903360177,50.10447751033635,0.43015180070445175,33.87298322174735,21
Hybrid GWO-ABC,0,162,75,82.62919241943578,89.61607718397667,0.43208178356913673,51.32346217268826,22
Hybrid GWO-ABC,0,162,82,55.48524693914834,37.092228386243875,0.4300521943609564,14.024924314103254,26
Hybrid GWO-ABC,0,162,96,12.275793241148602,83.11126721249062,0.4300685211504361,50.19434023873136,16
Hybrid GWO-ABC,0,163,5,37.07980242325812,92.67649888486018,0.4295567222373749,44.589405271785346,17
Hybrid GWO-ABC,0,163,9,82.7631171992582,63.166439912206485,0.4296197019145832,35.30972937554283,23
Hybrid GWO-ABC,0,163,80,10.774094595589656,91.60118451376078,0.44361246621724015,57.17805704764476,16
Hybrid GWO-ABC,0,163,81,23.02139908948808,3.741255617617978,0.43304663063199467,53.551062911236734,22
Hybrid GWO-ABC,0,163,94,74.6789611349026,26.246051592286467,0.4295653942921528,34.2534843140716,22
Hybrid GWO-ABC,0,164,3,76.1139701990353,78.60643052769538,0.42951817928387176,38.73328422806367,22
Hybrid GWO-ABC,0,164,20,43.715191887233075,83.26781960578374,0.4292436924359505,33.85626432932715,22
Hybrid GWO-ABC,0,164,41,81.40203846660347,16.697291990770392,0.4314242093881145,45.772900067682514,15
Hybrid GWO-ABC,0,164,62,4.161417386189248,49.39908192445189,0.43168301934228304,45.84252129384545,22
Hybrid GWO-ABC,0,164,67,59.091549148141674,2.28038710296975,0.4334435573162878,48.577955092361506,19
Hybrid GWO-ABC,0,165,38,29.35937577666836,66.1916514726895,0.42876390792615504,26.233660547888334,22
Hybrid GWO-ABC,0,165,50,90.8580690707607,69.97071338107496,0.4286565986633619,45.47759009820221,26
Hybrid GWO-ABC,0,165,56,30.59566241506525,57.9219568941896,0.42873844715082954,20.959144022204473,24
Hybrid GWO-ABC,0,165,67,59.091549148141674,2.28038710296975,0.4291691646074495,48.577955092361506,28
Hybrid GWO-ABC,0,166,2,9.417734788764953,97.5622351636756,0.44711070732057684,62.52268758970457,20
Hybrid GWO-ABC,0,166,10,75.80877400853738,35.45259681298683,0.4282617796048466,29.626335502543604,20
Hybrid GWO-ABC,0,166,25,19.990820247510833,0.7362269751005512,0.4490846344565942,57.684228365004735,22
Hybrid GWO-ABC,0,166,26,78.69243775021384,66.48508565920321,0.4284424369157077,33.09099625640128,20
Hybrid GWO-ABC,0,166,32,63.47183200005908,55.35794006579958,0.42836395993726745,14.498199170466526,18
Hybrid GWO-ABC,0,167,8,55.45847870158348,6.381725610417533,0.428241919351483,43.9584900839479,22
Hybrid GWO-ABC,0,167,34,3.0817834567939406,43.671738923236234,0.42785738227529696,47.34306635454508,19
Hybrid GWO-ABC,0,167,86,25.596509056760276,93.60435700489633,0.4282948464963246,49.96869339923984,18
Hybrid GWO-ABC,0,167,95,93.68131505337793,24.097057500568475,0.4504251150275902,50.78404980819585,14
Hybrid GWO-ABC,0,167,98,59.93827915208435,87.45620408374644,0.4280964400962778,38.7522466041392,27
Hybrid GWO-ABC,0,168,1,85.85979199113825,69.73680290593639,0.42741934438824986,40.93245742189787,17
Hybrid GWO-ABC,0,168,25,19.990820247510833,0.7362269751005512,0.4438599425904693,57.684228365004735,22
Hybrid GWO-ABC,0,168,30,66.84029617904716,47.10962061431325,0.42745822566488195,17.08654056242027,26
Hybrid GWO-ABC,0,168,39,55.70321523412783,78.38982091064135,0.42743918316620444,28.957012887124193,16
Hybrid GWO-ABC,0,168,80,10.774094595589656,91.60118451376078,0.4390654246723433,57.17805704764476,19
Hybrid GWO-ABC,0,169,21,70.0265102002249,31.236664138204105,0.4269780979158987,27.443102657357606,26
Hybrid GWO-ABC,0,169,45,15.231210271316842,69.6320375077736,0.4272559974533709,39.92850655739597,26
Hybrid GWO-ABC,0,169,89,89.1677266254914,74.86080194569492,0.4270999482695586,46.391489331474325,24
Hybrid GWO-ABC,0,169,99,19.643466571457324,31.03236729000948,0.4270587262383373,35.795114365222126,24
Hybrid GWO-ABC,0,170,15,74.47621559078172,96.750973243421,0.4267506904910838,52.77062278250554,21
Hybrid GWO-ABC,0,170,41,81.40203846660347,16.697291990770392,0.42692952551824714,45.772900067682514,14
Hybrid GWO-ABC,0,170,46,44.61562755740307,38.10212260964825,0.42647862543256876,13.059515802526548,28
Hybrid GWO-ABC,0,170,57,17.67727829392317,85.66142840923754,0.428037967976827,48.12998872507312,16
Hybrid GWO-ABC,0,170,73,33.15689973425522,52.06724024715378,0.4266539290650319,16.969487582168895,21
Hybrid GWO-ABC,0,171,6,64.38651200806646,82.276161327083,0.42616419641366793,35.33726528425946,26
Hybrid GWO-ABC,0,171,58,75.85195298352102,71.94629559509367,0.4260969547836488,33.911109734265686,21
Hybrid GWO-ABC,0,171,69,78.27352272502863,8.272999992243857,0.4352813351046036,50.40371630078472,9
Hybrid GWO-ABC,0,171,72,47.348940105695384,26.69756630918936,0.4262134044768805,23.45275110680658,24
Hybrid GWO-ABC,0,171,97,15.328431662449404,17.926830815773908,0.42647725868600456,47.23140726789146,20
Hybrid GWO-ABC,0,172,61,8.44443211398891,41.58074021706096,0.42576794747515917,42.399872141570086,20
Hybrid GWO-ABC,0,172,65,17.05929685368861,92.51201183767972,0.4272509062887447,53.78067565827367,19
Hybrid GWO-ABC,0,172,68,95.85592132414453,48.23034369429002,0.42563235410004063,45.890055610409455,21
Hybrid GWO-ABC,0,172,81,23.02139908948808,3.741255617617978,0.42623729987724884,53.551062911236734,21
Hybrid GWO-ABC,0,172,90,89.07924908785249,89.34466396978632,0.42790734703310446,55.45439831217919,19
Hybrid GWO-ABC,0,173,27,70.51653786263351,78.07290310219679,0.42529382610288974,34.77091046340611,26
Hybrid GWO-ABC,0,173,33,55.92071607454135,30.39500980626122,0.4252820477141198,20.47951462637545,31
Hybrid GWO-ABC,0,173,48,36.18126105533904,8.7649919316101,0.42552862145872744,43.488888654699714,21
Hybrid GWO-ABC,0,173,51,26.586996145951957,96.91763773477238,0.42525941239716025,52.4350405748008,22
Hybrid GWO-ABC,0,174,13,46.67210037270342,4.380376578722878,0.42523297300683044,45.740845609023204,14
Hybrid GWO-ABC,0,174,22,83.2259801395201,80.47643574968019,0.42505375861584654,45.086349289293416,22
Hybrid GWO-ABC,0,174,47,30.151208914787652,63.028259311888846,0.424813706498453,23.742578803538244,30
Hybrid GWO-ABC,0,174,59,43.20930397751037,62.73088407024432,0.4247395484812439,14.428754682225943,16
Hybrid GWO-ABC,0,174,63,32.98612123327853,14.45241888660469,0.4249447496799009,39.40942265121521,18
Hybrid GWO-ABC,0,175,12,77.83834970737618,19.463870785196757,0.42442809919376656,41.321046717784526,21
Hybrid GWO-ABC,0,175,31,56.52361064811888,76.49988574160255,0.4244862986164751,27.291050551531363,18
Hybrid GWO-ABC,0,175,54,9.63909621534993,90.26023965438416,0.434199840297844,57.007801670843506,19
Hybrid GWO-ABC,0,175,87,16.460781758201815,4.491061939232899,0.4273763585872776,56.53266846425794,20
Hybrid GWO-ABC,0,175,92,77.2012432110988,66.16612631677611,0.42437968898309236,31.642554769160306,22
Hybrid GWO-ABC,0,176,35,21.45846728195292,40.852864372463614,0.42388125122877013,29.97147277135205,19
Hybrid GWO-ABC,0,176,43,72.23593505964503,46.18772302513874,0.4240470729461566,22.560369316786645,18
Hybrid GWO-ABC,0,176,75,82.62919241943578,89.61607718397667,0.4243558791447808,51.32346217268826,19
Hybrid GWO-ABC,0,176,77,10.857574113544356,67.22400930398116,0.4242063798505231,42.76442447619636,22
Hybrid GWO-ABC,0,176,91,51.885836038644904,31.5929051830793,0.42389489002938513,18.503446088871144,22
Hybrid GWO-ABC,0,177,4,12.811363267554587,45.038593789556714,0.42366100374631765,37.51813233095184,16
Hybrid GWO-ABC,0,177,14,15.428949206754783,68.30489532424546,0.42346011748500023,39.11811275842336,23
Hybrid GWO-ABC,0,177,17,46.95558112758079,18.94713590842857,0.42348488306226206,31.201744415342365,21
Hybrid GWO-ABC,0,177,40,66.43135403273875,40.63868614400705,0.4236215807766542,18.91093843413398,18
Hybrid GWO-ABC,0,177,83,82.97897431324131,80.82514720643019,0.4235539713414037,45.142025287436105,22
Hybrid GWO-ABC,0,178,36,85.34030732681661,23.393948586534073,0.42390447027866834,44.23595024151556,24
Hybrid GWO-ABC,0,178,78,28.123378383900832,65.94226346919018,0.42299037324388294,27.06921383888075,26
Hybrid GWO-ABC,0,178,84,31.713889282271534,95.28993950697449,0.4234589926044768,48.842199640540684,25
Hybrid GWO-ABC,0,178,93,37.36577288737101,9.446666806151526,0.4240683223346801,42.47583463411616,25
Hybrid GWO-ABC,0,179,18,12.992150533547164,47.57049262259338,0.42318995140789734,37.08751040752812,14
Hybrid GWO-ABC,0,179,19,22.69093490508841,66.98139946825104,0.42335762300455404,32.15824877474573,18
Hybrid GWO-ABC,0,179,55,45.57762898336111,20.236336479523032,0.42264959757926557,30.09041428044784,18
Hybrid GWO-ABC,0,179,66,58.106113970039495,34.686980453483706,0.42265296829831545,17.32621283856514,31
Hybrid GWO-ABC,0,179,88,43.509706000303794,99.2375564055837,0.423461255431751,49.66347628786701,19
Hybrid GWO-ABC,0,180,0,77.39560485559633,43.88784397520523,0.42225015649010633,28.069157747880652,20
Hybrid GWO-ABC,0,180,5,37.07980242325812,92.67649888486018,0.42216646892651,44.589405271785346,21
Hybrid GWO-ABC,0,180,62,4.161417386189248,49.39908192445189,0.4231919687577228,45.84252129384545,21
Hybrid GWO-ABC,0,180,71,93.78264549749828,57.17280523760754,0.4227392068577748,44.366306830028755,18
Hybrid GWO-ABC,0,180,74,43.89114603050467,2.1612079880330426,0.4243852985284354,48.22725492898028,20
Hybrid GWO-ABC,0,181,23,38.74783790301745,28.83281039302441,0.42174318177977355,23.97208934812371,25
Hybrid GWO-ABC,0,181,24,68.24955039749754,13.97524836093098,0.4222126344498193,40.38352164395039,17
Hybrid GWO-ABC,0,181,64,10.340296772255165,58.7644572177712,0.4222207447554837,40.616594766609076,16
Hybrid GWO-ABC,0,181,76,14.024908899861078,55.40361435390494,0.4217222322018977,36.37865071369501,17
Hybrid GWO-ABC,0,181,90,89.07924908785249,89.34466396978632,0.42168545658410583,55.45439831217919,25
Hybrid GWO-ABC,0,182,11,97.06980243949033,89.31211213221977,0.45306592791417094,61.327061416546535,21
Hybrid GWO-ABC,0,182,25,19.990820247510833,0.7362269751005512,0.4358962984092584,57.684228365004735,20
Hybrid GWO-ABC,0,182,41,81.40203846660347,16.697291990770392,0.42128121388448253,45.772900067682514,24
Hybrid GWO-ABC,0,182,57,17.67727829392317,85.66142840923754,0.42199491836740083,48.12998872507312,19
Hybrid GWO-ABC,0,182,96,12.275793241148602,83.11126721249062,0.42228248772080634,50.19434023873136,16
Hybrid GWO-ABC,0,183,11,97.06980243949033,89.31211213221977,0.4482954875756914,61.327061416546535,21
Hybrid GWO-ABC,0,183,16,32.58253581381519,37.045970603486886,0.42088401450402013,21.706564359261378,24
Hybrid GWO-ABC,0,183,44,16.127177903360177,50.10447751033635,0.4209232594540498,33.87298322174735,20
Hybrid GWO-ABC,0,183,69,78.27352272502863,8.272999992243857,0.4306323086635397,50.40371630078472,15
Hybrid GWO-ABC,0,183,85,29.091783814011862,51.50571292317145,0.42106546163620184,20.962363308725994,20
Hybrid GWO-ABC,0,184,29,13.979699812765745,11.453007353597345,0.4261337338233858,52.75729966232435,22
Hybrid GWO-ABC,0,184,32,63.47183200005908,55.35794006579958,0.42051070018594466,14.498199170466526,20
Hybrid GWO-ABC,0,184,39,55.70321523412783,78.38982091064135,0.4204243842831265,28.957012887124193,19
Hybrid GWO-ABC,0,184,65,17.05929685368861,92.51201183767972,0.4204826092448877,53.78067565827367,18
Hybrid GWO-ABC,0,184,94,74.6789611349026,26.246051592286467,0.4203916719116645,34.2534843140716,21
Hybrid GWO-ABC,0,185,10,75.80877400853738,35.45259681298683,0.4199268441235152,29.626335502543604,25
Hybrid GWO-ABC,0,185,26,78.69243775021384,66.48508565920321,0.41999526807367293,33.09099625640128,25
Hybrid GWO-ABC,0,185,29,13.979699812765745,11.453007353597345,0.4211824005166794,52.75729966232435,24
Hybrid GWO-ABC,0,185,86,25.596509056760276,93.60435700489633,0.420451559758388,49.96869339923984,26
Hybrid GWO-ABC,0,186,13,46.67210037270342,4.380376578722878,0.419597103785613,45.740845609023204,22
Hybrid GWO-ABC,0,186,20,43.715191887233075,83.26781960578374,0.41962439469789214,33.85626432932715,18
Hybrid GWO-ABC,0,186,28,45.891577553834,56.87411959528937,0.41957113492207293,8.008286658611938,21
Hybrid GWO-ABC,0,186,37,5.830274168906602,28.138389202199654,0.4216375671398441,49.28381789866183,15
Hybrid GWO-ABC,0,186,52,77.87509039657947,71.68901891589957,0.41987611628836174,35.31903461522874,24
Hybrid GWO-ABC,0,187,8,55.45847870158348,6.381725610417533,0.4190904951325377,43.9584900839479,27
Hybrid GWO-ABC,0,187,9,82.7631171992582,63.166439912206485,0.41946477934944704,35.30972937554283,15
Hybrid GWO-ABC,0,187,34,3.0817834567939406,43.671738923236234,0.41915156863194475,47.34306635454508,14
Hybrid GWO-ABC,0,187,38,29.35937577666836,66.1916514726895,0.4192222987923118,26.233660547888334,28
Hybrid GWO-ABC,0,187,79,72.69946142868827,76.8647491917657,0.41989032061597764,35.170730704507434,16
Hybrid GWO-ABC,0,188,3,76.1139701990353,78.60643052769538,0.4196662708660512,38.73328422806367,25
Hybrid GWO-ABC,0,188,69,78.27352272502863,8.272999992243857,0.4263259407792334,50.40371630078472,9
Hybrid GWO-ABC,0,188,80,10.774094595589656,91.60118451376078,0.4304176357544886,57.17805704764476,22
Hybrid GWO-ABC,0,188,82,55.48524693914834,37.092228386243875,0.4187584452929811,14.024924314103254,27
Hybrid GWO-ABC,0,188,87,16.460781758201815,4.491061939232899,0.4200668178080882,56.53266846425794,17
Hybrid GWO-ABC,0,189,1,85.85979199113825,69.73680290593639,0.4192406477366099,40.93245742189787,23
Hybrid GWO-ABC,0,189,56,30.59566241506525,57.9219568941896,0.4182555692442552,20.959144022204473,21
Hybrid GWO-ABC,0,189,60,58.40979689127356,64.984660155482,0.41824980594447525,17.183268714879727,21
Hybrid GWO-ABC,0,189,80,10.774094595589656,91.60118451376078,0.4254468625461788,57.17805704764476,12
Hybrid GWO-ABC,0,189,97,15.328431662449404,17.926830815773908,0.41826722599824584,47.23140726789146,23
Hybrid GWO-ABC,0,190,15,74.47621559078172,96.750973243421,0.4177423146273999,52.77062278250554,21
Hybrid GWO-ABC,0,190,18,12.992150533547164,47.57049262259338,0.41778046106146915,37.08751040752812,22
Hybrid GWO-ABC,0,190,59,43.20930397751037,62.73088407024432,0.41784956630935466,14.428754682225943,21
Hybrid GWO-ABC,0,190,69,78.27352272502863,8.272999992243857,0.42389988819445745,50.40371630078472,18
Hybrid GWO-ABC,0,190,73,33.15689973425522,52.06724024715378,0.41775894226518123,16.969487582168895,18
Hybrid GWO-ABC,0,191,37,5.830274168906602,28.138389202199654,0.4173786340327816,49.28381789866183,14
Hybrid GWO-ABC,0,191,50,90.8580690707607,69.97071338107496,0.4173277614959439,45.47759009820221,22
Hybrid GWO-ABC,0,191,63,32.98612123327853,14.45241888660469,0.4174601060302406,39.40942265121521,18
Hybrid GWO-ABC,0,191,70,48.66583308381603,49.07069943545209,0.41746628892320625,1.6259154035523802,29
Hybrid GWO-ABC,0,191,80,10.774094595589656,91.60118451376078,0.4224006678556551,57.17805704764476,17
Hybrid GWO-ABC,0,192,4,12.811363267554587,45.038593789556714,0.41698321306757374,37.51813233095184,22
Hybrid GWO-ABC,0,192,31,56.52361064811888,76.49988574160255,0.4168651343046711,27.291050551531363,18
Hybrid GWO-ABC,0,192,58,75.85195298352102,71.94629559509367,0.4170616618216026,33.911109734265686,24
Hybrid GWO-ABC,0,192,69,78.27352272502863,8.272999992243857,0.4195547014517103,50.40371630078472,15
Hybrid GWO-ABC,0,192,99,19.643466571457324,31.03236729000948,0.4169521271460898,35.795114365222126,21
Hybrid GWO-ABC,0,193,7,44.34141988273311,22.723872178477688,0.4165917041320925,27.856896415063034,23
Hybrid GWO-ABC,0,193,19,22.69093490508841,66.98139946825104,0.4165103000345366,32.15824877474573,23
Hybrid GWO-ABC,0,193,43,72.23593505964503,46.18772302513874,0.4164972981087971,22.560369316786645,21
Hybrid GWO-ABC,0,193,61,8.44443211398891,41.58074021706096,0.4168141349961868,42.399872141570086,12
Hybrid GWO-ABC,0,193,98,59.93827915208435,87.45620408374644,0.4165464975515814,38.7522466041392,21
Hybrid GWO-ABC,0,194,30,66.84029617904716,47.10962061431325,0.4162178867692196,17.08654056242027,18
Hybrid GWO-ABC,0,194,53,44.93615021437887,27.224156184515902,0.416210401749111,23.331987402676617,21
Hybrid GWO-ABC,0,194,72,47.348940105695384,26.69756630918936,0.4160606806674999,23.45275110680658,13
Hybrid GWO-ABC,0,194,89,89.1677266254914,74.86080194569492,0.41645083524045046,46.391489331474325,21
Hybrid GWO-ABC,0,194,96,12.275793241148602,83.11126721249062,0.41620671723149016,50.19434023873136,27
Hybrid GWO-ABC,0,195,21,70.0265102002249,31.236664138204105,0.41575310675506516,27.443102657357606,18
Hybrid GWO-ABC,0,195,22,83.2259801395201,80.47643574968019,0.4157679043728287,45.086349289293416,22
Hybrid GWO-ABC,0,195,35,21.45846728195292,40.852864372463614,0.41570898074709606,29.97147277135205,22
Hybrid GWO-ABC,0,195,40,66.43135403273875,40.63868614400705,0.4158976945486657,18.91093843413398,14
Hybrid GWO-ABC,0,195,45,15.231210271316842,69.6320375077736,0.41600704816878703,39.92850655739597,24
Hybrid GWO-ABC,0,196,6,64.38651200806646,82.276161327083,0.41513955642323686,35.33726528425946,22
Hybrid GWO-ABC,0,196,48,36.18126105533904,8.7649919316101,0.41602286651085696,43.488888654699714,28
Hybrid GWO-ABC,0,196,64,10.340296772255165,58.7644572177712,0.4155024546595469,40.616594766609076,13
Hybrid GWO-ABC,0,196,71,93.78264549749828,57.17280523760754,0.41529169974313124,44.366306830028755,20
Hybrid GWO-ABC,0,196,77,10.857574113544356,67.22400930398116,0.4151847704710793,42.76442447619636,17
Hybrid GWO-ABC,0,197,12,77.83834970737618,19.463870785196757,0.4150146770759971,41.321046717784526,20
Hybrid GWO-ABC,0,197,24,68.24955039749754,13.97524836093098,0.415057496761201,40.38352164395039,19
Hybrid GWO-ABC,0,197,42,2.2712073133860478,9.004786077564175,0.44667960326855816,62.91776550282162,17
Hybrid GWO-ABC,0,197,51,26.586996145951957,96.91763773477238,0.4150508709163246,52.4350405748008,22
Hybrid GWO-ABC,0,197,88,43.509706000303794,99.2375564055837,0.41509598837106587,49.66347628786701,22
Hybrid GWO-ABC,0,198,17,46.95558112758079,18.94713590842857,0.41443905561378125,31.201744415342365,18
Hybrid GWO-ABC,0,198,27,70.51653786263351,78.07290310219679,0.4143008728852311,34.77091046340611,25
Hybrid GWO-ABC,0,198,46,44.61562755740307,38.10212260964825,0.41426421617880876,13.059515802526548,17
Hybrid GWO-ABC,0,198,57,17.67727829392317,85.66142840923754,0.4144453086113197,48.12998872507312,23
Hybrid GWO-ABC,0,198,91,51.885836038644904,31.5929051830793,0.4144009980259726,18.503446088871144,17
Hybrid GWO-ABC,0,199,14,15.428949206754783,68.30489532424546,0.41382108072467283,39.11811275842336,19
Hybrid GWO-ABC,0,199,36,85.34030732681661,23.393948586534073,0.4139534115218623,44.23595024151556,16
Hybrid GWO-ABC,0,199,76,14.024908899861078,55.40361435390494,0.41407117297982393,36.37865071369501,17
Hybrid GWO-ABC,0,199,79,72.69946142868827,76.8647491917657,0.4139936413676744,35.170730704507434,26
Hybrid GWO-ABC,0,199,93,37.36577288737101,9.446666806151526,0.41410076262858225,42.47583463411616,22
Hybrid GWO-ABC,0,200,0,77.39560485559633,43.88784397520523,0.41356434941400166,28.069157747880652,15
Hybrid GWO-ABC,0,200,9,82.7631171992582,63.166439912206485,0.41349898894827863,35.30972937554283,23
Hybrid GWO-ABC,0,200,54,9.63909621534993,90.26023965438416,0.42449661138703176,57.007801670843506,14
Hybrid GWO-ABC,0,200,55,45.57762898336111,20.236336479523032,0.4142685658243074,30.09041428044784,27
Hybrid GWO-ABC,0,200,62,4.161417386189248,49.39908192445189,0.4141556830945835,45.84252129384545,21
Hybrid GWO-ABC,0,201,34,3.0817834567939406,43.671738923236234,0.41304052018621873,47.34306635454508,18
Hybrid GWO-ABC,0,201,54,9.63909621534993,90.26023965438416,0.4212866158089781,57.007801670843506,19
Hybrid GWO-ABC,0,201,74,43.89114603050467,2.1612079880330426,0.41536022320215477,48.22725492898028,26
Hybrid GWO-ABC,0,201,83,82.97897431324131,80.82514720643019,0.41356948047512004,45.142025287436105,13
Hybrid GWO-ABC,0,201,92,77.2012432110988,66.16612631677611,0.4140035649966074,31.642554769160306,24
Hybrid GWO-ABC,0,202,5,37.07980242325812,92.67649888486018,0.41265336456929363,44.589405271785346,19
Hybrid GWO-ABC,0,202,67,59.091549148141674,2.28038710296975,0.414794901820636,48.577955092361506,23
Hybrid GWO-ABC,0,202,68,95.85592132414453,48.23034369429002,0.41405982739020686,45.890055610409455,26
Hybrid GWO-ABC,0,202,85,29.091783814011862,51.50571292317145,0.4126094405245338,20.962363308725994,32
Hybrid GWO-ABC,0,203,32,63.47183200005908,55.35794006579958,0.4121704008595623,14.498199170466526,26
Hybrid GWO-ABC,0,203,39,55.70321523412783,78.38982091064135,0.41227793110551414,28.957012887124193,21
Hybrid GWO-ABC,0,203,44,16.127177903360177,50.10447751033635,0.41222614327410667,33.87298322174735,23
Hybrid GWO-ABC,0,203,61,8.44443211398891,41.58074021706096,0.4120907883602984,42.399872141570086,13
Hybrid GWO-ABC,0,203,69,78.27352272502863,8.272999992243857,0.4137787754360601,50.40371630078472,17
Hybrid GWO-ABC,0,204,33,55.92071607454135,30.39500980626122,0.41181680005889487,20.47951462637545,29
Hybrid GWO-ABC,0,204,47,30.151208914787652,63.028259311888846,0.41182249424384354,23.742578803538244,13
Hybrid GWO-ABC,0,204,75,82.62919241943578,89.61607718397667,0.4140146598275776,51.32346217268826,23
Hybrid GWO-ABC,0,204,78,28.123378383900832,65.94226346919018,0.41177964445846416,27.06921383888075,22
Hybrid GWO-ABC,0,204,81,23.02139908948808,3.741255617617978,0.41448332017778455,53.551062911236734,13
Hybrid GWO-ABC,0,205,11,97.06980243949033,89.31211213221977,0.4385525848714115,61.327061416546535,17
Hybrid GWO-ABC,0,205,20,43.715191887233075,83.26781960578374,0.41155119106421484,33.85626432932715,18
Hybrid GWO-ABC,0,205,65,17.05929685368861,92.51201183767972,0.41196660891389447,53.78067565827367,18
Hybrid GWO-ABC,0,205,81,23.02139908948808,3.741255617617978,0.41150861152422763,53.551062911236734,23
Hybrid GWO-ABC,0,205,94,74.6789611349026,26.246051592286467,0.4112268764056335,34.2534843140716,24
Hybrid GWO-ABC,0,206,11,97.06980243949033,89.31211213221977,0.43466214453293195,61.327061416546535,19
Hybrid GWO-ABC,0,206,23,38.74783790301745,28.83281039302441,0.41090523853652755,23.97208934812371,29
Hybrid GWO-ABC,0,206,37,5.830274168906602,28.138389202199654,0.4110081299532363,49.28381789866183,16
Hybrid GWO-ABC,0,206,84,31.713889282271534,95.28993950697449,0.41178424852155243,48.842199640540684,24
Hybrid GWO-ABC,0,206,95,93.68131505337793,24.097057500568475,0.43822851511030736,50.78404980819585,12
Hybrid GWO-ABC,0,207,1,85.85979199113825,69.73680290593639,0.4103910469383786,40.93245742189787,21
Hybrid GWO-ABC,0,207,16,32.58253581381519,37.045970603486886,0.41045602986434304,21.706564359261378,23
Hybrid GWO-ABC,0,207,28,45.891577553834,56.87411959528937,0.4104538401347761,8.008286658611938,14
Hybrid GWO-ABC,0,207,40,66.43135403273875,40.63868614400705,0.41036371401962574,18.91093843413398,20
Hybrid GWO-ABC,0,207,64,10.340296772255165,58.7644572177712,0.410338425392718,40.616594766609076,22
Hybrid GWO-ABC,0,208,3,76.1139701990353,78.60643052769538,0.4100416602254065,38.73328422806367,26
Hybrid GWO-ABC,0,208,13,46.67210037270342,4.380376578722878,0.4099902807821406,45.740845609023204,14
Hybrid GWO-ABC,0,208,54,9.63909621534993,90.26023965438416,0.41558015447193253,57.007801670843506,15
Hybrid GWO-ABC,0,208,72,47.348940105695384,26.69756630918936,0.4103493214519144,23.45275110680658,23
Hybrid GWO-ABC,0,208,73,33.15689973425522,52.06724024715378,0.41000778005800936,16.969487582168895,22
Hybrid GWO-ABC,0,209,26,78.69243775021384,66.48508565920321,0.4095066527563667,33.09099625640128,20
Hybrid GWO-ABC,0,209,29,13.979699812765745,11.453007353597345,0.41052531948344645,52.75729966232435,14
Hybrid GWO-ABC,0,209,52,77.87509039657947,71.68901891589957,0.40984704389592874,35.31903461522874,16
Hybrid GWO-ABC,0,209,63,32.98612123327853,14.45241888660469,0.4097516375880171,39.40942265121521,26
Hybrid GWO-ABC,0,209,86,25.596509056760276,93.60435700489633,0.40954103893888305,49.96869339923984,24
Hybrid GWO-ABC,0,210,56,30.59566241506525,57.9219568941896,0.40919372483723254,20.959144022204473,36
Hybrid GWO-ABC,0,210,60,58.40979689127356,64.984660155482,0.40918208081120283,17.183268714879727,28
Hybrid GWO-ABC,0,210,66,58.106113970039495,34.686980453483706,0.40917262506418006,17.32621283856514,36
Hybrid GWO-ABC,0,211,10,75.80877400853738,35.45259681298683,0.40884035351054493,29.626335502543604,22
Hybrid GWO-ABC,0,211,30,66.84029617904716,47.10962061431325,0.4087165271709489,17.08654056242027,19
Hybrid GWO-ABC,0,211,31,56.52361064811888,76.49988574160255,0.4089293178390001,27.291050551531363,20
Hybrid GWO-ABC,0,211,54,9.63909621534993,90.26023965438416,0.4116801283201105,57.007801670843506,15
Hybrid GWO-ABC,0,211,59,43.20930397751037,62.73088407024432,0.40869680098924266,14.428754682225943,24
Hybrid GWO-ABC,0,212,18,12.992150533547164,47.57049262259338,0.40821931431428066,37.08751040752812,31
Hybrid GWO-ABC,0,212,21,70.0265102002249,31.236664138204105,0.4082383900506778,27.443102657357606,25
Hybrid GWO-ABC,0,212,41,81.40203846660347,16.697291990770392,0.4091844576589516,45.772900067682514,8
Hybrid GWO-ABC,0,212,49,11.800590212051532,96.18976645495145,0.44611301616674776,59.93904765101437,13
Hybrid GWO-ABC,0,212,83,82.97897431324131,80.82514720643019,0.4084494612870092,45.142025287436105,23
Hybrid GWO-ABC,0,213,43,72.23593505964503,46.18772302513874,0.4077410654611236,22.560369316786645,24
Hybrid GWO-ABC,0,213,77,10.857574113544356,67.22400930398116,0.40783364394481575,42.76442447619636,26
Hybrid GWO-ABC,0,213,89,89.1677266254914,74.86080194569492,0.40778044728082746,46.391489331474325,22
Hybrid GWO-ABC,0,213,99,19.643466571457324,31.03236729000948,0.4078297199387665,35.795114365222126,28
Hybrid GWO-ABC,0,214,0,77.39560485559633,43.88784397520523,0.4074161042797308,28.069157747880652,20
Hybrid GWO-ABC,0,214,4,12.811363267554587,45.038593789556714,0.4074350008684025,37.51813233095184,18
Hybrid GWO-ABC,0,214,38,29.35937577666836,66.1916514726895,0.40735663151957685,26.233660547888334,22
Hybrid GWO-ABC,0,214,82,55.48524693914834,37.092228386243875,0.40730220461752786,14.024924314103254,20
Hybrid GWO-ABC,0,214,98,59.93827915208435,87.45620408374644,0.4074403737992739,38.7522466041392,20
Hybrid GWO-ABC,0,215,19,22.69093490508841,66.98139946825104,0.4068893233613213,32.15824877474573,24
Hybrid GWO-ABC,0,215,53,44.93615021437887,27.224156184515902,0.40720516801897194,23.331987402676617,20
Hybrid GWO-ABC,0,215,58,75.85195298352102,71.94629559509367,0.40701332078922564,33.911109734265686,26
Hybrid GWO-ABC,0,215,76,14.024908899861078,55.40361435390494,0.4070112479045136,36.37865071369501,12
Hybrid GWO-ABC,0,215,91,51.885836038644904,31.5929051830793,0.407181000423259,18.503446088871144,18
Hybrid GWO-ABC,0,216,12,77.83834970737618,19.463870785196757,0.4064942698789936,41.321046717784526,14
Hybrid GWO-ABC,0,216,22,83.2259801395201,80.47643574968019,0.4065219812316509,45.086349289293416,22
Hybrid GWO-ABC,0,216,35,21.45846728195292,40.852864372463614,0.4064679537571628,29.97147277135205,17
Hybrid GWO-ABC,0,216,46,44.61562755740307,38.10212260964825,0.40678781284816745,13.059515802526548,20
Hybrid GWO-ABC,0,216,47,30.151208914787652,63.028259311888846,0.40657157188567034,23.742578803538244,27
Hybrid GWO-ABC,0,217,7,44.34141988273311,22.723872178477688,0.4065242900554215,27.856896415063034,20
Hybrid GWO-ABC,0,217,17,46.95558112758079,18.94713590842857,0.4065246593026173,31.201744415342365,19
Hybrid GWO-ABC,0,217,61,8.44443211398891,41.58074021706096,0.40624484199089095,42.399872141570086,18
Hybrid GWO-ABC,0,217,75,82.62919241943578,89.61607718397667,0.4062622243200569,51.32346217268826,24
Hybrid GWO-ABC,0,217,80,10.774094595589656,91.60118451376078,0.41291782242157865,57.17805704764476,19
Hybrid GWO-ABC,0,218,6,64.38651200806646,82.276161327083,0.4057158240595068,35.33726528425946,16
Hybrid GWO-ABC,0,218,24,68.24955039749754,13.97524836093098,0.4063907835414543,40.38352164395039,24
Hybrid GWO-ABC,0,218,45,15.231210271316842,69.6320375077736,0.40593181347766216,39.92850655739597,27
Hybrid GWO-ABC,0,218,50,90.8580690707607,69.97071338107496,0.4066973437203151,45.47759009820221,17
Hybrid GWO-ABC,0,218,97,15.328431662449404,17.926830815773908,0.4066988728954578,47.23140726789146,16
Hybrid GWO-ABC,0,219,34,3.0817834567939406,43.671738923236234,0.40512854167178636,47.34306635454508,21
Hybrid GWO-ABC,0,219,36,85.34030732681661,23.393948586534073,0.4059961861595341,44.23595024151556,19
Hybrid GWO-ABC,0,219,51,26.586996145951957,96.91763773477238,0.40535336314354425,52.4350405748008,19
Hybrid GWO-ABC,0,219,74,43.89114603050467,2.1612079880330426,0.40553402368896974,48.22725492898028,19
Hybrid GWO-ABC,0,219,90,89.07924908785249,89.34466396978632,0.4078787150033906,55.45439831217919,22
Hybrid GWO-ABC,0,220,8,55.45847870158348,6.381725610417533,0.4059015271279802,43.9584900839479,21
Hybrid GWO-ABC,0,220,57,17.67727829392317,85.66142840923754,0.40478635142947594,48.12998872507312,18
Hybrid GWO-ABC,0,220,62,4.161417386189248,49.39908192445189,0.4052221464578155,45.84252129384545,15
Hybrid GWO-ABC,0,220,70,48.66583308381603,49.07069943545209,0.40471729534979145,1.6259154035523802,21
Hybrid GWO-ABC,0,220,92,77.2012432110988,66.16612631677611,0.4047961239193943,31.642554769160306,25
Hybrid GWO-ABC,0,221,14,15.428949206754783,68.30489532424546,0.405045235577492,39.11811275842336,28
Hybrid GWO-ABC,0,221,28,45.891577553834,56.87411959528937,0.4044080116033122,8.008286658611938,21
Hybrid GWO-ABC,0,221,48,36.18126105533904,8.7649919316101,0.40437409713156874,43.488888654699714,23
Hybrid GWO-ABC,0,221,71,93.78264549749828,57.17280523760754,0.4053291197654265,44.366306830028755,28
Hybrid GWO-ABC,0,222,20,43.715191887233075,83.26781960578374,0.40391300903339783,33.85626432932715,14
Hybrid GWO-ABC,0,222,27,70.51653786263351,78.07290310219679,0.40383962894772185,34.77091046340611,24
Hybrid GWO-ABC,0,222,41,81.40203846660347,16.697291990770392,0.4052676145798175,45.772900067682514,15
Hybrid GWO-ABC,0,222,93,37.36577288737101,9.446666806151526,0.4042554022734082,42.47583463411616,26
Hybrid GWO-ABC,0,222,96,12.275793241148602,83.11126721249062,0.40439768885838195,50.19434023873136,21
Hybrid GWO-ABC,0,223,5,37.07980242325812,92.67649888486018,0.4038636956090809,44.589405271785346,23
Hybrid GWO-ABC,0,223,9,82.7631171992582,63.166439912206485,0.4036597044616066,35.30972937554283,14
Hybrid GWO-ABC,0,223,37,5.830274168906602,28.138389202199654,0.40369264169615365,49.28381789866183,17
Hybrid GWO-ABC,0,223,52,77.87509039657947,71.68901891589957,0.4035422386286438,35.31903461522874,18
Hybrid GWO-ABC,0,223,55,45.57762898336111,20.236336479523032,0.40352446570433903,30.09041428044784,28
Hybrid GWO-ABC,0,224,39,55.70321523412783,78.38982091064135,0.4031930984566446,28.957012887124193,18
Hybrid GWO-ABC,0,224,69,78.27352272502863,8.272999992243857,0.4052476528395019,50.40371630078472,18
Hybrid GWO-ABC,0,224,79,72.69946142868827,76.8647491917657,0.40312992526240593,35.170730704507434,23
Hybrid GWO-ABC,0,224,80,10.774094595589656,91.60118451376078,0.4073192243492796,57.17805704764476,18
Hybrid GWO-ABC,0,224,87,16.460781758201815,4.491061939232899,0.4077551548353944,56.53266846425794,23
Hybrid GWO-ABC,0,225,13,46.67210037270342,4.380376578722878,0.4031888065172975,45.740845609023204,25
Hybrid GWO-ABC,0,225,15,74.47621559078172,96.750973243421,0.40537323987485374,52.77062278250554,16
Hybrid GWO-ABC,0,225,65,17.05929685368861,92.51201183767972,0.40376556645757766,53.78067565827367,12
Hybrid GWO-ABC,0,225,68,95.85592132414453,48.23034369429002,0.4030557687211271,45.890055610409455,19
Hybrid GWO-ABC,0,225,78,28.123378383900832,65.94226346919018,0.4025497935781627,27.06921383888075,28
Hybrid GWO-ABC,0,226,29,13.979699812765745,11.453007353597345,0.4034553661675093,52.75729966232435,21
Hybrid GWO-ABC,0,226,67,59.091549148141674,2.28038710296975,0.40437450337698677,48.577955092361506,18
Hybrid GWO-ABC,0,226,80,10.774094595589656,91.60118451376078,0.4030268378060162,57.17805704764476,19
Hybrid GWO-ABC,0,226,88,43.509706000303794,99.2375564055837,0.40354001741770085,49.66347628786701,22
Hybrid GWO-ABC,0,226,95,93.68131505337793,24.097057500568475,0.4308962715770723,50.78404980819585,20
Hybrid GWO-ABC,0,227,11,97.06980243949033,89.31211213221977,0.425650368675428,61.327061416546535,15
Hybrid GWO-ABC,0,227,25,19.990820247510833,0.7362269751005512,0.4208460711662499,57.684228365004735,12
Hybrid GWO-ABC,0,227,40,66.43135403273875,40.63868614400705,0.4017276020395177,18.91093843413398,34
Hybrid GWO-ABC,0,227,44,16.127177903360177,50.10447751033635,0.40200530758852726,33.87298322174735,23
Hybrid GWO-ABC,0,227,84,31.713889282271534,95.28993950697449,0.4019133941939339,48.842199640540684,16
Hybrid GWO-ABC,0,228,15,74.47621559078172,96.750973243421,0.40128061374436513,52.77062278250554,26
Hybrid GWO-ABC,0,228,42,2.2712073133860478,9.004786077564175,0.4351930543079321,62.91776550282162,25
Hybrid GWO-ABC,0,228,54,9.63909621534993,90.26023965438416,0.40480200096788477,57.007801670843506,25
Hybrid GWO-ABC,0,228,95,93.68131505337793,24.097057500568475,0.4261524633543232,50.78404980819585,24
Hybrid GWO-ABC,0,229,26,78.69243775021384,66.48508565920321,0.40092158833664066,33.09099625640128,22
Hybrid GWO-ABC,0,229,32,63.47183200005908,55.35794006579958,0.40074351158992144,14.498199170466526,14
Hybrid GWO-ABC,0,229,64,10.340296772255165,58.7644572177712,0.40081666632046686,40.616594766609076,16
Hybrid GWO-ABC,0,229,72,47.348940105695384,26.69756630918936,0.4008346689008477,23.45275110680658,31
Hybrid GWO-ABC,0,229,76,14.024908899861078,55.40361435390494,0.40143624058382804,36.37865071369501,17
Hybrid GWO-ABC,0,230,16,32.58253581381519,37.045970603486886,0.40044650869269444,21.706564359261378,28
Hybrid GWO-ABC,0,230,30,66.84029617904716,47.10962061431325,0.4004730638734138,17.08654056242027,24
Hybrid GWO-ABC,0,230,31,56.52361064811888,76.49988574160255,0.40047774643425943,27.291050551531363,25
Hybrid GWO-ABC,0,230,73,33.15689973425522,52.06724024715378,0.4003750855504499,16.969487582168895,23
Hybrid GWO-ABC,0,231,1,85.85979199113825,69.73680290593639,0.4007141487469664,40.93245742189787,26
Hybrid GWO-ABC,0,231,65,17.05929685368861,92.51201183767972,0.39987704002096724,53.78067565827367,24
Hybrid GWO-ABC,0,231,94,74.6789611349026,26.246051592286467,0.40039647610495965,34.2534843140716,25
Hybrid GWO-ABC,0,231,97,15.328431662449404,17.926830815773908,0.4004127162447268,47.23140726789146,25
Hybrid GWO-ABC,0,232,4,12.811363267554587,45.038593789556714,0.3996356930488857,37.51813233095184,25
Hybrid GWO-ABC,0,232,33,55.92071607454135,30.39500980626122,0.39954205169387463,20.47951462637545,19
Hybrid GWO-ABC,0,232,49,11.800590212051532,96.18976645495145,0.4388481977588842,59.93904765101437,13
Hybrid GWO-ABC,0,232,50,90.8580690707607,69.97071338107496,0.39999408604407216,45.47759009820221,24
Hybrid GWO-ABC,0,232,91,51.885836038644904,31.5929051830793,0.39962288508961236,18.503446088871144,19
Hybrid GWO-ABC,0,233,6,64.38651200806646,82.276161327083,0.39906610962574773,35.33726528425946,16
Hybrid GWO-ABC,0,233,17,46.95558112758079,18.94713590842857,0.39899839889695643,31.201744415342365,19
Hybrid GWO-ABC,0,233,35,21.45846728195292,40.852864372463614,0.3991166338996006,29.97147277135205,16
Hybrid GWO-ABC,0,233,53,44.93615021437887,27.224156184515902,0.39900355508169083,23.331987402676617,16
Hybrid GWO-ABC,0,233,62,4.161417386189248,49.39908192445189,0.3990255978078817,45.84252129384545,17
Hybrid GWO-ABC,0,233,83,82.97897431324131,80.82514720643019,0.39904647558068834,45.142025287436105,16
Hybrid GWO-ABC,0,234,3,76.1139701990353,78.60643052769538,0.39898158200074,38.73328422806367,24
Hybrid GWO-ABC,0,234,23,38.74783790301745,28.83281039302441,0.39857918855797303,23.97208934812371,22
Hybrid GWO-ABC,0,234,82,55.48524693914834,37.092228386243875,0.39865287036868374,14.024924314103254,20
Hybrid GWO-ABC,0,234,85,29.091783814011862,51.50571292317145,0.39863686267207715,20.962363308725994,21
Hybrid GWO-ABC,0,234,86,25.596509056760276,93.60435700489633,0.39885127195138603,49.96869339923984,13
Hybrid GWO-ABC,0,235,0,77.39560485559633,43.88784397520523,0.39848262366213527,28.069157747880652,20
Hybrid GWO-ABC,0,235,7,44.34141988273311,22.723872178477688,0.3983625334851945,27.856896415063034,17
Hybrid GWO-ABC,0,235,46,44.61562755740307,38.10212260964825,0.39824553151460074,13.059515802526548,14
Hybrid GWO-ABC,0,235,61,8.44443211398891,41.58074021706096,0.39841025021395066,42.399872141570086,21
Hybrid GWO-ABC,0,235,98,59.93827915208435,87.45620408374644,0.39855402029018927,38.7522466041392,28
Hybrid GWO-ABC,0,236,9,82.7631171992582,63.166439912206485,0.397889899172706,35.30972937554283,19
Hybrid GWO-ABC,0,236,10,75.80877400853738,35.45259681298683,0.3987260596743451,29.626335502543604,17
Hybrid GWO-ABC,0,236,20,43.715191887233075,83.26781960578374,0.39790636645431476,33.85626432932715,18
Hybrid GWO-ABC,0,236,59,43.20930397751037,62.73088407024432,0.39787551151579204,14.428754682225943,21
Hybrid GWO-ABC,0,236,63,32.98612123327853,14.45241888660469,0.3982208027397633,39.40942265121521,25
Hybrid GWO-ABC,0,237,22,83.2259801395201,80.47643574968019,0.39733182568029857,45.086349289293416,21
Hybrid GWO-ABC,0,237,38,29.35937577666836,66.1916514726895,0.39762122718530557,26.233660547888334,24
Hybrid GWO-ABC,0,237,43,72.23593505964503,46.18772302513874,0.39732469214572425,22.560369316786645,21
Hybrid GWO-ABC,0,237,51,26.586996145951957,96.91763773477238,0.3972874337243072,52.4350405748008,13
Hybrid GWO-ABC,0,237,74,43.89114603050467,2.1612079880330426,0.39747262422332785,48.22725492898028,21
Hybrid GWO-ABC,0,238,12,77.83834970737618,19.463870785196757,0.3986320452910918,41.321046717784526,20
Hybrid GWO-ABC,0,238,54,9.63909621534993,90.26023965438416,0.3970127078624433,57.007801670843506,21
Hybrid GWO-ABC,0,238,60,58.40979689127356,64.984660155482,0.3969612010079234,17.183268714879727,21
Hybrid GWO-ABC,0,238,87,16.460781758201815,4.491061939232899,0.39955572195378275,56.53266846425794,20
Hybrid GWO-ABC,0,238,89,89.1677266254914,74.86080194569492,0.3976474252329152,46.391489331474325,18
Hybrid GWO-ABC,0,239,8,55.45847870158348,6.381725610417533,0.39717285481057574,43.9584900839479,21
Hybrid GWO-ABC,0,239,19,22.69093490508841,66.98139946825104,0.39653570692606027,32.15824877474573,20
Hybrid GWO-ABC,0,239,21,70.0265102002249,31.236664138204105,0.39707527325927505,27.443102657357606,20
Hybrid GWO-ABC,0,239,77,10.857574113544356,67.22400930398116,0.39656272961994,42.76442447619636,18
Hybrid GWO-ABC,0,239,90,89.07924908785249,89.34466396978632,0.39868509047756334,55.45439831217919,21
Hybrid GWO-ABC,0,240,24,68.24955039749754,13.97524836093098,0.39642569720358717,40.38352164395039,26
Hybrid GWO-ABC,0,240,37,5.830274168906602,28.138389202199654,0.39614052977432646,49.28381789866183,21
Hybrid GWO-ABC,0,240,52,77.87509039657947,71.68901891589957,0.39608411439195407,35.31903461522874,15
Hybrid GWO-ABC,0,240,57,17.67727829392317,85.66142840923754,0.396595420631754,48.12998872507312,22
Hybrid GWO-ABC,0,240,58,75.85195298352102,71.94629559509367,0.39612740563487,33.911109734265686,16
Hybrid GWO-ABC,0,241,34,3.0817834567939406,43.671738923236234,0.39555889560195723,47.34306635454508,21
Hybrid GWO-ABC,0,241,36,85.34030732681661,23.393948586534073,0.3969790674085977,44.23595024151556,19
Hybrid GWO-ABC,0,241,39,55.70321523412783,78.38982091064135,0.3956355279186946,28.957012887124193,24
Hybrid GWO-ABC,0,241,75,82.62919241943578,89.61607718397667,0.39589327330466945,51.32346217268826,17
Hybrid GWO-ABC,0,241,81,23.02139908948808,3.741255617617978,0.3981303580481315,53.551062911236734,19
Hybrid GWO-ABC,0,242,28,45.891577553834,56.87411959528937,0.3951776123201946,8.008286658611938,25
Hybrid GWO-ABC,0,242,67,59.091549148141674,2.28038710296975,0.3968107805649401,48.577955092361506,16
Hybrid GWO-ABC,0,242,70,48.66583308381603,49.07069943545209,0.3952584695739842,1.6259154035523802,18
Hybrid GWO-ABC,0,242,88,43.509706000303794,99.2375564055837,0.39511957240148915,49.66347628786701,21
Hybrid GWO-ABC,0,242,99,19.643466571457324,31.03236729000948,0.3954528684967779,35.795114365222126,20
Hybrid GWO-ABC,0,243,32,63.47183200005908,55.35794006579958,0.3948338661620563,14.498199170466526,27
Hybrid GWO-ABC,0,243,47,30.151208914787652,63.028259311888846,0.3948182866125214,23.742578803538244,22
Hybrid GWO-ABC,0,243,48,36.18126105533904,8.7649919316101,0.3946815697822441,43.488888654699714,23
Hybrid GWO-ABC,0,243,68,95.85592132414453,48.23034369429002,0.3948305644960381,45.890055610409455,13
Hybrid GWO-ABC,0,243,84,31.713889282271534,95.28993950697449,0.3949361520543967,48.842199640540684,15
Hybrid GWO-ABC,0,244,41,81.40203846660347,16.697291990770392,0.3971221955831509,45.772900067682514,24
Hybrid GWO-ABC,0,244,45,15.231210271316842,69.6320375077736,0.3944448071587366,39.92850655739597,21
Hybrid GWO-ABC,0,244,76,14.024908899861078,55.40361435390494,0.3945583986066839,36.37865071369501,25
Hybrid GWO-ABC,0,244,92,77.2012432110988,66.16612631677611,0.3942579914090563,31.642554769160306,30
Hybrid GWO-ABC,0,245,18,12.992150533547164,47.57049262259338,0.39430575417488334,37.08751040752812,35
Hybrid GWO-ABC,0,245,27,70.51653786263351,78.07290310219679,0.39380199524206644,34.77091046340611,31
Hybrid GWO-ABC,0,245,66,58.106113970039495,34.686980453483706,0.39383194199439797,17.32621283856514,34
Hybrid GWO-ABC,0,246,56,30.59566241506525,57.9219568941896,0.3935449050963929,20.959144022204473,19
Hybrid GWO-ABC,0,246,64,10.340296772255165,58.7644572177712,0.3937174139073466,40.616594766609076,19
Hybrid GWO-ABC,0,246,71,93.78264549749828,57.17280523760754,0.39365108269906757,44.366306830028755,16
Hybrid GWO-ABC,0,246,79,72.69946142868827,76.8647491917657,0.3935201347129139,35.170730704507434,21
Hybrid GWO-ABC,0,246,93,37.36577288737101,9.446666806151526,0.3933891811795632,42.47583463411616,25
Hybrid GWO-ABC,0,247,14,15.428949206754783,68.30489532424546,0.39336622968046475,39.11811275842336,24
Hybrid GWO-ABC,0,247,29,13.979699812765745,11.453007353597345,0.3941268333548648,52.75729966232435,18
Hybrid GWO-ABC,0,247,69,78.27352272502863,8.272999992243857,0.3960209081548758,50.40371630078472,15
Hybrid GWO-ABC,0,247,86,25.596509056760276,93.60435700489633,0.39314966737996165,49.96869339923984,22
Hybrid GWO-ABC,0,247,95,93.68131505337793,24.097057500568475,0.4164692603415107,50.78404980819585,21
Hybrid GWO-ABC,0,248,6,64.38651200806646,82.276161327083,0.3924575014381098,35.33726528425946,29
Hybrid GWO-ABC,0,248,10,75.80877400853738,35.45259681298683,0.3925667713041638,29.626335502543604,24
Hybrid GWO-ABC,0,248,35,21.45846728195292,40.852864372463614,0.3924857197343576,29.97147277135205,23
Hybrid GWO-ABC,0,248,44,16.127177903360177,50.10447751033635,0.39254739467596833,33.87298322174735,24
Hybrid GWO-ABC,0,249,13,46.67210037270342,4.380376578722878,0.3923718311422032,45.740845609023204,15
Hybrid GWO-ABC,0,249,46,44.61562755740307,38.10212260964825,0.3921254685737788,13.059515802526548,21
Hybrid GWO-ABC,0,249,53,44.93615021437887,27.224156184515902,0.3920885430295862,23.331987402676617,16
Hybrid GWO-ABC,0,249,83,82.97897431324131,80.82514720643019,0.39210702734412806,45.142025287436105,24
Hybrid GWO-ABC,0,249,96,12.275793241148602,83.11126721249062,0.39385383369536414,50.19434023873136,24
Hybrid GWO-ABC,0,250,5,37.07980242325812,92.67649888486018,0.3929165585879603,44.589405271785346,18
Hybrid GWO-ABC,0,250,26,78.69243775021384,66.48508565920321,0.3917245602745183,33.09099625640128,25
Hybrid GWO-ABC,0,250,33,55.92071607454135,30.39500980626122,0.3916372334378144,20.47951462637545,16
Hybrid GWO-ABC,0,250,62,4.161417386189248,49.39908192445189,0.3916221347684461,45.84252129384545,21
Hybrid GWO-ABC,0,250,91,51.885836038644904,31.5929051830793,0.3916657183276098,18.503446088871144,20
Hybrid GWO-ABC,0,251,7,44.34141988273311,22.723872178477688,0.39125127549505384,27.856896415063034,28
Hybrid GWO-ABC,0,251,12,77.83834970737618,19.463870785196757,0.39149823809560647,41.321046717784526,14
Hybrid GWO-ABC,0,251,51,26.586996145951957,96.91763773477238,0.39132407675244435,52.4350405748008,24
Hybrid GWO-ABC,0,251,55,45.57762898336111,20.236336479523032,0.3913505122559337,30.09041428044784,12
Hybrid GWO-ABC,0,251,90,89.07924908785249,89.34466396978632,0.3912856092976788,55.45439831217919,22
Hybrid GWO-ABC,0,252,11,97.06980243949033,89.31211213221977,0.4165005631878763,61.327061416546535,23
Hybrid GWO-ABC,0,252,17,46.95558112758079,18.94713590842857,0.39085906018805516,31.201744415342365,26
Hybrid GWO-ABC,0,252,80,10.774094595589656,91.60118451376078,0.3928930336617873,57.17805704764476,27
Hybrid GWO-ABC,0,252,81,23.02139908948808,3.741255617617978,0.39141825279399084,53.551062911236734,13
Hybrid GWO-ABC,0,252,95,93.68131505337793,24.097057500568475,0.41076320999905724,50.78404980819585,11
Hybrid GWO-ABC,0,253,0,77.39560485559633,43.88784397520523,0.3903169783160507,28.069157747880652,20
Hybrid GWO-ABC,0,253,30,66.84029617904716,47.10962061431325,0.39033822661908396,17.08654056242027,14
Hybrid GWO-ABC,0,253,73,33.15689973425522,52.06724024715378,0.3904322980551554,16.969487582168895,18
Hybrid GWO-ABC,0,253,78,28.123378383900832,65.94226346919018,0.39040723337859773,27.06921383888075,26
Hybrid GWO-ABC,0,253,82,55.48524693914834,37.092228386243875,0.39028066491646013,14.024924314103254,22
Hybrid GWO-ABC,0,254,20,43.715191887233075,83.26781960578374,0.39010647337178045,33.85626432932715,20
Hybrid GWO-ABC,0,254,25,19.990820247510833,0.7362269751005512,0.41179129966425965,57.684228365004735,19
Hybrid GWO-ABC,0,254,49,11.800590212051532,96.18976645495145,0.4308447133940877,59.93904765101437,14
Hybrid GWO-ABC,0,254,52,77.87509039657947,71.68901891589957,0.38985308476744873,35.31903461522874,22
Hybrid GWO-ABC,0,254,94,74.6789611349026,26.246051592286467,0.390094693122483,34.2534843140716,25
Hybrid GWO-ABC,0,255,9,82.7631171992582,63.166439912206485,0.38969512103268855,35.30972937554283,23
Hybrid GWO-ABC,0,255,31,56.52361064811888,76.49988574160255,0.38957817055592636,27.291050551531363,15
Hybrid GWO-ABC,0,255,67,59.091549148141674,2.28038710296975,0.3904538993024351,48.577955092361506,20
Hybrid GWO-ABC,0,255,85,29.091783814011862,51.50571292317145,0.38958013154884835,20.962363308725994,32
Hybrid GWO-ABC,0,255,97,15.328431662449404,17.926830815773908,0.38960285660318444,47.23140726789146,10
Hybrid GWO-ABC,0,256,3,76.1139701990353,78.60643052769538,0.389080643949528,38.73328422806367,23
Hybrid GWO-ABC,0,256,21,70.0265102002249,31.236664138204105,0.38915518615921907,27.443102657357606,19
Hybrid GWO-ABC,0,256,23,38.74783790301745,28.83281039302441,0.38904925631847576,23.97208934812371,23
Hybrid GWO-ABC,0,256,61,8.44443211398891,41.58074021706096,0.38911510037448654,42.399872141570086,17
Hybrid GWO-ABC,0,256,65,17.05929685368861,92.51201183767972,0.38898843822622853,53.78067565827367,18
Hybrid GWO-ABC,0,257,4,12.811363267554587,45.038593789556714,0.3887191708500524,37.51813233095184,23
Hybrid GWO-ABC,0,257,36,85.34030732681661,23.393948586534073,0.38935881031467995,44.23595024151556,20
Hybrid GWO-ABC,0,257,58,75.85195298352102,71.94629559509367,0.38907497474606634,33.911109734265686,23
Hybrid GWO-ABC,0,257,59,43.20930397751037,62.73088407024432,0.388716208588364,14.428754682225943,20
Hybrid GWO-ABC,0,257,77,10.857574113544356,67.22400930398116,0.38879840065594834,42.76442447619636,14
Hybrid GWO-ABC,0,258,1,85.85979199113825,69.73680290593639,0.3893236570209842,40.93245742189787,22
Hybrid GWO-ABC,0,258,16,32.58253581381519,37.045970603486886,0.38829172375428894,21.706564359261378,19
Hybrid GWO-ABC,0,258,19,22.69093490508841,66.98139946825104,0.3881904726484665,32.15824877474573,27
Hybrid GWO-ABC,0,258,43,72.23593505964503,46.18772302513874,0.3882845271261616,22.560369316786645,17
Hybrid GWO-ABC,0,258,74,43.89114603050467,2.1612079880330426,0.38815963057425373,48.22725492898028,15
Hybrid GWO-ABC,0,259,38,29.35937577666836,66.1916514726895,0.38774418106525727,26.233660547888334,21
Hybrid GWO-ABC,0,259,50,90.8580690707607,69.97071338107496,0.38895236013682444,45.47759009820221,21
Hybrid GWO-ABC,0,259,63,32.98612123327853,14.45241888660469,0.38777603980081987,39.40942265121521,23
Hybrid GWO-ABC,0,259,70,48.66583308381603,49.07069943545209,0.3877253665280934,1.6259154035523802,21
Hybrid GWO-ABC,0,259,84,31.713889282271534,95.28993950697449,0.3881055919147083,48.842199640540684,14
Hybrid GWO-ABC,0,260,22,83.2259801395201,80.47643574968019,0.38781659374160216,45.086349289293416,22
Hybrid GWO-ABC,0,260,40,66.43135403273875,40.63868614400705,0.38731451114366094,18.91093843413398,20
Hybrid GWO-ABC,0,260,57,17.67727829392317,85.66142840923754,0.38744940162541325,48.12998872507312,21
Hybrid GWO-ABC,0,260,72,47.348940105695384,26.69756630918936,0.3874249648258478,23.45275110680658,17
Hybrid GWO-ABC,0,260,99,19.643466571457324,31.03236729000948,0.3872598665269703,35.795114365222126,20
Hybrid GWO-ABC,0,261,25,19.990820247510833,0.7362269751005512,0.40606536135893906,57.684228365004735,17
Hybrid GWO-ABC,0,261,37,5.830274168906602,28.138389202199654,0.3868638886923492,49.28381789866183,19
Hybrid GWO-ABC,0,261,49,11.800590212051532,96.18976645495145,0.4262333580927454,59.93904765101437,21
Hybrid GWO-ABC,0,261,68,95.85592132414453,48.23034369429002,0.3879931869983942,45.890055610409455,21
Hybrid GWO-ABC,0,261,75,82.62919241943578,89.61607718397667,0.38771261948099056,51.32346217268826,22
Hybrid GWO-ABC,0,262,5,37.07980242325812,92.67649888486018,0.38644888695900304,44.589405271785346,21
Hybrid GWO-ABC,0,262,8,55.45847870158348,6.381725610417533,0.3875649123924132,43.9584900839479,21
Hybrid GWO-ABC,0,262,60,58.40979689127356,64.984660155482,0.38714208628656743,17.183268714879727,22
Hybrid GWO-ABC,0,262,81,23.02139908948808,3.741255617617978,0.38638122673753256,53.551062911236734,18
Hybrid GWO-ABC,0,262,89,89.1677266254914,74.86080194569492,0.3885778848056868,46.391489331474325,18
Hybrid GWO-ABC,0,263,13,46.67210037270342,4.380376578722878,0.386092842074541,45.740845609023204,23
Hybrid GWO-ABC,0,263,29,13.979699812765745,11.453007353597345,0.3866122493013411,52.75729966232435,17
Hybrid GWO-ABC,0,263,54,9.63909621534993,90.26023965438416,0.38680345608808175,57.007801670843506,20
Hybrid GWO-ABC,0,263,71,93.78264549749828,57.17280523760754,0.3864993993897517,44.366306830028755,19
Hybrid GWO-ABC,0,263,98,59.93827915208435,87.45620408374644,0.3862889486249152,38.7522466041392,21
Hybrid GWO-ABC,0,264,11,97.06980243949033,89.31211213221977,0.40876859671102045,61.327061416546535,20
Hybrid GWO-ABC,0,264,12,77.83834970737618,19.463870785196757,0.3856332261474664,41.321046717784526,22
Hybrid GWO-ABC,0,264,45,15.231210271316842,69.6320375077736,0.38564884959241497,39.92850655739597,19
Hybrid GWO-ABC,0,264,47,30.151208914787652,63.028259311888846,0.3855011734977475,23.742578803538244,18
Hybrid GWO-ABC,0,264,97,15.328431662449404,17.926830815773908,0.38559264842378527,47.23140726789146,21
Hybrid GWO-ABC,0,265,39,55.70321523412783,78.38982091064135,0.3851482114808534,28.957012887124193,28
Hybrid GWO-ABC,0,265,53,44.93615021437887,27.224156184515902,0.3852547675511251,23.331987402676617,16
Hybrid GWO-ABC,0,265,55,45.57762898336111,20.236336479523032,0.3858123192336615,30.09041428044784,23
Hybrid GWO-ABC,0,265,56,30.59566241506525,57.9219568941896,0.38528111601608855,20.959144022204473,20
Hybrid GWO-ABC,0,265,96,12.275793241148602,83.11126721249062,0.3852491338821254,50.19434023873136,13
Hybrid GWO-ABC,0,266,33,55.92071607454135,30.39500980626122,0.3847916573713457,20.47951462637545,38
Hybrid GWO-ABC,0,266,64,10.340296772255165,58.7644572177712,0.38518844735103985,40.616594766609076,33
Hybrid GWO-ABC,0,266,79,72.69946142868827,76.8647491917657,0.38473482803592834,35.170730704507434,29
Hybrid GWO-ABC,0,267,15,74.47621559078172,96.750973243421,0.38678045182176923,52.77062278250554,17
Hybrid GWO-ABC,0,267,28,45.891577553834,56.87411959528937,0.38422586805581355,8.008286658611938,23
Hybrid GWO-ABC,0,267,30,66.84029617904716,47.10962061431325,0.3843827719006934,17.08654056242027,22
Hybrid GWO-ABC,0,267,34,3.0817834567939406,43.671738923236234,0.38501165777568763,47.34306635454508,18
Hybrid GWO-ABC,0,267,48,36.18126105533904,8.7649919316101,0.3844075881121347,43.488888654699714,20
Hybrid GWO-ABC,0,268,11,97.06980243949033,89.31211213221977,0.4034923504457799,61.327061416546535,19
Hybrid GWO-ABC,0,268,41,81.40203846660347,16.697291990770392,0.3864366955815706,45.772900067682514,22
Hybrid GWO-ABC,0,268,76,14.024908899861078,55.40361435390494,0.3838912897687647,36.37865071369501,25
Hybrid GWO-ABC,0,268,86,25.596509056760276,93.60435700489633,0.38376379673611866,49.96869339923984,17
Hybrid GWO-ABC,0,268,87,16.460781758201815,4.491061939232899,0.38822339455511484,56.53266846425794,17
Hybrid GWO-ABC,0,269,14,15.428949206754783,68.30489532424546,0.38347326792540415,39.11811275842336,33
Hybrid GWO-ABC,0,269,24,68.24955039749754,13.97524836093098,0.3844409111515647,40.38352164395039,35
Hybrid GWO-ABC,0,269,31,56.52361064811888,76.49988574160255,0.38335973690465475,27.291050551531363,32
Hybrid GWO-ABC,0,270,32,63.47183200005908,55.35794006579958,0.3829931030801197,14.498199170466526,35
Hybrid GWO-ABC,0,270,46,44.61562755740307,38.10212260964825,0.383060193270245,13.059515802526548,30
Hybrid GWO-ABC,0,270,73,33.15689973425522,52.06724024715378,0.3829038996326038,16.969487582168895,35
Hybrid GWO-ABC,0,271,10,75.80877400853738,35.45259681298683,0.38243403571124834,29.626335502543604,15
Hybrid GWO-ABC,0,271,35,21.45846728195292,40.852864372463614,0.3825136930602918,29.97147277135205,19
Hybrid GWO-ABC,0,271,77,10.857574113544356,67.22400930398116,0.38282754631139504,42.76442447619636,23
Hybrid GWO-ABC,0,271,89,89.1677266254914,74.86080194569492,0.38272826752548555,46.391489331474325,23
Hybrid GWO-ABC,0,271,91,51.885836038644904,31.5929051830793,0.3828387353239692,18.503446088871144,20
Hybrid GWO-ABC,0,272,44,16.127177903360177,50.10447751033635,0.38206752357954205,33.87298322174735,26
Hybrid GWO-ABC,0,272,83,82.97897431324131,80.82514720643019,0.3820575004940907,45.142025287436105,21
Hybrid GWO-ABC,0,272,88,43.509706000303794,99.2375564055837,0.3835458890765553,49.66347628786701,15
Hybrid GWO-ABC,0,272,93,37.36577288737101,9.446666806151526,0.3822964575792524,42.47583463411616,24
Hybrid GWO-ABC,0,272,95,93.68131505337793,24.097057500568475,0.4036604041805214,50.78404980819585,14
Hybrid GWO-ABC,0,273,0,77.39560485559633,43.88784397520523,0.3817044812538157,28.069157747880652,18
Hybrid GWO-ABC,0,273,20,43.715191887233075,83.26781960578374,0.38164575015373553,33.85626432932715,16
Hybrid GWO-ABC,0,273,74,43.89114603050467,2.1612079880330426,0.3816518282259017,48.22725492898028,25
Hybrid GWO-ABC,0,273,80,10.774094595589656,91.60118451376078,0.38225631409489647,57.17805704764476,20
Hybrid GWO-ABC,0,273,92,77.2012432110988,66.16612631677611,0.3815600767578708,31.642554769160306,21
Hybrid GWO-ABC,0,274,25,19.990820247510833,0.7362269751005512,0.39934768546967764,57.684228365004735,16
Hybrid GWO-ABC,0,274,26,78.69243775021384,66.48508565920321,0.38125546173488295,33.09099625640128,23
Hybrid GWO-ABC,0,274,43,72.23593505964503,46.18772302513874,0.38120449595046035,22.560369316786645,25
Hybrid GWO-ABC,0,274,61,8.44443211398891,41.58074021706096,0.38146736112701873,42.399872141570086,21
Hybrid GWO-ABC,0,274,84,31.713889282271534,95.28993950697449,0.3817019976232224,48.842199640540684,15
Hybrid GWO-ABC,0,275,21,70.0265102002249,31.236664138204105,0.3810210085805275,27.443102657357606,15
Hybrid GWO-ABC,0,275,27,70.51653786263351,78.07290310219679,0.38069260990465065,34.77091046340611,24
Hybrid GWO-ABC,0,275,62,4.161417386189248,49.39908192445189,0.38131956555657376,45.84252129384545,21
Hybrid GWO-ABC,0,275,65,17.05929685368861,92.51201183767972,0.3809007377866458,53.78067565827367,15
Hybrid GWO-ABC,0,275,82,55.48524693914834,37.092228386243875,0.38075116166448414,14.024924314103254,25
Hybrid GWO-ABC,0,276,16,32.58253581381519,37.045970603486886,0.38025984211849356,21.706564359261378,36
Hybrid GWO-ABC,0,276,52,77.87509039657947,71.68901891589957,0.38054784569565986,35.31903461522874,34
Hybrid GWO-ABC,0,276,72,47.348940105695384,26.69756630918936,0.3803371212009798,23.45275110680658,30
Hybrid GWO-ABC,0,277,6,64.38651200806646,82.276161327083,0.3799076675809299,35.33726528425946,19
Hybrid GWO-ABC,0,277,9,82.7631171992582,63.166439912206485,0.3800865439597765,35.30972937554283,17
Hybrid GWO-ABC,0,277,36,85.34030732681661,23.393948586534073,0.3804754719050447,44.23595024151556,23
Hybrid GWO-ABC,0,277,42,2.2712073133860478,9.004786077564175,0.41744892401680656,62.91776550282162,21
Hybrid GWO-ABC,0,277,49,11.800590212051532,96.18976645495145,0.41785660735998925,59.93904765101437,20
Hybrid GWO-ABC,0,278,8,55.45847870158348,6.381725610417533,0.37950606576462914,43.9584900839479,19
Hybrid GWO-ABC,0,278,58,75.85195298352102,71.94629559509367,0.37974866923353456,33.911109734265686,21
Hybrid GWO-ABC,0,278,59,43.20930397751037,62.73088407024432,0.37976194626704673,14.428754682225943,22
Hybrid GWO-ABC,0,278,94,74.6789611349026,26.246051592286467,0.37950711770125184,34.2534843140716,18
Hybrid GWO-ABC,0,278,96,12.275793241148602,83.11126721249062,0.3795311916321656,50.19434023873136,20
Hybrid GWO-ABC,0,279,15,74.47621559078172,96.750973243421,0.3804105427829995,52.77062278250554,19
Hybrid GWO-ABC,0,279,18,12.992150533547164,47.57049262259338,0.37911173424348893,37.08751040752812,18
Hybrid GWO-ABC,0,279,40,66.43135403273875,40.63868614400705,0.37895088317105174,18.91093843413398,18
Hybrid GWO-ABC,0,279,66,58.106113970039495,34.686980453483706,0.3790980917436213,17.32621283856514,21
Hybrid GWO-ABC,0,279,78,28.123378383900832,65.94226346919018,0.37917728565210257,27.06921383888075,24
Hybrid GWO-ABC,0,280,3,76.1139701990353,78.60643052769538,0.3791459380622856,38.73328422806367,23
Hybrid GWO-ABC,0,280,23,38.74783790301745,28.83281039302441,0.3788333694983386,23.97208934812371,21
Hybrid GWO-ABC,0,280,57,17.67727829392317,85.66142840923754,0.3785335234904056,48.12998872507312,20
Hybrid GWO-ABC,0,280,70,48.66583308381603,49.07069943545209,0.3785687159874216,1.6259154035523802,20
Hybrid GWO-ABC,0,280,99,19.643466571457324,31.03236729000948,0.3785389255796389,35.795114365222126,16
Hybrid GWO-ABC,0,281,7,44.34141988273311,22.723872178477688,0.37870562658769935,27.856896415063034,21
Hybrid GWO-ABC,0,281,50,90.8580690707607,69.97071338107496,0.3796760926147367,45.47759009820221,18
Hybrid GWO-ABC,0,281,53,44.93615021437887,27.224156184515902,0.3784103852465689,23.331987402676617,23
Hybrid GWO-ABC,0,281,54,9.63909621534993,90.26023965438416,0.37834047610912297,57.007801670843506,19
Hybrid GWO-ABC,0,281,60,58.40979689127356,64.984660155482,0.3783223186067583,17.183268714879727,19
Hybrid GWO-ABC,0,282,1,85.85979199113825,69.73680290593639,0.37951996366442414,40.93245742189787,27
Hybrid GWO-ABC,0,282,17,46.95558112758079,18.94713590842857,0.37877157826172764,31.201744415342365,23
Hybrid GWO-ABC,0,282,38,29.35937577666836,66.1916514726895,0.3782294466910852,26.233660547888334,21
Hybrid GWO-ABC,0,282,47,30.151208914787652,63.028259311888846,0.377790837318912,23.742578803538244,16
Hybrid GWO-ABC,0,282,63,32.98612123327853,14.45241888660469,0.37783057619895394,39.40942265121521,13
Hybrid GWO-ABC,0,283,29,13.979699812765745,11.453007353597345,0.37821843191918336,52.75729966232435,20
Hybrid GWO-ABC,0,283,51,26.586996145951957,96.91763773477238,0.3788547980989057,52.4350405748008,22
Hybrid GWO-ABC,0,283,67,59.091549148141674,2.28038710296975,0.37976630288139024,48.577955092361506,22
Hybrid GWO-ABC,0,283,71,93.78264549749828,57.17280523760754,0.3778672033198496,44.366306830028755,17
Hybrid GWO-ABC,0,283,98,59.93827915208435,87.45620408374644,0.3773935868088989,38.7522466041392,19
Hybrid GWO-ABC,0,284,4,12.811363267554587,45.038593789556714,0.37775980766405975,37.51813233095184,20
Hybrid GWO-ABC,0,284,5,37.07980242325812,92.67649888486018,0.37692283057636855,44.589405271785346,19
Hybrid GWO-ABC,0,284,41,81.40203846660347,16.697291990770392,0.3780265846613377,45.772900067682514,20
Hybrid GWO-ABC,0,284,56,30.59566241506525,57.9219568941896,0.3768830100461071,20.959144022204473,21
Hybrid GWO-ABC,0,284,68,95.85592132414453,48.23034369429002,0.3781065564868844,45.890055610409455,20
Hybrid GWO-ABC,0,285,19,22.69093490508841,66.98139946825104,0.376534629002205,32.15824877474573,17
Hybrid GWO-ABC,0,285,22,83.2259801395201,80.47643574968019,0.3777768969233719,45.086349289293416,26
Hybrid GWO-ABC,0,285,45,15.231210271316842,69.6320375077736,0.37704960030896034,39.92850655739597,17
Hybrid GWO-ABC,0,285,55,45.57762898336111,20.236336479523032,0.3765671996554298,30.09041428044784,29
Hybrid GWO-ABC,0,285,69,78.27352272502863,8.272999992243857,0.3839054240810879,50.40371630078472,11
Hybrid GWO-ABC,0,286,10,75.80877400853738,35.45259681298683,0.3760191012958325,29.626335502543604,24
Hybrid GWO-ABC,0,286,13,46.67210037270342,4.380376578722878,0.37598286628470146,45.740845609023204,17
Hybrid GWO-ABC,0,286,34,3.0817834567939406,43.671738923236234,0.376782759618921,47.34306635454508,18
Hybrid GWO-ABC,0,286,75,82.62919241943578,89.61607718397667,0.37751569377376987,51.32346217268826,21
Hybrid GWO-ABC,0,286,86,25.596509056760276,93.60435700489633,0.3761005910562368,49.96869339923984,20
Hybrid GWO-ABC,0,287,12,77.83834970737618,19.463870785196757,0.37581944658384697,41.321046717784526,17
Hybrid GWO-ABC,0,287,48,36.18126105533904,8.7649919316101,0.37567915534353025,43.488888654699714,20
Hybrid GWO-ABC,0,287,84,31.713889282271534,95.28993950697449,0.37561256672806753,48.842199640540684,15
Hybrid GWO-ABC,0,287,85,29.091783814011862,51.50571292317145,0.3756313383962814,20.962363308725994,28
Hybrid GWO-ABC,0,287,90,89.07924908785249,89.34466396978632,0.37856206916686314,55.45439831217919,20
Hybrid GWO-ABC,0,288,11,97.06980243949033,89.31211213221977,0.39476640265935736,61.327061416546535,15
Hybrid GWO-ABC,0,288,21,70.0265102002249,31.236664138204105,0.3750818020479949,27.443102657357606,22
Hybrid GWO-ABC,0,288,30,66.84029617904716,47.10962061431325,0.3750769091267422,17.08654056242027,21
Hybrid GWO-ABC,0,288,37,5.830274168906602,28.138389202199654,0.3765033282439756,49.28381789866183,22
Hybrid GWO-ABC,0,288,49,11.800590212051532,96.18976645495145,0.41111577895876833,59.93904765101437,20
Hybrid GWO-ABC,0,289,20,43.715191887233075,83.26781960578374,0.3747403094350008,33.85626432932715,28
Hybrid GWO-ABC,0,289,65,17.05929685368861,92.51201183767972,0.3746200293471524,53.78067565827367,16
Hybrid GWO-ABC,0,289,91,51.885836038644904,31.5929051830793,0.3746934450412885,18.503446088871144,26
Hybrid GWO-ABC,0,289,95,93.68131505337793,24.097057500568475,0.39664340106416734,50.78404980819585,12
Hybrid GWO-ABC,0,289,97,15.328431662449404,17.926830815773908,0.37532799149500756,47.23140726789146,18
Hybrid GWO-ABC,0,290,0,77.39560485559633,43.88784397520523,0.37420137346346294,28.069157747880652,34
Hybrid GWO-ABC,0,290,28,45.891577553834,56.87411959528937,0.37425302417579853,8.008286658611938,33
Hybrid GWO-ABC,0,290,35,21.45846728195292,40.852864372463614,0.3743044450851632,29.97147277135205,33
Hybrid GWO-ABC,0,291,42,2.2712073133860478,9.004786077564175,0.40942761243189285,62.91776550282162,19
Hybrid GWO-ABC,0,291,69,78.27352272502863,8.272999992243857,0.38025490020709063,50.40371630078472,21
Hybrid GWO-ABC,0,291,80,10.774094595589656,91.60118451376078,0.37389639652502216,57.17805704764476,22
Hybrid GWO-ABC,0,291,88,43.509706000303794,99.2375564055837,0.37595450868795305,49.66347628786701,22
Hybrid GWO-ABC,0,291,95,93.68131505337793,24.097057500568475,0.39367396429213325,50.78404980819585,16
Hybrid GWO-ABC,0,292,15,74.47621559078172,96.750973243421,0.3733318437549446,52.77062278250554,27
Hybrid GWO-ABC,0,292,49,11.800590212051532,96.18976645495145,0.40586122321511664,59.93904765101437,24
Hybrid GWO-ABC,0,292,69,78.27352272502863,8.272999992243857,0.3755332788224134,50.40371630078472,23
Hybrid GWO-ABC,0,292,87,16.460781758201815,4.491061939232899,0.378830097925681,56.53266846425794,26
Hybrid GWO-ABC,0,293,76,14.024908899861078,55.40361435390494,0.37290187816772874,36.37865071369501,20
Hybrid GWO-ABC,0,293,77,10.857574113544356,67.22400930398116,0.37299181328527853,42.76442447619636,19
Hybrid GWO-ABC,0,293,81,23.02139908948808,3.741255617617978,0.3753376864928647,53.551062911236734,20
Hybrid GWO-ABC,0,293,89,89.1677266254914,74.86080194569492,0.3729542347896782,46.391489331474325,24
Hybrid GWO-ABC,0,293,95,93.68131505337793,24.097057500568475,0.38983129146911794,50.78404980819585,17
Hybrid GWO-ABC,0,294,39,55.70321523412783,78.38982091064135,0.3727194700326417,28.957012887124193,24
Hybrid GWO-ABC,0,294,61,8.44443211398891,41.58074021706096,0.37248400852343705,42.399872141570086,26
Hybrid GWO-ABC,0,294,67,59.091549148141674,2.28038710296975,0.37251665569822695,48.577955092361506,26
Hybrid GWO-ABC,0,294,92,77.2012432110988,66.16612631677611,0.37251541975715524,31.642554769160306,24
Hybrid GWO-ABC,0,295,49,11.800590212051532,96.18976645495145,0.39991414832130817,59.93904765101437,13
Hybrid GWO-ABC,0,295,62,4.161417386189248,49.39908192445189,0.37218360376736986,45.84252129384545,21
Hybrid GWO-ABC,0,295,63,32.98612123327853,14.45241888660469,0.37224030652393336,39.40942265121521,21
Hybrid GWO-ABC,0,295,83,82.97897431324131,80.82514720643019,0.372571011409127,45.142025287436105,23
Hybrid GWO-ABC,0,295,94,74.6789611349026,26.246051592286467,0.37201227604797404,34.2534843140716,22
Hybrid GWO-ABC,0,296,26,78.69243775021384,66.48508565920321,0.37156275543451794,33.09099625640128,19
Hybrid GWO-ABC,0,296,49,11.800590212051532,96.18976645495145,0.39691044074397575,59.93904765101437,18
Hybrid GWO-ABC,0,296,79,72.69946142868827,76.8647491917657,0.3720545845098864,35.170730704507434,18
Hybrid GWO-ABC,0,296,93,37.36577288737101,9.446666806151526,0.37180120248021625,42.47583463411616,23
Hybrid GWO-ABC,0,296,99,19.643466571457324,31.03236729000948,0.37169555253972875,35.795114365222126,22
Hybrid GWO-ABC,0,297,8,55.45847870158348,6.381725610417533,0.37124155300156486,43.9584900839479,19
Hybrid GWO-ABC,0,297,18,12.992150533547164,47.57049262259338,0.37130173701547037,37.08751040752812,19
Hybrid GWO-ABC,0,297,40,66.43135403273875,40.63868614400705,0.37114500568866227,18.91093843413398,20
Hybrid GWO-ABC,0,297,58,75.85195298352102,71.94629559509367,0.37112840872512753,33.911109734265686,23
Hybrid GWO-ABC,0,297,96,12.275793241148602,83.11126721249062,0.37111013108112856,50.19434023873136,19
Hybrid GWO-ABC,0,298,6,64.38651200806646,82.276161327083,0.37131889409912044,35.33726528425946,14
Hybrid GWO-ABC,0,298,9,82.7631171992582,63.166439912206485,0.3719084942435095,35.30972937554283,18
Hybrid GWO-ABC,0,298,41,81.40203846660347,16.697291990770392,0.3707121325711345,45.772900067682514,23
Hybrid GWO-ABC,0,298,44,16.127177903360177,50.10447751033635,0.37066699994908703,33.87298322174735,22
Hybrid GWO-ABC,0,298,47,30.151208914787652,63.028259311888846,0.37080716460260127,23.742578803538244,23
Hybrid GWO-ABC,0,299,4,12.811363267554587,45.038593789556714,0.37027401515873076,37.51813233095184,17
Hybrid GWO-ABC,0,299,7,44.34141988273311,22.723872178477688,0.37023295942357853,27.856896415063034,18
Hybrid GWO-ABC,0,299,59,43.20930397751037,62.73088407024432,0.370355876464391,14.428754682225943,22
Hybrid GWO-ABC,0,299,60,58.40979689127356,64.984660155482,0.3702456065672905,17.183268714879727,24
Hybrid GWO-ABC,0,299,66,58.106113970039495,34.686980453483706,0.37019422258035356,17.32621283856514,19
Hybrid GWO-ABC,0,300,27,70.51653786263351,78.07290310219679,0.3702037522807222,34.77091046340611,25
Hybrid GWO-ABC,0,300,38,29.35937577666836,66.1916514726895,0.36976522781950044,26.233660547888334,31
Hybrid GWO-ABC,0,300,46,44.61562755740307,38.10212260964825,0.369827265394215,13.059515802526548,24
Hybrid GWO-ABC,0,300,82,55.48524693914834,37.092228386243875,0.3698209424296016,14.024924314103254,20
Hybrid GWO-ABC,0,301,31,56.52361064811888,76.49988574160255,0.36946641648615197,27.291050551531363,19
Hybrid GWO-ABC,0,301,43,72.23593505964503,46.18772302513874,0.3699464554336486,22.560369316786645,19
Hybrid GWO-ABC,0,301,57,17.67727829392317,85.66142840923754,0.36969965874191035,48.12998872507312,21
Hybrid GWO-ABC,0,301,70,48.66583308381603,49.07069943545209,0.3695031659399039,1.6259154035523802,22
Hybrid GWO-ABC,0,301,74,43.89114603050467,2.1612079880330426,0.36984222169664066,48.22725492898028,19
Hybrid GWO-ABC,0,302,19,22.69093490508841,66.98139946825104,0.3691963079247619,32.15824877474573,21
Hybrid GWO-ABC,0,302,29,13.979699812765745,11.453007353597345,0.36955996819107134,52.75729966232435,19
Hybrid GWO-ABC,0,302,36,85.34030732681661,23.393948586534073,0.36991786396667187,44.23595024151556,19
Hybrid GWO-ABC,0,302,50,90.8580690707607,69.97071338107496,0.3711710202923881,45.47759009820221,22
Hybrid GWO-ABC,0,302,78,28.123378383900832,65.94226346919018,0.36897736256060354,27.06921383888075,19
Hybrid GWO-ABC,0,303,5,37.07980242325812,92.67649888486018,0.36860008379102055,44.589405271785346,18
Hybrid GWO-ABC,0,303,33,55.92071607454135,30.39500980626122,0.3685171011531647,20.47951462637545,20
Hybrid GWO-ABC,0,303,53,44.93615021437887,27.224156184515902,0.3685865241593571,23.331987402676617,21
Hybrid GWO-ABC,0,303,64,10.340296772255165,58.7644572177712,0.36990592216247203,40.616594766609076,21
Hybrid GWO-ABC,0,303,71,93.78264549749828,57.17280523760754,0.3697118492728254,44.366306830028755,20
Hybrid GWO-ABC,0,304,1,85.85979199113825,69.73680290593639,0.3688945458357772,40.93245742189787,27
Hybrid GWO-ABC,0,304,14,15.428949206754783,68.30489532424546,0.3687120672007491,39.11811275842336,19
Hybrid GWO-ABC,0,304,17,46.95558112758079,18.94713590842857,0.3690250933650501,31.201744415342365,24
Hybrid GWO-ABC,0,304,23,38.74783790301745,28.83281039302441,0.3690458357421413,23.97208934812371,16
Hybrid GWO-ABC,0,304,84,31.713889282271534,95.28993950697449,0.36859552007935636,48.842199640540684,14
Hybrid GWO-ABC,0,305,13,46.67210037270342,4.380376578722878,0.3680805130408578,45.740845609023204,23
Hybrid GWO-ABC,0,305,22,83.2259801395201,80.47643574968019,0.36780617663049747,45.086349289293416,20
Hybrid GWO-ABC,0,305,32,63.47183200005908,55.35794006579958,0.36764314842408946,14.498199170466526,19
Hybrid GWO-ABC,0,305,45,15.231210271316842,69.6320375077736,0.3691102938722407,39.92850655739597,20
Hybrid GWO-ABC,0,305,56,30.59566241506525,57.9219568941896,0.3677836082738771,20.959144022204473,18
Hybrid GWO-ABC,0,306,3,76.1139701990353,78.60643052769538,0.3686225430621313,38.73328422806367,24
Hybrid GWO-ABC,0,306,12,77.83834970737618,19.463870785196757,0.3680258062828337,41.321046717784526,13
Hybrid GWO-ABC,0,306,65,17.05929685368861,92.51201183767972,0.36738098690040116,53.78067565827367,15
Hybrid GWO-ABC,0,306,72,47.348940105695384,26.69756630918936,0.36726719185946305,23.45275110680658,25
Hybrid GWO-ABC,0,306,73,33.15689973425522,52.06724024715378,0.36731711423659164,16.969487582168895,23
Hybrid GWO-ABC,0,307,48,36.18126105533904,8.7649919316101,0.3669665895679454,43.488888654699714,21
Hybrid GWO-ABC,0,307,51,26.586996145951957,96.91763773477238,0.36879220262843915,52.4350405748008,20
Hybrid GWO-ABC,0,307,68,95.85592132414453,48.23034369429002,0.3684849987344436,45.890055610409455,19
Hybrid GWO-ABC,0,307,97,15.328431662449404,17.926830815773908,0.36742636785600213,47.23140726789146,19
Hybrid GWO-ABC,0,307,98,59.93827915208435,87.45620408374644,0.3680351991345222,38.7522466041392,21
Hybrid GWO-ABC,0,308,25,19.990820247510833,0.7362269751005512,0.3877950655912524,57.684228365004735,19
Hybrid GWO-ABC,0,308,34,3.0817834567939406,43.671738923236234,0.3679734048548634,47.34306635454508,18
Hybrid GWO-ABC,0,308,75,82.62919241943578,89.61607718397667,0.3680816491179085,51.32346217268826,23
Hybrid GWO-ABC,0,308,86,25.596509056760276,93.60435700489633,0.36700093573080345,49.96869339923984,21
Hybrid GWO-ABC,0,308,95,93.68131505337793,24.097057500568475,0.38257643351699977,50.78404980819585,19
Hybrid GWO-ABC,0,309,24,68.24955039749754,13.97524836093098,0.3680764938616098,40.38352164395039,18
Hybrid GWO-ABC,0,309,30,66.84029617904716,47.10962061431325,0.36594932063053626,17.08654056242027,19
Hybrid GWO-ABC,0,309,37,5.830274168906602,28.138389202199654,0.3670048752023222,49.28381789866183,21
Hybrid GWO-ABC,0,309,52,77.87509039657947,71.68901891589957,0.3661473182385309,35.31903461522874,22
Hybrid GWO-ABC,0,309,54,9.63909621534993,90.26023965438416,0.3679905886114002,57.007801670843506,20
Hybrid GWO-ABC,0,310,6,64.38651200806646,82.276161327083,0.3658271066528054,35.33726528425946,18
Hybrid GWO-ABC,0,310,9,82.7631171992582,63.166439912206485,0.36556011514215997,35.30972937554283,14
Hybrid GWO-ABC,0,310,10,75.80877400853738,35.45259681298683,0.3657186669773789,29.626335502543604,21
Hybrid GWO-ABC,0,310,49,11.800590212051532,96.18976645495145,0.3898746524144684,59.93904765101437,22
Hybrid GWO-ABC,0,310,81,23.02139908948808,3.741255617617978,0.3671159933103996,53.551062911236734,25
Hybrid GWO-ABC,0,311,21,70.0265102002249,31.236664138204105,0.36542686136227753,27.443102657357606,36
Hybrid GWO-ABC,0,311,77,10.857574113544356,67.22400930398116,0.3650298540050947,42.76442447619636,37
Hybrid GWO-ABC,0,311,79,72.69946142868827,76.8647491917657,0.36512485995316185,35.170730704507434,27
Hybrid GWO-ABC,0,312,2,9.417734788764953,97.5622351636756,0.40884267692373394,62.52268758970457,16
Hybrid GWO-ABC,0,312,25,19.990820247510833,0.7362269751005512,0.3827058283391134,57.684228365004735,25
Hybrid GWO-ABC,0,312,69,78.27352272502863,8.272999992243857,0.3659950331077218,50.40371630078472,21
Hybrid GWO-ABC,0,312,88,43.509706000303794,99.2375564055837,0.3662647159903797,49.66347628786701,17
Hybrid GWO-ABC,0,312,90,89.07924908785249,89.34466396978632,0.3685496159647413,55.45439831217919,21
Hybrid GWO-ABC,0,313,16,32.58253581381519,37.045970603486886,0.36418656609370026,21.706564359261378,19
Hybrid GWO-ABC,0,313,55,45.57762898336111,20.236336479523032,0.3641770721607027,30.09041428044784,22
Hybrid GWO-ABC,0,313,76,14.024908899861078,55.40361435390494,0.3642673521679896,36.37865071369501,16
Hybrid GWO-ABC,0,313,80,10.774094595589656,91.60118451376078,0.3642986408766233,57.17805704764476,17
Hybrid GWO-ABC,0,313,95,93.68131505337793,24.097057500568475,0.37740143567615136,50.78404980819585,26
Hybrid GWO-ABC,0,314,26,78.69243775021384,66.48508565920321,0.36369617378234087,33.09099625640128,25
Hybrid GWO-ABC,0,314,42,2.2712073133860478,9.004786077564175,0.3995601422690725,62.91776550282162,26
Hybrid GWO-ABC,0,314,49,11.800590212051532,96.18976645495145,0.3842561618445561,59.93904765101437,24
Hybrid GWO-ABC,0,314,50,90.8580690707607,69.97071338107496,0.36385786329623826,45.47759009820221,10
Hybrid GWO-ABC,0,314,95,93.68131505337793,24.097057500568475,0.37157827488755446,50.78404980819585,15
Hybrid GWO-ABC,0,315,12,77.83834970737618,19.463870785196757,0.36339045241431217,41.321046717784526,18
Hybrid GWO-ABC,0,315,18,12.992150533547164,47.57049262259338,0.3632050723039257,37.08751040752812,19
Hybrid GWO-ABC,0,315,63,32.98612123327853,14.45241888660469,0.3633748939707171,39.40942265121521,20
Hybrid GWO-ABC,0,315,83,82.97897431324131,80.82514720643019,0.3633032694460362,45.142025287436105,24
Hybrid GWO-ABC,0,315,96,12.275793241148602,83.11126721249062,0.36319598255724006,50.19434023873136,19
Hybrid GWO-ABC,0,316,23,38.74783790301745,28.83281039302441,0.362965037701421,23.97208934812371,24
Hybrid GWO-ABC,0,316,84,31.713889282271534,95.28993950697449,0.3630247128560338,48.842199640540684,16
Hybrid GWO-ABC,0,316,85,29.091783814011862,51.50571292317145,0.36297495379507566,20.962363308725994,23
Hybrid GWO-ABC,0,316,89,89.1677266254914,74.86080194569492,0.36284941352959177,46.391489331474325,20
Hybrid GWO-ABC,0,316,94,74.6789611349026,26.246051592286467,0.3627905610458138,34.2534843140716,17
Hybrid GWO-ABC,0,317,20,43.715191887233075,83.26781960578374,0.36241908609730705,33.85626432932715,21
Hybrid GWO-ABC,0,317,39,55.70321523412783,78.38982091064135,0.3625158473286835,28.957012887124193,18
Hybrid GWO-ABC,0,317,43,72.23593505964503,46.18772302513874,0.362395112479167,22.560369316786645,20
Hybrid GWO-ABC,0,317,91,51.885836038644904,31.5929051830793,0.36280610032508054,18.503446088871144,20
Hybrid GWO-ABC,0,317,99,19.643466571457324,31.03236729000948,0.36235436091957857,35.795114365222126,21
Hybrid GWO-ABC,0,318,4,12.811363267554587,45.038593789556714,0.36240341831776585,37.51813233095184,14
Hybrid GWO-ABC,0,318,7,44.34141988273311,22.723872178477688,0.36227816887312353,27.856896415063034,18
Hybrid GWO-ABC,0,318,45,15.231210271316842,69.6320375077736,0.36197754400074184,39.92850655739597,23
Hybrid GWO-ABC,0,318,66,58.106113970039495,34.686980453483706,0.36203017490094014,17.32621283856514,20
Hybrid GWO-ABC,0,318,92,77.2012432110988,66.16612631677611,0.36229938369326625,31.642554769160306,25
Hybrid GWO-ABC,0,319,34,3.0817834567939406,43.671738923236234,0.36161066447576146,47.34306635454508,19
Hybrid GWO-ABC,0,319,40,66.43135403273875,40.63868614400705,0.3621443851252606,18.91093843413398,23
Hybrid GWO-ABC,0,319,51,26.586996145951957,96.91763773477238,0.3619118830250344,52.4350405748008,16
Hybrid GWO-ABC,0,319,58,75.85195298352102,71.94629559509367,0.36154562768769605,33.911109734265686,23
Hybrid GWO-ABC,0,319,93,37.36577288737101,9.446666806151526,0.3618124640049826,42.47583463411616,19
Hybrid GWO-ABC,0,320,8,55.45847870158348,6.381725610417533,0.3620299313506608,43.9584900839479,16
Hybrid GWO-ABC,0,320,14,15.428949206754783,68.30489532424546,0.36115369388694685,39.11811275842336,16
Hybrid GWO-ABC,0,320,31,56.52361064811888,76.49988574160255,0.3612087499686853,27.291050551531363,28
Hybrid GWO-ABC,0,320,44,16.127177903360177,50.10447751033635,0.361093747140279,33.87298322174735,18
Hybrid GWO-ABC,0,320,82,55.48524693914834,37.092228386243875,0.36119670056314657,14.024924314103254,22
Hybrid GWO-ABC,0,321,36,85.34030732681661,23.393948586534073,0.36167572836565176,44.23595024151556,20
Hybrid GWO-ABC,0,321,47,30.151208914787652,63.028259311888846,0.3608137807654581,23.742578803538244,20
Hybrid GWO-ABC,0,321,59,43.20930397751037,62.73088407024432,0.360702778470333,14.428754682225943,19
Hybrid GWO-ABC,0,321,71,93.78264549749828,57.17280523760754,0.3613989343763957,44.366306830028755,21
Hybrid GWO-ABC,0,321,78,28.123378383900832,65.94226346919018,0.3607515029311169,27.06921383888075,20
Hybrid GWO-ABC,0,322,5,37.07980242325812,92.67649888486018,0.36058750153640745,44.589405271785346,17
Hybrid GWO-ABC,0,322,19,22.69093490508841,66.98139946825104,0.360381758992804,32.15824877474573,15
Hybrid GWO-ABC,0,322,24,68.24955039749754,13.97524836093098,0.3614514489948699,40.38352164395039,24
Hybrid GWO-ABC,0,322,35,21.45846728195292,40.852864372463614,0.3601823391400979,29.97147277135205,22
Hybrid GWO-ABC,0,322,68,95.85592132414453,48.23034369429002,0.36096071439690347,45.890055610409455,22
Hybrid GWO-ABC,0,323,3,76.1139701990353,78.60643052769538,0.3597720166335713,38.73328422806367,23
Hybrid GWO-ABC,0,323,56,30.59566241506525,57.9219568941896,0.3598779880199728,20.959144022204473,21
Hybrid GWO-ABC,0,323,57,17.67727829392317,85.66142840923754,0.3605692451968891,48.12998872507312,16
Hybrid GWO-ABC,0,323,67,59.091549148141674,2.28038710296975,0.3603256908518497,48.577955092361506,21
Hybrid GWO-ABC,0,323,70,48.66583308381603,49.07069943545209,0.3598275271540561,1.6259154035523802,19
Hybrid GWO-ABC,0,324,28,45.891577553834,56.87411959528937,0.35934108612657717,8.008286658611938,17
Hybrid GWO-ABC,0,324,32,63.47183200005908,55.35794006579958,0.3593461729094793,14.498199170466526,18
Hybrid GWO-ABC,0,324,46,44.61562755740307,38.10212260964825,0.3593726413277785,13.059515802526548,23
Hybrid GWO-ABC,0,324,60,58.40979689127356,64.984660155482,0.3595646634784914,17.183268714879727,20
Hybrid GWO-ABC,0,324,61,8.44443211398891,41.58074021706096,0.3602612240755926,42.399872141570086,22
Hybrid GWO-ABC,0,325,9,82.7631171992582,63.166439912206485,0.3593952544053093,35.30972937554283,23
Hybrid GWO-ABC,0,325,17,46.95558112758079,18.94713590842857,0.3592884998538763,31.201744415342365,14
Hybrid GWO-ABC,0,325,33,55.92071607454135,30.39500980626122,0.3594959544710122,20.47951462637545,18
Hybrid GWO-ABC,0,325,53,44.93615021437887,27.224156184515902,0.3592714230756356,23.331987402676617,21
Hybrid GWO-ABC,0,325,88,43.509706000303794,99.2375564055837,0.3596217172775608,49.66347628786701,24
Hybrid GWO-ABC,0,326,0,77.39560485559633,43.88784397520523,0.35903565254712005,28.069157747880652,19
Hybrid GWO-ABC,0,326,13,46.67210037270342,4.380376578722878,0.35842134624075916,45.740845609023204,18
Hybrid GWO-ABC,0,326,27,70.51653786263351,78.07290310219679,0.35922285959705286,34.77091046340611,24
Hybrid GWO-ABC,0,326,37,5.830274168906602,28.138389202199654,0.3585722998797063,49.28381789866183,18
Hybrid GWO-ABC,0,326,86,25.596509056760276,93.60435700489633,0.3585843283074577,49.96869339923984,21
Hybrid GWO-ABC,0,327,1,85.85979199113825,69.73680290593639,0.35815942907073745,40.93245742189787,14
Hybrid GWO-ABC,0,327,6,64.38651200806646,82.276161327083,0.3582585179601675,35.33726528425946,15
Hybrid GWO-ABC,0,327,30,66.84029617904716,47.10962061431325,0.35802560211647594,17.08654056242027,25
Hybrid GWO-ABC,0,327,64,10.340296772255165,58.7644572177712,0.36003853238840344,40.616594766609076,27
Hybrid GWO-ABC,0,327,97,15.328431662449404,17.926830815773908,0.3587817852600184,47.23140726789146,19
Hybrid GWO-ABC,0,328,22,83.2259801395201,80.47643574968019,0.35852058006225596,45.086349289293416,25
Hybrid GWO-ABC,0,328,41,81.40203846660347,16.697291990770392,0.3590395171490319,45.772900067682514,16
Hybrid GWO-ABC,0,328,48,36.18126105533904,8.7649919316101,0.35775732458438175,43.488888654699714,23
Hybrid GWO-ABC,0,328,62,4.161417386189248,49.39908192445189,0.3602537458906147,45.84252129384545,19
Hybrid GWO-ABC,0,328,65,17.05929685368861,92.51201183767972,0.35941068536180587,53.78067565827367,17
Hybrid GWO-ABC,0,329,4,12.811363267554587,45.038593789556714,0.3571337090831378,37.51813233095184,26
Hybrid GWO-ABC,0,329,10,75.80877400853738,35.45259681298683,0.3572103361335984,29.626335502543604,22
Hybrid GWO-ABC,0,329,52,77.87509039657947,71.68901891589957,0.357193232296872,35.31903461522874,19
Hybrid GWO-ABC,0,329,81,23.02139908948808,3.741255617617978,0.3571853654659757,53.551062911236734,17
Hybrid GWO-ABC,0,329,98,59.93827915208435,87.45620408374644,0.35869551743474337,38.7522466041392,16
Hybrid GWO-ABC,0,330,50,90.8580690707607,69.97071338107496,0.35834903402950785,45.47759009820221,26
Hybrid GWO-ABC,0,330,73,33.15689973425522,52.06724024715378,0.356907885517489,16.969487582168895,26
Hybrid GWO-ABC,0,330,74,43.89114603050467,2.1612079880330426,0.3592680548474892,48.22725492898028,26
Hybrid GWO-ABC,0,330,76,14.024908899861078,55.40361435390494,0.3572205446906843,36.37865071369501,22
Hybrid GWO-ABC,0,331,38,29.35937577666836,66.1916514726895,0.35628211664041476,26.233660547888334,54
Hybrid GWO-ABC,0,331,72,47.348940105695384,26.69756630918936,0.35637475634212185,23.45275110680658,46
Hybrid GWO-ABC,0,332,8,55.45847870158348,6.381725610417533,0.35596547620771757,43.9584900839479,19
Hybrid GWO-ABC,0,332,29,13.979699812765745,11.453007353597345,0.35843333131341376,52.75729966232435,18
Hybrid GWO-ABC,0,332,75,82.62919241943578,89.61607718397667,0.35755877312580414,51.32346217268826,23
Hybrid GWO-ABC,0,332,84,31.713889282271534,95.28993950697449,0.3559980283560104,48.842199640540684,26
Hybrid GWO-ABC,0,332,95,93.68131505337793,24.097057500568475,0.36405033508350204,50.78404980819585,14
Hybrid GWO-ABC,0,333,16,32.58253581381519,37.045970603486886,0.3557887808351077,21.706564359261378,29
Hybrid GWO-ABC,0,333,54,9.63909621534993,90.26023965438416,0.3582537380788406,57.007801670843506,17
Hybrid GWO-ABC,0,333,87,16.460781758201815,4.491061939232899,0.363438447940963,56.53266846425794,12
Hybrid GWO-ABC,0,333,90,89.07924908785249,89.34466396978632,0.35901193731498077,55.45439831217919,22
Hybrid GWO-ABC,0,333,94,74.6789611349026,26.246051592286467,0.3554971271796364,34.2534843140716,20
Hybrid GWO-ABC,0,334,7,44.34141988273311,22.723872178477688,0.35500060280216583,27.856896415063034,20
Hybrid GWO-ABC,0,334,11,97.06980243949033,89.31211213221977,0.3803516355907113,61.327061416546535,20
Hybrid GWO-ABC,0,334,18,12.992150533547164,47.57049262259338,0.35511354214161944,37.08751040752812,23
Hybrid GWO-ABC,0,334,51,26.586996145951957,96.91763773477238,0.3550551962883727,52.4350405748008,16
Hybrid GWO-ABC,0,334,55,45.57762898336111,20.236336479523032,0.35493180702943644,30.09041428044784,21
Hybrid GWO-ABC,0,335,12,77.83834970737618,19.463870785196757,0.35511694526962695,41.321046717784526,13
Hybrid GWO-ABC,0,335,39,55.70321523412783,78.38982091064135,0.35473452230671865,28.957012887124193,28
Hybrid GWO-ABC,0,335,63,32.98612123327853,14.45241888660469,0.3547579014488564,39.40942265121521,17
Hybrid GWO-ABC,0,335,91,51.885836038644904,31.5929051830793,0.3547114239514536,18.503446088871144,18
Hybrid GWO-ABC,0,335,96,12.275793241148602,83.11126721249062,0.35467405807113306,50.19434023873136,24
Hybrid GWO-ABC,0,336,14,15.428949206754783,68.30489532424546,0.3542736978539218,39.11811275842336,17
Hybrid GWO-ABC,0,336,19,22.69093490508841,66.98139946825104,0.3541557330053662,32.15824877474573,20
Hybrid GWO-ABC,0,336,87,16.460781758201815,4.491061939232899,0.36021188943922816,56.53266846425794,20
Hybrid GWO-ABC,0,336,89,89.1677266254914,74.86080194569492,0.3541143139771432,46.391489331474325,24
Hybrid GWO-ABC,0,336,95,93.68131505337793,24.097057500568475,0.36014849255968645,50.78404980819585,19
Hybrid GWO-ABC,0,337,5,37.07980242325812,92.67649888486018,0.35363055941862725,44.589405271785346,16
Hybrid GWO-ABC,0,337,17,46.95558112758079,18.94713590842857,0.35378236462051493,31.201744415342365,21
Hybrid GWO-ABC,0,337,62,4.161417386189248,49.39908192445189,0.35417333099850873,45.84252129384545,20
Hybrid GWO-ABC,0,337,66,58.106113970039495,34.686980453483706,0.3537015359386794,17.32621283856514,19
Hybrid GWO-ABC,0,337,79,72.69946142868827,76.8647491917657,0.3536405615685137,35.170730704507434,24
Hybrid GWO-ABC,0,338,20,43.715191887233075,83.26781960578374,0.3533436836212862,33.85626432932715,17
Hybrid GWO-ABC,0,338,26,78.69243775021384,66.48508565920321,0.3531882492533052,33.09099625640128,19
Hybrid GWO-ABC,0,338,43,72.23593505964503,46.18772302513874,0.3535478348762247,22.560369316786645,22
Hybrid GWO-ABC,0,338,44,16.127177903360177,50.10447751033635,0.3534034911154023,33.87298322174735,20
Hybrid GWO-ABC,0,338,85,29.091783814011862,51.50571292317145,0.3532960997170057,20.962363308725994,22
Hybrid GWO-ABC,0,339,23,38.74783790301745,28.83281039302441,0.35288126407096176,23.97208934812371,17
Hybrid GWO-ABC,0,339,40,66.43135403273875,40.63868614400705,0.3529185035037973,18.91093843413398,22
Hybrid GWO-ABC,0,339,57,17.67727829392317,85.66142840923754,0.3536134644235621,48.12998872507312,21
Hybrid GWO-ABC,0,339,83,82.97897431324131,80.82514720643019,0.35292803736893785,45.142025287436105,22
Hybrid GWO-ABC,0,339,99,19.643466571457324,31.03236729000948,0.3530951456181384,35.795114365222126,18
Hybrid GWO-ABC,0,340,1,85.85979199113825,69.73680290593639,0.35236570054434263,40.93245742189787,21
Hybrid GWO-ABC,0,340,2,9.417734788764953,97.5622351636756,0.3988588163989614,62.52268758970457,18
Hybrid GWO-ABC,0,340,24,68.24955039749754,13.97524836093098,0.3523240367680232,40.38352164395039,24
Hybrid GWO-ABC,0,340,29,13.979699812765745,11.453007353597345,0.3527785618476857,52.75729966232435,21
Hybrid GWO-ABC,0,340,98,59.93827915208435,87.45620408374644,0.35281677195716077,38.7522466041392,16
Hybrid GWO-ABC,0,341,54,9.63909621534993,90.26023965438416,0.3528632142504955,57.007801670843506,17
Hybrid GWO-ABC,0,341,59,43.20930397751037,62.73088407024432,0.35216803860342477,14.428754682225943,20
Hybrid GWO-ABC,0,341,82,55.48524693914834,37.092228386243875,0.35196275191069487,14.024924314103254,22
Hybrid GWO-ABC,0,341,92,77.2012432110988,66.16612631677611,0.3520143761247339,31.642554769160306,23
Hybrid GWO-ABC,0,341,93,37.36577288737101,9.446666806151526,0.3529112702837096,42.47583463411616,18
Hybrid GWO-ABC,0,342,6,64.38651200806646,82.276161327083,0.35182812665888163,35.33726528425946,20
Hybrid GWO-ABC,0,342,32,63.47183200005908,55.35794006579958,0.35150671388233984,14.498199170466526,19
Hybrid GWO-ABC,0,342,61,8.44443211398891,41.58074021706096,0.35154365890715195,42.399872141570086,18
Hybrid GWO-ABC,0,342,70,48.66583308381603,49.07069943545209,0.3515566587182327,1.6259154035523802,22
Hybrid GWO-ABC,0,342,78,28.123378383900832,65.94226346919018,0.35189560237467404,27.06921383888075,21
Hybrid GWO-ABC,0,343,0,77.39560485559633,43.88784397520523,0.35126568280998965,28.069157747880652,21
Hybrid GWO-ABC,0,343,28,45.891577553834,56.87411959528937,0.35146400313336845,8.008286658611938,21
Hybrid GWO-ABC,0,343,45,15.231210271316842,69.6320375077736,0.35161724866563016,39.92850655739597,21
Hybrid GWO-ABC,0,343,47,30.151208914787652,63.028259311888846,0.35174137959688506,23.742578803538244,16
Hybrid GWO-ABC,0,343,58,75.85195298352102,71.94629559509367,0.3515218001462918,33.911109734265686,21
Hybrid GWO-ABC,0,344,33,55.92071607454135,30.39500980626122,0.35159051863868535,20.47951462637545,35
Hybrid GWO-ABC,0,344,56,30.59566241506525,57.9219568941896,0.3507805833442344,20.959144022204473,34
Hybrid GWO-ABC,0,344,60,58.40979689127356,64.984660155482,0.3508514811401784,17.183268714879727,31
Hybrid GWO-ABC,0,345,3,76.1139701990353,78.60643052769538,0.35019010366567443,38.73328422806367,26
Hybrid GWO-ABC,0,345,21,70.0265102002249,31.236664138204105,0.3503897295536761,27.443102657357606,16
Hybrid GWO-ABC,0,345,35,21.45846728195292,40.852864372463614,0.3505134834856959,29.97147277135205,15
Hybrid GWO-ABC,0,345,53,44.93615021437887,27.224156184515902,0.3504669591013543,23.331987402676617,21
Hybrid GWO-ABC,0,345,64,10.340296772255165,58.7644572177712,0.35028344787728516,40.616594766609076,22
Hybrid GWO-ABC,0,346,9,82.7631171992582,63.166439912206485,0.3499201765638423,35.30972937554283,15
Hybrid GWO-ABC,0,346,13,46.67210037270342,4.380376578722878,0.3499955937215639,45.740845609023204,17
Hybrid GWO-ABC,0,346,27,70.51653786263351,78.07290310219679,0.34985369768726804,34.77091046340611,22
Hybrid GWO-ABC,0,346,34,3.0817834567939406,43.671738923236234,0.3514496583142578,47.34306635454508,24
Hybrid GWO-ABC,0,346,46,44.61562755740307,38.10212260964825,0.3497104504465587,13.059515802526548,22
Hybrid GWO-ABC,0,347,31,56.52361064811888,76.49988574160255,0.34931001915922394,27.291050551531363,20
Hybrid GWO-ABC,0,347,65,17.05929685368861,92.51201183767972,0.351431990025324,53.78067565827367,19
Hybrid GWO-ABC,0,347,67,59.091549148141674,2.28038710296975,0.3501637979342221,48.577955092361506,21
Hybrid GWO-ABC,0,347,71,93.78264549749828,57.17280523760754,0.35097263326547196,44.366306830028755,19
Hybrid GWO-ABC,0,347,97,15.328431662449404,17.926830815773908,0.35017612513028246,47.23140726789146,21
Hybrid GWO-ABC,0,348,12,77.83834970737618,19.463870785196757,0.3494731813485629,41.321046717784526,23
Hybrid GWO-ABC,0,348,22,83.2259801395201,80.47643574968019,0.34883542564128195,45.086349289293416,24
Hybrid GWO-ABC,0,348,77,10.857574113544356,67.22400930398116,0.3489056984930314,42.76442447619636,22
Hybrid GWO-ABC,0,348,81,23.02139908948808,3.741255617617978,0.3491085682794135,53.551062911236734,19
Hybrid GWO-ABC,0,348,86,25.596509056760276,93.60435700489633,0.3490969362146322,49.96869339923984,12
Hybrid GWO-ABC,0,349,36,85.34030732681661,23.393948586534073,0.3509644122331106,44.23595024151556,19
Hybrid GWO-ABC,0,349,37,5.830274168906602,28.138389202199654,0.349525910350216,49.28381789866183,21
Hybrid GWO-ABC,0,349,74,43.89114603050467,2.1612079880330426,0.3492657346519028,48.22725492898028,17
Hybrid GWO-ABC,0,349,75,82.62919241943578,89.61607718397667,0.348931205720709,51.32346217268826,20
Hybrid GWO-ABC,0,349,88,43.509706000303794,99.2375564055837,0.34885399451314575,49.66347628786701,23
Hybrid GWO-ABC,0,350,10,75.80877400853738,35.45259681298683,0.3479598175375298,29.626335502543604,24
Hybrid GWO-ABC,0,350,25,19.990820247510833,0.7362269751005512,0.3681826087579508,57.684228365004735,15
Hybrid GWO-ABC,0,350,51,26.586996145951957,96.91763773477238,0.3480037037929654,52.4350405748008,13
Hybrid GWO-ABC,0,350,52,77.87509039657947,71.68901891589957,0.34869290748522846,35.31903461522874,24
Hybrid GWO-ABC,0,350,76,14.024908899861078,55.40361435390494,0.3480968261278956,36.37865071369501,24
Hybrid GWO-ABC,0,351,15,74.47621559078172,96.750973243421,0.3540190353509773,52.77062278250554,25
Hybrid GWO-ABC,0,351,41,81.40203846660347,16.697291990770392,0.3504242469546594,45.772900067682514,19
Hybrid GWO-ABC,0,351,48,36.18126105533904,8.7649919316101,0.34774366784752514,43.488888654699714,20
Hybrid GWO-ABC,0,351,49,11.800590212051532,96.18976645495145,0.37046580449559724,59.93904765101437,22
Hybrid GWO-ABC,0,351,87,16.460781758201815,4.491061939232899,0.35228832826372064,56.53266846425794,14
Hybrid GWO-ABC,0,352,15,74.47621559078172,96.750973243421,0.3484076458058231,52.77062278250554,20
Hybrid GWO-ABC,0,352,30,66.84029617904716,47.10962061431325,0.34713182118642083,17.08654056242027,18
Hybrid GWO-ABC,0,352,63,32.98612123327853,14.45241888660469,0.3474151003020866,39.40942265121521,21
Hybrid GWO-ABC,0,352,80,10.774094595589656,91.60118451376078,0.3518022229888894,57.17805704764476,21
Hybrid GWO-ABC,0,352,91,51.885836038644904,31.5929051830793,0.34719900292211336,18.503446088871144,20
Hybrid GWO-ABC,0,353,8,55.45847870158348,6.381725610417533,0.34712395918751676,43.9584900839479,19
Hybrid GWO-ABC,0,353,14,15.428949206754783,68.30489532424546,0.34696239413424285,39.11811275842336,25
Hybrid GWO-ABC,0,353,50,90.8580690707607,69.97071338107496,0.3476348128580429,45.47759009820221,25
Hybrid GWO-ABC,0,353,80,10.774094595589656,91.60118451376078,0.3470514497805796,57.17805704764476,12
Hybrid GWO-ABC,0,353,94,74.6789611349026,26.246051592286467,0.3469512620163494,34.2534843140716,19
Hybrid GWO-ABC,0,354,5,37.07980242325812,92.67649888486018,0.34640514201513734,44.589405271785346,23
Hybrid GWO-ABC,0,354,7,44.34141988273311,22.723872178477688,0.3463960360379951,27.856896415063034,31
Hybrid GWO-ABC,0,354,42,2.2712073133860478,9.004786077564175,0.38385292155067124,62.91776550282162,11
Hybrid GWO-ABC,0,354,68,95.85592132414453,48.23034369429002,0.3487407168593132,45.890055610409455,16
Hybrid GWO-ABC,0,354,98,59.93827915208435,87.45620408374644,0.3464007843221241,38.7522466041392,19
Hybrid GWO-ABC,0,355,20,43.715191887233075,83.26781960578374,0.3459751273470688,33.85626432932715,27
Hybrid GWO-ABC,0,355,23,38.74783790301745,28.83281039302441,0.34580097492255407,23.97208934812371,21
Hybrid GWO-ABC,0,355,55,45.57762898336111,20.236336479523032,0.34589931105523064,30.09041428044784,13
Hybrid GWO-ABC,0,355,66,58.106113970039495,34.686980453483706,0.34584739493555505,17.32621283856514,21
Hybrid GWO-ABC,0,355,90,89.07924908785249,89.34466396978632,0.3494254117353946,55.45439831217919,18
Hybrid GWO-ABC,0,356,4,12.811363267554587,45.038593789556714,0.345519897315255,37.51813233095184,19
Hybrid GWO-ABC,0,356,19,22.69093490508841,66.98139946825104,0.3455104169059994,32.15824877474573,20
Hybrid GWO-ABC,0,356,26,78.69243775021384,66.48508565920321,0.3453543052352204,33.09099625640128,27
Hybrid GWO-ABC,0,356,36,85.34030732681661,23.393948586534073,0.3453893491766305,44.23595024151556,17
Hybrid GWO-ABC,0,356,73,33.15689973425522,52.06724024715378,0.34550469682446333,16.969487582168895,17
Hybrid GWO-ABC,0,357,17,46.95558112758079,18.94713590842857,0.34494037984969067,31.201744415342365,20
Hybrid GWO-ABC,0,357,41,81.40203846660347,16.697291990770392,0.34502606476677167,45.772900067682514,14
Hybrid GWO-ABC,0,357,57,17.67727829392317,85.66142840923754,0.3451899311691816,48.12998872507312,22
Hybrid GWO-ABC,0,357,90,89.07924908785249,89.34466396978632,0.34511718627689586,55.45439831217919,23
Hybrid GWO-ABC,0,357,99,19.643466571457324,31.03236729000948,0.34530067218111354,35.795114365222126,21
Hybrid GWO-ABC,0,358,11,97.06980243949033,89.31211213221977,0.37052621590716045,61.327061416546535,15
Hybrid GWO-ABC,0,358,43,72.23593505964503,46.18772302513874,0.34455378262018804,22.560369316786645,22
Hybrid GWO-ABC,0,358,44,16.127177903360177,50.10447751033635,0.344648726501679,33.87298322174735,21
Hybrid GWO-ABC,0,358,47,30.151208914787652,63.028259311888846,0.34501984165063676,23.742578803538244,27
Hybrid GWO-ABC,0,358,69,78.27352272502863,8.272999992243857,0.35085182877268817,50.40371630078472,15
Hybrid GWO-ABC,0,359,21,70.0265102002249,31.236664138204105,0.3440556600357628,27.443102657357606,20
Hybrid GWO-ABC,0,359,35,21.45846728195292,40.852864372463614,0.34430325210989593,29.97147277135205,21
Hybrid GWO-ABC,0,359,65,17.05929685368861,92.51201183767972,0.34477552211104495,53.78067565827367,19
Hybrid GWO-ABC,0,359,71,93.78264549749828,57.17280523760754,0.34418652988676607,44.366306830028755,21
Hybrid GWO-ABC,0,359,93,37.36577288737101,9.446666806151526,0.3450388398956987,42.47583463411616,19
Hybrid GWO-ABC,0,360,9,82.7631171992582,63.166439912206485,0.34375022387642457,35.30972937554283,20
Hybrid GWO-ABC,0,360,16,32.58253581381519,37.045970603486886,0.3436655984303952,21.706564359261378,22
Hybrid GWO-ABC,0,360,40,66.43135403273875,40.63868614400705,0.34374348455440085,18.91093843413398,20
Hybrid GWO-ABC,0,360,59,43.20930397751037,62.73088407024432,0.3436312461239329,14.428754682225943,19
Hybrid GWO-ABC,0,360,85,29.091783814011862,51.50571292317145,0.3437332261294236,20.962363308725994,19
Hybrid GWO-ABC,0,361,18,12.992150533547164,47.57049262259338,0.34421164707665974,37.08751040752812,23
Hybrid GWO-ABC,0,361,32,63.47183200005908,55.35794006579958,0.34322625992055267,14.498199170466526,30
Hybrid GWO-ABC,0,361,58,75.85195298352102,71.94629559509367,0.3432302604882721,33.911109734265686,23
Hybrid GWO-ABC,0,361,78,28.123378383900832,65.94226346919018,0.3432722442312314,27.06921383888075,24
Hybrid GWO-ABC,0,362,0,77.39560485559633,43.88784397520523,0.34274177832239866,28.069157747880652,21
Hybrid GWO-ABC,0,362,39,55.70321523412783,78.38982091064135,0.3427658768011711,28.957012887124193,20
Hybrid GWO-ABC,0,362,61,8.44443211398891,41.58074021706096,0.34329792506821144,42.399872141570086,20
Hybrid GWO-ABC,0,362,82,55.48524693914834,37.092228386243875,0.342762882173182,14.024924314103254,22
Hybrid GWO-ABC,0,362,96,12.275793241148602,83.11126721249062,0.3435630399222892,50.19434023873136,17
Hybrid GWO-ABC,0,363,2,9.417734788764953,97.5622351636756,0.3895540413447185,62.52268758970457,19
Hybrid GWO-ABC,0,363,6,64.38651200806646,82.276161327083,0.3430333709777022,35.33726528425946,18
Hybrid GWO-ABC,0,363,13,46.67210037270342,4.380376578722878,0.34253033102270025,45.740845609023204,25
Hybrid GWO-ABC,0,363,29,13.979699812765745,11.453007353597345,0.3428745385826628,52.75729966232435,17
Hybrid GWO-ABC,0,363,92,77.2012432110988,66.16612631677611,0.3424306334370504,31.642554769160306,21
Hybrid GWO-ABC,0,364,1,85.85979199113825,69.73680290593639,0.34277859006600614,40.93245742189787,22
Hybrid GWO-ABC,0,364,24,68.24955039749754,13.97524836093098,0.341873059747918,40.38352164395039,22
Hybrid GWO-ABC,0,364,28,45.891577553834,56.87411959528937,0.34218704418120244,8.008286658611938,20
Hybrid GWO-ABC,0,364,51,26.586996145951957,96.91763773477238,0.3421589308682625,52.4350405748008,16
Hybrid GWO-ABC,0,364,70,48.66583308381603,49.07069943545209,0.3419141892455637,1.6259154035523802,20
Hybrid GWO-ABC,0,365,53,44.93615021437887,27.224156184515902,0.34163999265347783,23.331987402676617,26
Hybrid GWO-ABC,0,365,62,4.161417386189248,49.39908192445189,0.34346511245307615,45.84252129384545,19
Hybrid GWO-ABC,0,365,74,43.89114603050467,2.1612079880330426,0.3419492030308669,48.22725492898028,12
Hybrid GWO-ABC,0,365,79,72.69946142868827,76.8647491917657,0.3426398043808906,35.170730704507434,28
Hybrid GWO-ABC,0,365,86,25.596509056760276,93.60435700489633,0.3429146011161678,49.96869339923984,15
Hybrid GWO-ABC,0,366,45,15.231210271316842,69.6320375077736,0.34208449728037815,39.92850655739597,20
Hybrid GWO-ABC,0,366,54,9.63909621534993,90.26023965438416,0.3435722752732952,57.007801670843506,12
Hybrid GWO-ABC,0,366,69,78.27352272502863,8.272999992243857,0.3457360199053771,50.40371630078472,18
Hybrid GWO-ABC,0,366,83,82.97897431324131,80.82514720643019,0.34251536906100377,45.142025287436105,27
Hybrid GWO-ABC,0,366,97,15.328431662449404,17.926830815773908,0.3413986188909384,47.23140726789146,23
Hybrid GWO-ABC,0,367,31,56.52361064811888,76.49988574160255,0.3406115609574696,27.291050551531363,19
Hybrid GWO-ABC,0,367,67,59.091549148141674,2.28038710296975,0.34109290166603895,48.577955092361506,23
Hybrid GWO-ABC,0,367,81,23.02139908948808,3.741255617617978,0.3405790591860241,53.551062911236734,20
Hybrid GWO-ABC,0,367,84,31.713889282271534,95.28993950697449,0.34264016257226315,48.842199640540684,19
Hybrid GWO-ABC,0,367,89,89.1677266254914,74.86080194569492,0.342376749939776,46.391489331474325,19
Hybrid GWO-ABC,0,368,12,77.83834970737618,19.463870785196757,0.34017267619664754,41.321046717784526,14
Hybrid GWO-ABC,0,368,27,70.51653786263351,78.07290310219679,0.3405058142338137,34.77091046340611,27
Hybrid GWO-ABC,0,368,37,5.830274168906602,28.138389202199654,0.3407018297472652,49.28381789866183,18
Hybrid GWO-ABC,0,368,55,45.57762898336111,20.236336479523032,0.3403136960716242,30.09041428044784,22
Hybrid GWO-ABC,0,368,80,10.774094595589656,91.60118451376078,0.34116768357247146,57.17805704764476,19
Hybrid GWO-ABC,0,369,34,3.0817834567939406,43.671738923236234,0.34099704609535386,47.34306635454508,26
Hybrid GWO-ABC,0,369,64,10.340296772255165,58.7644572177712,0.34010399797431745,40.616594766609076,28
Hybrid GWO-ABC,0,369,68,95.85592132414453,48.23034369429002,0.3418754721935251,45.890055610409455,23
Hybrid GWO-ABC,0,369,75,82.62919241943578,89.61607718397667,0.3403397805892533,51.32346217268826,23
Hybrid GWO-ABC,0,370,30,66.84029617904716,47.10962061431325,0.33937877025243596,17.08654056242027,23
Hybrid GWO-ABC,0,370,52,77.87509039657947,71.68901891589957,0.33934135193367676,35.31903461522874,22
Hybrid GWO-ABC,0,370,54,9.63909621534993,90.26023965438416,0.34014195342654113,57.007801670843506,13
Hybrid GWO-ABC,0,370,69,78.27352272502863,8.272999992243857,0.3409769979390828,50.40371630078472,18
Hybrid GWO-ABC,0,370,77,10.857574113544356,67.22400930398116,0.33927981420648007,42.76442447619636,24
Hybrid GWO-ABC,0,371,3,76.1139701990353,78.60643052769538,0.3391862634832464,38.73328422806367,24
Hybrid GWO-ABC,0,371,46,44.61562755740307,38.10212260964825,0.3393813599466413,13.059515802526548,29
Hybrid GWO-ABC,0,371,48,36.18126105533904,8.7649919316101,0.33886404991472485,43.488888654699714,16
Hybrid GWO-ABC,0,371,49,11.800590212051532,96.18976645495145,0.3612716926075781,59.93904765101437,17
Hybrid GWO-ABC,0,371,94,74.6789611349026,26.246051592286467,0.33899224130326944,34.2534843140716,14
Hybrid GWO-ABC,0,372,22,83.2259801395201,80.47643574968019,0.3386680032336415,45.086349289293416,20
Hybrid GWO-ABC,0,372,63,32.98612123327853,14.45241888660469,0.3383907767168877,39.40942265121521,15
Hybrid GWO-ABC,0,372,73,33.15689973425522,52.06724024715378,0.3383787635293528,16.969487582168895,24
Hybrid GWO-ABC,0,372,88,43.509706000303794,99.2375564055837,0.338524991879135,49.66347628786701,16
Hybrid GWO-ABC,0,372,91,51.885836038644904,31.5929051830793,0.3385885526034409,18.503446088871144,25
Hybrid GWO-ABC,0,373,2,9.417734788764953,97.5622351636756,0.38326176756247354,62.52268758970457,20
Hybrid GWO-ABC,0,373,25,19.990820247510833,0.7362269751005512,0.3593432805649989,57.684228365004735,24
Hybrid GWO-ABC,0,373,41,81.40203846660347,16.697291990770392,0.3384586819631592,45.772900067682514,19
Hybrid GWO-ABC,0,373,50,90.8580690707607,69.97071338107496,0.3380289880473036,45.47759009820221,19
Hybrid GWO-ABC,0,373,98,59.93827915208435,87.45620408374644,0.33813235144748804,38.7522466041392,18
Hybrid GWO-ABC,0,374,10,75.80877400853738,35.45259681298683,0.3376524416578842,29.626335502543604,14
Hybrid GWO-ABC,0,374,33,55.92071607454135,30.39500980626122,0.33751681736619893,20.47951462637545,12
Hybrid GWO-ABC,0,374,60,58.40979689127356,64.984660155482,0.3375343732958998,17.183268714879727,30
Hybrid GWO-ABC,0,374,86,25.596509056760276,93.60435700489633,0.33779195670591167,49.96869339923984,22
Hybrid GWO-ABC,0,374,93,37.36577288737101,9.446666806151526,0.33756538801878244,42.47583463411616,22
Hybrid GWO-ABC,0,375,4,12.811363267554587,45.038593789556714,0.3372064752492082,37.51813233095184,15
Hybrid GWO-ABC,0,375,15,74.47621559078172,96.750973243421,0.33894778789638913,52.77062278250554,23
Hybrid GWO-ABC,0,375,19,22.69093490508841,66.98139946825104,0.3370930945353379,32.15824877474573,25
Hybrid GWO-ABC,0,375,36,85.34030732681661,23.393948586534073,0.3375209329959983,44.23595024151556,19
Hybrid GWO-ABC,0,375,74,43.89114603050467,2.1612079880330426,0.33712516851344476,48.22725492898028,18
Hybrid GWO-ABC,0,376,11,97.06980243949033,89.31211213221977,0.36316170531330666,61.327061416546535,21
Hybrid GWO-ABC,0,376,23,38.74783790301745,28.83281039302441,0.33669745777482024,23.97208934812371,21
Hybrid GWO-ABC,0,376,66,58.106113970039495,34.686980453483706,0.3368059390099501,17.32621283856514,24
Hybrid GWO-ABC,0,376,76,14.024908899861078,55.40361435390494,0.33699941292869506,36.37865071369501,20
Hybrid GWO-ABC,0,376,96,12.275793241148602,83.11126721249062,0.33694253388589623,50.19434023873136,14
Hybrid GWO-ABC,0,377,5,37.07980242325812,92.67649888486018,0.33633812695396587,44.589405271785346,20
Hybrid GWO-ABC,0,377,6,64.38651200806646,82.276161327083,0.33625481524381373,35.33726528425946,26
Hybrid GWO-ABC,0,377,17,46.95558112758079,18.94713590842857,0.3362319669859915,31.201744415342365,14
Hybrid GWO-ABC,0,377,72,47.348940105695384,26.69756630918936,0.3363480170724768,23.45275110680658,19
Hybrid GWO-ABC,0,377,99,19.643466571457324,31.03236729000948,0.33643749973514064,35.795114365222126,21
Hybrid GWO-ABC,0,378,14,15.428949206754783,68.30489532424546,0.336103037656665,39.11811275842336,20
Hybrid GWO-ABC,0,378,56,30.59566241506525,57.9219568941896,0.33577353008416616,20.959144022204473,27
Hybrid GWO-ABC,0,378,87,16.460781758201815,4.491061939232899,0.342816088161321,56.53266846425794,17
Hybrid GWO-ABC,0,378,89,89.1677266254914,74.86080194569492,0.3359621324525971,46.391489331474325,21
Hybrid GWO-ABC,0,378,95,93.68131505337793,24.097057500568475,0.34615719986655014,50.78404980819585,15
Hybrid GWO-ABC,0,379,21,70.0265102002249,31.236664138204105,0.3354860091690462,27.443102657357606,18
Hybrid GWO-ABC,0,379,35,21.45846728195292,40.852864372463614,0.33542657423109623,29.97147277135205,20
Hybrid GWO-ABC,0,379,40,66.43135403273875,40.63868614400705,0.33532583873343225,18.91093843413398,22
Hybrid GWO-ABC,0,379,59,43.20930397751037,62.73088407024432,0.33540430438643026,14.428754682225943,26
Hybrid GWO-ABC,0,379,85,29.091783814011862,51.50571292317145,0.3354448553557664,20.962363308725994,14
Hybrid GWO-ABC,0,380,8,55.45847870158348,6.381725610417533,0.3369289901154955,43.9584900839479,20
Hybrid GWO-ABC,0,380,9,82.7631171992582,63.166439912206485,0.3352087434276467,35.30972937554283,23
Hybrid GWO-ABC,0,380,18,12.992150533547164,47.57049262259338,0.33498520264518405,37.08751040752812,19
Hybrid GWO-ABC,0,380,43,72.23593505964503,46.18772302513874,0.33504213346683076,22.560369316786645,19
Hybrid GWO-ABC,0,380,57,17.67727829392317,85.66142840923754,0.3355395989811814,48.12998872507312,19
Hybrid GWO-ABC,0,381,44,16.127177903360177,50.10447751033635,0.33506412049189027,33.87298322174735,21
Hybrid GWO-ABC,0,381,45,15.231210271316842,69.6320375077736,0.33456115317718,39.92850655739597,21
Hybrid GWO-ABC,0,381,61,8.44443211398891,41.58074021706096,0.3347070112165738,42.399872141570086,19
Hybrid GWO-ABC,0,381,71,93.78264549749828,57.17280523760754,0.33477803837152204,44.366306830028755,23
Hybrid GWO-ABC,0,381,90,89.07924908785249,89.34466396978632,0.33480000374182595,55.45439831217919,16
Hybrid GWO-ABC,0,382,12,77.83834970737618,19.463870785196757,0.3341483221305107,41.321046717784526,14
Hybrid GWO-ABC,0,382,16,32.58253581381519,37.045970603486886,0.3341310604958727,21.706564359261378,27
Hybrid GWO-ABC,0,382,26,78.69243775021384,66.48508565920321,0.33405457906584485,33.09099625640128,22
Hybrid GWO-ABC,0,382,39,55.70321523412783,78.38982091064135,0.3340984024707133,28.957012887124193,17
Hybrid GWO-ABC,0,382,62,4.161417386189248,49.39908192445189,0.3354803264949652,45.84252129384545,20
Hybrid GWO-ABC,0,383,0,77.39560485559633,43.88784397520523,0.33362403823626957,28.069157747880652,17
Hybrid GWO-ABC,0,383,20,43.715191887233075,83.26781960578374,0.33391210669032845,33.85626432932715,18
Hybrid GWO-ABC,0,383,28,45.891577553834,56.87411959528937,0.33370434994574216,8.008286658611938,24
Hybrid GWO-ABC,0,383,29,13.979699812765745,11.453007353597345,0.33456280547244943,52.75729966232435,21
Hybrid GWO-ABC,0,383,92,77.2012432110988,66.16612631677611,0.33372576615988647,31.642554769160306,20
Hybrid GWO-ABC,0,384,58,75.85195298352102,71.94629559509367,0.3334980046005927,33.911109734265686,23
Hybrid GWO-ABC,0,384,70,48.66583308381603,49.07069943545209,0.33321690812331617,1.6259154035523802,19
Hybrid GWO-ABC,0,384,82,55.48524693914834,37.092228386243875,0.3331821025941889,14.024924314103254,26
Hybrid GWO-ABC,0,384,84,31.713889282271534,95.28993950697449,0.3347707465046405,48.842199640540684,17
Hybrid GWO-ABC,0,384,87,16.460781758201815,4.491061939232899,0.3377208178134652,56.53266846425794,15
Hybrid GWO-ABC,0,385,1,85.85979199113825,69.73680290593639,0.3336298277464715,40.93245742189787,23
Hybrid GWO-ABC,0,385,7,44.34141988273311,22.723872178477688,0.3328214094405757,27.856896415063034,27
Hybrid GWO-ABC,0,385,47,30.151208914787652,63.028259311888846,0.33328576482237593,23.742578803538244,15
Hybrid GWO-ABC,0,385,78,28.123378383900832,65.94226346919018,0.33283582892082225,27.06921383888075,22
Hybrid GWO-ABC,0,385,94,74.6789611349026,26.246051592286467,0.33306597662678106,34.2534843140716,13
Hybrid GWO-ABC,0,386,24,68.24955039749754,13.97524836093098,0.3322956081511334,40.38352164395039,11
Hybrid GWO-ABC,0,386,31,56.52361064811888,76.49988574160255,0.33238526813057484,27.291050551531363,27
Hybrid GWO-ABC,0,386,33,55.92071607454135,30.39500980626122,0.33239678771641945,20.47951462637545,23
Hybrid GWO-ABC,0,386,37,5.830274168906602,28.138389202199654,0.3327510268511871,49.28381789866183,14
Hybrid GWO-ABC,0,386,38,29.35937577666836,66.1916514726895,0.33242170908965546,26.233660547888334,25
Hybrid GWO-ABC,0,387,10,75.80877400853738,35.45259681298683,0.33197270968573933,29.626335502543604,20
Hybrid GWO-ABC,0,387,48,36.18126105533904,8.7649919316101,0.3319556309216697,43.488888654699714,28
Hybrid GWO-ABC,0,387,65,17.05929685368861,92.51201183767972,0.33453572860775727,53.78067565827367,27
Hybrid GWO-ABC,0,387,79,72.69946142868827,76.8647491917657,0.3320077322095202,35.170730704507434,25
Hybrid GWO-ABC,0,388,51,26.586996145951957,96.91763773477238,0.33344310910173336,52.4350405748008,22
Hybrid GWO-ABC,0,388,63,32.98612123327853,14.45241888660469,0.3317682358412184,39.40942265121521,23
Hybrid GWO-ABC,0,388,68,95.85592132414453,48.23034369429002,0.3325111430266973,45.890055610409455,14
Hybrid GWO-ABC,0,388,83,82.97897431324131,80.82514720643019,0.33203737284328716,45.142025287436105,24
Hybrid GWO-ABC,0,388,97,15.328431662449404,17.926830815773908,0.3315798904159574,47.23140726789146,17
Hybrid GWO-ABC,0,389,13,46.67210037270342,4.380376578722878,0.33121671907927475,45.740845609023204,19
Hybrid GWO-ABC,0,389,49,11.800590212051532,96.18976645495145,0.3534579870963088,59.93904765101437,22
Hybrid GWO-ABC,0,389,81,23.02139908948808,3.741255617617978,0.3312156836482114,53.551062911236734,15
Hybrid GWO-ABC,0,389,88,43.509706000303794,99.2375564055837,0.3311977812690151,49.66347628786701,23
Hybrid GWO-ABC,0,389,95,93.68131505337793,24.097057500568475,0.34045963610534546,50.78404980819585,21
Hybrid GWO-ABC,0,390,4,12.811363267554587,45.038593789556714,0.3306957527651689,37.51813233095184,18
Hybrid GWO-ABC,0,390,53,44.93615021437887,27.224156184515902,0.33055922200360727,23.331987402676617,18
Hybrid GWO-ABC,0,390,55,45.57762898336111,20.236336479523032,0.33074765290799235,30.09041428044784,21
Hybrid GWO-ABC,0,390,75,82.62919241943578,89.61607718397667,0.3307368826000487,51.32346217268826,24
Hybrid GWO-ABC,0,390,96,12.275793241148602,83.11126721249062,0.33088324828553384,50.19434023873136,19
Hybrid GWO-ABC,0,391,17,46.95558112758079,18.94713590842857,0.33023555463797555,31.201744415342365,24
Hybrid GWO-ABC,0,391,34,3.0817834567939406,43.671738923236234,0.33021385754277227,47.34306635454508,26
Hybrid GWO-ABC,0,391,41,81.40203846660347,16.697291990770392,0.3303594118326752,45.772900067682514,11
Hybrid GWO-ABC,0,391,52,77.87509039657947,71.68901891589957,0.3301639450154275,35.31903461522874,22
Hybrid GWO-ABC,0,391,98,59.93827915208435,87.45620408374644,0.3303173947239219,38.7522466041392,17
Hybrid GWO-ABC,0,392,8,55.45847870158348,6.381725610417533,0.3298928572414838,43.9584900839479,21
Hybrid GWO-ABC,0,392,22,83.2259801395201,80.47643574968019,0.33006584253580296,45.086349289293416,20
Hybrid GWO-ABC,0,392,32,63.47183200005908,55.35794006579958,0.3298430787380697,14.498199170466526,23
Hybrid GWO-ABC,0,392,49,11.800590212051532,96.18976645495145,0.34797168811223506,59.93904765101437,20
Hybrid GWO-ABC,0,392,87,16.460781758201815,4.491061939232899,0.3327070139393886,56.53266846425794,16
Hybrid GWO-ABC,0,393,3,76.1139701990353,78.60643052769538,0.32937797994455165,38.73328422806367,23
Hybrid GWO-ABC,0,393,30,66.84029617904716,47.10962061431325,0.32942268006010317,17.08654056242027,17
Hybrid GWO-ABC,0,393,54,9.63909621534993,90.26023965438416,0.33218712457809735,57.007801670843506,14
Hybrid GWO-ABC,0,393,67,59.091549148141674,2.28038710296975,0.33002714131724564,48.577955092361506,19
Hybrid GWO-ABC,0,393,85,29.091783814011862,51.50571292317145,0.32937142747367554,20.962363308725994,27
Hybrid GWO-ABC,0,394,36,85.34030732681661,23.393948586534073,0.32920259098868343,44.23595024151556,17
Hybrid GWO-ABC,0,394,50,90.8580690707607,69.97071338107496,0.3293387345012885,45.47759009820221,22
Hybrid GWO-ABC,0,394,74,43.89114603050467,2.1612079880330426,0.3289958934394806,48.22725492898028,25
Hybrid GWO-ABC,0,394,80,10.774094595589656,91.60118451376078,0.33124794397983715,57.17805704764476,19
Hybrid GWO-ABC,0,394,84,31.713889282271534,95.28993950697449,0.32895825800226025,48.842199640540684,17
Hybrid GWO-ABC,0,395,12,77.83834970737618,19.463870785196757,0.3283711566098268,41.321046717784526,13
Hybrid GWO-ABC,0,395,27,70.51653786263351,78.07290310219679,0.32900216361042806,34.77091046340611,27
Hybrid GWO-ABC,0,395,72,47.348940105695384,26.69756630918936,0.32840562596240797,23.45275110680658,27
Hybrid GWO-ABC,0,395,76,14.024908899861078,55.40361435390494,0.328456788181338,36.37865071369501,17
Hybrid GWO-ABC,0,395,77,10.857574113544356,67.22400930398116,0.32852320009659414,42.76442447619636,16
Hybrid GWO-ABC,0,396,23,38.74783790301745,28.83281039302441,0.32791198591710347,23.97208934812371,19
Hybrid GWO-ABC,0,396,64,10.340296772255165,58.7644572177712,0.32794859281247085,40.616594766609076,19
Hybrid GWO-ABC,0,396,86,25.596509056760276,93.60435700489633,0.3282398128126149,49.96869339923984,22
Hybrid GWO-ABC,0,396,91,51.885836038644904,31.5929051830793,0.3280172165478429,18.503446088871144,23
Hybrid GWO-ABC,0,396,95,93.68131505337793,24.097057500568475,0.33430040426700525,50.78404980819585,17
Hybrid GWO-ABC,0,397,15,74.47621559078172,96.750973243421,0.3289547786526578,52.77062278250554,20
Hybrid GWO-ABC,0,397,21,70.0265102002249,31.236664138204105,0.32782839390433877,27.443102657357606,20
Hybrid GWO-ABC,0,397,46,44.61562755740307,38.10212260964825,0.32747030911567715,13.059515802526548,20
Hybrid GWO-ABC,0,397,57,17.67727829392317,85.66142840923754,0.32779503881325445,48.12998872507312,21
Hybrid GWO-ABC,0,397,99,19.643466571457324,31.03236729000948,0.3275817209902212,35.795114365222126,19
Hybrid GWO-ABC,0,398,14,15.428949206754783,68.30489532424546,0.32747285702015255,39.11811275842336,23
Hybrid GWO-ABC,0,398,73,33.15689973425522,52.06724024715378,0.32740539632164334,16.969487582168895,20
Hybrid GWO-ABC,0,398,90,89.07924908785249,89.34466396978632,0.3274707513410234,55.45439831217919,20
Hybrid GWO-ABC,0,398,93,37.36577288737101,9.446666806151526,0.32763710929257417,42.47583463411616,19
Hybrid GWO-ABC,0,398,94,74.6789611349026,26.246051592286467,0.32758122060853584,34.2534843140716,18
Hybrid GWO-ABC,0,399,35,21.45846728195292,40.852864372463614,0.3267417289660468,29.97147277135205,18
Hybrid GWO-ABC,0,399,39,55.70321523412783,78.38982091064135,0.32675684320177373,28.957012887124193,20
Hybrid GWO-ABC,0,399,43,72.23593505964503,46.18772302513874,0.32689517680639496,22.560369316786645,16
Hybrid GWO-ABC,0,399,47,30.151208914787652,63.028259311888846,0.3269931042292438,23.742578803538244,22
Hybrid GWO-ABC,0,399,66,58.106113970039495,34.686980453483706,0.32669688693592286,17.32621283856514,24
Hybrid GWO-ABC,0,400,0,77.39560485559633,43.88784397520523,0.32635597024759694,28.069157747880652,24
Hybrid GWO-ABC,0,400,18,12.992150533547164,47.57049262259338,0.3264018671478473,37.08751040752812,21
Hybrid GWO-ABC,0,400,19,22.69093490508841,66.98139946825104,0.3263188097546086,32.15824877474573,17
Hybrid GWO-ABC,0,400,20,43.715191887233075,83.26781960578374,0.3263291947451655,33.85626432932715,18
Hybrid GWO-ABC,0,400,24,68.24955039749754,13.97524836093098,0.3269863250768339,40.38352164395039,20
Hybrid GWO-ABC,0,401,29,13.979699812765745,11.453007353597345,0.3259244998768516,52.75729966232435,20
Hybrid GWO-ABC,0,401,44,16.127177903360177,50.10447751033635,0.32607416386737187,33.87298322174735,19
Hybrid GWO-ABC,0,401,45,15.231210271316842,69.6320375077736,0.32574071163104806,39.92850655739597,21
Hybrid GWO-ABC,0,401,68,95.85592132414453,48.23034369429002,0.32653340608661563,45.890055610409455,17
Hybrid GWO-ABC,0,401,89,89.1677266254914,74.86080194569492,0.3263178356539578,46.391489331474325,23
Hybrid GWO-ABC,0,402,5,37.07980242325812,92.67649888486018,0.3265168029491414,44.589405271785346,19
Hybrid GWO-ABC,0,402,40,66.43135403273875,40.63868614400705,0.3257042770624674,18.91093843413398,21
Hybrid GWO-ABC,0,402,61,8.44443211398891,41.58074021706096,0.32589323097317446,42.399872141570086,26
Hybrid GWO-ABC,0,402,69,78.27352272502863,8.272999992243857,0.3298090873123877,50.40371630078472,12
Hybrid GWO-ABC,0,402,92,77.2012432110988,66.16612631677611,0.3253228043125659,31.642554769160306,22
Hybrid GWO-ABC,0,403,6,64.38651200806646,82.276161327083,0.3250223333689263,35.33726528425946,24
Hybrid GWO-ABC,0,403,37,5.830274168906602,28.138389202199654,0.32591378212035105,49.28381789866183,20
Hybrid GWO-ABC,0,403,41,81.40203846660347,16.697291990770392,0.3254724360631841,45.772900067682514,15
Hybrid GWO-ABC,0,403,51,26.586996145951957,96.91763773477238,0.32539997708519497,52.4350405748008,16
Hybrid GWO-ABC,0,403,70,48.66583308381603,49.07069943545209,0.32491261785183895,1.6259154035523802,25
Hybrid GWO-ABC,0,404,9,82.7631171992582,63.166439912206485,0.32507285252819107,35.30972937554283,19
Hybrid GWO-ABC,0,404,26,78.69243775021384,66.48508565920321,0.3245909800094478,33.09099625640128,23
Hybrid GWO-ABC,0,404,62,4.161417386189248,49.39908192445189,0.3261000097161288,45.84252129384545,19
Hybrid GWO-ABC,0,404,65,17.05929685368861,92.51201183767972,0.3250232942801433,53.78067565827367,16
Hybrid GWO-ABC,0,404,81,23.02139908948808,3.741255617617978,0.32450347006808017,53.551062911236734,23
Hybrid GWO-ABC,0,405,56,30.59566241506525,57.9219568941896,0.3240435928763471,20.959144022204473,31
Hybrid GWO-ABC,0,405,58,75.85195298352102,71.94629559509367,0.3240594157872582,33.911109734265686,24
Hybrid GWO-ABC,0,405,60,58.40979689127356,64.984660155482,0.32416328569581304,17.183268714879727,22
Hybrid GWO-ABC,0,405,97,15.328431662449404,17.926830815773908,0.3241727290684636,47.23140726789146,23
Hybrid GWO-ABC,0,406,1,85.85979199113825,69.73680290593639,0.3240914408644504,40.93245742189787,20
Hybrid GWO-ABC,0,406,10,75.80877400853738,35.45259681298683,0.3236368091254371,29.626335502543604,22
Hybrid GWO-ABC,0,406,54,9.63909621534993,90.26023965438416,0.32632236044266444,57.007801670843506,17
Hybrid GWO-ABC,0,406,59,43.20930397751037,62.73088407024432,0.32376634106099245,14.428754682225943,23
Hybrid GWO-ABC,0,406,87,16.460781758201815,4.491061939232899,0.3259831811577278,56.53266846425794,18
Hybrid GWO-ABC,0,407,4,12.811363267554587,45.038593789556714,0.3231771849938945,37.51813233095184,22
Hybrid GWO-ABC,0,407,28,45.891577553834,56.87411959528937,0.32317917906897387,8.008286658611938,23
Hybrid GWO-ABC,0,407,71,93.78264549749828,57.17280523760754,0.32397317878908344,44.366306830028755,20
Hybrid GWO-ABC,0,407,78,28.123378383900832,65.94226346919018,0.3233224995727032,27.06921383888075,18
Hybrid GWO-ABC,0,407,98,59.93827915208435,87.45620408374644,0.32317639088103794,38.7522466041392,17
Hybrid GWO-ABC,0,408,11,97.06980243949033,89.31211213221977,0.35090700370735556,61.327061416546535,22
Hybrid GWO-ABC,0,408,12,77.83834970737618,19.463870785196757,0.322687303984434,41.321046717784526,13
Hybrid GWO-ABC,0,408,13,46.67210037270342,4.380376578722878,0.32280813849255846,45.740845609023204,12
Hybrid GWO-ABC,0,408,53,44.93615021437887,27.224156184515902,0.3227857545782696,23.331987402676617,26
Hybrid GWO-ABC,0,408,96,12.275793241148602,83.11126721249062,0.3229296722100352,50.19434023873136,27
Hybrid GWO-ABC,0,409,16,32.58253581381519,37.045970603486886,0.3224190796565113,21.706564359261378,54
Hybrid GWO-ABC,0,409,30,66.84029617904716,47.10962061431325,0.32239807042794205,17.08654056242027,46
Hybrid GWO-ABC,0,410,22,83.2259801395201,80.47643574968019,0.3217988811629775,45.086349289293416,23
Hybrid GWO-ABC,0,410,33,55.92071607454135,30.39500980626122,0.32221685099916664,20.47951462637545,20
Hybrid GWO-ABC,0,410,38,29.35937577666836,66.1916514726895,0.32178291026468203,26.233660547888334,17
Hybrid GWO-ABC,0,410,55,45.57762898336111,20.236336479523032,0.32188648248144697,30.09041428044784,21
Hybrid GWO-ABC,0,410,77,10.857574113544356,67.22400930398116,0.3218846311037728,42.76442447619636,19
Hybrid GWO-ABC,0,411,7,44.34141988273311,22.723872178477688,0.32141406079066903,27.856896415063034,21
Hybrid GWO-ABC,0,411,76,14.024908899861078,55.40361435390494,0.3214540922681846,36.37865071369501,21
Hybrid GWO-ABC,0,411,79,72.69946142868827,76.8647491917657,0.32146761368664284,35.170730704507434,24
Hybrid GWO-ABC,0,411,82,55.48524693914834,37.092228386243875,0.3217643263693964,14.024924314103254,21
Hybrid GWO-ABC,0,411,84,31.713889282271534,95.28993950697449,0.3214247356773458,48.842199640540684,13
Hybrid GWO-ABC,0,412,36,85.34030732681661,23.393948586534073,0.32153822378943575,44.23595024151556,16
Hybrid GWO-ABC,0,412,42,2.2712073133860478,9.004786077564175,0.3671280864815726,62.91776550282162,16
Hybrid GWO-ABC,0,412,49,11.800590212051532,96.18976645495145,0.3390500125584329,59.93904765101437,25
Hybrid GWO-ABC,0,412,67,59.091549148141674,2.28038710296975,0.3213935819147681,48.577955092361506,17
Hybrid GWO-ABC,0,412,83,82.97897431324131,80.82514720643019,0.32159939952113376,45.142025287436105,26
Hybrid GWO-ABC,0,413,31,56.52361064811888,76.49988574160255,0.3205973655992165,27.291050551531363,16
Hybrid GWO-ABC,0,413,43,72.23593505964503,46.18772302513874,0.32054583540662995,22.560369316786645,20
Hybrid GWO-ABC,0,413,52,77.87509039657947,71.68901891589957,0.32076234462227504,35.31903461522874,18
Hybrid GWO-ABC,0,413,63,32.98612123327853,14.45241888660469,0.32135952412863555,39.40942265121521,29
Hybrid GWO-ABC,0,413,80,10.774094595589656,91.60118451376078,0.32285701366121794,57.17805704764476,17
Hybrid GWO-ABC,0,414,32,63.47183200005908,55.35794006579958,0.32015045373511686,14.498199170466526,20
Hybrid GWO-ABC,0,414,49,11.800590212051532,96.18976645495145,0.3332054206300012,59.93904765101437,20
Hybrid GWO-ABC,0,414,50,90.8580690707607,69.97071338107496,0.320225706971062,45.47759009820221,19
Hybrid GWO-ABC,0,414,87,16.460781758201815,4.491061939232899,0.32022776774678924,56.53266846425794,21
Hybrid GWO-ABC,0,414,94,74.6789611349026,26.246051592286467,0.3202376605269268,34.2534843140716,20
Hybrid GWO-ABC,0,415,3,76.1139701990353,78.60643052769538,0.3197178714315521,38.73328422806367,24
Hybrid GWO-ABC,0,415,21,70.0265102002249,31.236664138204105,0.31971687072663446,27.443102657357606,19
Hybrid GWO-ABC,0,415,23,38.74783790301745,28.83281039302441,0.3196887878147219,23.97208934812371,19
Hybrid GWO-ABC,0,415,54,9.63909621534993,90.26023965438416,0.32063329492491743,57.007801670843506,18
Hybrid GWO-ABC,0,415,99,19.643466571457324,31.03236729000948,0.3196382159889702,35.795114365222126,20
Hybrid GWO-ABC,0,416,17,46.95558112758079,18.94713590842857,0.3196330530370171,31.201744415342365,23
Hybrid GWO-ABC,0,416,19,22.69093490508841,66.98139946825104,0.31921305952026635,32.15824877474573,18
Hybrid GWO-ABC,0,416,41,81.40203846660347,16.697291990770392,0.3192178601517809,45.772900067682514,17
Hybrid GWO-ABC,0,416,73,33.15689973425522,52.06724024715378,0.3192085307046886,16.969487582168895,19
Hybrid GWO-ABC,0,416,88,43.509706000303794,99.2375564055837,0.3198501716062144,49.66347628786701,23
Hybrid GWO-ABC,0,417,8,55.45847870158348,6.381725610417533,0.31968115071329667,43.9584900839479,18
Hybrid GWO-ABC,0,417,35,21.45846728195292,40.852864372463614,0.31901114968987565,29.97147277135205,20
Hybrid GWO-ABC,0,417,46,44.61562755740307,38.10212260964825,0.3188538329953507,13.059515802526548,20
Hybrid GWO-ABC,0,417,57,17.67727829392317,85.66142840923754,0.3189647247651188,48.12998872507312,19
Hybrid GWO-ABC,0,417,75,82.62919241943578,89.61607718397667,0.31953190927852293,51.32346217268826,23
Hybrid GWO-ABC,0,418,20,43.715191887233075,83.26781960578374,0.318451392657954,33.85626432932715,19
Hybrid GWO-ABC,0,418,24,68.24955039749754,13.97524836093098,0.31854440453984306,40.38352164395039,19
Hybrid GWO-ABC,0,418,64,10.340296772255165,58.7644572177712,0.3190389866287377,40.616594766609076,23
Hybrid GWO-ABC,0,418,90,89.07924908785249,89.34466396978632,0.3186062800874762,55.45439831217919,19
Hybrid GWO-ABC,0,418,93,37.36577288737101,9.446666806151526,0.3191061464929733,42.47583463411616,20
Hybrid GWO-ABC,0,419,39,55.70321523412783,78.38982091064135,0.31809732452185935,28.957012887124193,21
Hybrid GWO-ABC,0,419,47,30.151208914787652,63.028259311888846,0.3179196991146389,23.742578803538244,19
Hybrid GWO-ABC,0,419,48,36.18126105533904,8.7649919316101,0.318900103099825,43.488888654699714,23
Hybrid GWO-ABC,0,419,68,95.85592132414453,48.23034369429002,0.31866925419572817,45.890055610409455,19
Hybrid GWO-ABC,0,419,85,29.091783814011862,51.50571292317145,0.3178860356999176,20.962363308725994,18
Hybrid GWO-ABC,0,420,9,82.7631171992582,63.166439912206485,0.3175587118333603,35.30972937554283,17
Hybrid GWO-ABC,0,420,13,46.67210037270342,4.380376578722878,0.3177078105914509,45.740845609023204,26
Hybrid GWO-ABC,0,420,14,15.428949206754783,68.30489532424546,0.3178081975111038,39.11811275842336,19
Hybrid GWO-ABC,0,420,27,70.51653786263351,78.07290310219679,0.31780074943478454,34.77091046340611,18
Hybrid GWO-ABC,0,420,44,16.127177903360177,50.10447751033635,0.31782656967907236,33.87298322174735,20
Hybrid GWO-ABC,0,421,15,74.47621559078172,96.750973243421,0.31923302494116573,52.77062278250554,18
Hybrid GWO-ABC,0,421,29,13.979699812765745,11.453007353597345,0.31712862630679595,52.75729966232435,18
Hybrid GWO-ABC,0,421,40,66.43135403273875,40.63868614400705,0.3171369968601525,18.91093843413398,20
Hybrid GWO-ABC,0,421,86,25.596509056760276,93.60435700489633,0.31796658609765416,49.96869339923984,22
Hybrid GWO-ABC,0,421,91,51.885836038644904,31.5929051830793,0.317635188589596,18.503446088871144,22
Hybrid GWO-ABC,0,422,5,37.07980242325812,92.67649888486018,0.31795266953748746,44.589405271785346,17
Hybrid GWO-ABC,0,422,12,77.83834970737618,19.463870785196757,0.31687451387319165,41.321046717784526,12
Hybrid GWO-ABC,0,422,18,12.992150533547164,47.57049262259338,0.3170501408232761,37.08751040752812,24
Hybrid GWO-ABC,0,422,72,47.348940105695384,26.69756630918936,0.3167761842507595,23.45275110680658,25
Hybrid GWO-ABC,0,422,89,89.1677266254914,74.86080194569492,0.31682361575164225,46.391489331474325,22
Hybrid GWO-ABC,0,423,51,26.586996145951957,96.91763773477238,0.3174817129596821,52.4350405748008,25
Hybrid GWO-ABC,0,423,62,4.161417386189248,49.39908192445189,0.31763729141965713,45.84252129384545,25
Hybrid GWO-ABC,0,423,74,43.89114603050467,2.1612079880330426,0.31700600554508257,48.22725492898028,24
Hybrid GWO-ABC,0,423,95,93.68131505337793,24.097057500568475,0.3243565237803234,50.78404980819585,26
Hybrid GWO-ABC,0,424,0,77.39560485559633,43.88784397520523,0.31600937844017707,28.069157747880652,17
Hybrid GWO-ABC,0,424,34,3.0817834567939406,43.671738923236234,0.31710489788015106,47.34306635454508,17
Hybrid GWO-ABC,0,424,66,58.106113970039495,34.686980453483706,0.3160963002189056,17.32621283856514,24
Hybrid GWO-ABC,0,424,78,28.123378383900832,65.94226346919018,0.3157656884837491,27.06921383888075,21
Hybrid GWO-ABC,0,424,98,59.93827915208435,87.45620408374644,0.315793464340177,38.7522466041392,21
Hybrid GWO-ABC,0,425,36,85.34030732681661,23.393948586534073,0.31528681672249026,44.23595024151556,20
Hybrid GWO-ABC,0,425,37,5.830274168906602,28.138389202199654,0.3166423892371909,49.28381789866183,23
Hybrid GWO-ABC,0,425,45,15.231210271316842,69.6320375077736,0.3160553444997556,39.92850655739597,19
Hybrid GWO-ABC,0,425,71,93.78264549749828,57.17280523760754,0.315590305016262,44.366306830028755,23
Hybrid GWO-ABC,0,425,84,31.713889282271534,95.28993950697449,0.31565692545061685,48.842199640540684,15
Hybrid GWO-ABC,0,426,6,64.38651200806646,82.276161327083,0.3148489921032876,35.33726528425946,15
Hybrid GWO-ABC,0,426,61,8.44443211398891,41.58074021706096,0.31499626109700424,42.399872141570086,25
Hybrid GWO-ABC,0,426,69,78.27352272502863,8.272999992243857,0.321523612215043,50.40371630078472,23
Hybrid GWO-ABC,0,426,80,10.774094595589656,91.60118451376078,0.3163343357148312,57.17805704764476,17
Hybrid GWO-ABC,0,426,92,77.2012432110988,66.16612631677611,0.31539292555919946,31.642554769160306,20
Hybrid GWO-ABC,0,427,1,85.85979199113825,69.73680290593639,0.3152038080000642,40.93245742189787,23
Hybrid GWO-ABC,0,427,25,19.990820247510833,0.7362269751005512,0.34148590367052256,57.684228365004735,23
Hybrid GWO-ABC,0,427,38,29.35937577666836,66.1916514726895,0.3144446536416981,26.233660547888334,22
Hybrid GWO-ABC,0,427,60,58.40979689127356,64.984660155482,0.3145548627362227,17.183268714879727,20
Hybrid GWO-ABC,0,427,65,17.05929685368861,92.51201183767972,0.31652309588947053,53.78067565827367,12
Hybrid GWO-ABC,0,428,10,75.80877400853738,35.45259681298683,0.31420470370135295,29.626335502543604,13
Hybrid GWO-ABC,0,428,26,78.69243775021384,66.48508565920321,0.3144574657215483,33.09099625640128,16
Hybrid GWO-ABC,0,428,31,56.52361064811888,76.49988574160255,0.3139734683035447,27.291050551531363,20
Hybrid GWO-ABC,0,428,33,55.92071607454135,30.39500980626122,0.3140582326024386,20.47951462637545,24
Hybrid GWO-ABC,0,428,70,48.66583308381603,49.07069943545209,0.31398415375109284,1.6259154035523802,27
Hybrid GWO-ABC,0,429,4,12.811363267554587,45.038593789556714,0.3136060924631182,37.51813233095184,20
Hybrid GWO-ABC,0,429,58,75.85195298352102,71.94629559509367,0.3137182361366351,33.911109734265686,25
Hybrid GWO-ABC,0,429,59,43.20930397751037,62.73088407024432,0.31370025825797115,14.428754682225943,21
Hybrid GWO-ABC,0,429,69,78.27352272502863,8.272999992243857,0.315794051557359,50.40371630078472,20
Hybrid GWO-ABC,0,429,77,10.857574113544356,67.22400930398116,0.3136853147515146,42.76442447619636,14
Hybrid GWO-ABC,0,430,28,45.891577553834,56.87411959528937,0.31313591093198945,8.008286658611938,22
Hybrid GWO-ABC,0,430,52,77.87509039657947,71.68901891589957,0.31323118327046184,35.31903461522874,26
Hybrid GWO-ABC,0,430,65,17.05929685368861,92.51201183767972,0.3132677308592013,53.78067565827367,16
Hybrid GWO-ABC,0,430,67,59.091549148141674,2.28038710296975,0.31371436365594985,48.577955092361506,19
Hybrid GWO-ABC,0,430,97,15.328431662449404,17.926830815773908,0.313606459830265,47.23140726789146,17
Hybrid GWO-ABC,0,431,15,74.47621559078172,96.750973243421,0.31303056278072655,52.77062278250554,23
Hybrid GWO-ABC,0,431,54,9.63909621534993,90.26023965438416,0.3131730027360179,57.007801670843506,23
Hybrid GWO-ABC,0,431,55,45.57762898336111,20.236336479523032,0.3128569743977235,30.09041428044784,28
Hybrid GWO-ABC,0,431,82,55.48524693914834,37.092228386243875,0.31287807613051327,14.024924314103254,26
Hybrid GWO-ABC,0,432,2,9.417734788764953,97.5622351636756,0.36527960864262166,62.52268758970457,13
Hybrid GWO-ABC,0,432,7,44.34141988273311,22.723872178477688,0.3123637551494085,27.856896415063034,30
Hybrid GWO-ABC,0,432,8,55.45847870158348,6.381725610417533,0.3125565257987012,43.9584900839479,11
Hybrid GWO-ABC,0,432,11,97.06980243949033,89.31211213221977,0.34038808451100755,61.327061416546535,23
Hybrid GWO-ABC,0,432,76,14.024908899861078,55.40361435390494,0.31228180207611406,36.37865071369501,23
Hybrid GWO-ABC,0,433,2,9.417734788764953,97.5622351636756,0.3622632451840841,62.52268758970457,22
Hybrid GWO-ABC,0,433,22,83.2259801395201,80.47643574968019,0.31186263216448057,45.086349289293416,21
Hybrid GWO-ABC,0,433,42,2.2712073133860478,9.004786077564175,0.35844488569212113,62.91776550282162,18
Hybrid GWO-ABC,0,433,43,72.23593505964503,46.18772302513874,0.31189716768615083,22.560369316786645,18
Hybrid GWO-ABC,0,433,94,74.6789611349026,26.246051592286467,0.3118282854517022,34.2534843140716,21
Hybrid GWO-ABC,0,434,23,38.74783790301745,28.83281039302441,0.3114925263322301,23.97208934812371,21
Hybrid GWO-ABC,0,434,32,63.47183200005908,55.35794006579958,0.31145340571244984,14.498199170466526,17
Hybrid GWO-ABC,0,434,50,90.8580690707607,69.97071338107496,0.31171604885290805,45.47759009820221,19
Hybrid GWO-ABC,0,434,53,44.93615021437887,27.224156184515902,0.3115516069112642,23.331987402676617,20
Hybrid GWO-ABC,0,434,96,12.275793241148602,83.11126721249062,0.3114523449447872,50.19434023873136,23
Hybrid GWO-ABC,0,435,21,70.0265102002249,31.236664138204105,0.3113084652668337,27.443102657357606,25
Hybrid GWO-ABC,0,435,73,33.15689973425522,52.06724024715378,0.3110630885481589,16.969487582168895,27
Hybrid GWO-ABC,0,435,79,72.69946142868827,76.8647491917657,0.31116157124579746,35.170730704507434,27
Hybrid GWO-ABC,0,435,99,19.643466571457324,31.03236729000948,0.3110005698785963,35.795114365222126,21
Hybrid GWO-ABC,0,436,12,77.83834970737618,19.463870785196757,0.31126907060931097,41.321046717784526,23
Hybrid GWO-ABC,0,436,27,70.51653786263351,78.07290310219679,0.31052223016483554,34.77091046340611,26
Hybrid GWO-ABC,0,436,35,21.45846728195292,40.852864372463614,0.3106380967377939,29.97147277135205,26
Hybrid GWO-ABC,0,436,56,30.59566241506525,57.9219568941896,0.3105464207386612,20.959144022204473,25
Hybrid GWO-ABC,0,437,17,46.95558112758079,18.94713590842857,0.31014665375964634,31.201744415342365,24
Hybrid GWO-ABC,0,437,19,22.69093490508841,66.98139946825104,0.3108876571384517,32.15824877474573,24
Hybrid GWO-ABC,0,437,20,43.715191887233075,83.26781960578374,0.3101738280651008,33.85626432932715,17
Hybrid GWO-ABC,0,437,46,44.61562755740307,38.10212260964825,0.310203910021952,13.059515802526548,16
Hybrid GWO-ABC,0,437,68,95.85592132414453,48.23034369429002,0.31047112816196826,45.890055610409455,19
Hybrid GWO-ABC,0,438,11,97.06980243949033,89.31211213221977,0.33401957108533126,61.327061416546535,21
Hybrid GWO-ABC,0,438,14,15.428949206754783,68.30489532424546,0.3098687480476239,39.11811275842336,22
Hybrid GWO-ABC,0,438,24,68.24955039749754,13.97524836093098,0.31010084465736687,40.38352164395039,19
Hybrid GWO-ABC,0,438,63,32.98612123327853,14.45241888660469,0.3096383039725074,39.40942265121521,19
Hybrid GWO-ABC,0,438,85,29.091783814011862,51.50571292317145,0.30997051160156947,20.962363308725994,19
Hybrid GWO-ABC,0,439,9,82.7631171992582,63.166439912206485,0.30985133901372575,35.30972937554283,22
Hybrid GWO-ABC,0,439,39,55.70321523412783,78.38982091064135,0.3092112338816322,28.957012887124193,11
Hybrid GWO-ABC,0,439,41,81.40203846660347,16.697291990770392,0.3104092380158735,45.772900067682514,23
Hybrid GWO-ABC,0,439,44,16.127177903360177,50.10447751033635,0.3093693049871759,33.87298322174735,22
Hybrid GWO-ABC,0,439,47,30.151208914787652,63.028259311888846,0.30955731955104027,23.742578803538244,22
Hybrid GWO-ABC,0,440,3,76.1139701990353,78.60643052769538,0.3091554800735444,38.73328422806367,23
Hybrid GWO-ABC,0,440,40,66.43135403273875,40.63868614400705,0.3087439506046642,18.91093843413398,15
Hybrid GWO-ABC,0,440,86,25.596509056760276,93.60435700489633,0.3090341616606877,49.96869339923984,23
Hybrid GWO-ABC,0,440,91,51.885836038644904,31.5929051830793,0.3087792808380821,18.503446088871144,21
Hybrid GWO-ABC,0,440,93,37.36577288737101,9.446666806151526,0.30983979492104363,42.47583463411616,18
Hybrid GWO-ABC,0,441,0,77.39560485559633,43.88784397520523,0.3087009781968224,28.069157747880652,20
Hybrid GWO-ABC,0,441,26,78.69243775021384,66.48508565920321,0.30832377463304617,33.09099625640128,23
Hybrid GWO-ABC,0,441,48,36.18126105533904,8.7649919316101,0.30895232664487515,43.488888654699714,23
Hybrid GWO-ABC,0,441,57,17.67727829392317,85.66142840923754,0.3097059436592552,48.12998872507312,13
Hybrid GWO-ABC,0,441,64,10.340296772255165,58.7644572177712,0.30902647889231805,40.616594766609076,21
Hybrid GWO-ABC,0,442,6,64.38651200806646,82.276161327083,0.30826424885689757,35.33726528425946,12
Hybrid GWO-ABC,0,442,8,55.45847870158348,6.381725610417533,0.3080689873080399,43.9584900839479,18
Hybrid GWO-ABC,0,442,10,75.80877400853738,35.45259681298683,0.3084603686846876,29.626335502543604,19
Hybrid GWO-ABC,0,442,45,15.231210271316842,69.6320375077736,0.308346403411028,39.92850655739597,21
Hybrid GWO-ABC,0,442,62,4.161417386189248,49.39908192445189,0.3078886368625319,45.84252129384545,15
Hybrid GWO-ABC,0,442,83,82.97897431324131,80.82514720643019,0.30950540850064134,45.142025287436105,15
Hybrid GWO-ABC,0,443,34,3.0817834567939406,43.671738923236234,0.30907605190301096,47.34306635454508,20
Hybrid GWO-ABC,0,443,37,5.830274168906602,28.138389202199654,0.3075118184680538,49.28381789866183,21
Hybrid GWO-ABC,0,443,88,43.509706000303794,99.2375564055837,0.3086929444890984,49.66347628786701,18
Hybrid GWO-ABC,0,443,89,89.1677266254914,74.86080194569492,0.30757599928824875,46.391489331474325,21
Hybrid GWO-ABC,0,443,95,93.68131505337793,24.097057500568475,0.3140864798049667,50.78404980819585,20
Hybrid GWO-ABC,0,444,5,37.07980242325812,92.67649888486018,0.30941963760974206,44.589405271785346,16
Hybrid GWO-ABC,0,444,18,12.992150533547164,47.57049262259338,0.30706552692342093,37.08751040752812,22
Hybrid GWO-ABC,0,444,29,13.979699812765745,11.453007353597345,0.3079120271735395,52.75729966232435,15
Hybrid GWO-ABC,0,444,69,78.27352272502863,8.272999992243857,0.3081146413380274,50.40371630078472,17
Hybrid GWO-ABC,0,444,92,77.2012432110988,66.16612631677611,0.30735054401416045,31.642554769160306,30
Hybrid GWO-ABC,0,445,11,97.06980243949033,89.31211213221977,0.3278982029029788,61.327061416546535,19
Hybrid GWO-ABC,0,445,77,10.857574113544356,67.22400930398116,0.3072826123693194,42.76442447619636,21
Hybrid GWO-ABC,0,445,84,31.713889282271534,95.28993950697449,0.30798300373938775,48.842199640540684,16
Hybrid GWO-ABC,0,445,95,93.68131505337793,24.097057500568475,0.3093638069819514,50.78404980819585,19
Hybrid GWO-ABC,0,445,97,15.328431662449404,17.926830815773908,0.30664734137984384,47.23140726789146,25
Hybrid GWO-ABC,0,446,1,85.85979199113825,69.73680290593639,0.3063006426231259,40.93245742189787,25
Hybrid GWO-ABC,0,446,36,85.34030732681661,23.393948586534073,0.3063570029686285,44.23595024151556,17
Hybrid GWO-ABC,0,446,51,26.586996145951957,96.91763773477238,0.3069531413251425,52.4350405748008,13
Hybrid GWO-ABC,0,446,78,28.123378383900832,65.94226346919018,0.3065392413738487,27.06921383888075,25
Hybrid GWO-ABC,0,446,81,23.02139908948808,3.741255617617978,0.30988962957415533,53.551062911236734,20
Hybrid GWO-ABC,0,447,13,46.67210037270342,4.380376578722878,0.30592016440678077,45.740845609023204,13
Hybrid GWO-ABC,0,447,60,58.40979689127356,64.984660155482,0.30588216113116456,17.183268714879727,22
Hybrid GWO-ABC,0,447,66,58.106113970039495,34.686980453483706,0.305868848201712,17.32621283856514,17
Hybrid GWO-ABC,0,447,72,47.348940105695384,26.69756630918936,0.3057661933653713,23.45275110680658,21
Hybrid GWO-ABC,0,447,98,59.93827915208435,87.45620408374644,0.3062277956921279,38.7522466041392,27
Hybrid GWO-ABC,0,448,31,56.52361064811888,76.49988574160255,0.30530509905946834,27.291050551531363,21
Hybrid GWO-ABC,0,448,65,17.05929685368861,92.51201183767972,0.3058353396989588,53.78067565827367,21
Hybrid GWO-ABC,0,448,67,59.091549148141674,2.28038710296975,0.30558823269410906,48.577955092361506,21
Hybrid GWO-ABC,0,448,71,93.78264549749828,57.17280523760754,0.3055039745197732,44.366306830028755,19
Hybrid GWO-ABC,0,448,87,16.460781758201815,4.491061939232899,0.30773632634177367,56.53266846425794,18
Hybrid GWO-ABC,0,449,4,12.811363267554587,45.038593789556714,0.3048459997961923,37.51813233095184,14
Hybrid GWO-ABC,0,449,5,37.07980242325812,92.67649888486018,0.3049755362683039,44.589405271785346,15
Hybrid GWO-ABC,0,449,38,29.35937577666836,66.1916514726895,0.30496559967326325,26.233660547888334,16
Hybrid GWO-ABC,0,449,74,43.89114603050467,2.1612079880330426,0.3058145403601339,48.22725492898028,29
Hybrid GWO-ABC,0,449,83,82.97897431324131,80.82514720643019,0.3048448975715214,45.142025287436105,26
Hybrid GWO-ABC,0,450,39,55.70321523412783,78.38982091064135,0.30456794801333287,28.957012887124193,26
Hybrid GWO-ABC,0,450,57,17.67727829392317,85.66142840923754,0.3049813544543096,48.12998872507312,17
Hybrid GWO-ABC,0,450,59,43.20930397751037,62.73088407024432,0.30459259024275487,14.428754682225943,32
Hybrid GWO-ABC,0,450,81,23.02139908948808,3.741255617617978,0.3047332644828395,53.551062911236734,25
Hybrid GWO-ABC,0,451,2,9.417734788764953,97.5622351636756,0.35321543384290394,62.52268758970457,20
Hybrid GWO-ABC,0,451,25,19.990820247510833,0.7362269751005512,0.3309204188273565,57.684228365004735,24
Hybrid GWO-ABC,0,451,32,63.47183200005908,55.35794006579958,0.3040831092847184,14.498199170466526,18
Hybrid GWO-ABC,0,451,43,72.23593505964503,46.18772302513874,0.30412748504110254,22.560369316786645,19
Hybrid GWO-ABC,0,451,50,90.8580690707607,69.97071338107496,0.30401679933785475,45.47759009820221,19
Hybrid GWO-ABC,0,452,28,45.891577553834,56.87411959528937,0.30357941425189244,8.008286658611938,23
Hybrid GWO-ABC,0,452,33,55.92071607454135,30.39500980626122,0.30359435317240596,20.47951462637545,31
Hybrid GWO-ABC,0,452,58,75.85195298352102,71.94629559509367,0.30351177028756576,33.911109734265686,24
Hybrid GWO-ABC,0,452,61,8.44443211398891,41.58074021706096,0.30362116877738443,42.399872141570086,22
Hybrid GWO-ABC,0,453,6,64.38651200806646,82.276161327083,0.3033993969893114,35.33726528425946,22
Hybrid GWO-ABC,0,453,20,43.715191887233075,83.26781960578374,0.3031257457686932,33.85626432932715,21
Hybrid GWO-ABC,0,453,46,44.61562755740307,38.10212260964825,0.30318250789221873,13.059515802526548,28
Hybrid GWO-ABC,0,453,93,37.36577288737101,9.446666806151526,0.3032037077567014,42.47583463411616,17
Hybrid GWO-ABC,0,453,95,93.68131505337793,24.097057500568475,0.3032024265423132,50.78404980819585,12
Hybrid GWO-ABC,0,454,22,83.2259801395201,80.47643574968019,0.30292689445944543,45.086349289293416,23
Hybrid GWO-ABC,0,454,42,2.2712073133860478,9.004786077564175,0.34949109828831654,62.91776550282162,10
Hybrid GWO-ABC,0,454,53,44.93615021437887,27.224156184515902,0.30282103187871157,23.331987402676617,29
Hybrid GWO-ABC,0,454,80,10.774094595589656,91.60118451376078,0.3062840358079614,57.17805704764476,22
Hybrid GWO-ABC,0,454,94,74.6789611349026,26.246051592286467,0.3027550186007477,34.2534843140716,16
Hybrid GWO-ABC,0,455,23,38.74783790301745,28.83281039302441,0.30239206856787526,23.97208934812371,24
Hybrid GWO-ABC,0,455,30,66.84029617904716,47.10962061431325,0.30225947034933787,17.08654056242027,24
Hybrid GWO-ABC,0,455,40,66.43135403273875,40.63868614400705,0.3022784346791535,18.91093843413398,13
Hybrid GWO-ABC,0,455,84,31.713889282271534,95.28993950697449,0.3023934029926356,48.842199640540684,18
Hybrid GWO-ABC,0,455,85,29.091783814011862,51.50571292317145,0.3021964288350716,20.962363308725994,21
Hybrid GWO-ABC,0,456,51,26.586996145951957,96.91763773477238,0.301994985033931,52.4350405748008,19
Hybrid GWO-ABC,0,456,68,95.85592132414453,48.23034369429002,0.3019827532832558,45.890055610409455,19
Hybrid GWO-ABC,0,456,70,48.66583308381603,49.07069943545209,0.3020528696998591,1.6259154035523802,16
Hybrid GWO-ABC,0,456,82,55.48524693914834,37.092228386243875,0.3017594768627738,14.024924314103254,25
Hybrid GWO-ABC,0,456,99,19.643466571457324,31.03236729000948,0.3019075352349597,35.795114365222126,21
Hybrid GWO-ABC,0,457,12,77.83834970737618,19.463870785196757,0.30165568959924605,41.321046717784526,20
Hybrid GWO-ABC,0,457,19,22.69093490508841,66.98139946825104,0.3013872243999365,32.15824877474573,20
Hybrid GWO-ABC,0,457,24,68.24955039749754,13.97524836093098,0.30179824895212587,40.38352164395039,21
Hybrid GWO-ABC,0,457,76,14.024908899861078,55.40361435390494,0.3017315080983144,36.37865071369501,17
Hybrid GWO-ABC,0,457,88,43.509706000303794,99.2375564055837,0.30175104461058194,49.66347628786701,22
Hybrid GWO-ABC,0,458,9,82.7631171992582,63.166439912206485,0.30104587342509886,35.30972937554283,25
Hybrid GWO-ABC,0,458,21,70.0265102002249,31.236664138204105,0.3009788396735873,27.443102657357606,18
Hybrid GWO-ABC,0,458,34,3.0817834567939406,43.671738923236234,0.30120904378072433,47.34306635454508,16
Hybrid GWO-ABC,0,458,55,45.57762898336111,20.236336479523032,0.30092280138617694,30.09041428044784,20
Hybrid GWO-ABC,0,458,96,12.275793241148602,83.11126721249062,0.30112670500282296,50.19434023873136,21
Hybrid GWO-ABC,0,459,0,77.39560485559633,43.88784397520523,0.3005042157062284,28.069157747880652,19
Hybrid GWO-ABC,0,459,47,30.151208914787652,63.028259311888846,0.30048508148935205,23.742578803538244,18
Hybrid GWO-ABC,0,459,52,77.87509039657947,71.68901891589957,0.3014516004345548,35.31903461522874,22
Hybrid GWO-ABC,0,459,63,32.98612123327853,14.45241888660469,0.30104393278308494,39.40942265121521,24
Hybrid GWO-ABC,0,459,64,10.340296772255165,58.7644572177712,0.30047913369348894,40.616594766609076,17
Hybrid GWO-ABC,0,460,2,9.417734788764953,97.5622351636756,0.3467376364817584,62.52268758970457,12
Hybrid GWO-ABC,0,460,10,75.80877400853738,35.45259681298683,0.30048916924097535,29.626335502543604,21
Hybrid GWO-ABC,0,460,13,46.67210037270342,4.380376578722878,0.30034595012139187,45.740845609023204,20
Hybrid GWO-ABC,0,460,14,15.428949206754783,68.30489532424546,0.3003475945018785,39.11811275842336,23
Hybrid GWO-ABC,0,460,79,72.69946142868827,76.8647491917657,0.30000759123528514,35.170730704507434,24
Hybrid GWO-ABC,0,461,17,46.95558112758079,18.94713590842857,0.2997758337117539,31.201744415342365,19
Hybrid GWO-ABC,0,461,45,15.231210271316842,69.6320375077736,0.29968891680777543,39.92850655739597,20
Hybrid GWO-ABC,0,461,56,30.59566241506525,57.9219568941896,0.2997833059987907,20.959144022204473,19
Hybrid GWO-ABC,0,461,90,89.07924908785249,89.34466396978632,0.30470611800000624,55.45439831217919,21
Hybrid GWO-ABC,0,461,91,51.885836038644904,31.5929051830793,0.29962340772133683,18.503446088871144,21
Hybrid GWO-ABC,0,462,35,21.45846728195292,40.852864372463614,0.29935517449286536,29.97147277135205,18
Hybrid GWO-ABC,0,462,41,81.40203846660347,16.697291990770392,0.30023085062908084,45.772900067682514,20
Hybrid GWO-ABC,0,462,44,16.127177903360177,50.10447751033635,0.2995522418354496,33.87298322174735,19
Hybrid GWO-ABC,0,462,73,33.15689973425522,52.06724024715378,0.29944277117831897,16.969487582168895,20
Hybrid GWO-ABC,0,462,75,82.62919241943578,89.61607718397667,0.3045626930366924,51.32346217268826,23
Hybrid GWO-ABC,0,463,7,44.34141988273311,22.723872178477688,0.2991318166627667,27.856896415063034,16
Hybrid GWO-ABC,0,463,16,32.58253581381519,37.045970603486886,0.29872728802824206,21.706564359261378,22
Hybrid GWO-ABC,0,463,27,70.51653786263351,78.07290310219679,0.2991535972732908,34.77091046340611,24
Hybrid GWO-ABC,0,463,66,58.106113970039495,34.686980453483706,0.2988534004496024,17.32621283856514,19
Hybrid GWO-ABC,0,463,86,25.596509056760276,93.60435700489633,0.29907498447535286,49.96869339923984,19
Hybrid GWO-ABC,0,464,3,76.1139701990353,78.60643052769538,0.29912675410061557,38.73328422806367,24
Hybrid GWO-ABC,0,464,4,12.811363267554587,45.038593789556714,0.2985831813205081,37.51813233095184,24
Hybrid GWO-ABC,0,464,36,85.34030732681661,23.393948586534073,0.2985835918906472,44.23595024151556,25
Hybrid GWO-ABC,0,464,38,29.35937577666836,66.1916514726895,0.29837418604134236,26.233660547888334,27
Hybrid GWO-ABC,0,465,5,37.07980242325812,92.67649888486018,0.2982105080360725,44.589405271785346,20
Hybrid GWO-ABC,0,465,29,13.979699812765745,11.453007353597345,0.29992927464693,52.75729966232435,21
Hybrid GWO-ABC,0,465,62,4.161417386189248,49.39908192445189,0.2994302004687595,45.84252129384545,19
Hybrid GWO-ABC,0,465,89,89.1677266254914,74.86080194569492,0.2982565506072514,46.391489331474325,21
Hybrid GWO-ABC,0,465,95,93.68131505337793,24.097057500568475,0.29796271781928324,50.78404980819585,19
Hybrid GWO-ABC,0,466,8,55.45847870158348,6.381725610417533,0.2987761015577632,43.9584900839479,20
Hybrid GWO-ABC,0,466,18,12.992150533547164,47.57049262259338,0.2974598783709908,37.08751040752812,19
Hybrid GWO-ABC,0,466,48,36.18126105533904,8.7649919316101,0.2985347575629988,43.488888654699714,17
Hybrid GWO-ABC,0,466,57,17.67727829392317,85.66142840923754,0.2978694477625428,48.12998872507312,19
Hybrid GWO-ABC,0,466,75,82.62919241943578,89.61607718397667,0.29876916543450494,51.32346217268826,25
Hybrid GWO-ABC,0,467,26,78.69243775021384,66.48508565920321,0.29783444717689717,33.09099625640128,24
Hybrid GWO-ABC,0,467,40,66.43135403273875,40.63868614400705,0.2969953971518044,18.91093843413398,25
Hybrid GWO-ABC,0,467,65,17.05929685368861,92.51201183767972,0.2971230785008203,53.78067565827367,13
Hybrid GWO-ABC,0,467,69,78.27352272502863,8.272999992243857,0.29912876199507227,50.40371630078472,14
Hybrid GWO-ABC,0,467,77,10.857574113544356,67.22400930398116,0.2979078876159565,42.76442447619636,24
Hybrid GWO-ABC,0,468,60,58.40979689127356,64.984660155482,0.2965831689660535,17.183268714879727,54
Hybrid GWO-ABC,0,468,72,47.348940105695384,26.69756630918936,0.29671749663104807,23.45275110680658,46
Hybrid GWO-ABC,0,469,32,63.47183200005908,55.35794006579958,0.2962832150718762,14.498199170466526,24
Hybrid GWO-ABC,0,469,43,72.23593505964503,46.18772302513874,0.2961550634954297,22.560369316786645,17
Hybrid GWO-ABC,0,469,54,9.63909621534993,90.26023965438416,0.2995150500531117,57.007801670843506,12
Hybrid GWO-ABC,0,469,67,59.091549148141674,2.28038710296975,0.29627360927114177,48.577955092361506,23
Hybrid GWO-ABC,0,469,78,28.123378383900832,65.94226346919018,0.296190711937218,27.06921383888075,24
Hybrid GWO-ABC,0,470,1,85.85979199113825,69.73680290593639,0.2957087039764546,40.93245742189787,17
Hybrid GWO-ABC,0,470,31,56.52361064811888,76.49988574160255,0.2959910013668195,27.291050551531363,20
Hybrid GWO-ABC,0,470,54,9.63909621534993,90.26023965438416,0.296745054475058,57.007801670843506,20
Hybrid GWO-ABC,0,470,93,37.36577288737101,9.446666806151526,0.2958111281163128,42.47583463411616,26
Hybrid GWO-ABC,0,470,94,74.6789611349026,26.246051592286467,0.2959890361063024,34.2534843140716,17
Hybrid GWO-ABC,0,471,37,5.830274168906602,28.138389202199654,0.29646482887121695,49.28381789866183,20
Hybrid GWO-ABC,0,471,50,90.8580690707607,69.97071338107496,0.2955345761603583,45.47759009820221,21
Hybrid GWO-ABC,0,471,69,78.27352272502863,8.272999992243857,0.2952657163931736,50.40371630078472,13
Hybrid GWO-ABC,0,471,70,48.66583308381603,49.07069943545209,0.2953399552464236,1.6259154035523802,29
Hybrid GWO-ABC,0,471,80,10.774094595589656,91.60118451376078,0.29771579108673213,57.17805704764476,17
Hybrid GWO-ABC,0,472,71,93.78264549749828,57.17280523760754,0.295960386080191,44.366306830028755,13
Hybrid GWO-ABC,0,472,76,14.024908899861078,55.40361435390494,0.2948940911743388,36.37865071369501,28
Hybrid GWO-ABC,0,472,92,77.2012432110988,66.16612631677611,0.29489585900532483,31.642554769160306,23
Hybrid GWO-ABC,0,472,97,15.328431662449404,17.926830815773908,0.29510447843879795,47.23140726789146,23
Hybrid GWO-ABC,0,472,98,59.93827915208435,87.45620408374644,0.29486383530693644,38.7522466041392,13
Hybrid GWO-ABC,0,473,11,97.06980243949033,89.31211213221977,0.3171088978012165,61.327061416546535,17
Hybrid GWO-ABC,0,473,15,74.47621559078172,96.750973243421,0.29848916677995957,52.77062278250554,15
Hybrid GWO-ABC,0,473,25,19.990820247510833,0.7362269751005512,0.3203659404938834,57.684228365004735,29
Hybrid GWO-ABC,0,473,34,3.0817834567939406,43.671738923236234,0.2944019255553031,47.34306635454508,20
Hybrid GWO-ABC,0,473,84,31.713889282271534,95.28993950697449,0.2945194871917818,48.842199640540684,19
Hybrid GWO-ABC,0,474,6,64.38651200806646,82.276161327083,0.2941137908206179,35.33726528425946,25
Hybrid GWO-ABC,0,474,20,43.715191887233075,83.26781960578374,0.29397538351557334,33.85626432932715,20
Hybrid GWO-ABC,0,474,25,19.990820247510833,0.7362269751005512,0.31385284168580074,57.684228365004735,24
Hybrid GWO-ABC,0,474,61,8.44443211398891,41.58074021706096,0.2940352893624487,42.399872141570086,20
Hybrid GWO-ABC,0,474,90,89.07924908785249,89.34466396978632,0.2973015497396792,55.45439831217919,11
Hybrid GWO-ABC,0,475,28,45.891577553834,56.87411959528937,0.29356088010852843,8.008286658611938,34
Hybrid GWO-ABC,0,475,39,55.70321523412783,78.38982091064135,0.2934857651977646,28.957012887124193,17
Hybrid GWO-ABC,0,475,58,75.85195298352102,71.94629559509367,0.2934852172840357,33.911109734265686,23
Hybrid GWO-ABC,0,475,74,43.89114603050467,2.1612079880330426,0.2936498374300709,48.22725492898028,26
Hybrid GWO-ABC,0,476,21,70.0265102002249,31.236664138204105,0.2930735099481382,27.443102657357606,28
Hybrid GWO-ABC,0,476,47,30.151208914787652,63.028259311888846,0.293008677588514,23.742578803538244,23
Hybrid GWO-ABC,0,476,52,77.87509039657947,71.68901891589957,0.2932178686971739,35.31903461522874,25
Hybrid GWO-ABC,0,476,85,29.091783814011862,51.50571292317145,0.2932112598915836,20.962363308725994,24
Hybrid GWO-ABC,0,477,7,44.34141988273311,22.723872178477688,0.2926054868566714,27.856896415063034,19
Hybrid GWO-ABC,0,477,12,77.83834970737618,19.463870785196757,0.2927397282460463,41.321046717784526,14
Hybrid GWO-ABC,0,477,19,22.69093490508841,66.98139946825104,0.2928220305096485,32.15824877474573,28
Hybrid GWO-ABC,0,477,22,83.2259801395201,80.47643574968019,0.2930315875489727,45.086349289293416,24
Hybrid GWO-ABC,0,477,99,19.643466571457324,31.03236729000948,0.2927478292511778,35.795114365222126,15
Hybrid GWO-ABC,0,478,0,77.39560485559633,43.88784397520523,0.29215694592485547,28.069157747880652,15
Hybrid GWO-ABC,0,478,23,38.74783790301745,28.83281039302441,0.292181481162706,23.97208934812371,23
Hybrid GWO-ABC,0,478,55,45.57762898336111,20.236336479523032,0.2922537327426549,30.09041428044784,18
Hybrid GWO-ABC,0,478,83,82.97897431324131,80.82514720643019,0.29303088015624046,45.142025287436105,21
Hybrid GWO-ABC,0,478,96,12.275793241148602,83.11126721249062,0.29213911669981807,50.19434023873136,23
Hybrid GWO-ABC,0,479,15,74.47621559078172,96.750973243421,0.2939900864993338,52.77062278250554,19
Hybrid GWO-ABC,0,479,17,46.95558112758079,18.94713590842857,0.2917347656189698,31.201744415342365,24
Hybrid GWO-ABC,0,479,30,66.84029617904716,47.10962061431325,0.29177489958628094,17.08654056242027,21
Hybrid GWO-ABC,0,479,56,30.59566241506525,57.9219568941896,0.2918717926116668,20.959144022204473,17
Hybrid GWO-ABC,0,479,64,10.340296772255165,58.7644572177712,0.2924883909283915,40.616594766609076,19
Hybrid GWO-ABC,0,480,10,75.80877400853738,35.45259681298683,0.2914903895154674,29.626335502543604,18
Hybrid GWO-ABC,0,480,44,16.127177903360177,50.10447751033635,0.2916064512780062,33.87298322174735,22
Hybrid GWO-ABC,0,480,63,32.98612123327853,14.45241888660469,0.2912799471089965,39.40942265121521,19
Hybrid GWO-ABC,0,480,71,93.78264549749828,57.17280523760754,0.29142040679501996,44.366306830028755,20
Hybrid GWO-ABC,0,480,73,33.15689973425522,52.06724024715378,0.2913082401475752,16.969487582168895,21
Hybrid GWO-ABC,0,481,45,15.231210271316842,69.6320375077736,0.2910601359784348,39.92850655739597,23
Hybrid GWO-ABC,0,481,46,44.61562755740307,38.10212260964825,0.2909721383409606,13.059515802526548,23
Hybrid GWO-ABC,0,481,59,43.20930397751037,62.73088407024432,0.2909132055034561,14.428754682225943,18
Hybrid GWO-ABC,0,481,68,95.85592132414453,48.23034369429002,0.29204395522646154,45.890055610409455,19
Hybrid GWO-ABC,0,481,82,55.48524693914834,37.092228386243875,0.29082232830576243,14.024924314103254,17
Hybrid GWO-ABC,0,482,9,82.7631171992582,63.166439912206485,0.29057370318480735,35.30972937554283,26
Hybrid GWO-ABC,0,482,14,15.428949206754783,68.30489532424546,0.29066953427545256,39.11811275842336,24
Hybrid GWO-ABC,0,482,35,21.45846728195292,40.852864372463614,0.2912352026383283,29.97147277135205,18
Hybrid GWO-ABC,0,482,66,58.106113970039495,34.686980453483706,0.29055621184019403,17.32621283856514,16
Hybrid GWO-ABC,0,482,91,51.885836038644904,31.5929051830793,0.2904348955931144,18.503446088871144,16
Hybrid GWO-ABC,0,483,33,55.92071607454135,30.39500980626122,0.2901231431339455,20.47951462637545,20
Hybrid GWO-ABC,0,483,53,44.93615021437887,27.224156184515902,0.2902794962945512,23.331987402676617,28
Hybrid GWO-ABC,0,483,57,17.67727829392317,85.66142840923754,0.2900175710244231,48.12998872507312,26
Hybrid GWO-ABC,0,483,79,72.69946142868827,76.8647491917657,0.29002073573851567,35.170730704507434,26
Hybrid GWO-ABC,0,484,5,37.07980242325812,92.67649888486018,0.2896010957009039,44.589405271785346,17
Hybrid GWO-ABC,0,484,13,46.67210037270342,4.380376578722878,0.290654621662588,45.740845609023204,23
Hybrid GWO-ABC,0,484,24,68.24955039749754,13.97524836093098,0.29121302010387057,40.38352164395039,19
Hybrid GWO-ABC,0,484,80,10.774094595589656,91.60118451376078,0.29100046172982585,57.17805704764476,19
Hybrid GWO-ABC,0,484,89,89.1677266254914,74.86080194569492,0.2897109192428822,46.391489331474325,22
Hybrid GWO-ABC,0,485,8,55.45847870158348,6.381725610417533,0.2902629339247243,43.9584900839479,20
Hybrid GWO-ABC,0,485,16,32.58253581381519,37.045970603486886,0.28922116146629334,21.706564359261378,20
Hybrid GWO-ABC,0,485,18,12.992150533547164,47.57049262259338,0.2891456883393464,37.08751040752812,19
Hybrid GWO-ABC,0,485,27,70.51653786263351,78.07290310219679,0.289361647258275,34.77091046340611,28
Hybrid GWO-ABC,0,485,86,25.596509056760276,93.60435700489633,0.2900629078119239,49.96869339923984,13
Hybrid GWO-ABC,0,486,29,13.979699812765745,11.453007353597345,0.29040269470357793,52.75729966232435,22
Hybrid GWO-ABC,0,486,43,72.23593505964503,46.18772302513874,0.28878045959505405,22.560369316786645,18
Hybrid GWO-ABC,0,486,65,17.05929685368861,92.51201183767972,0.2900345164062299,53.78067565827367,22
Hybrid GWO-ABC,0,486,94,74.6789611349026,26.246051592286467,0.28867278157026827,34.2534843140716,18
Hybrid GWO-ABC,0,486,98,59.93827915208435,87.45620408374644,0.28904476678598257,38.7522466041392,20
Hybrid GWO-ABC,0,487,3,76.1139701990353,78.60643052769538,0.2891356954190354,38.73328422806367,15
Hybrid GWO-ABC,0,487,4,12.811363267554587,45.038593789556714,0.28830493943596114,37.51813233095184,25
Hybrid GWO-ABC,0,487,26,78.69243775021384,66.48508565920321,0.2884995917592643,33.09099625640128,17
Hybrid GWO-ABC,0,487,41,81.40203846660347,16.697291990770392,0.2900606209169323,45.772900067682514,22
Hybrid GWO-ABC,0,487,77,10.857574113544356,67.22400930398116,0.288365587778585,42.76442447619636,21
Hybrid GWO-ABC,0,488,1,85.85979199113825,69.73680290593639,0.2883214459072772,40.93245742189787,20
Hybrid GWO-ABC,0,488,31,56.52361064811888,76.49988574160255,0.28782391575178284,27.291050551531363,21
Hybrid GWO-ABC,0,488,54,9.63909621534993,90.26023965438416,0.2883461873066684,57.007801670843506,19
Hybrid GWO-ABC,0,488,69,78.27352272502863,8.272999992243857,0.2883421686297393,50.40371630078472,18
Hybrid GWO-ABC,0,488,87,16.460781758201815,4.491061939232899,0.2942934789215307,56.53266846425794,22
Hybrid GWO-ABC,0,489,37,5.830274168906602,28.138389202199654,0.2879987192742735,49.28381789866183,18
Hybrid GWO-ABC,0,489,48,36.18126105533904,8.7649919316101,0.28979328714693453,43.488888654699714,22
Hybrid GWO-ABC,0,489,51,26.586996145951957,96.91763773477238,0.29041907827734875,52.4350405748008,22
Hybrid GWO-ABC,0,489,75,82.62919241943578,89.61607718397667,0.2883054865929043,51.32346217268826,23
Hybrid GWO-ABC,0,489,95,93.68131505337793,24.097057500568475,0.28793242915225375,50.78404980819585,15
Hybrid GWO-ABC,0,490,12,77.83834970737618,19.463870785196757,0.28698977420090555,41.321046717784526,29
Hybrid GWO-ABC,0,490,38,29.35937577666836,66.1916514726895,0.28691733114182305,26.233660547888334,21
Hybrid GWO-ABC,0,490,50,90.8580690707607,69.97071338107496,0.28699525992847275,45.47759009820221,19
Hybrid GWO-ABC,0,490,62,4.161417386189248,49.39908192445189,0.2896206146892531,45.84252129384545,17
Hybrid GWO-ABC,0,490,88,43.509706000303794,99.2375564055837,0.2891685876746078,49.66347628786701,14
Hybrid GWO-ABC,0,491,36,85.34030732681661,23.393948586534073,0.2869046917479174,44.23595024151556,19
Hybrid GWO-ABC,0,491,49,11.800590212051532,96.18976645495145,0.31122736749202795,59.93904765101437,19
Hybrid GWO-ABC,0,491,81,23.02139908948808,3.741255617617978,0.28970301182957736,53.551062911236734,13
Hybrid GWO-ABC,0,491,90,89.07924908785249,89.34466396978632,0.2912393007422359,55.45439831217919,23
Hybrid GWO-ABC,0,491,99,19.643466571457324,31.03236729000948,0.2865241778690336,35.795114365222126,26
Hybrid GWO-ABC,0,492,39,55.70321523412783,78.38982091064135,0.286130011905583,28.957012887124193,22
Hybrid GWO-ABC,0,492,40,66.43135403273875,40.63868614400705,0.28606984380859174,18.91093843413398,23
Hybrid GWO-ABC,0,492,67,59.091549148141674,2.28038710296975,0.2860338366042419,48.577955092361506,19
Hybrid GWO-ABC,0,492,78,28.123378383900832,65.94226346919018,0.2860404356046422,27.06921383888075,24
Hybrid GWO-ABC,0,492,84,31.713889282271534,95.28993950697449,0.28617616282211367,48.842199640540684,12
Hybrid GWO-ABC,0,493,0,77.39560485559633,43.88784397520523,0.2857476421153808,28.069157747880652,19
Hybrid GWO-ABC,0,493,32,63.47183200005908,55.35794006579958,0.2858106159872437,14.498199170466526,24
Hybrid GWO-ABC,0,493,42,2.2712073133860478,9.004786077564175,0.3373032706613068,62.91776550282162,20
Hybrid GWO-ABC,0,493,86,25.596509056760276,93.60435700489633,0.28562883667889183,49.96869339923984,22
Hybrid GWO-ABC,0,493,90,89.07924908785249,89.34466396978632,0.28580693440165905,55.45439831217919,15
Hybrid GWO-ABC,0,494,20,43.715191887233075,83.26781960578374,0.28528398658279736,33.85626432932715,31
Hybrid GWO-ABC,0,494,81,23.02139908948808,3.741255617617978,0.2862578445730717,53.551062911236734,32
Hybrid GWO-ABC,0,494,92,77.2012432110988,66.16612631677611,0.2853208041749205,31.642554769160306,37
Hybrid GWO-ABC,0,495,24,68.24955039749754,13.97524836093098,0.2847546649310241,40.38352164395039,28
Hybrid GWO-ABC,0,495,62,4.161417386189248,49.39908192445189,0.28477653359779337,45.84252129384545,21
Hybrid GWO-ABC,0,495,83,82.97897431324131,80.82514720643019,0.2849240274595395,45.142025287436105,22
Hybrid GWO-ABC,0,495,88,43.509706000303794,99.2375564055837,0.28511884234764756,49.66347628786701,16
Hybrid GWO-ABC,0,495,97,15.328431662449404,17.926830815773908,0.2849569845450661,47.23140726789146,13
Hybrid GWO-ABC,0,496,7,44.34141988273311,22.723872178477688,0.28438007907827956,27.856896415063034,15
Hybrid GWO-ABC,0,496,55,45.57762898336111,20.236336479523032,0.2844580971502513,30.09041428044784,17
Hybrid GWO-ABC,0,496,56,30.59566241506525,57.9219568941896,0.284466439306131,20.959144022204473,23
Hybrid GWO-ABC,0,496,64,10.340296772255165,58.7644572177712,0.2846344767400469,40.616594766609076,19
Hybrid GWO-ABC,0,496,68,95.85592132414453,48.23034369429002,0.2845484081759299,45.890055610409455,26
Hybrid GWO-ABC,0,497,35,21.45846728195292,40.852864372463614,0.28402965328760166,29.97147277135205,20
Hybrid GWO-ABC,0,497,58,75.85195298352102,71.94629559509367,0.28391936747518953,33.911109734265686,25
Hybrid GWO-ABC,0,497,66,58.106113970039495,34.686980453483706,0.2838666616225192,17.32621283856514,22
Hybrid GWO-ABC,0,497,80,10.774094595589656,91.60118451376078,0.2840420244771491,57.17805704764476,16
Hybrid GWO-ABC,0,497,93,37.36577288737101,9.446666806151526,0.2842220634915932,42.47583463411616,17
Hybrid GWO-ABC,0,498,3,76.1139701990353,78.60643052769538,0.28364858034444995,38.73328422806367,24
Hybrid GWO-ABC,0,498,34,3.0817834567939406,43.671738923236234,0.2843334118737143,47.34306635454508,21
Hybrid GWO-ABC,0,498,51,26.586996145951957,96.91763773477238,0.2837435681832396,52.4350405748008,16
Hybrid GWO-ABC,0,498,82,55.48524693914834,37.092228386243875,0.2834731754533163,14.024924314103254,18
Hybrid GWO-ABC,0,498,91,51.885836038644904,31.5929051830793,0.2835063562780324,18.503446088871144,21
Hybrid GWO-ABC,0,499,6,64.38651200806646,82.276161327083,0.28332541118578003,35.33726528425946,23
Hybrid GWO-ABC,0,499,10,75.80877400853738,35.45259681298683,0.28357392809766657,29.626335502543604,19
Hybrid GWO-ABC,0,499,59,43.20930397751037,62.73088407024432,0.2830043676931884,14.428754682225943,25
Hybrid GWO-ABC,0,499,61,8.44443211398891,41.58074021706096,0.2841140861919806,42.399872141570086,13
Hybrid GWO-ABC,0,499,63,32.98612123327853,14.45241888660469,0.28303553418087435,39.40942265121521,20
Hybrid GWO-ABC,0,500,30,66.84029617904716,47.10962061431325,0.2827105163157607,17.08654056242027,19
Hybrid GWO-ABC,0,500,47,30.151208914787652,63.028259311888846,0.2828300791853702,23.742578803538244,22
Hybrid GWO-ABC,0,500,52,77.87509039657947,71.68901891589957,0.282806756113447,35.31903461522874,22
Hybrid GWO-ABC,0,500,70,48.66583308381603,49.07069943545209,0.28255210965568095,1.6259154035523802,16
Hybrid GWO-ABC,0,500,85,29.091783814011862,51.50571292317145,0.2827488535924569,20.962363308725994,21
Hybrid GWO-ABC,0,501,5,37.07980242325812,92.67649888486018,0.28227717080113734,44.589405271785346,16
Hybrid GWO-ABC,0,501,8,55.45847870158348,6.381725610417533,0.28234533821474744,43.9584900839479,15
Hybrid GWO-ABC,0,501,22,83.2259801395201,80.47643574968019,0.2827924096941954,45.086349289293416,22
Hybrid GWO-ABC,0,501,23,38.74783790301745,28.83281039302441,0.2822242874738087,23.97208934812371,23
Hybrid GWO-ABC,0,501,73,33.15689973425522,52.06724024715378,0.28216518149137393,16.969487582168895,24
Hybrid GWO-ABC,0,502,26,78.69243775021384,66.48508565920321,0.28174889139337467,33.09099625640128,27
Hybrid GWO-ABC,0,502,33,55.92071607454135,30.39500980626122,0.28170920678147643,20.47951462637545,24
Hybrid GWO-ABC,0,502,44,16.127177903360177,50.10447751033635,0.28199503692247346,33.87298322174735,20
Hybrid GWO-ABC,0,502,48,36.18126105533904,8.7649919316101,0.2821707542412915,43.488888654699714,13
Hybrid GWO-ABC,0,502,96,12.275793241148602,83.11126721249062,0.2819399726368114,50.19434023873136,16
Hybrid GWO-ABC,0,503,17,46.95558112758079,18.94713590842857,0.2813557748924739,31.201744415342365,22
Hybrid GWO-ABC,0,503,21,70.0265102002249,31.236664138204105,0.28132752521138443,27.443102657357606,19
Hybrid GWO-ABC,0,503,45,15.231210271316842,69.6320375077736,0.2813426209952056,39.92850655739597,23
Hybrid GWO-ABC,0,503,71,93.78264549749828,57.17280523760754,0.28206362014697206,44.366306830028755,21
Hybrid GWO-ABC,0,503,76,14.024908899861078,55.40361435390494,0.28208605104337026,36.37865071369501,15
Hybrid GWO-ABC,0,504,15,74.47621559078172,96.750973243421,0.2841149447264932,52.77062278250554,17
Hybrid GWO-ABC,0,504,18,12.992150533547164,47.57049262259338,0.28093288990725435,37.08751040752812,16
Hybrid GWO-ABC,0,504,19,22.69093490508841,66.98139946825104,0.28097682397764406,32.15824877474573,21
Hybrid GWO-ABC,0,504,43,72.23593505964503,46.18772302513874,0.281058254559714,22.560369316786645,22
Hybrid GWO-ABC,0,504,46,44.61562755740307,38.10212260964825,0.28096509752900617,13.059515802526548,24
Hybrid GWO-ABC,0,505,14,15.428949206754783,68.30489532424546,0.28052451271880885,39.11811275842336,23
Hybrid GWO-ABC,0,505,16,32.58253581381519,37.045970603486886,0.28054291482808086,21.706564359261378,29
Hybrid GWO-ABC,0,505,94,74.6789611349026,26.246051592286467,0.28077454953969344,34.2534843140716,22
Hybrid GWO-ABC,0,505,98,59.93827915208435,87.45620408374644,0.2805534762197948,38.7522466041392,26
Hybrid GWO-ABC,0,506,13,46.67210037270342,4.380376578722878,0.2807158689683276,45.740845609023204,19
Hybrid GWO-ABC,0,506,15,74.47621559078172,96.750973243421,0.2800516454081539,52.77062278250554,22
Hybrid GWO-ABC,0,506,37,5.830274168906602,28.138389202199654,0.28031600931766193,49.28381789866183,18
Hybrid GWO-ABC,0,506,41,81.40203846660347,16.697291990770392,0.28104890707676156,45.772900067682514,18
Hybrid GWO-ABC,0,506,84,31.713889282271534,95.28993950697449,0.28052753085229787,48.842199640540684,23
Hybrid GWO-ABC,0,507,1,85.85979199113825,69.73680290593639,0.27997679111705304,40.93245742189787,16
Hybrid GWO-ABC,0,507,9,82.7631171992582,63.166439912206485,0.27963686139581867,35.30972937554283,21
Hybrid GWO-ABC,0,507,61,8.44443211398891,41.58074021706096,0.27968430883007495,42.399872141570086,20
Hybrid GWO-ABC,0,507,65,17.05929685368861,92.51201183767972,0.2806807711104157,53.78067565827367,18
Hybrid GWO-ABC,0,507,74,43.89114603050467,2.1612079880330426,0.28077946092834866,48.22725492898028,25
Hybrid GWO-ABC,0,508,57,17.67727829392317,85.66142840923754,0.27907692346131413,48.12998872507312,13
Hybrid GWO-ABC,0,508,69,78.27352272502863,8.272999992243857,0.2798033331684849,50.40371630078472,17
Hybrid GWO-ABC,0,508,77,10.857574113544356,67.22400930398116,0.2792265902275512,42.76442447619636,18
Hybrid GWO-ABC,0,508,79,72.69946142868827,76.8647491917657,0.2791799775588911,35.170730704507434,30
Hybrid GWO-ABC,0,508,97,15.328431662449404,17.926830815773908,0.2792712609208092,47.23140726789146,22
Hybrid GWO-ABC,0,509,25,19.990820247510833,0.7362269751005512,0.30024050831492777,57.684228365004735,24
Hybrid GWO-ABC,0,509,31,56.52361064811888,76.49988574160255,0.27868440525266513,27.291050551531363,21
Hybrid GWO-ABC,0,509,36,85.34030732681661,23.393948586534073,0.2787518379756583,44.23595024151556,20
Hybrid GWO-ABC,0,509,54,9.63909621534993,90.26023965438416,0.27955258681886447,57.007801670843506,19
Hybrid GWO-ABC,0,509,89,89.1677266254914,74.86080194569492,0.2796269418451784,46.391489331474325,16
Hybrid GWO-ABC,0,510,7,44.34141988273311,22.723872178477688,0.2782554610715941,27.856896415063034,21
Hybrid GWO-ABC,0,510,28,45.891577553834,56.87411959528937,0.278315707369069,8.008286658611938,26
Hybrid GWO-ABC,0,510,50,90.8580690707607,69.97071338107496,0.2785894544615886,45.47759009820221,20
Hybrid GWO-ABC,0,510,53,44.93615021437887,27.224156184515902,0.27828789311562907,23.331987402676617,17
Hybrid GWO-ABC,0,510,88,43.509706000303794,99.2375564055837,0.2782075406620558,49.66347628786701,16
Hybrid GWO-ABC,0,511,0,77.39560485559633,43.88784397520523,0.27777321363461394,28.069157747880652,22
Hybrid GWO-ABC,0,511,27,70.51653786263351,78.07290310219679,0.27784343807037987,34.77091046340611,22
Hybrid GWO-ABC,0,511,29,13.979699812765745,11.453007353597345,0.27993114255706936,52.75729966232435,21
Hybrid GWO-ABC,0,511,38,29.35937577666836,66.1916514726895,0.27788270479473215,26.233660547888334,23
Hybrid GWO-ABC,0,511,49,11.800590212051532,96.18976645495145,0.3025867867643583,59.93904765101437,12
Hybrid GWO-ABC,0,512,2,9.417734788764953,97.5622351636756,0.3320552806872379,62.52268758970457,23
Hybrid GWO-ABC,0,512,55,45.57762898336111,20.236336479523032,0.2774373938720689,30.09041428044784,28
Hybrid GWO-ABC,0,512,75,82.62919241943578,89.61607718397667,0.27836365875611974,51.32346217268826,23
Hybrid GWO-ABC,0,512,93,37.36577288737101,9.446666806151526,0.27734823406383685,42.47583463411616,14
Hybrid GWO-ABC,0,512,95,93.68131505337793,24.097057500568475,0.2793116640840472,50.78404980819585,12
Hybrid GWO-ABC,0,513,4,12.811363267554587,45.038593789556714,0.2771636586223424,37.51813233095184,25
Hybrid GWO-ABC,0,513,11,97.06980243949033,89.31211213221977,0.30434813646333436,61.327061416546535,21
Hybrid GWO-ABC,0,513,48,36.18126105533904,8.7649919316101,0.27708288372444473,43.488888654699714,20
Hybrid GWO-ABC,0,513,51,26.586996145951957,96.91763773477238,0.27701996550839153,52.4350405748008,17
Hybrid GWO-ABC,0,513,67,59.091549148141674,2.28038710296975,0.2770835974606552,48.577955092361506,17
Hybrid GWO-ABC,0,514,39,55.70321523412783,78.38982091064135,0.27656137460874264,28.957012887124193,33
Hybrid GWO-ABC,0,514,72,47.348940105695384,26.69756630918936,0.276606254673142,23.45275110680658,38
Hybrid GWO-ABC,0,514,76,14.024908899861078,55.40361435390494,0.2764961457308145,36.37865071369501,29
Hybrid GWO-ABC,0,515,8,55.45847870158348,6.381725610417533,0.27607326526069986,43.9584900839479,16
Hybrid GWO-ABC,0,515,40,66.43135403273875,40.63868614400705,0.2761355560947729,18.91093843413398,25
Hybrid GWO-ABC,0,515,42,2.2712073133860478,9.004786077564175,0.3275145037756296,62.91776550282162,15
Hybrid GWO-ABC,0,515,86,25.596509056760276,93.60435700489633,0.2761054982720275,49.96869339923984,24
Hybrid GWO-ABC,0,515,90,89.07924908785249,89.34466396978632,0.2777523174006951,55.45439831217919,20
Hybrid GWO-ABC,0,516,10,75.80877400853738,35.45259681298683,0.27582815334037514,29.626335502543604,26
Hybrid GWO-ABC,0,516,35,21.45846728195292,40.852864372463614,0.2756526679517234,29.97147277135205,19
Hybrid GWO-ABC,0,516,70,48.66583308381603,49.07069943545209,0.2755816761054518,1.6259154035523802,14
Hybrid GWO-ABC,0,516,78,28.123378383900832,65.94226346919018,0.27566986454589226,27.06921383888075,24
Hybrid GWO-ABC,0,516,82,55.48524693914834,37.092228386243875,0.27573250640098573,14.024924314103254,17
Hybrid GWO-ABC,0,517,5,37.07980242325812,92.67649888486018,0.27536701867363805,44.589405271785346,14
Hybrid GWO-ABC,0,517,32,63.47183200005908,55.35794006579958,0.27529571009244136,14.498199170466526,25
Hybrid GWO-ABC,0,517,64,10.340296772255165,58.7644572177712,0.27599161591665083,40.616594766609076,18
Hybrid GWO-ABC,0,517,83,82.97897431324131,80.82514720643019,0.27548326379457433,45.142025287436105,19
Hybrid GWO-ABC,0,517,99,19.643466571457324,31.03236729000948,0.27527196934683934,35.795114365222126,24
Hybrid GWO-ABC,0,518,11,97.06980243949033,89.31211213221977,0.29855698413620135,61.327061416546535,23
Hybrid GWO-ABC,0,518,25,19.990820247510833,0.7362269751005512,0.2929767682929603,57.684228365004735,19
Hybrid GWO-ABC,0,518,62,4.161417386189248,49.39908192445189,0.27515460510417383,45.84252129384545,18
Hybrid GWO-ABC,0,518,95,93.68131505337793,24.097057500568475,0.27528129177055594,50.78404980819585,19
Hybrid GWO-ABC,0,518,96,12.275793241148602,83.11126721249062,0.27508961518595565,50.19434023873136,21
Hybrid GWO-ABC,0,519,30,66.84029617904716,47.10962061431325,0.2744361332873372,17.08654056242027,33
Hybrid GWO-ABC,0,519,56,30.59566241506525,57.9219568941896,0.2745276364551536,20.959144022204473,37
Hybrid GWO-ABC,0,519,91,51.885836038644904,31.5929051830793,0.2744488130936902,18.503446088871144,30
Hybrid GWO-ABC,0,520,18,12.992150533547164,47.57049262259338,0.2739915928456313,37.08751040752812,16
Hybrid GWO-ABC,0,520,22,83.2259801395201,80.47643574968019,0.2739608644881409,45.086349289293416,25
Hybrid GWO-ABC,0,520,63,32.98612123327853,14.45241888660469,0.27424531453839374,39.40942265121521,17
Hybrid GWO-ABC,0,520,66,58.106113970039495,34.686980453483706,0.2742120604978474,17.32621283856514,22
Hybrid GWO-ABC,0,520,85,29.091783814011862,51.50571292317145,0.273928197597342,20.962363308725994,20
Hybrid GWO-ABC,0,521,21,70.0265102002249,31.236664138204105,0.27341915072693135,27.443102657357606,29
Hybrid GWO-ABC,0,521,44,16.127177903360177,50.10447751033635,0.2735969653529916,33.87298322174735,21
Hybrid GWO-ABC,0,521,47,30.151208914787652,63.028259311888846,0.2735899552651885,23.742578803538244,25
Hybrid GWO-ABC,0,521,52,77.87509039657947,71.68901891589957,0.27360059754395,35.31903461522874,25
Hybrid GWO-ABC,0,522,1,85.85979199113825,69.73680290593639,0.27335517804403237,40.93245742189787,17
Hybrid GWO-ABC,0,522,6,64.38651200806646,82.276161327083,0.2733424551721215,35.33726528425946,15
Hybrid GWO-ABC,0,522,12,77.83834970737618,19.463870785196757,0.27358195277017644,41.321046717784526,27
Hybrid GWO-ABC,0,522,34,3.0817834567939406,43.671738923236234,0.27441870860596945,47.34306635454508,22
Hybrid GWO-ABC,0,522,57,17.67727829392317,85.66142840923754,0.2732677106909619,48.12998872507312,19
Hybrid GWO-ABC,0,523,3,76.1139701990353,78.60643052769538,0.27319399170818714,38.73328422806367,21
Hybrid GWO-ABC,0,523,24,68.24955039749754,13.97524836093098,0.2725432460891082,40.38352164395039,22
Hybrid GWO-ABC,0,523,29,13.979699812765745,11.453007353597345,0.27264401564056173,52.75729966232435,20
Hybrid GWO-ABC,0,523,60,58.40979689127356,64.984660155482,0.2726102943320309,17.183268714879727,17
Hybrid GWO-ABC,0,523,65,17.05929685368861,92.51201183767972,0.2732777824449756,53.78067565827367,20
Hybrid GWO-ABC,0,524,2,9.417734788764953,97.5622351636756,0.32419206432152026,62.52268758970457,12
Hybrid GWO-ABC,0,524,19,22.69093490508841,66.98139946825104,0.2721975097321637,32.15824877474573,21
Hybrid GWO-ABC,0,524,23,38.74783790301745,28.83281039302441,0.27226549560978724,23.97208934812371,31
Hybrid GWO-ABC,0,524,58,75.85195298352102,71.94629559509367,0.2728334719859164,33.911109734265686,24
Hybrid GWO-ABC,0,524,68,95.85592132414453,48.23034369429002,0.27236850504212323,45.890055610409455,12
Hybrid GWO-ABC,0,525,17,46.95558112758079,18.94713590842857,0.27186958106318715,31.201744415342365,23
Hybrid GWO-ABC,0,525,43,72.23593505964503,46.18772302513874,0.2717172862545794,22.560369316786645,15
Hybrid GWO-ABC,0,525,59,43.20930397751037,62.73088407024432,0.27183721169590164,14.428754682225943,21
Hybrid GWO-ABC,0,525,73,33.15689973425522,52.06724024715378,0.2717653504104606,16.969487582168895,22
Hybrid GWO-ABC,0,525,89,89.1677266254914,74.86080194569492,0.2727722170543567,46.391489331474325,19
Hybrid GWO-ABC,0,526,20,43.715191887233075,83.26781960578374,0.2714812349005464,33.85626432932715,15
Hybrid GWO-ABC,0,526,33,55.92071607454135,30.39500980626122,0.2713959330111036,20.47951462637545,18
Hybrid GWO-ABC,0,526,45,15.231210271316842,69.6320375077736,0.2714687058607093,39.92850655739597,25
Hybrid GWO-ABC,0,526,53,44.93615021437887,27.224156184515902,0.27123295393725494,23.331987402676617,23
Hybrid GWO-ABC,0,526,71,93.78264549749828,57.17280523760754,0.27230211466063964,44.366306830028755,19
Hybrid GWO-ABC,0,527,9,82.7631171992582,63.166439912206485,0.2708490935050994,35.30972937554283,24
Hybrid GWO-ABC,0,527,14,15.428949206754783,68.30489532424546,0.2708517340097953,39.11811275842336,22
Hybrid GWO-ABC,0,527,84,31.713889282271534,95.28993950697449,0.2709198877329602,48.842199640540684,14
Hybrid GWO-ABC,0,527,93,37.36577288737101,9.446666806151526,0.2710562298544271,42.47583463411616,23
Hybrid GWO-ABC,0,527,94,74.6789611349026,26.246051592286467,0.2712996750442398,34.2534843140716,17
Hybrid GWO-ABC,0,528,26,78.69243775021384,66.48508565920321,0.2703848820488671,33.09099625640128,28
Hybrid GWO-ABC,0,528,46,44.61562755740307,38.10212260964825,0.2704465221534008,13.059515802526548,21
Hybrid GWO-ABC,0,528,61,8.44443211398891,41.58074021706096,0.27066680898598733,42.399872141570086,15
Hybrid GWO-ABC,0,528,69,78.27352272502863,8.272999992243857,0.2714892314032053,50.40371630078472,13
Hybrid GWO-ABC,0,528,77,10.857574113544356,67.22400930398116,0.27105409107365397,42.76442447619636,23
Hybrid GWO-ABC,0,529,13,46.67210037270342,4.380376578722878,0.2714941407818951,45.740845609023204,19
Hybrid GWO-ABC,0,529,15,74.47621559078172,96.750973243421,0.2700013638958626,52.77062278250554,20
Hybrid GWO-ABC,0,529,36,85.34030732681661,23.393948586534073,0.26997329896993816,44.23595024151556,18
Hybrid GWO-ABC,0,529,37,5.830274168906602,28.138389202199654,0.2712310763662012,49.28381789866183,21
Hybrid GWO-ABC,0,529,88,43.509706000303794,99.2375564055837,0.27027557738048885,49.66347628786701,22
Hybrid GWO-ABC,0,530,31,56.52361064811888,76.49988574160255,0.2695252292566142,27.291050551531363,17
Hybrid GWO-ABC,0,530,41,81.40203846660347,16.697291990770392,0.2718030226277877,45.772900067682514,22
Hybrid GWO-ABC,0,530,42,2.2712073133860478,9.004786077564175,0.3205199655679202,62.91776550282162,20
Hybrid GWO-ABC,0,530,51,26.586996145951957,96.91763773477238,0.26951235606166224,52.4350405748008,18
Hybrid GWO-ABC,0,530,92,77.2012432110988,66.16612631677611,0.2696380798464427,31.642554769160306,23
Hybrid GWO-ABC,0,531,7,44.34141988273311,22.723872178477688,0.26924485848618285,27.856896415063034,23
Hybrid GWO-ABC,0,531,50,90.8580690707607,69.97071338107496,0.26975933047542977,45.47759009820221,17
Hybrid GWO-ABC,0,531,70,48.66583308381603,49.07069943545209,0.2692870787626573,1.6259154035523802,25
Hybrid GWO-ABC,0,531,97,15.328431662449404,17.926830815773908,0.2694338017928577,47.23140726789146,15
Hybrid GWO-ABC,0,531,98,59.93827915208435,87.45620408374644,0.26915947115016087,38.7522466041392,20
Hybrid GWO-ABC,0,532,5,37.07980242325812,92.67649888486018,0.26902915981938913,44.589405271785346,12
Hybrid GWO-ABC,0,532,8,55.45847870158348,6.381725610417533,0.26884653506331413,43.9584900839479,17
Hybrid GWO-ABC,0,532,27,70.51653786263351,78.07290310219679,0.26863786007069007,34.77091046340611,24
Hybrid GWO-ABC,0,532,64,10.340296772255165,58.7644572177712,0.2688616585003704,40.616594766609076,24
Hybrid GWO-ABC,0,532,82,55.48524693914834,37.092228386243875,0.26868251536463517,14.024924314103254,23
Hybrid GWO-ABC,0,533,0,77.39560485559633,43.88784397520523,0.26824854458781194,28.069157747880652,23
Hybrid GWO-ABC,0,533,38,29.35937577666836,66.1916514726895,0.2681914117936866,26.233660547888334,25
Hybrid GWO-ABC,0,533,48,36.18126105533904,8.7649919316101,0.26833509751201967,43.488888654699714,24
Hybrid GWO-ABC,0,533,49,11.800590212051532,96.18976645495145,0.29487590958190535,59.93904765101437,12
Hybrid GWO-ABC,0,533,75,82.62919241943578,89.61607718397667,0.268730487780569,51.32346217268826,16
Hybrid GWO-ABC,0,534,16,32.58253581381519,37.045970603486886,0.26786360465755993,21.706564359261378,36
Hybrid GWO-ABC,0,534,74,43.89114603050467,2.1612079880330426,0.2692843965671891,48.22725492898028,20
Hybrid GWO-ABC,0,534,80,10.774094595589656,91.60118451376078,0.27222841509813456,57.17805704764476,17
Hybrid GWO-ABC,0,534,83,82.97897431324131,80.82514720643019,0.26784692344154576,45.142025287436105,27
Hybrid GWO-ABC,0,535,6,64.38651200806646,82.276161327083,0.26743705522857647,35.33726528425946,23
Hybrid GWO-ABC,0,535,35,21.45846728195292,40.852864372463614,0.2675013336712481,29.97147277135205,22
Hybrid GWO-ABC,0,535,54,9.63909621534993,90.26023965438416,0.2695278687974863,57.007801670843506,14
Hybrid GWO-ABC,0,535,63,32.98612123327853,14.45241888660469,0.26734256991360345,39.40942265121521,24
Hybrid GWO-ABC,0,535,68,95.85592132414453,48.23034369429002,0.26737691123983304,45.890055610409455,17
Hybrid GWO-ABC,0,536,2,9.417734788764953,97.5622351636756,0.3188118673395522,62.52268758970457,12
Hybrid GWO-ABC,0,536,18,12.992150533547164,47.57049262259338,0.2671129487434667,37.08751040752812,20
Hybrid GWO-ABC,0,536,28,45.891577553834,56.87411959528937,0.26695990577995243,8.008286658611938,23
Hybrid GWO-ABC,0,536,67,59.091549148141674,2.28038710296975,0.26821327085377905,48.577955092361506,24
Hybrid GWO-ABC,0,536,90,89.07924908785249,89.34466396978632,0.2687305552073742,55.45439831217919,21
Hybrid GWO-ABC,0,537,1,85.85979199113825,69.73680290593639,0.26661126386504175,40.93245742189787,14
Hybrid GWO-ABC,0,537,42,2.2712073133860478,9.004786077564175,0.3144327558407671,62.91776550282162,20
Hybrid GWO-ABC,0,537,49,11.800590212051532,96.18976645495145,0.29148942193288563,59.93904765101437,23
Hybrid GWO-ABC,0,537,69,78.27352272502863,8.272999992243857,0.2666459325562724,50.40371630078472,24
Hybrid GWO-ABC,0,537,79,72.69946142868827,76.8647491917657,0.2665667031884486,35.170730704507434,19
Hybrid GWO-ABC,0,538,4,12.811363267554587,45.038593789556714,0.2663574838693743,37.51813233095184,20
Hybrid GWO-ABC,0,538,11,97.06980243949033,89.31211213221977,0.2890093407080107,61.327061416546535,23
Hybrid GWO-ABC,0,538,81,23.02139908948808,3.741255617617978,0.26921328159734353,53.551062911236734,20
Hybrid GWO-ABC,0,538,95,93.68131505337793,24.097057500568475,0.26647321767776866,50.78404980819585,18
Hybrid GWO-ABC,0,538,96,12.275793241148602,83.11126721249062,0.2661457599857733,50.19434023873136,19
Hybrid GWO-ABC,0,539,55,45.57762898336111,20.236336479523032,0.2655932798079162,30.09041428044784,37
Hybrid GWO-ABC,0,539,62,4.161417386189248,49.39908192445189,0.2666083874521274,45.84252129384545,34
Hybrid GWO-ABC,0,539,89,89.1677266254914,74.86080194569492,0.2657656380491696,46.391489331474325,29
Hybrid GWO-ABC,0,540,20,43.715191887233075,83.26781960578374,0.265163710530069,33.85626432932715,21
Hybrid GWO-ABC,0,540,40,66.43135403273875,40.63868614400705,0.26531411617436973,18.91093843413398,22
Hybrid GWO-ABC,0,540,66,58.106113970039495,34.686980453483706,0.2651481120258325,17.32621283856514,17
Hybrid GWO-ABC,0,540,78,28.123378383900832,65.94226346919018,0.26530982157485833,27.06921383888075,20
Hybrid GWO-ABC,0,540,99,19.643466571457324,31.03236729000948,0.26511437114800307,35.795114365222126,20
Hybrid GWO-ABC,0,541,13,46.67210037270342,4.380376578722878,0.26482062197368555,45.740845609023204,20
Hybrid GWO-ABC,0,541,43,72.23593505964503,46.18772302513874,0.2650373525324702,22.560369316786645,20
Hybrid GWO-ABC,0,541,57,17.67727829392317,85.66142840923754,0.2650611650352241,48.12998872507312,15
Hybrid GWO-ABC,0,541,60,58.40979689127356,64.984660155482,0.2650400288476569,17.183268714879727,24
Hybrid GWO-ABC,0,541,85,29.091783814011862,51.50571292317145,0.26506263898378984,20.962363308725994,21
Hybrid GWO-ABC,0,542,2,9.417734788764953,97.5622351636756,0.3148502458082812,62.52268758970457,20
Hybrid GWO-ABC,0,542,3,76.1139701990353,78.60643052769538,0.2647051230443375,38.73328422806367,23
Hybrid GWO-ABC,0,542,25,19.990820247510833,0.7362269751005512,0.28320992824006763,57.684228365004735,19
Hybrid GWO-ABC,0,542,32,63.47183200005908,55.35794006579958,0.2644089619440108,14.498199170466526,17
Hybrid GWO-ABC,0,542,94,74.6789611349026,26.246051592286467,0.2643978594944468,34.2534843140716,21
Hybrid GWO-ABC,0,543,5,37.07980242325812,92.67649888486018,0.26396745643708963,44.589405271785346,23
Hybrid GWO-ABC,0,543,10,75.80877400853738,35.45259681298683,0.26436143882080043,29.626335502543604,27
Hybrid GWO-ABC,0,543,33,55.92071607454135,30.39500980626122,0.26386800143391037,20.47951462637545,25
Hybrid GWO-ABC,0,543,76,14.024908899861078,55.40361435390494,0.2638741439755242,36.37865071369501,25
Hybrid GWO-ABC,0,544,52,77.87509039657947,71.68901891589957,0.2633815996435055,35.31903461522874,21
Hybrid GWO-ABC,0,544,58,75.85195298352102,71.94629559509367,0.263435116157004,33.911109734265686,21
Hybrid GWO-ABC,0,544,61,8.44443211398891,41.58074021706096,0.26397247854325406,42.399872141570086,20
Hybrid GWO-ABC,0,544,86,25.596509056760276,93.60435700489633,0.2645293395187457,49.96869339923984,18
Hybrid GWO-ABC,0,544,87,16.460781758201815,4.491061939232899,0.27644465480989444,56.53266846425794,20
Hybrid GWO-ABC,0,545,19,22.69093490508841,66.98139946825104,0.2631169453246398,32.15824877474573,22
Hybrid GWO-ABC,0,545,41,81.40203846660347,16.697291990770392,0.26354477392148434,45.772900067682514,17
Hybrid GWO-ABC,0,545,47,30.151208914787652,63.028259311888846,0.2629507010963351,23.742578803538244,14
Hybrid GWO-ABC,0,545,50,90.8580690707607,69.97071338107496,0.26306842206181363,45.47759009820221,24
Hybrid GWO-ABC,0,545,97,15.328431662449404,17.926830815773908,0.26309356495951686,47.23140726789146,23
Hybrid GWO-ABC,0,546,24,68.24955039749754,13.97524836093098,0.26271749429716107,40.38352164395039,25
Hybrid GWO-ABC,0,546,37,5.830274168906602,28.138389202199654,0.262951677501406,49.28381789866183,19
Hybrid GWO-ABC,0,546,59,43.20930397751037,62.73088407024432,0.2626656709279229,14.428754682225943,21
Hybrid GWO-ABC,0,546,71,93.78264549749828,57.17280523760754,0.2638089636742682,44.366306830028755,20
Hybrid GWO-ABC,0,546,84,31.713889282271534,95.28993950697449,0.26374478023705467,48.842199640540684,15
Hybrid GWO-ABC,0,547,12,77.83834970737618,19.463870785196757,0.2621938921374969,41.321046717784526,14
Hybrid GWO-ABC,0,547,17,46.95558112758079,18.94713590842857,0.2621877551309612,31.201744415342365,22
Hybrid GWO-ABC,0,547,22,83.2259801395201,80.47643574968019,0.2628167854318564,45.086349289293416,23
Hybrid GWO-ABC,0,547,44,16.127177903360177,50.10447751033635,0.2633808890825907,33.87298322174735,23
Hybrid GWO-ABC,0,547,73,33.15689973425522,52.06724024715378,0.2622420247417022,16.969487582168895,18
Hybrid GWO-ABC,0,548,31,56.52361064811888,76.49988574160255,0.26198082248056437,27.291050551531363,22
Hybrid GWO-ABC,0,548,34,3.0817834567939406,43.671738923236234,0.2638495730939576,47.34306635454508,23
Hybrid GWO-ABC,0,548,36,85.34030732681661,23.393948586534073,0.26177983200064936,44.23595024151556,18
Hybrid GWO-ABC,0,548,39,55.70321523412783,78.38982091064135,0.2618747715906059,28.957012887124193,18
Hybrid GWO-ABC,0,548,74,43.89114603050467,2.1612079880330426,0.2618664729968717,48.22725492898028,19
Hybrid GWO-ABC,0,549,46,44.61562755740307,38.10212260964825,0.2612507262597451,13.059515802526548,19
Hybrid GWO-ABC,0,549,53,44.93615021437887,27.224156184515902,0.2612505873976169,23.331987402676617,21
Hybrid GWO-ABC,0,549,65,17.05929685368861,92.51201183767972,0.26318588030672163,53.78067565827367,20
Hybrid GWO-ABC,0,549,75,82.62919241943578,89.61607718397667,0.26173947482705934,51.32346217268826,23
Hybrid GWO-ABC,0,549,91,51.885836038644904,31.5929051830793,0.2613803571342998,18.503446088871144,17
Hybrid GWO-ABC,0,550,1,85.85979199113825,69.73680290593639,0.2608359272720481,40.93245742189787,24
Hybrid GWO-ABC,0,550,14,15.428949206754783,68.30489532424546,0.26105873046343264,39.11811275842336,20
Hybrid GWO-ABC,0,550,21,70.0265102002249,31.236664138204105,0.260880399717188,27.443102657357606,20
Hybrid GWO-ABC,0,550,45,15.231210271316842,69.6320375077736,0.26081984886549214,39.92850655739597,14
Hybrid GWO-ABC,0,550,93,37.36577288737101,9.446666806151526,0.261132203792008,42.47583463411616,22
Hybrid GWO-ABC,0,551,2,9.417734788764953,97.5622351636756,0.30835847841580355,62.52268758970457,19
Hybrid GWO-ABC,0,551,8,55.45847870158348,6.381725610417533,0.261068401816955,43.9584900839479,22
Hybrid GWO-ABC,0,551,9,82.7631171992582,63.166439912206485,0.2605490007058172,35.30972937554283,23
Hybrid GWO-ABC,0,551,81,23.02139908948808,3.741255617617978,0.26199398308794297,53.551062911236734,18
Hybrid GWO-ABC,0,551,98,59.93827915208435,87.45620408374644,0.26044532620437566,38.7522466041392,18
Hybrid GWO-ABC,0,552,30,66.84029617904716,47.10962061431325,0.26004835671242804,17.08654056242027,15
Hybrid GWO-ABC,0,552,51,26.586996145951957,96.91763773477238,0.2607457558466055,52.4350405748008,12
Hybrid GWO-ABC,0,552,72,47.348940105695384,26.69756630918936,0.2600892191981423,23.45275110680658,28
Hybrid GWO-ABC,0,552,77,10.857574113544356,67.22400930398116,0.2607602323895986,42.76442447619636,21
Hybrid GWO-ABC,0,552,92,77.2012432110988,66.16612631677611,0.2600274405105083,31.642554769160306,24
Hybrid GWO-ABC,0,553,7,44.34141988273311,22.723872178477688,0.2595746513375852,27.856896415063034,30
Hybrid GWO-ABC,0,553,15,74.47621559078172,96.750973243421,0.2602939380026222,52.77062278250554,15
Hybrid GWO-ABC,0,553,29,13.979699812765745,11.453007353597345,0.2614934946038082,52.75729966232435,16
Hybrid GWO-ABC,0,553,68,95.85592132414453,48.23034369429002,0.25961380679809076,45.890055610409455,16
Hybrid GWO-ABC,0,553,88,43.509706000303794,99.2375564055837,0.25994816205796356,49.66347628786701,23
Hybrid GWO-ABC,0,554,25,19.990820247510833,0.7362269751005512,0.2763611853209697,57.684228365004735,35
Hybrid GWO-ABC,0,554,57,17.67727829392317,85.66142840923754,0.25903776590069205,48.12998872507312,33
Hybrid GWO-ABC,0,554,90,89.07924908785249,89.34466396978632,0.2600829637550714,55.45439831217919,32
Hybrid GWO-ABC,0,555,26,78.69243775021384,66.48508565920321,0.2585896096246536,33.09099625640128,24
Hybrid GWO-ABC,0,555,67,59.091549148141674,2.28038710296975,0.2587300323619655,48.577955092361506,16
Hybrid GWO-ABC,0,555,70,48.66583308381603,49.07069943545209,0.2585617229679156,1.6259154035523802,21
Hybrid GWO-ABC,0,555,80,10.774094595589656,91.60118451376078,0.2639106970714848,57.17805704764476,19
Hybrid GWO-ABC,0,555,82,55.48524693914834,37.092228386243875,0.2585768317081032,14.024924314103254,20
Hybrid GWO-ABC,0,556,0,77.39560485559633,43.88784397520523,0.25821172465802145,28.069157747880652,19
Hybrid GWO-ABC,0,556,48,36.18126105533904,8.7649919316101,0.25822397751782916,43.488888654699714,21
Hybrid GWO-ABC,0,556,56,30.59566241506525,57.9219568941896,0.2583667957435332,20.959144022204473,18
Hybrid GWO-ABC,0,556,64,10.340296772255165,58.7644572177712,0.258322120540275,40.616594766609076,19
Hybrid GWO-ABC,0,556,79,72.69946142868827,76.8647491917657,0.25844624280145234,35.170730704507434,23
Hybrid GWO-ABC,0,557,23,38.74783790301745,28.83281039302441,0.2583338070002038,23.97208934812371,18
Hybrid GWO-ABC,0,557,27,70.51653786263351,78.07290310219679,0.2581696784752077,34.77091046340611,24
Hybrid GWO-ABC,0,557,35,21.45846728195292,40.852864372463614,0.25791019794351955,29.97147277135205,22
Hybrid GWO-ABC,0,557,66,58.106113970039495,34.686980453483706,0.2578104593964211,17.32621283856514,21
Hybrid GWO-ABC,0,557,86,25.596509056760276,93.60435700489633,0.25780051262058146,49.96869339923984,15
Hybrid GWO-ABC,0,558,6,64.38651200806646,82.276161327083,0.2575376565668824,35.33726528425946,20
Hybrid GWO-ABC,0,558,18,12.992150533547164,47.57049262259338,0.25790138712842736,37.08751040752812,22
Hybrid GWO-ABC,0,558,32,63.47183200005908,55.35794006579958,0.2572776870743992,14.498199170466526,22
Hybrid GWO-ABC,0,558,38,29.35937577666836,66.1916514726895,0.25728267639013047,26.233660547888334,22
Hybrid GWO-ABC,0,558,95,93.68131505337793,24.097057500568475,0.2576998003908073,50.78404980819585,14
Hybrid GWO-ABC,0,559,28,45.891577553834,56.87411959528937,0.2569096076075912,8.008286658611938,25
Hybrid GWO-ABC,0,559,43,72.23593505964503,46.18772302513874,0.256865768802945,22.560369316786645,41
Hybrid GWO-ABC,0,559,78,28.123378383900832,65.94226346919018,0.25688191802393434,27.06921383888075,34
Hybrid GWO-ABC,0,560,4,12.811363267554587,45.038593789556714,0.2571880749812449,37.51813233095184,19
Hybrid GWO-ABC,0,560,47,30.151208914787652,63.028259311888846,0.25675064953655563,23.742578803538244,24
Hybrid GWO-ABC,0,560,71,93.78264549749828,57.17280523760754,0.2564036878440154,44.366306830028755,18
Hybrid GWO-ABC,0,560,83,82.97897431324131,80.82514720643019,0.25640350066972634,45.142025287436105,19
Hybrid GWO-ABC,0,560,85,29.091783814011862,51.50571292317145,0.2564139416814461,20.962363308725994,20
Hybrid GWO-ABC,0,561,13,46.67210037270342,4.380376578722878,0.25593248733186547,45.740845609023204,16
Hybrid GWO-ABC,0,561,20,43.715191887233075,83.26781960578374,0.2560264278282836,33.85626432932715,21
Hybrid GWO-ABC,0,561,40,66.43135403273875,40.63868614400705,0.2560276917737959,18.91093843413398,29
Hybrid GWO-ABC,0,561,84,31.713889282271534,95.28993950697449,0.25716859004915416,48.842199640540684,15
Hybrid GWO-ABC,0,561,99,19.643466571457324,31.03236729000948,0.25619565808506567,35.795114365222126,19
Hybrid GWO-ABC,0,562,3,76.1139701990353,78.60643052769538,0.2554969750202789,38.73328422806367,26
Hybrid GWO-ABC,0,562,12,77.83834970737618,19.463870785196757,0.25574094645559775,41.321046717784526,18
Hybrid GWO-ABC,0,562,61,8.44443211398891,41.58074021706096,0.25563905132175935,42.399872141570086,16
Hybrid GWO-ABC,0,562,63,32.98612123327853,14.45241888660469,0.25624545106305047,39.40942265121521,22
Hybrid GWO-ABC,0,562,65,17.05929685368861,92.51201183767972,0.2560403008658212,53.78067565827367,18
Hybrid GWO-ABC,0,563,11,97.06980243949033,89.31211213221977,0.277948197838582,61.327061416546535,10
Hybrid GWO-ABC,0,563,29,13.979699812765745,11.453007353597345,0.255662650419317,52.75729966232435,19
Hybrid GWO-ABC,0,563,60,58.40979689127356,64.984660155482,0.25506097965484664,17.183268714879727,23
Hybrid GWO-ABC,0,563,94,74.6789611349026,26.246051592286467,0.2552241838809254,34.2534843140716,24
Hybrid GWO-ABC,0,563,96,12.275793241148602,83.11126721249062,0.2565801240668328,50.19434023873136,24
Hybrid GWO-ABC,0,564,41,81.40203846660347,16.697291990770392,0.2555180513772297,45.772900067682514,18
Hybrid GWO-ABC,0,564,44,16.127177903360177,50.10447751033635,0.2546700267698178,33.87298322174735,17
Hybrid GWO-ABC,0,564,45,15.231210271316842,69.6320375077736,0.25481970558143846,39.92850655739597,19
Hybrid GWO-ABC,0,564,58,75.85195298352102,71.94629559509367,0.25474284397090924,33.911109734265686,27
Hybrid GWO-ABC,0,564,73,33.15689973425522,52.06724024715378,0.2546685259020989,16.969487582168895,19
Hybrid GWO-ABC,0,565,34,3.0817834567939406,43.671738923236234,0.25493362901227273,47.34306635454508,23
Hybrid GWO-ABC,0,565,39,55.70321523412783,78.38982091064135,0.25435468921119453,28.957012887124193,21
Hybrid GWO-ABC,0,565,52,77.87509039657947,71.68901891589957,0.25448482098851494,35.31903461522874,21
Hybrid GWO-ABC,0,565,69,78.27352272502863,8.272999992243857,0.25479439228065554,50.40371630078472,9
Hybrid GWO-ABC,0,565,91,51.885836038644904,31.5929051830793,0.25428701970651085,18.503446088871144,26
Hybrid GWO-ABC,0,566,22,83.2259801395201,80.47643574968019,0.2538267442923938,45.086349289293416,20
Hybrid GWO-ABC,0,566,30,66.84029617904716,47.10962061431325,0.25385187583699914,17.08654056242027,22
Hybrid GWO-ABC,0,566,54,9.63909621534993,90.26023965438416,0.25956259149319544,57.007801670843506,17
Hybrid GWO-ABC,0,566,59,43.20930397751037,62.73088407024432,0.2538144482464532,14.428754682225943,21
Hybrid GWO-ABC,0,566,81,23.02139908948808,3.741255617617978,0.2544970669786984,53.551062911236734,20
Hybrid GWO-ABC,0,567,36,85.34030732681661,23.393948586534073,0.25353526343912247,44.23595024151556,18
Hybrid GWO-ABC,0,567,37,5.830274168906602,28.138389202199654,0.2540250201209148,49.28381789866183,19
Hybrid GWO-ABC,0,567,51,26.586996145951957,96.91763773477238,0.2548625688538873,52.4350405748008,22
Hybrid GWO-ABC,0,567,74,43.89114603050467,2.1612079880330426,0.2533468433872363,48.22725492898028,17
Hybrid GWO-ABC,0,567,89,89.1677266254914,74.86080194569492,0.25337637361698834,46.391489331474325,24
Hybrid GWO-ABC,0,568,10,75.80877400853738,35.45259681298683,0.25310274404145505,29.626335502543604,17
Hybrid GWO-ABC,0,568,19,22.69093490508841,66.98139946825104,0.25338131667168506,32.15824877474573,18
Hybrid GWO-ABC,0,568,31,56.52361064811888,76.49988574160255,0.25294027199792773,27.291050551531363,26
Hybrid GWO-ABC,0,568,46,44.61562755740307,38.10212260964825,0.2530307466726565,13.059515802526548,26
Hybrid GWO-ABC,0,568,76,14.024908899861078,55.40361435390494,0.25298594048342893,36.37865071369501,13
Hybrid GWO-ABC,0,569,5,37.07980242325812,92.67649888486018,0.25324247762941565,44.589405271785346,25
Hybrid GWO-ABC,0,569,21,70.0265102002249,31.236664138204105,0.2524672730419273,27.443102657357606,14
Hybrid GWO-ABC,0,569,33,55.92071607454135,30.39500980626122,0.25277661660505524,20.47951462637545,20
Hybrid GWO-ABC,0,569,50,90.8580690707607,69.97071338107496,0.2526991742148303,45.47759009820221,21
Hybrid GWO-ABC,0,569,97,15.328431662449404,17.926830815773908,0.25268362305287273,47.23140726789146,20
Hybrid GWO-ABC,0,570,14,15.428949206754783,68.30489532424546,0.25239157495022596,39.11811275842336,23
Hybrid GWO-ABC,0,570,16,32.58253581381519,37.045970603486886,0.25212940247108634,21.706564359261378,14
Hybrid GWO-ABC,0,570,17,46.95558112758079,18.94713590842857,0.2524541617557751,31.201744415342365,19
Hybrid GWO-ABC,0,570,53,44.93615021437887,27.224156184515902,0.25220541054951245,23.331987402676617,15
Hybrid GWO-ABC,0,570,98,59.93827915208435,87.45620408374644,0.2524680667974644,38.7522466041392,29
Hybrid GWO-ABC,0,571,11,97.06980243949033,89.31211213221977,0.27397476552278105,61.327061416546535,20
Hybrid GWO-ABC,0,571,24,68.24955039749754,13.97524836093098,0.2517374830052427,40.38352164395039,21
Hybrid GWO-ABC,0,571,62,4.161417386189248,49.39908192445189,0.25195191893820756,45.84252129384545,20
Hybrid GWO-ABC,0,571,84,31.713889282271534,95.28993950697449,0.25177886104462255,48.842199640540684,20
Hybrid GWO-ABC,0,571,93,37.36577288737101,9.446666806151526,0.25167849090358785,42.47583463411616,19
Hybrid GWO-ABC,0,572,8,55.45847870158348,6.381725610417533,0.2515189659117025,43.9584900839479,12
Hybrid GWO-ABC,0,572,23,38.74783790301745,28.83281039302441,0.2512633484455878,23.97208934812371,26
Hybrid GWO-ABC,0,572,68,95.85592132414453,48.23034369429002,0.251710178959168,45.890055610409455,26
Hybrid GWO-ABC,0,572,77,10.857574113544356,67.22400930398116,0.25181562491365217,42.76442447619636,19
Hybrid GWO-ABC,0,572,86,25.596509056760276,93.60435700489633,0.25133559111068576,49.96869339923984,17
Hybrid GWO-ABC,0,573,1,85.85979199113825,69.73680290593639,0.2507526797376533,40.93245742189787,16
Hybrid GWO-ABC,0,573,2,9.417734788764953,97.5622351636756,0.29918640200258095,62.52268758970457,24
Hybrid GWO-ABC,0,573,9,82.7631171992582,63.166439912206485,0.250898644750169,35.30972937554283,17
Hybrid GWO-ABC,0,573,42,2.2712073133860478,9.004786077564175,0.3011165119788107,62.91776550282162,20
Hybrid GWO-ABC,0,573,69,78.27352272502863,8.272999992243857,0.2511123876035192,50.40371630078472,23
Hybrid GWO-ABC,0,574,0,77.39560485559633,43.88784397520523,0.2502883495861522,28.069157747880652,21
Hybrid GWO-ABC,0,574,56,30.59566241506525,57.9219568941896,0.25056440598417157,20.959144022204473,20
Hybrid GWO-ABC,0,574,64,10.340296772255165,58.7644572177712,0.25032541239005257,40.616594766609076,21
Hybrid GWO-ABC,0,574,67,59.091549148141674,2.28038710296975,0.2508660159271676,48.577955092361506,19
Hybrid GWO-ABC,0,574,75,82.62919241943578,89.61607718397667,0.2512734918827766,51.32346217268826,19
Hybrid GWO-ABC,0,575,4,12.811363267554587,45.038593789556714,0.24988749926023623,37.51813233095184,38
Hybrid GWO-ABC,0,575,82,55.48524693914834,37.092228386243875,0.25000889340170335,14.024924314103254,33
Hybrid GWO-ABC,0,575,92,77.2012432110988,66.16612631677611,0.24998434424555968,31.642554769160306,29
Hybrid GWO-ABC,0,576,15,74.47621559078172,96.750973243421,0.25183339687527173,52.77062278250554,23
Hybrid GWO-ABC,0,576,54,9.63909621534993,90.26023965438416,0.25364469517338906,57.007801670843506,18
Hybrid GWO-ABC,0,576,55,45.57762898336111,20.236336479523032,0.24950487858627549,30.09041428044784,24
Hybrid GWO-ABC,0,576,70,48.66583308381603,49.07069943545209,0.2494854873798696,1.6259154035523802,24
Hybrid GWO-ABC,0,576,95,93.68131505337793,24.097057500568475,0.250593147598865,50.78404980819585,11
Hybrid GWO-ABC,0,577,6,64.38651200806646,82.276161327083,0.24912411591532907,35.33726528425946,30
Hybrid GWO-ABC,0,577,18,12.992150533547164,47.57049262259338,0.24905505235139316,37.08751040752812,35
Hybrid GWO-ABC,0,577,66,58.106113970039495,34.686980453483706,0.24904822818819028,17.32621283856514,35
Hybrid GWO-ABC,0,578,26,78.69243775021384,66.48508565920321,0.24853839166539804,33.09099625640128,15
Hybrid GWO-ABC,0,578,27,70.51653786263351,78.07290310219679,0.24854324739635925,34.77091046340611,17
Hybrid GWO-ABC,0,578,41,81.40203846660347,16.697291990770392,0.24859027442037712,45.772900067682514,13
Hybrid GWO-ABC,0,578,48,36.18126105533904,8.7649919316101,0.248661804959763,43.488888654699714,20
Hybrid GWO-ABC,0,578,61,8.44443211398891,41.58074021706096,0.24871634976889037,42.399872141570086,18
Hybrid GWO-ABC,0,578,65,17.05929685368861,92.51201183767972,0.2485603309120124,53.78067565827367,17
Hybrid GWO-ABC,0,579,12,77.83834970737618,19.463870785196757,0.24828014172543092,41.321046717784526,21
Hybrid GWO-ABC,0,579,35,21.45846728195292,40.852864372463614,0.2484895340042621,29.97147277135205,21
Hybrid GWO-ABC,0,579,79,72.69946142868827,76.8647491917657,0.24865526813758013,35.170730704507434,25
Hybrid GWO-ABC,0,579,80,10.774094595589656,91.60118451376078,0.254362129764748,57.17805704764476,15
Hybrid GWO-ABC,0,579,99,19.643466571457324,31.03236729000948,0.24826038945394532,35.795114365222126,18
Hybrid GWO-ABC,0,580,13,46.67210037270342,4.380376578722878,0.24827419184990845,45.740845609023204,22
Hybrid GWO-ABC,0,580,32,63.47183200005908,55.35794006579958,0.2477561113899602,14.498199170466526,19
Hybrid GWO-ABC,0,580,38,29.35937577666836,66.1916514726895,0.24776137975924578,26.233660547888334,21
Hybrid GWO-ABC,0,580,83,82.97897431324131,80.82514720643019,0.24807916949145828,45.142025287436105,20
Hybrid GWO-ABC,0,580,85,29.091783814011862,51.50571292317145,0.24774456536363887,20.962363308725994,18
Hybrid GWO-ABC,0,581,63,32.98612123327853,14.45241888660469,0.2473722731997261,39.40942265121521,12
Hybrid GWO-ABC,0,581,71,93.78264549749828,57.17280523760754,0.24779070984776647,44.366306830028755,25
Hybrid GWO-ABC,0,581,72,47.348940105695384,26.69756630918936,0.247752913685856,23.45275110680658,24
Hybrid GWO-ABC,0,581,76,14.024908899861078,55.40361435390494,0.24744027955746206,36.37865071369501,22
Hybrid GWO-ABC,0,581,88,43.509706000303794,99.2375564055837,0.24840075535193962,49.66347628786701,17
Hybrid GWO-ABC,0,582,20,43.715191887233075,83.26781960578374,0.24686841953668034,33.85626432932715,21
Hybrid GWO-ABC,0,582,29,13.979699812765745,11.453007353597345,0.24715216995543643,52.75729966232435,19
Hybrid GWO-ABC,0,582,44,16.127177903360177,50.10447751033635,0.24719979537238215,33.87298322174735,24
Hybrid GWO-ABC,0,582,90,89.07924908785249,89.34466396978632,0.24686063294330313,55.45439831217919,18
Hybrid GWO-ABC,0,582,95,93.68131505337793,24.097057500568475,0.24687640218887666,50.78404980819585,18
Hybrid GWO-ABC,0,583,7,44.34141988273311,22.723872178477688,0.24654378426325288,27.856896415063034,22
Hybrid GWO-ABC,0,583,11,97.06980243949033,89.31211213221977,0.26690516168056605,61.327061416546535,20
Hybrid GWO-ABC,0,583,21,70.0265102002249,31.236664138204105,0.24652085553303965,27.443102657357606,17
Hybrid GWO-ABC,0,583,45,15.231210271316842,69.6320375077736,0.24665099544156543,39.92850655739597,23
Hybrid GWO-ABC,0,583,73,33.15689973425522,52.06724024715378,0.24644905347093984,16.969487582168895,18
Hybrid GWO-ABC,0,584,10,75.80877400853738,35.45259681298683,0.24606212288856694,29.626335502543604,19
Hybrid GWO-ABC,0,584,28,45.891577553834,56.87411959528937,0.24594988170829016,8.008286658611938,21
Hybrid GWO-ABC,0,584,52,77.87509039657947,71.68901891589957,0.24596836344093786,35.31903461522874,22
Hybrid GWO-ABC,0,584,81,23.02139908948808,3.741255617617978,0.24604944279710175,53.551062911236734,18
Hybrid GWO-ABC,0,584,96,12.275793241148602,83.11126721249062,0.24677264674921245,50.19434023873136,20
Hybrid GWO-ABC,0,585,16,32.58253581381519,37.045970603486886,0.24595403880431851,21.706564359261378,12
Hybrid GWO-ABC,0,585,19,22.69093490508841,66.98139946825104,0.24589540362903503,32.15824877474573,21
Hybrid GWO-ABC,0,585,36,85.34030732681661,23.393948586534073,0.24572257938714318,44.23595024151556,20
Hybrid GWO-ABC,0,585,47,30.151208914787652,63.028259311888846,0.2461264478065395,23.742578803538244,24
Hybrid GWO-ABC,0,585,53,44.93615021437887,27.224156184515902,0.24580745113768301,23.331987402676617,23
Hybrid GWO-ABC,0,586,22,83.2259801395201,80.47643574968019,0.24519635745196838,45.086349289293416,18
Hybrid GWO-ABC,0,586,34,3.0817834567939406,43.671738923236234,0.24524548776145516,47.34306635454508,23
Hybrid GWO-ABC,0,586,39,55.70321523412783,78.38982091064135,0.24522620579927568,28.957012887124193,23
Hybrid GWO-ABC,0,586,74,43.89114603050467,2.1612079880330426,0.24545597584445544,48.22725492898028,17
Hybrid GWO-ABC,0,586,94,74.6789611349026,26.246051592286467,0.245201805973493,34.2534843140716,19
Hybrid GWO-ABC,0,587,17,46.95558112758079,18.94713590842857,0.2447807595644522,31.201744415342365,22
Hybrid GWO-ABC,0,587,33,55.92071607454135,30.39500980626122,0.2446580870796423,20.47951462637545,17
Hybrid GWO-ABC,0,587,57,17.67727829392317,85.66142840923754,0.24467760099231686,48.12998872507312,18
Hybrid GWO-ABC,0,587,59,43.20930397751037,62.73088407024432,0.24463924298597167,14.428754682225943,17
Hybrid GWO-ABC,0,587,60,58.40979689127356,64.984660155482,0.24483099141739853,17.183268714879727,26
Hybrid GWO-ABC,0,588,3,76.1139701990353,78.60643052769538,0.24434249286086793,38.73328422806367,22
Hybrid GWO-ABC,0,588,8,55.45847870158348,6.381725610417533,0.2454685934383058,43.9584900839479,17
Hybrid GWO-ABC,0,588,30,66.84029617904716,47.10962061431325,0.24434433275391898,17.08654056242027,22
Hybrid GWO-ABC,0,588,37,5.830274168906602,28.138389202199654,0.2451582465343454,49.28381789866183,19
Hybrid GWO-ABC,0,588,51,26.586996145951957,96.91763773477238,0.24533657242572482,52.4350405748008,20
Hybrid GWO-ABC,0,589,9,82.7631171992582,63.166439912206485,0.24380465559579262,35.30972937554283,24
Hybrid GWO-ABC,0,589,40,66.43135403273875,40.63868614400705,0.2437847870918847,18.91093843413398,30
Hybrid GWO-ABC,0,589,86,25.596509056760276,93.60435700489633,0.2438633063980009,49.96869339923984,22
Hybrid GWO-ABC,0,589,97,15.328431662449404,17.926830815773908,0.24389772966050813,47.23140726789146,24
Hybrid GWO-ABC,0,590,58,75.85195298352102,71.94629559509367,0.2433850597528487,33.911109734265686,26
Hybrid GWO-ABC,0,590,77,10.857574113544356,67.22400930398116,0.2438445424715376,42.76442447619636,19
Hybrid GWO-ABC,0,590,80,10.774094595589656,91.60118451376078,0.24863620974888476,57.17805704764476,13
Hybrid GWO-ABC,0,590,91,51.885836038644904,31.5929051830793,0.24332521936839407,18.503446088871144,26
Hybrid GWO-ABC,0,590,93,37.36577288737101,9.446666806151526,0.24350897378732309,42.47583463411616,16
Hybrid GWO-ABC,0,591,1,85.85979199113825,69.73680290593639,0.2434873470408118,40.93245742189787,25
Hybrid GWO-ABC,0,591,5,37.07980242325812,92.67649888486018,0.2429322588194037,44.589405271785346,12
Hybrid GWO-ABC,0,591,14,15.428949206754783,68.30489532424546,0.24295330612721408,39.11811275842336,19
Hybrid GWO-ABC,0,591,41,81.40203846660347,16.697291990770392,0.2429556375846591,45.772900067682514,25
Hybrid GWO-ABC,0,591,62,4.161417386189248,49.39908192445189,0.2432196922262702,45.84252129384545,19
Hybrid GWO-ABC,0,592,24,68.24955039749754,13.97524836093098,0.24272931899746006,40.38352164395039,19
Hybrid GWO-ABC,0,592,54,9.63909621534993,90.26023965438416,0.2461568866940905,57.007801670843506,14
Hybrid GWO-ABC,0,592,63,32.98612123327853,14.45241888660469,0.24248761840168895,39.40942265121521,30
Hybrid GWO-ABC,0,592,84,31.713889282271534,95.28993950697449,0.2427798822803377,48.842199640540684,15
Hybrid GWO-ABC,0,592,89,89.1677266254914,74.86080194569492,0.2427760949494874,46.391489331474325,22
Hybrid GWO-ABC,0,593,26,78.69243775021384,66.48508565920321,0.2421869525809305,33.09099625640128,30
Hybrid GWO-ABC,0,593,56,30.59566241506525,57.9219568941896,0.24217017846508984,20.959144022204473,22
Hybrid GWO-ABC,0,593,67,59.091549148141674,2.28038710296975,0.24247233825276612,48.577955092361506,27
Hybrid GWO-ABC,0,593,78,28.123378383900832,65.94226346919018,0.24210235923102136,27.06921383888075,21
Hybrid GWO-ABC,0,594,31,56.52361064811888,76.49988574160255,0.24161405181660697,27.291050551531363,15
Hybrid GWO-ABC,0,594,46,44.61562755740307,38.10212260964825,0.24176424665375446,13.059515802526548,37
Hybrid GWO-ABC,0,594,50,90.8580690707607,69.97071338107496,0.2427631311686816,45.47759009820221,18
Hybrid GWO-ABC,0,594,54,9.63909621534993,90.26023965438416,0.2427095698099156,57.007801670843506,17
Hybrid GWO-ABC,0,594,87,16.460781758201815,4.491061939232899,0.2602693538203615,56.53266846425794,13
Hybrid GWO-ABC,0,595,0,77.39560485559633,43.88784397520523,0.24123628607604686,28.069157747880652,17
Hybrid GWO-ABC,0,595,16,32.58253581381519,37.045970603486886,0.2412805665705438,21.706564359261378,19
Hybrid GWO-ABC,0,595,27,70.51653786263351,78.07290310219679,0.24129815335610297,34.77091046340611,25
Hybrid GWO-ABC,0,595,64,10.340296772255165,58.7644572177712,0.24125690536586425,40.616594766609076,26
Hybrid GWO-ABC,0,595,87,16.460781758201815,4.491061939232899,0.2572815161162139,56.53266846425794,13
Hybrid GWO-ABC,0,596,61,8.44443211398891,41.58074021706096,0.2408464276582912,42.399872141570086,17
Hybrid GWO-ABC,0,596,69,78.27352272502863,8.272999992243857,0.24090457962202697,50.40371630078472,19
Hybrid GWO-ABC,0,596,75,82.62919241943578,89.61607718397667,0.2423328117100747,51.32346217268826,22
Hybrid GWO-ABC,0,596,88,43.509706000303794,99.2375564055837,0.24131017362731952,49.66347628786701,17
Hybrid GWO-ABC,0,596,99,19.643466571457324,31.03236729000948,0.24072241443061965,35.795114365222126,25
Hybrid GWO-ABC,0,597,15,74.47621559078172,96.750973243421,0.24208609407768802,52.77062278250554,20
Hybrid GWO-ABC,0,597,48,36.18126105533904,8.7649919316101,0.24027254172867163,43.488888654699714,25
Hybrid GWO-ABC,0,597,49,11.800590212051532,96.18976645495145,0.27273725016629846,59.93904765101437,22
Hybrid GWO-ABC,0,597,68,95.85592132414453,48.23034369429002,0.24034902197504351,45.890055610409455,19
Hybrid GWO-ABC,0,597,87,16.460781758201815,4.491061939232899,0.2540650955971726,56.53266846425794,14
Hybrid GWO-ABC,0,598,23,38.74783790301745,28.83281039302441,0.23999427496520775,23.97208934812371,40
Hybrid GWO-ABC,0,598,85,29.091783814011862,51.50571292317145,0.23997304103093564,20.962363308725994,29
Hybrid GWO-ABC,0,598,98,59.93827915208435,87.45620408374644,0.24000233666569984,38.7522466041392,31
Hybrid GWO-ABC,0,599,21,70.0265102002249,31.236664138204105,0.23949758366798535,27.443102657357606,19
Hybrid GWO-ABC,0,599,35,21.45846728195292,40.852864372463614,0.2396872654800457,29.97147277135205,23
Hybrid GWO-ABC,0,599,55,45.57762898336111,20.236336479523032,0.2394237667084808,30.09041428044784,18
Hybrid GWO-ABC,0,599,65,17.05929685368861,92.51201183767972,0.24027034039154765,53.78067565827367,17
Hybrid GWO-ABC,0,599,83,82.97897431324131,80.82514720643019,0.239702779344169,45.142025287436105,23
Hybrid GWO-ABC,0,600,29,13.979699812765745,11.453007353597345,0.23899299261644058,52.75729966232435,17
Hybrid GWO-ABC,0,600,32,63.47183200005908,55.35794006579958,0.23925420535961828,14.498199170466526,21
Hybrid GWO-ABC,0,600,43,72.23593505964503,46.18772302513874,0.23898674044934715,22.560369316786645,18
Hybrid GWO-ABC,0,600,70,48.66583308381603,49.07069943545209,0.2390058466700264,1.6259154035523802,21
Hybrid GWO-ABC,0,600,96,12.275793241148602,83.11126721249062,0.23898830000171342,50.19434023873136,23
Hybrid GWO-ABC,0,601,12,77.83834970737618,19.463870785196757,0.23889636741520454,41.321046717784526,16
Hybrid GWO-ABC,0,601,13,46.67210037270342,4.380376578722878,0.2389015261366526,45.740845609023204,19
Hybrid GWO-ABC,0,601,38,29.35937577666836,66.1916514726895,0.2386923287002426,26.233660547888334,23
Hybrid GWO-ABC,0,601,73,33.15689973425522,52.06724024715378,0.23866743866991494,16.969487582168895,18
Hybrid GWO-ABC,0,601,79,72.69946142868827,76.8647491917657,0.2386056448146498,35.170730704507434,24
Hybrid GWO-ABC,0,602,8,55.45847870158348,6.381725610417533,0.2386892796199496,43.9584900839479,16
Hybrid GWO-ABC,0,602,10,75.80877400853738,35.45259681298683,0.23813683245860667,29.626335502543604,24
Hybrid GWO-ABC,0,602,42,2.2712073133860478,9.004786077564175,0.2895850581187842,62.91776550282162,15
Hybrid GWO-ABC,0,602,49,11.800590212051532,96.18976645495145,0.2668048905608009,59.93904765101437,24
Hybrid GWO-ABC,0,602,90,89.07924908785249,89.34466396978632,0.23844195336623325,55.45439831217919,21
Hybrid GWO-ABC,0,603,20,43.715191887233075,83.26781960578374,0.2377224808020357,33.85626432932715,17
Hybrid GWO-ABC,0,603,72,47.348940105695384,26.69756630918936,0.23786422364746895,23.45275110680658,21
Hybrid GWO-ABC,0,603,74,43.89114603050467,2.1612079880330426,0.23807201351872367,48.22725492898028,14
Hybrid GWO-ABC,0,603,76,14.024908899861078,55.40361435390494,0.23783358978624933,36.37865071369501,22
Hybrid GWO-ABC,0,603,92,77.2012432110988,66.16612631677611,0.237742966398624,31.642554769160306,26
Hybrid GWO-ABC,0,604,5,37.07980242325812,92.67649888486018,0.23754314283469719,44.589405271785346,13
Hybrid GWO-ABC,0,604,7,44.34141988273311,22.723872178477688,0.23735576696010452,27.856896415063034,22
Hybrid GWO-ABC,0,604,19,22.69093490508841,66.98139946825104,0.23726688763247034,32.15824877474573,24
Hybrid GWO-ABC,0,604,22,83.2259801395201,80.47643574968019,0.23757129472739694,45.086349289293416,21
Hybrid GWO-ABC,0,604,33,55.92071607454135,30.39500980626122,0.237408511438752,20.47951462637545,20
Hybrid GWO-ABC,0,605,44,16.127177903360177,50.10447751033635,0.23692475444653058,33.87298322174735,21
Hybrid GWO-ABC,0,605,52,77.87509039657947,71.68901891589957,0.2368265257926708,35.31903461522874,21
Hybrid GWO-ABC,0,605,59,43.20930397751037,62.73088407024432,0.23693109955538907,14.428754682225943,22
Hybrid GWO-ABC,0,605,93,37.36577288737101,9.446666806151526,0.23687094404837514,42.47583463411616,19
Hybrid GWO-ABC,0,605,94,74.6789611349026,26.246051592286467,0.23703601052379453,34.2534843140716,17
Hybrid GWO-ABC,0,606,6,64.38651200806646,82.276161327083,0.23640742676367588,35.33726528425946,29
Hybrid GWO-ABC,0,606,28,45.891577553834,56.87411959528937,0.23654349115304693,8.008286658611938,32
Hybrid GWO-ABC,0,606,53,44.93615021437887,27.224156184515902,0.23640504144991834,23.331987402676617,39
Hybrid GWO-ABC,0,607,45,15.231210271316842,69.6320375077736,0.23654229166979707,39.92850655739597,21
Hybrid GWO-ABC,0,607,47,30.151208914787652,63.028259311888846,0.23614361948207005,23.742578803538244,16
Hybrid GWO-ABC,0,607,71,93.78264549749828,57.17280523760754,0.23649680108835108,44.366306830028755,22
Hybrid GWO-ABC,0,607,81,23.02139908948808,3.741255617617978,0.2370208201519674,53.551062911236734,13
Hybrid GWO-ABC,0,607,82,55.48524693914834,37.092228386243875,0.23594417157918574,14.024924314103254,28
Hybrid GWO-ABC,0,608,17,46.95558112758079,18.94713590842857,0.2356069304420917,31.201744415342365,23
Hybrid GWO-ABC,0,608,36,85.34030732681661,23.393948586534073,0.2361469184535503,44.23595024151556,13
Hybrid GWO-ABC,0,608,37,5.830274168906602,28.138389202199654,0.23646158444637747,49.28381789866183,18
Hybrid GWO-ABC,0,608,50,90.8580690707607,69.97071338107496,0.23587615526293532,45.47759009820221,23
Hybrid GWO-ABC,0,608,51,26.586996145951957,96.91763773477238,0.23656983289845795,52.4350405748008,23
Hybrid GWO-ABC,0,609,3,76.1139701990353,78.60643052769538,0.23526153043731415,38.73328422806367,18
Hybrid GWO-ABC,0,609,31,56.52361064811888,76.49988574160255,0.23516988490334692,27.291050551531363,16
Hybrid GWO-ABC,0,609,77,10.857574113544356,67.22400930398116,0.2356411626146257,42.76442447619636,28
Hybrid GWO-ABC,0,609,87,16.460781758201815,4.491061939232899,0.2483473915228329,56.53266846425794,21
Hybrid GWO-ABC,0,609,95,93.68131505337793,24.097057500568475,0.23656352889044885,50.78404980819585,17
Hybrid GWO-ABC,0,610,24,68.24955039749754,13.97524836093098,0.23468104815984234,40.38352164395039,20
Hybrid GWO-ABC,0,610,30,66.84029617904716,47.10962061431325,0.23478481274837454,17.08654056242027,21
Hybrid GWO-ABC,0,610,34,3.0817834567939406,43.671738923236234,0.23471017897307156,47.34306635454508,20
Hybrid GWO-ABC,0,610,39,55.70321523412783,78.38982091064135,0.23505848552375663,28.957012887124193,20
Hybrid GWO-ABC,0,610,57,17.67727829392317,85.66142840923754,0.23582808463815272,48.12998872507312,19
Hybrid GWO-ABC,0,611,11,97.06980243949033,89.31211213221977,0.2559565628161432,61.327061416546535,21
Hybrid GWO-ABC,0,611,15,74.47621559078172,96.750973243421,0.2346024521897508,52.77062278250554,15
Hybrid GWO-ABC,0,611,42,2.2712073133860478,9.004786077564175,0.2841514144749865,62.91776550282162,21
Hybrid GWO-ABC,0,611,62,4.161417386189248,49.39908192445189,0.2345421205781759,45.84252129384545,26
Hybrid GWO-ABC,0,611,86,25.596509056760276,93.60435700489633,0.23427667250098236,49.96869339923984,17
Hybrid GWO-ABC,0,612,0,77.39560485559633,43.88784397520523,0.23382307415245684,28.069157747880652,16
Hybrid GWO-ABC,0,612,14,15.428949206754783,68.30489532424546,0.23437147946642686,39.11811275842336,22
Hybrid GWO-ABC,0,612,18,12.992150533547164,47.57049262259338,0.2337958789354823,37.08751040752812,19
Hybrid GWO-ABC,0,612,66,58.106113970039495,34.686980453483706,0.2338162644051889,17.32621283856514,24
Hybrid GWO-ABC,0,612,75,82.62919241943578,89.61607718397667,0.2341188710584762,51.32346217268826,19
Hybrid GWO-ABC,0,613,1,85.85979199113825,69.73680290593639,0.23344254664504158,40.93245742189787,22
Hybrid GWO-ABC,0,613,4,12.811363267554587,45.038593789556714,0.23331914075666108,37.51813233095184,23
Hybrid GWO-ABC,0,613,16,32.58253581381519,37.045970603486886,0.23330334638812464,21.706564359261378,21
Hybrid GWO-ABC,0,613,60,58.40979689127356,64.984660155482,0.23348249633683843,17.183268714879727,21
Hybrid GWO-ABC,0,613,97,15.328431662449404,17.926830815773908,0.23339693741091783,47.23140726789146,13
Hybrid GWO-ABC,0,614,9,82.7631171992582,63.166439912206485,0.233341145066225,35.30972937554283,23
Hybrid GWO-ABC,0,614,56,30.59566241506525,57.9219568941896,0.23284907288060608,20.959144022204473,20
Hybrid GWO-ABC,0,614,61,8.44443211398891,41.58074021706096,0.23325384681399874,42.399872141570086,22
Hybrid GWO-ABC,0,614,78,28.123378383900832,65.94226346919018,0.2330363241738057,27.06921383888075,21
Hybrid GWO-ABC,0,614,89,89.1677266254914,74.86080194569492,0.23335113554677922,46.391489331474325,14
Hybrid GWO-ABC,0,615,25,19.990820247510833,0.7362269751005512,0.25421762761355154,57.684228365004735,32
Hybrid GWO-ABC,0,615,58,75.85195298352102,71.94629559509367,0.23257772227146872,33.911109734265686,42
Hybrid GWO-ABC,0,615,84,31.713889282271534,95.28993950697449,0.23438064113888368,48.842199640540684,26
Hybrid GWO-ABC,0,616,5,37.07980242325812,92.67649888486018,0.23211735481330723,44.589405271785346,16
Hybrid GWO-ABC,0,616,65,17.05929685368861,92.51201183767972,0.2327661245536185,53.78067565827367,17
Hybrid GWO-ABC,0,616,74,43.89114603050467,2.1612079880330426,0.2320647812334248,48.22725492898028,31
Hybrid GWO-ABC,0,616,81,23.02139908948808,3.741255617617978,0.23215641133618753,53.551062911236734,15
Hybrid GWO-ABC,0,616,88,43.509706000303794,99.2375564055837,0.2330323570195012,49.66347628786701,21
Hybrid GWO-ABC,0,617,11,97.06980243949033,89.31211213221977,0.24999781324004464,61.327061416546535,22
Hybrid GWO-ABC,0,617,12,77.83834970737618,19.463870785196757,0.23156151492425753,41.321046717784526,11
Hybrid GWO-ABC,0,617,55,45.57762898336111,20.236336479523032,0.2316462862062855,30.09041428044784,24
Hybrid GWO-ABC,0,617,80,10.774094595589656,91.60118451376078,0.23969587208982363,57.17805704764476,23
Hybrid GWO-ABC,0,617,91,51.885836038644904,31.5929051830793,0.23170467107758397,18.503446088871144,20
Hybrid GWO-ABC,0,618,2,9.417734788764953,97.5622351636756,0.2833063352547347,62.52268758970457,21
Hybrid GWO-ABC,0,618,8,55.45847870158348,6.381725610417533,0.23151373459524222,43.9584900839479,16
Hybrid GWO-ABC,0,618,27,70.51653786263351,78.07290310219679,0.2310439641693652,34.77091046340611,24
Hybrid GWO-ABC,0,618,29,13.979699812765745,11.453007353597345,0.23131983541919626,52.75729966232435,18
Hybrid GWO-ABC,0,618,43,72.23593505964503,46.18772302513874,0.2311041946325134,22.560369316786645,21
Hybrid GWO-ABC,0,619,13,46.67210037270342,4.380376578722878,0.23078023013571677,45.740845609023204,20
Hybrid GWO-ABC,0,619,20,43.715191887233075,83.26781960578374,0.2306443456200811,33.85626432932715,27
Hybrid GWO-ABC,0,619,40,66.43135403273875,40.63868614400705,0.23061792671186113,18.91093843413398,26
Hybrid GWO-ABC,0,619,73,33.15689973425522,52.06724024715378,0.23074668377247423,16.969487582168895,27
Hybrid GWO-ABC,0,620,2,9.417734788764953,97.5622351636756,0.2782747459610146,62.52268758970457,23
Hybrid GWO-ABC,0,620,21,70.0265102002249,31.236664138204105,0.23073613540359875,27.443102657357606,17
Hybrid GWO-ABC,0,620,32,63.47183200005908,55.35794006579958,0.23038148483664964,14.498199170466526,20
Hybrid GWO-ABC,0,620,67,59.091549148141674,2.28038710296975,0.23017575054051884,48.577955092361506,20
Hybrid GWO-ABC,0,620,83,82.97897431324131,80.82514720643019,0.23023388062076314,45.142025287436105,20
Hybrid GWO-ABC,0,621,11,97.06980243949033,89.31211213221977,0.24424796395638215,61.327061416546535,20
Hybrid GWO-ABC,0,621,35,21.45846728195292,40.852864372463614,0.22981976189355188,29.97147277135205,19
Hybrid GWO-ABC,0,621,41,81.40203846660347,16.697291990770392,0.23031260162338757,45.772900067682514,15
Hybrid GWO-ABC,0,621,64,10.340296772255165,58.7644572177712,0.22981462121307358,40.616594766609076,23
Hybrid GWO-ABC,0,621,70,48.66583308381603,49.07069943545209,0.22989274714319974,1.6259154035523802,23
Hybrid GWO-ABC,0,622,26,78.69243775021384,66.48508565920321,0.2294511770419389,33.09099625640128,25
Hybrid GWO-ABC,0,622,47,30.151208914787652,63.028259311888846,0.22938286381799392,23.742578803538244,29
Hybrid GWO-ABC,0,622,94,74.6789611349026,26.246051592286467,0.22946596856313525,34.2534843140716,22
Hybrid GWO-ABC,0,622,99,19.643466571457324,31.03236729000948,0.22958081218455792,35.795114365222126,24
Hybrid GWO-ABC,0,623,22,83.2259801395201,80.47643574968019,0.22898220619553458,45.086349289293416,23
Hybrid GWO-ABC,0,623,33,55.92071607454135,30.39500980626122,0.2288934826839395,20.47951462637545,19
Hybrid GWO-ABC,0,623,38,29.35937577666836,66.1916514726895,0.22894137204396223,26.233660547888334,21
Hybrid GWO-ABC,0,623,72,47.348940105695384,26.69756630918936,0.2289559732806091,23.45275110680658,23
Hybrid GWO-ABC,0,623,96,12.275793241148602,83.11126721249062,0.22896138174033362,50.19434023873136,14
Hybrid GWO-ABC,0,624,36,85.34030732681661,23.393948586534073,0.2295454433865776,44.23595024151556,15
Hybrid GWO-ABC,0,624,57,17.67727829392317,85.66142840923754,0.22873109814947448,48.12998872507312,13
Hybrid GWO-ABC,0,624,63,32.98612123327853,14.45241888660469,0.2290590874077689,39.40942265121521,25
Hybrid GWO-ABC,0,624,76,14.024908899861078,55.40361435390494,0.22844115078827368,36.37865071369501,23
Hybrid GWO-ABC,0,624,79,72.69946142868827,76.8647491917657,0.22856938018670878,35.170730704507434,24
Hybrid GWO-ABC,0,625,3,76.1139701990353,78.60643052769538,0.22802998611436295,38.73328422806367,21
Hybrid GWO-ABC,0,625,7,44.34141988273311,22.723872178477688,0.22804846978531704,27.856896415063034,25
Hybrid GWO-ABC,0,625,31,56.52361064811888,76.49988574160255,0.22827070402074923,27.291050551531363,12
Hybrid GWO-ABC,0,625,45,15.231210271316842,69.6320375077736,0.22815831641118375,39.92850655739597,28
Hybrid GWO-ABC,0,625,93,37.36577288737101,9.446666806151526,0.22837693625603026,42.47583463411616,14
Hybrid GWO-ABC,0,626,10,75.80877400853738,35.45259681298683,0.2276041060090973,29.626335502543604,18
Hybrid GWO-ABC,0,626,44,16.127177903360177,50.10447751033635,0.2277055722150163,33.87298322174735,21
Hybrid GWO-ABC,0,626,48,36.18126105533904,8.7649919316101,0.22856898754454572,43.488888654699714,19
Hybrid GWO-ABC,0,626,52,77.87509039657947,71.68901891589957,0.22785646059771797,35.31903461522874,20
Hybrid GWO-ABC,0,626,59,43.20930397751037,62.73088407024432,0.2276202403211524,14.428754682225943,22
Hybrid GWO-ABC,0,627,19,22.69093490508841,66.98139946825104,0.22716238096597585,32.15824877474573,22
Hybrid GWO-ABC,0,627,68,95.85592132414453,48.23034369429002,0.2290452476216198,45.890055610409455,15
Hybrid GWO-ABC,0,627,85,29.091783814011862,51.50571292317145,0.22730825072861147,20.962363308725994,23
Hybrid GWO-ABC,0,627,89,89.1677266254914,74.86080194569492,0.22753019419308637,46.391489331474325,22
Hybrid GWO-ABC,0,627,97,15.328431662449404,17.926830815773908,0.22749848152138413,47.23140726789146,18
Hybrid GWO-ABC,0,628,0,77.39560485559633,43.88784397520523,0.22688723733304453,28.069157747880652,19
Hybrid GWO-ABC,0,628,12,77.83834970737618,19.463870785196757,0.22688351292012127,41.321046717784526,18
Hybrid GWO-ABC,0,628,37,5.830274168906602,28.138389202199654,0.22796310402715003,49.28381789866183,23
Hybrid GWO-ABC,0,628,39,55.70321523412783,78.38982091064135,0.2268001339266095,28.957012887124193,22
Hybrid GWO-ABC,0,628,86,25.596509056760276,93.60435700489633,0.2268281127835828,49.96869339923984,18
Hybrid GWO-ABC,0,629,2,9.417734788764953,97.5622351636756,0.271136167699239,62.52268758970457,23
Hybrid GWO-ABC,0,629,25,19.990820247510833,0.7362269751005512,0.24405482840425033,57.684228365004735,16
Hybrid GWO-ABC,0,629,50,90.8580690707607,69.97071338107496,0.22630796183343888,45.47759009820221,24
Hybrid GWO-ABC,0,629,71,93.78264549749828,57.17280523760754,0.2267216546395442,44.366306830028755,19
Hybrid GWO-ABC,0,629,87,16.460781758201815,4.491061939232899,0.23920015730580832,56.53266846425794,18
Hybrid GWO-ABC,0,630,30,66.84029617904716,47.10962061431325,0.2258523331021473,17.08654056242027,26
Hybrid GWO-ABC,0,630,65,17.05929685368861,92.51201183767972,0.22605737016232574,53.78067565827367,25
Hybrid GWO-ABC,0,630,81,23.02139908948808,3.741255617617978,0.22582730513294227,53.551062911236734,25
Hybrid GWO-ABC,0,630,92,77.2012432110988,66.16612631677611,0.22637323041459118,31.642554769160306,24
Hybrid GWO-ABC,0,631,14,15.428949206754783,68.30489532424546,0.22552770244683112,39.11811275842336,25
Hybrid GWO-ABC,0,631,17,46.95558112758079,18.94713590842857,0.2255202576178378,31.201744415342365,26
Hybrid GWO-ABC,0,631,46,44.61562755740307,38.10212260964825,0.22554645949406646,13.059515802526548,22
Hybrid GWO-ABC,0,631,98,59.93827915208435,87.45620408374644,0.22593601424213486,38.7522466041392,27
Hybrid GWO-ABC,0,632,5,37.07980242325812,92.67649888486018,0.2250921461625651,44.589405271785346,22
Hybrid GWO-ABC,0,632,8,55.45847870158348,6.381725610417533,0.22497995031124238,43.9584900839479,17
Hybrid GWO-ABC,0,632,15,74.47621559078172,96.750973243421,0.22669265159839405,52.77062278250554,20
Hybrid GWO-ABC,0,632,24,68.24955039749754,13.97524836093098,0.22512844275036964,40.38352164395039,20
Hybrid GWO-ABC,0,632,34,3.0817834567939406,43.671738923236234,0.22520114392270535,47.34306635454508,21
Hybrid GWO-ABC,0,633,18,12.992150533547164,47.57049262259338,0.22487681341214724,37.08751040752812,31
Hybrid GWO-ABC,0,633,60,58.40979689127356,64.984660155482,0.22460951321124775,17.183268714879727,22
Hybrid GWO-ABC,0,633,69,78.27352272502863,8.272999992243857,0.22767776928380024,50.40371630078472,20
Hybrid GWO-ABC,0,633,75,82.62919241943578,89.61607718397667,0.22546706410404965,51.32346217268826,14
Hybrid GWO-ABC,0,633,84,31.713889282271534,95.28993950697449,0.224761435465838,48.842199640540684,13
Hybrid GWO-ABC,0,634,6,64.38651200806646,82.276161327083,0.22408586355618687,35.33726528425946,24
Hybrid GWO-ABC,0,634,16,32.58253581381519,37.045970603486886,0.22414090831868608,21.706564359261378,27
Hybrid GWO-ABC,0,634,21,70.0265102002249,31.236664138204105,0.2241299738617324,27.443102657357606,22
Hybrid GWO-ABC,0,634,78,28.123378383900832,65.94226346919018,0.22414046664938703,27.06921383888075,27
Hybrid GWO-ABC,0,635,9,82.7631171992582,63.166439912206485,0.223769915089831,35.30972937554283,25
Hybrid GWO-ABC,0,635,56,30.59566241506525,57.9219568941896,0.22385634236173926,20.959144022204473,15
Hybrid GWO-ABC,0,635,77,10.857574113544356,67.22400930398116,0.22393493986676893,42.76442447619636,20
Hybrid GWO-ABC,0,635,82,55.48524693914834,37.092228386243875,0.22364849882275656,14.024924314103254,27
Hybrid GWO-ABC,0,635,87,16.460781758201815,4.491061939232899,0.23387653914042006,56.53266846425794,13
Hybrid GWO-ABC,0,636,31,56.52361064811888,76.49988574160255,0.2233983380144531,27.291050551531363,21
Hybrid GWO-ABC,0,636,57,17.67727829392317,85.66142840923754,0.22341428686265155,48.12998872507312,18
Hybrid GWO-ABC,0,636,61,8.44443211398891,41.58074021706096,0.22339687246597084,42.399872141570086,21
Hybrid GWO-ABC,0,636,66,58.106113970039495,34.686980453483706,0.22339876114780519,17.32621283856514,30
Hybrid GWO-ABC,0,636,68,95.85592132414453,48.23034369429002,0.22370858616140002,45.890055610409455,10
Hybrid GWO-ABC,0,637,1,85.85979199113825,69.73680290593639,0.22351521896125343,40.93245742189787,21
Hybrid GWO-ABC,0,637,4,12.811363267554587,45.038593789556714,0.22290884789675022,37.51813233095184,25
Hybrid GWO-ABC,0,637,36,85.34030732681661,23.393948586534073,0.22340362266779565,44.23595024151556,10
Hybrid GWO-ABC,0,637,88,43.509706000303794,99.2375564055837,0.2235328057061248,49.66347628786701,16
Hybrid GWO-ABC,0,637,91,51.885836038644904,31.5929051830793,0.2230946298752739,18.503446088871144,28
Hybrid GWO-ABC,0,638,23,38.74783790301745,28.83281039302441,0.22253708059323352,23.97208934812371,25
Hybrid GWO-ABC,0,638,28,45.891577553834,56.87411959528937,0.2225131767150145,8.008286658611938,20
Hybrid GWO-ABC,0,638,90,89.07924908785249,89.34466396978632,0.22591641656637418,55.45439831217919,21
Hybrid GWO-ABC,0,638,93,37.36577288737101,9.446666806151526,0.22251565429066464,42.47583463411616,15
Hybrid GWO-ABC,0,638,96,12.275793241148602,83.11126721249062,0.22274666175104485,50.19434023873136,19
Hybrid GWO-ABC,0,639,2,9.417734788764953,97.5622351636756,0.26387454466747656,62.52268758970457,20
Hybrid GWO-ABC,0,639,25,19.990820247510833,0.7362269751005512,0.23819126976210925,57.684228365004735,24
Hybrid GWO-ABC,0,639,32,63.47183200005908,55.35794006579958,0.22196646009280002,14.498199170466526,16
Hybrid GWO-ABC,0,639,43,72.23593505964503,46.18772302513874,0.2220803176213337,22.560369316786645,21
Hybrid GWO-ABC,0,639,83,82.97897431324131,80.82514720643019,0.22196728393028592,45.142025287436105,19
Hybrid GWO-ABC,0,640,11,97.06980243949033,89.31211213221977,0.23556751709949234,61.327061416546535,22
Hybrid GWO-ABC,0,640,35,21.45846728195292,40.852864372463614,0.22163669165470185,29.97147277135205,26
Hybrid GWO-ABC,0,640,41,81.40203846660347,16.697291990770392,0.2227805209263316,45.772900067682514,14
Hybrid GWO-ABC,0,640,54,9.63909621534993,90.26023965438416,0.22869879294898035,57.007801670843506,16
Hybrid GWO-ABC,0,640,55,45.57762898336111,20.236336479523032,0.2214921346612698,30.09041428044784,22
Hybrid GWO-ABC,0,641,27,70.51653786263351,78.07290310219679,0.22104659036830138,34.77091046340611,28
Hybrid GWO-ABC,0,641,48,36.18126105533904,8.7649919316101,0.22117741529950458,43.488888654699714,25
Hybrid GWO-ABC,0,641,51,26.586996145951957,96.91763773477238,0.2242553418700576,52.4350405748008,13
Hybrid GWO-ABC,0,641,62,4.161417386189248,49.39908192445189,0.22193555871500595,45.84252129384545,21
Hybrid GWO-ABC,0,641,95,93.68131505337793,24.097057500568475,0.22505611743589532,50.78404980819585,13
Hybrid GWO-ABC,0,642,11,97.06980243949033,89.31211213221977,0.2303438209338404,61.327061416546535,20
Hybrid GWO-ABC,0,642,29,13.979699812765745,11.453007353597345,0.22197742693644812,52.75729966232435,18
Hybrid GWO-ABC,0,642,33,55.92071607454135,30.39500980626122,0.22071779318826934,20.47951462637545,28
Hybrid GWO-ABC,0,642,51,26.586996145951957,96.91763773477238,0.22128536453085437,52.4350405748008,25
Hybrid GWO-ABC,0,642,69,78.27352272502863,8.272999992243857,0.22129432553349346,50.40371630078472,9
Hybrid GWO-ABC,0,643,2,9.417734788764953,97.5622351636756,0.25869243056005525,62.52268758970457,23
Hybrid GWO-ABC,0,643,13,46.67210037270342,4.380376578722878,0.2211068732543052,45.740845609023204,14
Hybrid GWO-ABC,0,643,75,82.62919241943578,89.61607718397667,0.22035523149788508,51.32346217268826,24
Hybrid GWO-ABC,0,643,87,16.460781758201815,4.491061939232899,0.22928298319557489,56.53266846425794,16
Hybrid GWO-ABC,0,643,94,74.6789611349026,26.246051592286467,0.22021083548906945,34.2534843140716,23
Hybrid GWO-ABC,0,644,10,75.80877400853738,35.45259681298683,0.2198997608355365,29.626335502543604,18
Hybrid GWO-ABC,0,644,38,29.35937577666836,66.1916514726895,0.2198025647970915,26.233660547888334,21
Hybrid GWO-ABC,0,644,52,77.87509039657947,71.68901891589957,0.219778109545111,35.31903461522874,22
Hybrid GWO-ABC,0,644,64,10.340296772255165,58.7644572177712,0.2197953196312014,40.616594766609076,18
Hybrid GWO-ABC,0,644,70,48.66583308381603,49.07069943545209,0.21986692150819168,1.6259154035523802,21
Hybrid GWO-ABC,0,645,3,76.1139701990353,78.60643052769538,0.21936516923935268,38.73328422806367,23
Hybrid GWO-ABC,0,645,40,66.43135403273875,40.63868614400705,0.21947044621233708,18.91093843413398,20
Hybrid GWO-ABC,0,645,53,44.93615021437887,27.224156184515902,0.21934455246747545,23.331987402676617,16
Hybrid GWO-ABC,0,645,86,25.596509056760276,93.60435700489633,0.21935508518744473,49.96869339923984,20
Hybrid GWO-ABC,0,645,99,19.643466571457324,31.03236729000948,0.2194124395785795,35.795114365222126,21
Hybrid GWO-ABC,0,646,0,77.39560485559633,43.88784397520523,0.21892820302814225,28.069157747880652,18
Hybrid GWO-ABC,0,646,26,78.69243775021384,66.48508565920321,0.21898036617444913,33.09099625640128,23
Hybrid GWO-ABC,0,646,63,32.98612123327853,14.45241888660469,0.21890464765322953,39.40942265121521,22
Hybrid GWO-ABC,0,646,73,33.15689973425522,52.06724024715378,0.2189040532269505,16.969487582168895,22
Hybrid GWO-ABC,0,646,80,10.774094595589656,91.60118451376078,0.22837072723589738,57.17805704764476,15
Hybrid GWO-ABC,0,647,20,43.715191887233075,83.26781960578374,0.2185517090199982,33.85626432932715,17
Hybrid GWO-ABC,0,647,36,85.34030732681661,23.393948586534073,0.21913347661296742,44.23595024151556,20
Hybrid GWO-ABC,0,647,44,16.127177903360177,50.10447751033635,0.21848576176708445,33.87298322174735,22
Hybrid GWO-ABC,0,647,79,72.69946142868827,76.8647491917657,0.21862081858235166,35.170730704507434,22
Hybrid GWO-ABC,0,647,97,15.328431662449404,17.926830815773908,0.21925255033531763,47.23140726789146,19
Hybrid GWO-ABC,0,648,12,77.83834970737618,19.463870785196757,0.21866289046884463,41.321046717784526,12
Hybrid GWO-ABC,0,648,72,47.348940105695384,26.69756630918936,0.21860770993065134,23.45275110680658,27
Hybrid GWO-ABC,0,648,76,14.024908899861078,55.40361435390494,0.21819103964987946,36.37865071369501,23
Hybrid GWO-ABC,0,648,84,31.713889282271534,95.28993950697449,0.21875498630561416,48.842199640540684,16
Hybrid GWO-ABC,0,648,89,89.1677266254914,74.86080194569492,0.21831722919903726,46.391489331474325,22
Hybrid GWO-ABC,0,649,19,22.69093490508841,66.98139946825104,0.2176210403081227,32.15824877474573,21
Hybrid GWO-ABC,0,649,22,83.2259801395201,80.47643574968019,0.218620163119864,45.086349289293416,21
Hybrid GWO-ABC,0,649,56,30.59566241506525,57.9219568941896,0.21759345936225136,20.959144022204473,23
Hybrid GWO-ABC,0,649,59,43.20930397751037,62.73088407024432,0.21772554432613053,14.428754682225943,15
Hybrid GWO-ABC,0,649,69,78.27352272502863,8.272999992243857,0.21785503507388815,50.40371630078472,20
Hybrid GWO-ABC,0,650,7,44.34141988273311,22.723872178477688,0.2172296705697731,27.856896415063034,25
Hybrid GWO-ABC,0,650,39,55.70321523412783,78.38982091064135,0.2172188391333196,28.957012887124193,26
Hybrid GWO-ABC,0,650,41,81.40203846660347,16.697291990770392,0.21771591967903386,45.772900067682514,14
Hybrid GWO-ABC,0,650,54,9.63909621534993,90.26023965438416,0.22307325773003625,57.007801670843506,12
Hybrid GWO-ABC,0,650,85,29.091783814011862,51.50571292317145,0.21725240657522746,20.962363308725994,23
Hybrid GWO-ABC,0,651,24,68.24955039749754,13.97524836093098,0.21672905647363813,40.38352164395039,24
Hybrid GWO-ABC,0,651,37,5.830274168906602,28.138389202199654,0.21778909499367247,49.28381789866183,16
Hybrid GWO-ABC,0,651,47,30.151208914787652,63.028259311888846,0.21677913804607676,23.742578803538244,22
Hybrid GWO-ABC,0,651,68,95.85592132414453,48.23034369429002,0.21810417678105978,45.890055610409455,20
Hybrid GWO-ABC,0,651,88,43.509706000303794,99.2375564055837,0.2168950339083783,49.66347628786701,18
Hybrid GWO-ABC,0,652,8,55.45847870158348,6.381725610417533,0.21688969896915913,43.9584900839479,19
Hybrid GWO-ABC,0,652,45,15.231210271316842,69.6320375077736,0.21628495236828701,39.92850655739597,29
Hybrid GWO-ABC,0,652,46,44.61562755740307,38.10212260964825,0.21633247883793855,13.059515802526548,23
Hybrid GWO-ABC,0,652,92,77.2012432110988,66.16612631677611,0.21650306360730665,31.642554769160306,29
Hybrid GWO-ABC,0,653,2,9.417734788764953,97.5622351636756,0.2514071392301209,62.52268758970457,21
Hybrid GWO-ABC,0,653,15,74.47621559078172,96.750973243421,0.21772675957915355,52.77062278250554,17
Hybrid GWO-ABC,0,653,67,59.091549148141674,2.28038710296975,0.21829675818226335,48.577955092361506,21
Hybrid GWO-ABC,0,653,71,93.78264549749828,57.17280523760754,0.21711408862586,44.366306830028755,19
Hybrid GWO-ABC,0,653,87,16.460781758201815,4.491061939232899,0.22335274643630895,56.53266846425794,22
Hybrid GWO-ABC,0,654,1,85.85979199113825,69.73680290593639,0.21543635811366998,40.93245742189787,25
Hybrid GWO-ABC,0,654,5,37.07980242325812,92.67649888486018,0.21553479446311097,44.589405271785346,22
Hybrid GWO-ABC,0,654,34,3.0817834567939406,43.671738923236234,0.21568135495611934,47.34306635454508,19
Hybrid GWO-ABC,0,654,87,16.460781758201815,4.491061939232899,0.21838490873216135,56.53266846425794,18
Hybrid GWO-ABC,0,654,95,93.68131505337793,24.097057500568475,0.21939428390064541,50.78404980819585,16
Hybrid GWO-ABC,0,655,32,63.47183200005908,55.35794006579958,0.21502760691181844,14.498199170466526,26
Hybrid GWO-ABC,0,655,57,17.67727829392317,85.66142840923754,0.21554047506586288,48.12998872507312,26
Hybrid GWO-ABC,0,655,60,58.40979689127356,64.984660155482,0.2150329511364187,17.183268714879727,22
Hybrid GWO-ABC,0,655,93,37.36577288737101,9.446666806151526,0.21560625355323146,42.47583463411616,26
Hybrid GWO-ABC,0,656,14,15.428949206754783,68.30489532424546,0.21473260260566415,39.11811275842336,20
Hybrid GWO-ABC,0,656,17,46.95558112758079,18.94713590842857,0.21454057731261603,31.201744415342365,26
Hybrid GWO-ABC,0,656,30,66.84029617904716,47.10962061431325,0.21456468390119032,17.08654056242027,18
Hybrid GWO-ABC,0,656,58,75.85195298352102,71.94629559509367,0.21475405704142922,33.911109734265686,23
Hybrid GWO-ABC,0,656,96,12.275793241148602,83.11126721249062,0.21482440553931922,50.19434023873136,13
Hybrid GWO-ABC,0,657,13,46.67210037270342,4.380376578722878,0.21503586480977976,45.740845609023204,16
Hybrid GWO-ABC,0,657,21,70.0265102002249,31.236664138204105,0.21452569059694124,27.443102657357606,19
Hybrid GWO-ABC,0,657,31,56.52361064811888,76.49988574160255,0.21426915511659442,27.291050551531363,15
Hybrid GWO-ABC,0,657,50,90.8580690707607,69.97071338107496,0.21509334981418188,45.47759009820221,16
Hybrid GWO-ABC,0,657,61,8.44443211398891,41.58074021706096,0.214162595170922,42.399872141570086,15
Hybrid GWO-ABC,0,657,77,10.857574113544356,67.22400930398116,0.21485823972510662,42.76442447619636,19
Hybrid GWO-ABC,0,658,6,64.38651200806646,82.276161327083,0.21375745796781295,35.33726528425946,24
Hybrid GWO-ABC,0,658,12,77.83834970737618,19.463870785196757,0.2139770461201486,41.321046717784526,19
Hybrid GWO-ABC,0,658,28,45.891577553834,56.87411959528937,0.21378089299141528,8.008286658611938,24
Hybrid GWO-ABC,0,658,29,13.979699812765745,11.453007353597345,0.21439803408170052,52.75729966232435,18
Hybrid GWO-ABC,0,658,65,17.05929685368861,92.51201183767972,0.21466633424417822,53.78067565827367,15
Hybrid GWO-ABC,0,659,2,9.417734788764953,97.5622351636756,0.2455418842535836,62.52268758970457,23
Hybrid GWO-ABC,0,659,9,82.7631171992582,63.166439912206485,0.2132805573958023,35.30972937554283,15
Hybrid GWO-ABC,0,659,43,72.23593505964503,46.18772302513874,0.21323884675407684,22.560369316786645,21
Hybrid GWO-ABC,0,659,74,43.89114603050467,2.1612079880330426,0.21571225895877283,48.22725492898028,26
Hybrid GWO-ABC,0,659,98,59.93827915208435,87.45620408374644,0.21397806263769556,38.7522466041392,15
Hybrid GWO-ABC,0,660,62,4.161417386189248,49.39908192445189,0.2129937232952738,45.84252129384545,24
Hybrid GWO-ABC,0,660,80,10.774094595589656,91.60118451376078,0.2221179513294035,57.17805704764476,14
Hybrid GWO-ABC,0,660,81,23.02139908948808,3.741255617617978,0.2134969557692678,53.551062911236734,21
Hybrid GWO-ABC,0,660,83,82.97897431324131,80.82514720643019,0.21347098068425263,45.142025287436105,24
Hybrid GWO-ABC,0,660,95,93.68131505337793,24.097057500568475,0.21457229248915052,50.78404980819585,17
Hybrid GWO-ABC,0,661,10,75.80877400853738,35.45259681298683,0.21245779805255732,29.626335502543604,17
Hybrid GWO-ABC,0,661,16,32.58253581381519,37.045970603486886,0.21235149005228524,21.706564359261378,24
Hybrid GWO-ABC,0,661,53,44.93615021437887,27.224156184515902,0.2124450514501385,23.331987402676617,20
Hybrid GWO-ABC,0,661,84,31.713889282271534,95.28993950697449,0.21250039034815255,48.842199640540684,20
Hybrid GWO-ABC,0,661,90,89.07924908785249,89.34466396978632,0.21633160561759324,55.45439831217919,19
Hybrid GWO-ABC,0,662,23,38.74783790301745,28.83281039302441,0.21192511265511052,23.97208934812371,21
Hybrid GWO-ABC,0,662,49,11.800590212051532,96.18976645495145,0.24814361001074173,59.93904765101437,20
Hybrid GWO-ABC,0,662,55,45.57762898336111,20.236336479523032,0.21205453551612857,30.09041428044784,15
Hybrid GWO-ABC,0,662,82,55.48524693914834,37.092228386243875,0.21196778089018295,14.024924314103254,21
Hybrid GWO-ABC,0,662,90,89.07924908785249,89.34466396978632,0.21202859800590662,55.45439831217919,23
Hybrid GWO-ABC,0,663,15,74.47621559078172,96.750973243421,0.21187747617795197,52.77062278250554,22
Hybrid GWO-ABC,0,663,41,81.40203846660347,16.697291990770392,0.21183950612247543,45.772900067682514,17
Hybrid GWO-ABC,0,663,64,10.340296772255165,58.7644572177712,0.21174255814022486,40.616594766609076,16
Hybrid GWO-ABC,0,663,67,59.091549148141674,2.28038710296975,0.21153084231801333,48.577955092361506,19
Hybrid GWO-ABC,0,663,78,28.123378383900832,65.94226346919018,0.21190357255085307,27.06921383888075,26
Hybrid GWO-ABC,0,664,20,43.715191887233075,83.26781960578374,0.2112050394880103,33.85626432932715,26
Hybrid GWO-ABC,0,664,40,66.43135403273875,40.63868614400705,0.2110771182359409,18.91093843413398,23
Hybrid GWO-ABC,0,664,59,43.20930397751037,62.73088407024432,0.2112158987189749,14.428754682225943,23
Hybrid GWO-ABC,0,664,91,51.885836038644904,31.5929051830793,0.2111494085228648,18.503446088871144,28
Hybrid GWO-ABC,0,665,66,58.106113970039495,34.686980453483706,0.21065050432309165,17.32621283856514,23
Hybrid GWO-ABC,0,665,68,95.85592132414453,48.23034369429002,0.21060719392495791,45.890055610409455,19
Hybrid GWO-ABC,0,665,70,48.66583308381603,49.07069943545209,0.2107313571102876,1.6259154035523802,19
Hybrid GWO-ABC,0,665,86,25.596509056760276,93.60435700489633,0.21079630108187977,49.96869339923984,20
Hybrid GWO-ABC,0,665,97,15.328431662449404,17.926830815773908,0.21103518489266584,47.23140726789146,19
Hybrid GWO-ABC,0,666,0,77.39560485559633,43.88784397520523,0.21078248139047365,28.069157747880652,19
Hybrid GWO-ABC,0,666,35,21.45846728195292,40.852864372463614,0.21028144055663672,29.97147277135205,13
Hybrid GWO-ABC,0,666,38,29.35937577666836,66.1916514726895,0.21051348875037038,26.233660547888334,26
Hybrid GWO-ABC,0,666,48,36.18126105533904,8.7649919316101,0.21033141675100497,43.488888654699714,20
Hybrid GWO-ABC,0,666,52,77.87509039657947,71.68901891589957,0.21041098922654247,35.31903461522874,22
Hybrid GWO-ABC,0,667,3,76.1139701990353,78.60643052769538,0.2097470807063488,38.73328422806367,24
Hybrid GWO-ABC,0,667,18,12.992150533547164,47.57049262259338,0.2105362467465837,37.08751040752812,20
Hybrid GWO-ABC,0,667,51,26.586996145951957,96.91763773477238,0.21047758801769675,52.4350405748008,13
Hybrid GWO-ABC,0,667,94,74.6789611349026,26.246051592286467,0.21020555365831511,34.2534843140716,23
Hybrid GWO-ABC,0,667,99,19.643466571457324,31.03236729000948,0.21007225547875158,35.795114365222126,20
Hybrid GWO-ABC,0,668,4,12.811363267554587,45.038593789556714,0.21053793554602518,37.51813233095184,14
Hybrid GWO-ABC,0,668,26,78.69243775021384,66.48508565920321,0.2093846477518841,33.09099625640128,19
Hybrid GWO-ABC,0,668,63,32.98612123327853,14.45241888660469,0.20943401146964213,39.40942265121521,25
Hybrid GWO-ABC,0,668,73,33.15689973425522,52.06724024715378,0.20939175603309884,16.969487582168895,24
Hybrid GWO-ABC,0,668,79,72.69946142868827,76.8647491917657,0.20943204293861833,35.170730704507434,18
Hybrid GWO-ABC,0,669,13,46.67210037270342,4.380376578722878,0.20898718342017758,45.740845609023204,19
Hybrid GWO-ABC,0,669,22,83.2259801395201,80.47643574968019,0.2097950525187429,45.086349289293416,24
Hybrid GWO-ABC,0,669,36,85.34030732681661,23.393948586534073,0.2099761537248822,44.23595024151556,16
Hybrid GWO-ABC,0,669,44,16.127177903360177,50.10447751033635,0.20891091969575173,33.87298322174735,25
Hybrid GWO-ABC,0,669,96,12.275793241148602,83.11126721249062,0.20924164003856938,50.19434023873136,16
Hybrid GWO-ABC,0,670,8,55.45847870158348,6.381725610417533,0.20890443485774907,43.9584900839479,25
Hybrid GWO-ABC,0,670,19,22.69093490508841,66.98139946825104,0.20857634536248376,32.15824877474573,28
Hybrid GWO-ABC,0,670,27,70.51653786263351,78.07290310219679,0.20888241223253154,34.77091046340611,20
Hybrid GWO-ABC,0,670,37,5.830274168906602,28.138389202199654,0.20995684147715352,49.28381789866183,15
Hybrid GWO-ABC,0,670,71,93.78264549749828,57.17280523760754,0.2092106582018899,44.366306830028755,12
Hybrid GWO-ABC,0,671,31,56.52361064811888,76.49988574160255,0.2080613051813781,27.291050551531363,49
Hybrid GWO-ABC,0,671,33,55.92071607454135,30.39500980626122,0.2083640586473245,20.47951462637545,51
Hybrid GWO-ABC,0,672,50,90.8580690707607,69.97071338107496,0.20840953364220843,45.47759009820221,20
Hybrid GWO-ABC,0,672,56,30.59566241506525,57.9219568941896,0.20764508159578665,20.959144022204473,20
Hybrid GWO-ABC,0,672,61,8.44443211398891,41.58074021706096,0.2075494979342307,42.399872141570086,15
Hybrid GWO-ABC,0,672,72,47.348940105695384,26.69756630918936,0.20758880721229192,23.45275110680658,31
Hybrid GWO-ABC,0,672,98,59.93827915208435,87.45620408374644,0.20797063260425971,38.7522466041392,14
Hybrid GWO-ABC,0,673,47,30.151208914787652,63.028259311888846,0.20726037687819732,23.742578803538244,23
Hybrid GWO-ABC,0,673,69,78.27352272502863,8.272999992243857,0.2080358598870081,50.40371630078472,20
Hybrid GWO-ABC,0,673,76,14.024908899861078,55.40361435390494,0.20769616777449962,36.37865071369501,13
Hybrid GWO-ABC,0,673,85,29.091783814011862,51.50571292317145,0.2072788710989423,20.962363308725994,19
Hybrid GWO-ABC,0,673,89,89.1677266254914,74.86080194569492,0.20818027027745062,46.391489331474325,25
Hybrid GWO-ABC,0,674,9,82.7631171992582,63.166439912206485,0.20688479007581315,35.30972937554283,23
Hybrid GWO-ABC,0,674,21,70.0265102002249,31.236664138204105,0.20687692560875995,27.443102657357606,20
Hybrid GWO-ABC,0,674,25,19.990820247510833,0.7362269751005512,0.2246550459184091,57.684228365004735,18
Hybrid GWO-ABC,0,674,30,66.84029617904716,47.10962061431325,0.20682254355123222,17.08654056242027,15
Hybrid GWO-ABC,0,674,49,11.800590212051532,96.18976645495145,0.24087273916200747,59.93904765101437,24
Hybrid GWO-ABC,0,675,7,44.34141988273311,22.723872178477688,0.206477911231007,27.856896415063034,27
Hybrid GWO-ABC,0,675,14,15.428949206754783,68.30489532424546,0.20627324810552308,39.11811275842336,28
Hybrid GWO-ABC,0,675,46,44.61562755740307,38.10212260964825,0.20629538310310258,13.059515802526548,21
Hybrid GWO-ABC,0,675,75,82.62919241943578,89.61607718397667,0.20815899720202483,51.32346217268826,24
Hybrid GWO-ABC,0,676,5,37.07980242325812,92.67649888486018,0.20589623835256826,44.589405271785346,16
Hybrid GWO-ABC,0,676,24,68.24955039749754,13.97524836093098,0.20610263697359996,40.38352164395039,16
Hybrid GWO-ABC,0,676,34,3.0817834567939406,43.671738923236234,0.20643009271937732,47.34306635454508,19
Hybrid GWO-ABC,0,676,39,55.70321523412783,78.38982091064135,0.205948899758638,28.957012887124193,27
Hybrid GWO-ABC,0,676,55,45.57762898336111,20.236336479523032,0.20591925909609135,30.09041428044784,22
Hybrid GWO-ABC,0,677,10,75.80877400853738,35.45259681298683,0.2054030131992911,29.626335502543604,18
Hybrid GWO-ABC,0,677,51,26.586996145951957,96.91763773477238,0.20537448841492817,52.4350405748008,21
Hybrid GWO-ABC,0,677,58,75.85195298352102,71.94629559509367,0.20539440649815766,33.911109734265686,20
Hybrid GWO-ABC,0,677,60,58.40979689127356,64.984660155482,0.2055445237249458,17.183268714879727,18
Hybrid GWO-ABC,0,677,74,43.89114603050467,2.1612079880330426,0.20611192702479175,48.22725492898028,23
Hybrid GWO-ABC,0,678,1,85.85979199113825,69.73680290593639,0.2049398037576781,40.93245742189787,27
Hybrid GWO-ABC,0,678,4,12.811363267554587,45.038593789556714,0.2052928388583457,37.51813233095184,18
Hybrid GWO-ABC,0,678,12,77.83834970737618,19.463870785196757,0.20552223826096963,41.321046717784526,14
Hybrid GWO-ABC,0,678,57,17.67727829392317,85.66142840923754,0.2049564143541172,48.12998872507312,20
Hybrid GWO-ABC,0,678,93,37.36577288737101,9.446666806151526,0.20507283082810043,42.47583463411616,21
Hybrid GWO-ABC,0,679,35,21.45846728195292,40.852864372463614,0.20470984474076814,29.97147277135205,20
Hybrid GWO-ABC,0,679,41,81.40203846660347,16.697291990770392,0.20460545679332343,45.772900067682514,14
Hybrid GWO-ABC,0,679,77,10.857574113544356,67.22400930398116,0.2058654029476011,42.76442447619636,23
Hybrid GWO-ABC,0,679,81,23.02139908948808,3.741255617617978,0.204557269043324,53.551062911236734,14
Hybrid GWO-ABC,0,679,92,77.2012432110988,66.16612631677611,0.20454866959809279,31.642554769160306,29
Hybrid GWO-ABC,0,680,37,5.830274168906602,28.138389202199654,0.2043961425427466,49.28381789866183,17
Hybrid GWO-ABC,0,680,43,72.23593505964503,46.18772302513874,0.2041706747936991,22.560369316786645,19
Hybrid GWO-ABC,0,680,53,44.93615021437887,27.224156184515902,0.20414167828842303,23.331987402676617,25
Hybrid GWO-ABC,0,680,65,17.05929685368861,92.51201183767972,0.20657741642985455,53.78067565827367,20
Hybrid GWO-ABC,0,680,71,93.78264549749828,57.17280523760754,0.20442716295546867,44.366306830028755,19
Hybrid GWO-ABC,0,681,6,64.38651200806646,82.276161327083,0.20365170215166933,35.33726528425946,21
Hybrid GWO-ABC,0,681,32,63.47183200005908,55.35794006579958,0.20378115893259402,14.498199170466526,23
Hybrid GWO-ABC,0,681,36,85.34030732681661,23.393948586534073,0.20388798042690645,44.23595024151556,17
Hybrid GWO-ABC,0,681,45,15.231210271316842,69.6320375077736,0.2036733886231161,39.92850655739597,18
Hybrid GWO-ABC,0,681,64,10.340296772255165,58.7644572177712,0.20431134717877764,40.616594766609076,21
Hybrid GWO-ABC,0,682,0,77.39560485559633,43.88784397520523,0.20324720327923107,28.069157747880652,13
Hybrid GWO-ABC,0,682,17,46.95558112758079,18.94713590842857,0.20338419536413324,31.201744415342365,28
Hybrid GWO-ABC,0,682,28,45.891577553834,56.87411959528937,0.2033643230335106,8.008286658611938,24
Hybrid GWO-ABC,0,682,83,82.97897431324131,80.82514720643019,0.20361298896828484,45.142025287436105,19
Hybrid GWO-ABC,0,682,84,31.713889282271534,95.28993950697449,0.2034949359830858,48.842199640540684,16
Hybrid GWO-ABC,0,683,11,97.06980243949033,89.31211213221977,0.21647203556792038,61.327061416546535,21
Hybrid GWO-ABC,0,683,23,38.74783790301745,28.83281039302441,0.20290582483159675,23.97208934812371,32
Hybrid GWO-ABC,0,683,54,9.63909621534993,90.26023965438416,0.21315945971329694,57.007801670843506,22
Hybrid GWO-ABC,0,683,82,55.48524693914834,37.092228386243875,0.20293683538155988,14.024924314103254,25
Hybrid GWO-ABC,0,684,11,97.06980243949033,89.31211213221977,0.21170159522944085,61.327061416546535,19
Hybrid GWO-ABC,0,684,18,12.992150533547164,47.57049262259338,0.20245186664064888,37.08751040752812,22
Hybrid GWO-ABC,0,684,67,59.091549148141674,2.28038710296975,0.20273329609865604,48.577955092361506,20
Hybrid GWO-ABC,0,684,70,48.66583308381603,49.07069943545209,0.20254677756680653,1.6259154035523802,22
Hybrid GWO-ABC,0,684,88,43.509706000303794,99.2375564055837,0.2053465652319564,49.66347628786701,17
Hybrid GWO-ABC,0,685,16,32.58253581381519,37.045970603486886,0.20202168935563794,21.706564359261378,19
Hybrid GWO-ABC,0,685,76,14.024908899861078,55.40361435390494,0.20228787758413402,36.37865071369501,23
Hybrid GWO-ABC,0,685,95,93.68131505337793,24.097057500568475,0.20505487610423145,50.78404980819585,16
Hybrid GWO-ABC,0,685,97,15.328431662449404,17.926830815773908,0.20239364160222878,47.23140726789146,13
Hybrid GWO-ABC,0,685,98,59.93827915208435,87.45620408374644,0.20206091087357794,38.7522466041392,29
Hybrid GWO-ABC,0,686,26,78.69243775021384,66.48508565920321,0.20151673635960124,33.09099625640128,19
Hybrid GWO-ABC,0,686,48,36.18126105533904,8.7649919316101,0.20164503337756412,43.488888654699714,23
Hybrid GWO-ABC,0,686,79,72.69946142868827,76.8647491917657,0.20182252254898592,35.170730704507434,18
Hybrid GWO-ABC,0,686,96,12.275793241148602,83.11126721249062,0.20207093355264305,50.19434023873136,20
Hybrid GWO-ABC,0,686,99,19.643466571457324,31.03236729000948,0.2016412384932866,35.795114365222126,20
Hybrid GWO-ABC,0,687,40,66.43135403273875,40.63868614400705,0.20118517068902084,18.91093843413398,48
Hybrid GWO-ABC,0,687,59,43.20930397751037,62.73088407024432,0.20124771143472245,14.428754682225943,52
Hybrid GWO-ABC,0,688,27,70.51653786263351,78.07290310219679,0.20078478233784658,34.77091046340611,24
Hybrid GWO-ABC,0,688,61,8.44443211398891,41.58074021706096,0.20072934944175627,42.399872141570086,18
Hybrid GWO-ABC,0,688,66,58.106113970039495,34.686980453483706,0.20075821680344275,17.32621283856514,21
Hybrid GWO-ABC,0,688,78,28.123378383900832,65.94226346919018,0.20091366001556812,27.06921383888075,24
Hybrid GWO-ABC,0,688,94,74.6789611349026,26.246051592286467,0.20070476239325957,34.2534843140716,13
Hybrid GWO-ABC,0,689,13,46.67210037270342,4.380376578722878,0.20045057497428534,45.740845609023204,19
Hybrid GWO-ABC,0,689,30,66.84029617904716,47.10962061431325,0.20046812064699954,17.08654056242027,22
Hybrid GWO-ABC,0,689,52,77.87509039657947,71.68901891589957,0.2008746651498788,35.31903461522874,22
Hybrid GWO-ABC,0,689,62,4.161417386189248,49.39908192445189,0.20113061424420922,45.84252129384545,21
Hybrid GWO-ABC,0,689,65,17.05929685368861,92.51201183767972,0.20024368612732227,53.78067565827367,16
Hybrid GWO-ABC,0,690,12,77.83834970737618,19.463870785196757,0.1999126029801648,41.321046717784526,20
Hybrid GWO-ABC,0,690,20,43.715191887233075,83.26781960578374,0.19980650442604797,33.85626432932715,19
Hybrid GWO-ABC,0,690,29,13.979699812765745,11.453007353597345,0.20290301510342038,52.75729966232435,17
Hybrid GWO-ABC,0,690,38,29.35937577666836,66.1916514726895,0.1997226862716925,26.233660547888334,26
Hybrid GWO-ABC,0,690,68,95.85592132414453,48.23034369429002,0.20072801898161674,45.890055610409455,18
Hybrid GWO-ABC,0,691,25,19.990820247510833,0.7362269751005512,0.21663018152828323,57.684228365004735,12
Hybrid GWO-ABC,0,691,50,90.8580690707607,69.97071338107496,0.1999903501229853,45.47759009820221,21
Hybrid GWO-ABC,0,691,73,33.15689973425522,52.06724024715378,0.19928683389211796,16.969487582168895,16
Hybrid GWO-ABC,0,691,85,29.091783814011862,51.50571292317145,0.19933462555048614,20.962363308725994,24
Hybrid GWO-ABC,0,691,91,51.885836038644904,31.5929051830793,0.19931934194200196,18.503446088871144,27
Hybrid GWO-ABC,0,692,5,37.07980242325812,92.67649888486018,0.19892845583987925,44.589405271785346,16
Hybrid GWO-ABC,0,692,22,83.2259801395201,80.47643574968019,0.19969193837552138,45.086349289293416,21
Hybrid GWO-ABC,0,692,24,68.24955039749754,13.97524836093098,0.19922597874209305,40.38352164395039,26
Hybrid GWO-ABC,0,692,29,13.979699812765745,11.453007353597345,0.1988456424786915,52.75729966232435,11
Hybrid GWO-ABC,0,692,56,30.59566241506525,57.9219568941896,0.19903679353518774,20.959144022204473,26
Hybrid GWO-ABC,0,693,3,76.1139701990353,78.60643052769538,0.19910812941866698,38.73328422806367,23
Hybrid GWO-ABC,0,693,8,55.45847870158348,6.381725610417533,0.1984238654082238,43.9584900839479,18
Hybrid GWO-ABC,0,693,21,70.0265102002249,31.236664138204105,0.1985863027172669,27.443102657357606,20
Hybrid GWO-ABC,0,693,34,3.0817834567939406,43.671738923236234,0.19841809568780475,47.34306635454508,19
Hybrid GWO-ABC,0,693,86,25.596509056760276,93.60435700489633,0.2002368356206565,49.96869339923984,20
Hybrid GWO-ABC,0,694,10,75.80877400853738,35.45259681298683,0.19798101815835403,29.626335502543604,18
Hybrid GWO-ABC,0,694,44,16.127177903360177,50.10447751033635,0.19806175076141358,33.87298322174735,29
Hybrid GWO-ABC,0,694,60,58.40979689127356,64.984660155482,0.19806770831535436,17.183268714879727,16
Hybrid GWO-ABC,0,694,63,32.98612123327853,14.45241888660469,0.19831617135499735,39.40942265121521,20
Hybrid GWO-ABC,0,694,89,89.1677266254914,74.86080194569492,0.19827255237862815,46.391489331474325,17
Hybrid GWO-ABC,0,695,0,77.39560485559633,43.88784397520523,0.19773381228331927,28.069157747880652,26
Hybrid GWO-ABC,0,695,4,12.811363267554587,45.038593789556714,0.1978303507546923,37.51813233095184,22
Hybrid GWO-ABC,0,695,54,9.63909621534993,90.26023965438416,0.205552431460566,57.007801670843506,15
Hybrid GWO-ABC,0,695,75,82.62919241943578,89.61607718397667,0.19855562704196458,51.32346217268826,18
Hybrid GWO-ABC,0,695,81,23.02139908948808,3.741255617617978,0.19778072612704248,53.551062911236734,19
Hybrid GWO-ABC,0,696,9,82.7631171992582,63.166439912206485,0.19723057621792997,35.30972937554283,30
Hybrid GWO-ABC,0,696,46,44.61562755740307,38.10212260964825,0.19725831185114956,13.059515802526548,36
Hybrid GWO-ABC,0,696,47,30.151208914787652,63.028259311888846,0.1973030337371302,23.742578803538244,34
Hybrid GWO-ABC,0,697,19,22.69093490508841,66.98139946825104,0.1967267628090045,32.15824877474573,17
Hybrid GWO-ABC,0,697,41,81.40203846660347,16.697291990770392,0.19754040408615925,45.772900067682514,11
Hybrid GWO-ABC,0,697,55,45.57762898336111,20.236336479523032,0.1966825161577594,30.09041428044784,27
Hybrid GWO-ABC,0,697,58,75.85195298352102,71.94629559509367,0.1968983905909629,33.911109734265686,27
Hybrid GWO-ABC,0,697,77,10.857574113544356,67.22400930398116,0.19700414047125925,42.76442447619636,18
Hybrid GWO-ABC,0,698,35,21.45846728195292,40.852864372463614,0.1963928286726591,29.97147277135205,21
Hybrid GWO-ABC,0,698,43,72.23593505964503,46.18772302513874,0.19630412853002313,22.560369316786645,25
Hybrid GWO-ABC,0,698,57,17.67727829392317,85.66142840923754,0.19628896834169954,48.12998872507312,20
Hybrid GWO-ABC,0,698,71,93.78264549749828,57.17280523760754,0.19634901385372422,44.366306830028755,19
Hybrid GWO-ABC,0,698,97,15.328431662449404,17.926830815773908,0.19669704438107802,47.23140726789146,15
Hybrid GWO-ABC,0,699,36,85.34030732681661,23.393948586534073,0.19621595293207436,44.23595024151556,16
Hybrid GWO-ABC,0,699,64,10.340296772255165,58.7644572177712,0.19593427463059107,40.616594766609076,23
Hybrid GWO-ABC,0,699,83,82.97897431324131,80.82514720643019,0.19590636316564325,45.142025287436105,24
Hybrid GWO-ABC,0,699,84,31.713889282271534,95.28993950697449,0.19624213196790974,48.842199640540684,13
Hybrid GWO-ABC,0,699,93,37.36577288737101,9.446666806151526,0.1959221919153249,42.47583463411616,24
Hybrid GWO-ABC,0,700,37,5.830274168906602,28.138389202199654,0.19615902945930894,49.28381789866183,19
Hybrid GWO-ABC,0,700,51,26.586996145951957,96.91763773477238,0.19566725504746954,52.4350405748008,22
Hybrid GWO-ABC,0,700,74,43.89114603050467,2.1612079880330426,0.1959609228257791,48.22725492898028,15
Hybrid GWO-ABC,0,700,90,89.07924908785249,89.34466396978632,0.1985144665783346,55.45439831217919,22
Hybrid GWO-ABC,0,700,94,74.6789611349026,26.246051592286467,0.19545982530038764,34.2534843140716,22
Hybrid GWO-ABC,0,701,7,44.34141988273311,22.723872178477688,0.19507824717755126,27.856896415063034,33
Hybrid GWO-ABC,0,701,45,15.231210271316842,69.6320375077736,0.19552938482571186,39.92850655739597,27
Hybrid GWO-ABC,0,701,88,43.509706000303794,99.2375564055837,0.19771557688720373,49.66347628786701,22
Hybrid GWO-ABC,0,701,95,93.68131505337793,24.097057500568475,0.19793456727197448,50.78404980819585,18
Hybrid GWO-ABC,0,702,2,9.417734788764953,97.5622351636756,0.23037712559492055,62.52268758970457,19
Hybrid GWO-ABC,0,702,6,64.38651200806646,82.276161327083,0.19457931967944683,35.33726528425946,15
Hybrid GWO-ABC,0,702,42,2.2712073133860478,9.004786077564175,0.25685180791355994,62.91776550282162,20
Hybrid GWO-ABC,0,702,69,78.27352272502863,8.272999992243857,0.19708820694552956,50.40371630078472,24
Hybrid GWO-ABC,0,702,79,72.69946142868827,76.8647491917657,0.19456840925711552,35.170730704507434,22
Hybrid GWO-ABC,0,703,14,15.428949206754783,68.30489532424546,0.1941904169630913,39.11811275842336,29
Hybrid GWO-ABC,0,703,39,55.70321523412783,78.38982091064135,0.1941267110923363,28.957012887124193,31
Hybrid GWO-ABC,0,703,72,47.348940105695384,26.69756630918936,0.19418138544309652,23.45275110680658,40
Hybrid GWO-ABC,0,704,26,78.69243775021384,66.48508565920321,0.19361425729338647,33.09099625640128,21
Hybrid GWO-ABC,0,704,29,13.979699812765745,11.453007353597345,0.19379951249957678,52.75729966232435,19
Hybrid GWO-ABC,0,704,32,63.47183200005908,55.35794006579958,0.1938083886258326,14.498199170466526,22
Hybrid GWO-ABC,0,704,67,59.091549148141674,2.28038710296975,0.19382657468494047,48.577955092361506,17
Hybrid GWO-ABC,0,704,80,10.774094595589656,91.60118451376078,0.20910878560116314,57.17805704764476,21
Hybrid GWO-ABC,0,705,1,85.85979199113825,69.73680290593639,0.19331817401121776,40.93245742189787,23
Hybrid GWO-ABC,0,705,53,44.93615021437887,27.224156184515902,0.19334625674558634,23.331987402676617,24
Hybrid GWO-ABC,0,705,70,48.66583308381603,49.07069943545209,0.1931931454214669,1.6259154035523802,18
Hybrid GWO-ABC,0,705,86,25.596509056760276,93.60435700489633,0.19331257253277206,49.96869339923984,17
Hybrid GWO-ABC,0,705,99,19.643466571457324,31.03236729000948,0.19319096046269058,35.795114365222126,18
Hybrid GWO-ABC,0,706,16,32.58253581381519,37.045970603486886,0.19335226486022072,21.706564359261378,28
Hybrid GWO-ABC,0,706,28,45.891577553834,56.87411959528937,0.19290512274301266,8.008286658611938,23
Hybrid GWO-ABC,0,706,68,95.85592132414453,48.23034369429002,0.19319043635024427,45.890055610409455,26
Hybrid GWO-ABC,0,706,76,14.024908899861078,55.40361435390494,0.1928210391302993,36.37865071369501,23
Hybrid GWO-ABC,0,707,13,46.67210037270342,4.380376578722878,0.19239410556151948,45.740845609023204,15
Hybrid GWO-ABC,0,707,18,12.992150533547164,47.57049262259338,0.1928000024220114,37.08751040752812,21
Hybrid GWO-ABC,0,707,52,77.87509039657947,71.68901891589957,0.19233302245135458,35.31903461522874,25
Hybrid GWO-ABC,0,707,73,33.15689973425522,52.06724024715378,0.19240164103569896,16.969487582168895,17
Hybrid GWO-ABC,0,707,82,55.48524693914834,37.092228386243875,0.19241465273441913,14.024924314103254,22
Hybrid GWO-ABC,0,708,5,37.07980242325812,92.67649888486018,0.19193807650194966,44.589405271785346,19
Hybrid GWO-ABC,0,708,48,36.18126105533904,8.7649919316101,0.19188335399080744,43.488888654699714,15
Hybrid GWO-ABC,0,708,61,8.44443211398891,41.58074021706096,0.1925415988040004,42.399872141570086,20
Hybrid GWO-ABC,0,708,66,58.106113970039495,34.686980453483706,0.19202945098270688,17.32621283856514,23
Hybrid GWO-ABC,0,708,92,77.2012432110988,66.16612631677611,0.1920715037412609,31.642554769160306,23
Hybrid GWO-ABC,0,709,12,77.83834970737618,19.463870785196757,0.1914404438841368,41.321046717784526,14
Hybrid GWO-ABC,0,709,17,46.95558112758079,18.94713590842857,0.1915798617460974,31.201744415342365,29
Hybrid GWO-ABC,0,709,20,43.715191887233075,83.26781960578374,0.19155964690081848,33.85626432932715,16
Hybrid GWO-ABC,0,709,22,83.2259801395201,80.47643574968019,0.19154665503796028,45.086349289293416,20
Hybrid GWO-ABC,0,709,96,12.275793241148602,83.11126721249062,0.1927013535128572,50.19434023873136,21
Hybrid GWO-ABC,0,710,25,19.990820247510833,0.7362269751005512,0.20971070417598783,57.684228365004735,23
Hybrid GWO-ABC,0,710,30,66.84029617904716,47.10962061431325,0.1911861042157195,17.08654056242027,24
Hybrid GWO-ABC,0,710,49,11.800590212051532,96.18976645495145,0.22740238814047875,59.93904765101437,19
Hybrid GWO-ABC,0,710,50,90.8580690707607,69.97071338107496,0.19140630290276078,45.47759009820221,17
Hybrid GWO-ABC,0,710,60,58.40979689127356,64.984660155482,0.1911910072704295,17.183268714879727,17
Hybrid GWO-ABC,0,711,41,81.40203846660347,16.697291990770392,0.1920703158056231,45.772900067682514,19
Hybrid GWO-ABC,0,711,78,28.123378383900832,65.94226346919018,0.19076576548754007,27.06921383888075,22
Hybrid GWO-ABC,0,711,84,31.713889282271534,95.28993950697449,0.1908343899724419,48.842199640540684,15
Hybrid GWO-ABC,0,711,89,89.1677266254914,74.86080194569492,0.19097975599731518,46.391489331474325,21
Hybrid GWO-ABC,0,711,97,15.328431662449404,17.926830815773908,0.1906442900252125,47.23140726789146,23
Hybrid GWO-ABC,0,712,3,76.1139701990353,78.60643052769538,0.19014494961350611,38.73328422806367,16
Hybrid GWO-ABC,0,712,21,70.0265102002249,31.236664138204105,0.19027459509189237,27.443102657357606,20
Hybrid GWO-ABC,0,712,27,70.51653786263351,78.07290310219679,0.1905261492809194,34.77091046340611,16
Hybrid GWO-ABC,0,712,62,4.161417386189248,49.39908192445189,0.19146177432640824,45.84252129384545,27
Hybrid GWO-ABC,0,712,63,32.98612123327853,14.45241888660469,0.19022686010340628,39.40942265121521,21
Hybrid GWO-ABC,0,713,8,55.45847870158348,6.381725610417533,0.19010517869658292,43.9584900839479,18
Hybrid GWO-ABC,0,713,10,75.80877400853738,35.45259681298683,0.19008674740364187,29.626335502543604,22
Hybrid GWO-ABC,0,713,34,3.0817834567939406,43.671738923236234,0.1898564481143788,47.34306635454508,19
Hybrid GWO-ABC,0,713,65,17.05929685368861,92.51201183767972,0.1914299518493368,53.78067565827367,20
Hybrid GWO-ABC,0,713,75,82.62919241943578,89.61607718397667,0.19069754930368302,51.32346217268826,21
Hybrid GWO-ABC,0,714,15,74.47621559078172,96.750973243421,0.19542763057912885,52.77062278250554,23
Hybrid GWO-ABC,0,714,19,22.69093490508841,66.98139946825104,0.18941357124945163,32.15824877474573,19
Hybrid GWO-ABC,0,714,36,85.34030732681661,23.393948586534073,0.18945962722309,44.23595024151556,19
Hybrid GWO-ABC,0,714,74,43.89114603050467,2.1612079880330426,0.18969077705972726,48.22725492898028,21
Hybrid GWO-ABC,0,714,77,10.857574113544356,67.22400930398116,0.1894653857005968,42.76442447619636,18
Hybrid GWO-ABC,0,715,23,38.74783790301745,28.83281039302441,0.18899987542792693,23.97208934812371,28
Hybrid GWO-ABC,0,715,69,78.27352272502863,8.272999992243857,0.18888909165204731,50.40371630078472,13
Hybrid GWO-ABC,0,715,85,29.091783814011862,51.50571292317145,0.1889176769211874,20.962363308725994,22
Hybrid GWO-ABC,0,715,88,43.509706000303794,99.2375564055837,0.18973988446681153,49.66347628786701,13
Hybrid GWO-ABC,0,715,98,59.93827915208435,87.45620408374644,0.18912220271801367,38.7522466041392,24
Hybrid GWO-ABC,0,716,4,12.811363267554587,45.038593789556714,0.18849575935109908,37.51813233095184,28
Hybrid GWO-ABC,0,716,6,64.38651200806646,82.276161327083,0.18842817884765303,35.33726528425946,26
Hybrid GWO-ABC,0,716,38,29.35937577666836,66.1916514726895,0.18848370973020756,26.233660547888334,27
Hybrid GWO-ABC,0,716,95,93.68131505337793,24.097057500568475,0.1905355935687745,50.78404980819585,19
Hybrid GWO-ABC,0,717,24,68.24955039749754,13.97524836093098,0.18811808175157715,40.38352164395039,28
Hybrid GWO-ABC,0,717,37,5.830274168906602,28.138389202199654,0.18819592228873042,49.28381789866183,13
Hybrid GWO-ABC,0,717,49,11.800590212051532,96.18976645495145,0.22164871602592234,59.93904765101437,12
Hybrid GWO-ABC,0,717,56,30.59566241506525,57.9219568941896,0.18798563815912567,20.959144022204473,26
Hybrid GWO-ABC,0,717,90,89.07924908785249,89.34466396978632,0.18993079904955484,55.45439831217919,21
Hybrid GWO-ABC,0,718,57,17.67727829392317,85.66142840923754,0.18767195873476122,48.12998872507312,29
Hybrid GWO-ABC,0,718,71,93.78264549749828,57.17280523760754,0.1876841949029323,44.366306830028755,23
Hybrid GWO-ABC,0,718,87,16.460781758201815,4.491061939232899,0.1994229596420943,56.53266846425794,15
Hybrid GWO-ABC,0,718,91,51.885836038644904,31.5929051830793,0.18763890128288763,18.503446088871144,33
Hybrid GWO-ABC,0,719,11,97.06980243949033,89.31211213221977,0.19939215588466552,61.327061416546535,15
Hybrid GWO-ABC,0,719,15,74.47621559078172,96.750973243421,0.18934358750394106,52.77062278250554,15
Hybrid GWO-ABC,0,719,35,21.45846728195292,40.852864372463614,0.1872698091821759,29.97147277135205,35
Hybrid GWO-ABC,0,719,80,10.774094595589656,91.60118451376078,0.20118140406964993,57.17805704764476,14
Hybrid GWO-ABC,0,719,81,23.02139908948808,3.741255617617978,0.18828490882801355,53.551062911236734,21
Hybrid GWO-ABC,0,720,11,97.06980243949033,89.31211213221977,0.19594171554618597,61.327061416546535,23
Hybrid GWO-ABC,0,720,25,19.990820247510833,0.7362269751005512,0.2024500449186247,57.684228365004735,16
Hybrid GWO-ABC,0,720,33,55.92071607454135,30.39500980626122,0.18670045871248128,20.47951462637545,36
Hybrid GWO-ABC,0,720,80,10.774094595589656,91.60118451376078,0.1979706308613402,57.17805704764476,25
Hybrid GWO-ABC,0,721,0,77.39560485559633,43.88784397520523,0.18634028362625804,28.069157747880652,23
Hybrid GWO-ABC,0,721,31,56.52361064811888,76.49988574160255,0.18627071837400447,27.291050551531363,28
Hybrid GWO-ABC,0,721,51,26.586996145951957,96.91763773477238,0.18623488324407358,52.4350405748008,24
Hybrid GWO-ABC,0,721,67,59.091549148141674,2.28038710296975,0.1862912251336271,48.577955092361506,25
Hybrid GWO-ABC,0,722,64,10.340296772255165,58.7644572177712,0.18588875316636805,40.616594766609076,22
Hybrid GWO-ABC,0,722,83,82.97897431324131,80.82514720643019,0.18580497733447782,45.142025287436105,23
Hybrid GWO-ABC,0,722,86,25.596509056760276,93.60435700489633,0.18591333712933084,49.96869339923984,13
Hybrid GWO-ABC,0,722,93,37.36577288737101,9.446666806151526,0.18576354052473062,42.47583463411616,22
Hybrid GWO-ABC,0,722,94,74.6789611349026,26.246051592286467,0.18593153060581624,34.2534843140716,20
Hybrid GWO-ABC,0,723,43,72.23593505964503,46.18772302513874,0.18533661236225416,22.560369316786645,17
Hybrid GWO-ABC,0,723,58,75.85195298352102,71.94629559509367,0.18552165246120253,33.911109734265686,22
Hybrid GWO-ABC,0,723,70,48.66583308381603,49.07069943545209,0.1854252656640771,1.6259154035523802,17
Hybrid GWO-ABC,0,723,80,10.774094595589656,91.60118451376078,0.19191977648499922,57.17805704764476,17
Hybrid GWO-ABC,0,723,99,19.643466571457324,31.03236729000948,0.18535355128484574,35.795114365222126,27
Hybrid GWO-ABC,0,724,12,77.83834970737618,19.463870785196757,0.18517104506647838,41.321046717784526,16
Hybrid GWO-ABC,0,724,44,16.127177903360177,50.10447751033635,0.1851654280317265,33.87298322174735,22
Hybrid GWO-ABC,0,724,48,36.18126105533904,8.7649919316101,0.18522029888518787,43.488888654699714,20
Hybrid GWO-ABC,0,724,73,33.15689973425522,52.06724024715378,0.1850808086478726,16.969487582168895,15
Hybrid GWO-ABC,0,724,79,72.69946142868827,76.8647491917657,0.18521611555633172,35.170730704507434,27
Hybrid GWO-ABC,0,725,20,43.715191887233075,83.26781960578374,0.18458451060429107,33.85626432932715,12
Hybrid GWO-ABC,0,725,26,78.69243775021384,66.48508565920321,0.18464085739402084,33.09099625640128,24
Hybrid GWO-ABC,0,725,41,81.40203846660347,16.697291990770392,0.184863585577576,45.772900067682514,10
Hybrid GWO-ABC,0,725,45,15.231210271316842,69.6320375077736,0.18452668306232162,39.92850655739597,26
Hybrid GWO-ABC,0,725,55,45.57762898336111,20.236336479523032,0.18481962032228513,30.09041428044784,28
Hybrid GWO-ABC,0,726,9,82.7631171992582,63.166439912206485,0.18425174411403458,35.30972937554283,21
Hybrid GWO-ABC,0,726,13,46.67210037270342,4.380376578722878,0.18498727320082337,45.740845609023204,20
Hybrid GWO-ABC,0,726,32,63.47183200005908,55.35794006579958,0.1841815855375989,14.498199170466526,21
Hybrid GWO-ABC,0,726,61,8.44443211398891,41.58074021706096,0.18411087980315116,42.399872141570086,18
Hybrid GWO-ABC,0,726,96,12.275793241148602,83.11126721249062,0.184521101521065,50.19434023873136,20
Hybrid GWO-ABC,0,727,5,37.07980242325812,92.67649888486018,0.1836769573149474,44.589405271785346,13
Hybrid GWO-ABC,0,727,18,12.992150533547164,47.57049262259338,0.18382175412508486,37.08751040752812,23
Hybrid GWO-ABC,0,727,25,19.990820247510833,0.7362269751005512,0.19740039851163782,57.684228365004735,20
Hybrid GWO-ABC,0,727,27,70.51653786263351,78.07290310219679,0.18397570489745346,34.77091046340611,21
Hybrid GWO-ABC,0,727,60,58.40979689127356,64.984660155482,0.18379170411275825,17.183268714879727,23
Hybrid GWO-ABC,0,728,3,76.1139701990353,78.60643052769538,0.18340916374475494,38.73328422806367,22
Hybrid GWO-ABC,0,728,28,45.891577553834,56.87411959528937,0.1831749526691568,8.008286658611938,21
Hybrid GWO-ABC,0,728,53,44.93615021437887,27.224156184515902,0.18319948821324608,23.331987402676617,31
Hybrid GWO-ABC,0,728,84,31.713889282271534,95.28993950697449,0.18388906879452485,48.842199640540684,16
Hybrid GWO-ABC,0,728,95,93.68131505337793,24.097057500568475,0.1834691021732916,50.78404980819585,10
Hybrid GWO-ABC,0,729,1,85.85979199113825,69.73680290593639,0.18329628938893502,40.93245742189787,24
Hybrid GWO-ABC,0,729,29,13.979699812765745,11.453007353597345,0.1840451409502651,52.75729966232435,19
Hybrid GWO-ABC,0,729,65,17.05929685368861,92.51201183767972,0.1836854057446713,53.78067565827367,22
Hybrid GWO-ABC,0,729,69,78.27352272502863,8.272999992243857,0.18279552865839724,50.40371630078472,10
Hybrid GWO-ABC,0,729,82,55.48524693914834,37.092228386243875,0.18292649611429349,14.024924314103254,25
Hybrid GWO-ABC,0,730,8,55.45847870158348,6.381725610417533,0.1824560423327391,43.9584900839479,16
Hybrid GWO-ABC,0,730,47,30.151208914787652,63.028259311888846,0.18247667873681164,23.742578803538244,22
Hybrid GWO-ABC,0,730,66,58.106113970039495,34.686980453483706,0.1823462897130658,17.32621283856514,21
Hybrid GWO-ABC,0,730,76,14.024908899861078,55.40361435390494,0.18262092435165647,36.37865071369501,16
Hybrid GWO-ABC,0,730,92,77.2012432110988,66.16612631677611,0.18245960711870127,31.642554769160306,25
Hybrid GWO-ABC,0,731,14,15.428949206754783,68.30489532424546,0.1818783835085014,39.11811275842336,28
Hybrid GWO-ABC,0,731,21,70.0265102002249,31.236664138204105,0.181893545858361,27.443102657357606,29
Hybrid GWO-ABC,0,731,37,5.830274168906602,28.138389202199654,0.18214976243148004,49.28381789866183,18
Hybrid GWO-ABC,0,731,52,77.87509039657947,71.68901891589957,0.18195994597690457,35.31903461522874,25
Hybrid GWO-ABC,0,732,16,32.58253581381519,37.045970603486886,0.18158341246582954,21.706564359261378,17
Hybrid GWO-ABC,0,732,19,22.69093490508841,66.98139946825104,0.18151876789070936,32.15824877474573,18
Hybrid GWO-ABC,0,732,46,44.61562755740307,38.10212260964825,0.18155621436457647,13.059515802526548,22
Hybrid GWO-ABC,0,732,68,95.85592132414453,48.23034369429002,0.1815005658943923,45.890055610409455,28
Hybrid GWO-ABC,0,732,78,28.123378383900832,65.94226346919018,0.18153535257123982,27.06921383888075,15
Hybrid GWO-ABC,0,733,7,44.34141988273311,22.723872178477688,0.181019939449703,27.856896415063034,20
Hybrid GWO-ABC,0,733,10,75.80877400853738,35.45259681298683,0.180996136330865,29.626335502543604,18
Hybrid GWO-ABC,0,733,49,11.800590212051532,96.18976645495145,0.2155471038056402,59.93904765101437,22
Hybrid GWO-ABC,0,733,63,32.98612123327853,14.45241888660469,0.18117755302259786,39.40942265121521,19
Hybrid GWO-ABC,0,733,75,82.62919241943578,89.61607718397667,0.18181102636584104,51.32346217268826,21
Hybrid GWO-ABC,0,734,22,83.2259801395201,80.47643574968019,0.18200770920317821,45.086349289293416,22
Hybrid GWO-ABC,0,734,30,66.84029617904716,47.10962061431325,0.18075383765883526,17.08654056242027,22
Hybrid GWO-ABC,0,734,34,3.0817834567939406,43.671738923236234,0.1808867283150891,47.34306635454508,18
Hybrid GWO-ABC,0,734,54,9.63909621534993,90.26023965438416,0.19374214307933832,57.007801670843506,19
Hybrid GWO-ABC,0,734,74,43.89114603050467,2.1612079880330426,0.18063119652596898,48.22725492898028,19
Hybrid GWO-ABC,0,735,39,55.70321523412783,78.38982091064135,0.18031729541936575,28.957012887124193,18
Hybrid GWO-ABC,0,735,40,66.43135403273875,40.63868614400705,0.1804009092537179,18.91093843413398,23
Hybrid GWO-ABC,0,735,62,4.161417386189248,49.39908192445189,0.18038866175958027,45.84252129384545,26
Hybrid GWO-ABC,0,735,81,23.02139908948808,3.741255617617978,0.1801962519041226,53.551062911236734,16
Hybrid GWO-ABC,0,735,89,89.1677266254914,74.86080194569492,0.18135819562059383,46.391489331474325,17
Hybrid GWO-ABC,0,736,36,85.34030732681661,23.393948586534073,0.18034052531630876,44.23595024151556,19
Hybrid GWO-ABC,0,736,50,90.8580690707607,69.97071338107496,0.18220423645966544,45.47759009820221,23
Hybrid GWO-ABC,0,736,77,10.857574113544356,67.22400930398116,0.18084393848079683,42.76442447619636,21
Hybrid GWO-ABC,0,736,86,25.596509056760276,93.60435700489633,0.1800737426347964,49.96869339923984,14
Hybrid GWO-ABC,0,736,97,15.328431662449404,17.926830815773908,0.18011494557818786,47.23140726789146,23
Hybrid GWO-ABC,0,737,20,43.715191887233075,83.26781960578374,0.17940407277908807,33.85626432932715,19
Hybrid GWO-ABC,0,737,41,81.40203846660347,16.697291990770392,0.18001155236656968,45.772900067682514,18
Hybrid GWO-ABC,0,737,85,29.091783814011862,51.50571292317145,0.17941802082866684,20.962363308725994,31
Hybrid GWO-ABC,0,737,87,16.460781758201815,4.491061939232899,0.19192452531548473,56.53266846425794,14
Hybrid GWO-ABC,0,737,90,89.07924908785249,89.34466396978632,0.18100693119952546,55.45439831217919,18
Hybrid GWO-ABC,0,738,17,46.95558112758079,18.94713590842857,0.17898104248265476,31.201744415342365,37
Hybrid GWO-ABC,0,738,73,33.15689973425522,52.06724024715378,0.17888276096649344,16.969487582168895,32
Hybrid GWO-ABC,0,738,88,43.509706000303794,99.2375564055837,0.18164921339760387,49.66347628786701,31
Hybrid GWO-ABC,0,739,59,43.20930397751037,62.73088407024432,0.17841110748815944,14.428754682225943,50
Hybrid GWO-ABC,0,739,70,48.66583308381603,49.07069943545209,0.17840538573285541,1.6259154035523802,50
Hybrid GWO-ABC,0,740,5,37.07980242325812,92.67649888486018,0.17807877675213016,44.589405271785346,17
Hybrid GWO-ABC,0,740,12,77.83834970737618,19.463870785196757,0.1781612775162696,41.321046717784526,27
Hybrid GWO-ABC,0,740,15,74.47621559078172,96.750973243421,0.18128331489757973,52.77062278250554,19
Hybrid GWO-ABC,0,740,25,19.990820247510833,0.7362269751005512,0.19003919778553535,57.684228365004735,21
Hybrid GWO-ABC,0,740,54,9.63909621534993,90.26023965438416,0.18818062069138328,57.007801670843506,16
Hybrid GWO-ABC,0,741,42,2.2712073133860478,9.004786077564175,0.24289842542573,62.91776550282162,18
Hybrid GWO-ABC,0,741,43,72.23593505964503,46.18772302513874,0.17782599128802612,22.560369316786645,20
Hybrid GWO-ABC,0,741,84,31.713889282271534,95.28993950697449,0.1776090160613426,48.842199640540684,22
Hybrid GWO-ABC,0,741,94,74.6789611349026,26.246051592286467,0.1775425200933042,34.2534843140716,21
Hybrid GWO-ABC,0,741,98,59.93827915208435,87.45620408374644,0.17815028787576032,38.7522466041392,19
Hybrid GWO-ABC,0,742,6,64.38651200806646,82.276161327083,0.1771524038005687,35.33726528425946,24
Hybrid GWO-ABC,0,742,13,46.67210037270342,4.380376578722878,0.177027820987019,45.740845609023204,24
Hybrid GWO-ABC,0,742,42,2.2712073133860478,9.004786077564175,0.2387800796170953,62.91776550282162,15
Hybrid GWO-ABC,0,742,49,11.800590212051532,96.18976645495145,0.20867441295670372,59.93904765101437,20
Hybrid GWO-ABC,0,742,71,93.78264549749828,57.17280523760754,0.17718722316633345,44.366306830028755,17
Hybrid GWO-ABC,0,743,0,77.39560485559633,43.88784397520523,0.17665502002512182,28.069157747880652,19
Hybrid GWO-ABC,0,743,11,97.06980243949033,89.31211213221977,0.18547880581106052,61.327061416546535,16
Hybrid GWO-ABC,0,743,38,29.35937577666836,66.1916514726895,0.17675384222054658,26.233660547888334,22
Hybrid GWO-ABC,0,743,56,30.59566241506525,57.9219568941896,0.1766024762646288,20.959144022204473,16
Hybrid GWO-ABC,0,743,72,47.348940105695384,26.69756630918936,0.1767932948916004,23.45275110680658,27
Hybrid GWO-ABC,0,744,23,38.74783790301745,28.83281039302441,0.17659538563568214,23.97208934812371,22
Hybrid GWO-ABC,0,744,58,75.85195298352102,71.94629559509367,0.17632227872861356,33.911109734265686,30
Hybrid GWO-ABC,0,744,64,10.340296772255165,58.7644572177712,0.17626697575339437,40.616594766609076,20
Hybrid GWO-ABC,0,744,93,37.36577288737101,9.446666806151526,0.1762417042667248,42.47583463411616,15
Hybrid GWO-ABC,0,744,96,12.275793241148602,83.11126721249062,0.1762490882467162,50.19434023873136,13
Hybrid GWO-ABC,0,745,24,68.24955039749754,13.97524836093098,0.17579043544368744,40.38352164395039,20
Hybrid GWO-ABC,0,745,48,36.18126105533904,8.7649919316101,0.17636848830644203,43.488888654699714,17
Hybrid GWO-ABC,0,745,54,9.63909621534993,90.26023965438416,0.18366747823112364,57.007801670843506,19
Hybrid GWO-ABC,0,745,61,8.44443211398891,41.58074021706096,0.17593650868213892,42.399872141570086,19
Hybrid GWO-ABC,0,745,83,82.97897431324131,80.82514720643019,0.17591887032328135,45.142025287436105,25
Hybrid GWO-ABC,0,746,9,82.7631171992582,63.166439912206485,0.17539034137757764,35.30972937554283,20
Hybrid GWO-ABC,0,746,32,63.47183200005908,55.35794006579958,0.17532923426309052,14.498199170466526,22
Hybrid GWO-ABC,0,746,44,16.127177903360177,50.10447751033635,0.17555318689408075,33.87298322174735,20
Hybrid GWO-ABC,0,746,69,78.27352272502863,8.272999992243857,0.1767049233108051,50.40371630078472,17
Hybrid GWO-ABC,0,746,76,14.024908899861078,55.40361435390494,0.17567015598303895,36.37865071369501,21
Hybrid GWO-ABC,0,747,4,12.811363267554587,45.038593789556714,0.17544035854798168,37.51813233095184,21
Hybrid GWO-ABC,0,747,27,70.51653786263351,78.07290310219679,0.17518818517080376,34.77091046340611,20
Hybrid GWO-ABC,0,747,29,13.979699812765745,11.453007353597345,0.17584271188399525,52.75729966232435,21
Hybrid GWO-ABC,0,747,57,17.67727829392317,85.66142840923754,0.17516284691814346,48.12998872507312,19
Hybrid GWO-ABC,0,747,89,89.1677266254914,74.86080194569492,0.17501508165214277,46.391489331474325,19
Hybrid GWO-ABC,0,748,3,76.1139701990353,78.60643052769538,0.17441790088067946,38.73328422806367,13
Hybrid GWO-ABC,0,748,8,55.45847870158348,6.381725610417533,0.17496116054351038,43.9584900839479,19
Hybrid GWO-ABC,0,748,16,32.58253581381519,37.045970603486886,0.1744221627546507,21.706564359261378,22
Hybrid GWO-ABC,0,748,26,78.69243775021384,66.48508565920321,0.1745566861691021,33.09099625640128,17
Hybrid GWO-ABC,0,748,78,28.123378383900832,65.94226346919018,0.17485053404678746,27.06921383888075,29
Hybrid GWO-ABC,0,749,28,45.891577553834,56.87411959528937,0.17399460013758644,8.008286658611938,20
Hybrid GWO-ABC,0,749,31,56.52361064811888,76.49988574160255,0.1741441819680785,27.291050551531363,25
Hybrid GWO-ABC,0,749,37,5.830274168906602,28.138389202199654,0.17417438492156728,49.28381789866183,17
Hybrid GWO-ABC,0,749,60,58.40979689127356,64.984660155482,0.17403839518146402,17.183268714879727,17
Hybrid GWO-ABC,0,749,67,59.091549148141674,2.28038710296975,0.17443762378789568,48.577955092361506,21
Hybrid GWO-ABC,0,750,1,85.85979199113825,69.73680290593639,0.17356245932261147,40.93245742189787,22
Hybrid GWO-ABC,0,750,18,12.992150533547164,47.57049262259338,0.17374860094482733,37.08751040752812,17
Hybrid GWO-ABC,0,750,19,22.69093490508841,66.98139946825104,0.17378434277109786,32.15824877474573,24
Hybrid GWO-ABC,0,750,79,72.69946142868827,76.8647491917657,0.17389249484268954,35.170730704507434,17
Hybrid GWO-ABC,0,750,87,16.460781758201815,4.491061939232899,0.1858736228297931,56.53266846425794,20
Hybrid GWO-ABC,0,751,45,15.231210271316842,69.6320375077736,0.1733090993777734,39.92850655739597,25
Hybrid GWO-ABC,0,751,50,90.8580690707607,69.97071338107496,0.17386201102438126,45.47759009820221,23
Hybrid GWO-ABC,0,751,66,58.106113970039495,34.686980453483706,0.1732220360869535,17.32621283856514,19
Hybrid GWO-ABC,0,751,91,51.885836038644904,31.5929051830793,0.17325484904341457,18.503446088871144,15
Hybrid GWO-ABC,0,751,99,19.643466571457324,31.03236729000948,0.17344239841390927,35.795114365222126,18
Hybrid GWO-ABC,0,752,10,75.80877400853738,35.45259681298683,0.17291868428570803,29.626335502543604,19
Hybrid GWO-ABC,0,752,22,83.2259801395201,80.47643574968019,0.1733935132840465,45.086349289293416,22
Hybrid GWO-ABC,0,752,47,30.151208914787652,63.028259311888846,0.17298120232271713,23.742578803538244,16
Hybrid GWO-ABC,0,752,63,32.98612123327853,14.45241888660469,0.17297571871737122,39.40942265121521,23
Hybrid GWO-ABC,0,752,77,10.857574113544356,67.22400930398116,0.1728207492439506,42.76442447619636,20
Hybrid GWO-ABC,0,753,34,3.0817834567939406,43.671738923236234,0.17272598446728532,47.34306635454508,21
Hybrid GWO-ABC,0,753,39,55.70321523412783,78.38982091064135,0.17257724233191257,28.957012887124193,21
Hybrid GWO-ABC,0,753,55,45.57762898336111,20.236336479523032,0.17265856659001833,30.09041428044784,20
Hybrid GWO-ABC,0,753,75,82.62919241943578,89.61607718397667,0.17291833779975885,51.32346217268826,17
Hybrid GWO-ABC,0,753,82,55.48524693914834,37.092228386243875,0.17230732066777574,14.024924314103254,21
Hybrid GWO-ABC,0,754,7,44.34141988273311,22.723872178477688,0.17213146035910673,27.856896415063034,26
Hybrid GWO-ABC,0,754,46,44.61562755740307,38.10212260964825,0.17201881434234206,13.059515802526548,24
Hybrid GWO-ABC,0,754,86,25.596509056760276,93.60435700489633,0.17305666250021842,49.96869339923984,20
Hybrid GWO-ABC,0,754,92,77.2012432110988,66.16612631677611,0.1719171924070905,31.642554769160306,30
Hybrid GWO-ABC,0,755,20,43.715191887233075,83.26781960578374,0.17138935041870884,33.85626432932715,19
Hybrid GWO-ABC,0,755,30,66.84029617904716,47.10962061431325,0.17145345473893295,17.08654056242027,20
Hybrid GWO-ABC,0,755,35,21.45846728195292,40.852864372463614,0.17176512102757038,29.97147277135205,25
Hybrid GWO-ABC,0,755,52,77.87509039657947,71.68901891589957,0.1714525578166363,35.31903461522874,19
Hybrid GWO-ABC,0,755,74,43.89114603050467,2.1612079880330426,0.17183835769776504,48.22725492898028,17
Hybrid GWO-ABC,0,756,15,74.47621559078172,96.750973243421,0.1736651695662296,52.77062278250554,21
Hybrid GWO-ABC,0,756,33,55.92071607454135,30.39500980626122,0.17105412490913646,20.47951462637545,26
Hybrid GWO-ABC,0,756,36,85.34030732681661,23.393948586534073,0.17147402766395395,44.23595024151556,11
Hybrid GWO-ABC,0,756,65,17.05929685368861,92.51201183767972,0.17284336133352501,53.78067565827367,25
Hybrid GWO-ABC,0,756,81,23.02139908948808,3.741255617617978,0.17201567809842253,53.551062911236734,17
Hybrid GWO-ABC,0,757,5,37.07980242325812,92.67649888486018,0.17063066643381708,44.589405271785346,21
Hybrid GWO-ABC,0,757,40,66.43135403273875,40.63868614400705,0.17066505232583987,18.91093843413398,23
Hybrid GWO-ABC,0,757,41,81.40203846660347,16.697291990770392,0.17134715884639307,45.772900067682514,9
Hybrid GWO-ABC,0,757,97,15.328431662449404,17.926830815773908,0.17050990746249836,47.23140726789146,25
Hybrid GWO-ABC,0,757,98,59.93827915208435,87.45620408374644,0.17059943488389992,38.7522466041392,22
Hybrid GWO-ABC,0,758,42,2.2712073133860478,9.004786077564175,0.23168103523341302,62.91776550282162,23
Hybrid GWO-ABC,0,758,88,43.509706000303794,99.2375564055837,0.1702186777989448,49.66347628786701,11
Hybrid GWO-ABC,0,758,90,89.07924908785249,89.34466396978632,0.17240287167893767,55.45439831217919,20
Hybrid GWO-ABC,0,758,95,93.68131505337793,24.097057500568475,0.17407168055110342,50.78404980819585,22
Hybrid GWO-ABC,0,758,96,12.275793241148602,83.11126721249062,0.17037725610017834,50.19434023873136,24
Hybrid GWO-ABC,0,759,43,72.23593505964503,46.18772302513874,0.16968280109918238,22.560369316786645,19
Hybrid GWO-ABC,0,759,53,44.93615021437887,27.224156184515902,0.1696930126627971,23.331987402676617,25
Hybrid GWO-ABC,0,759,71,93.78264549749828,57.17280523760754,0.16976392488440845,44.366306830028755,19
Hybrid GWO-ABC,0,759,80,10.774094595589656,91.60118451376078,0.1800603924074242,57.17805704764476,23
Hybrid GWO-ABC,0,759,93,37.36577288737101,9.446666806151526,0.16979645722658757,42.47583463411616,14
Hybrid GWO-ABC,0,760,3,76.1139701990353,78.60643052769538,0.169184035058554,38.73328422806367,24
Hybrid GWO-ABC,0,760,14,15.428949206754783,68.30489532424546,0.16952263115792468,39.11811275842336,19
Hybrid GWO-ABC,0,760,21,70.0265102002249,31.236664138204105,0.16928178926028087,27.443102657357606,19
Hybrid GWO-ABC,0,760,48,36.18126105533904,8.7649919316101,0.16947734834625638,43.488888654699714,21
Hybrid GWO-ABC,0,760,56,30.59566241506525,57.9219568941896,0.1694871849176838,20.959144022204473,17
Hybrid GWO-ABC,0,761,11,97.06980243949033,89.31211213221977,0.17796186354598637,61.327061416546535,21
Hybrid GWO-ABC,0,761,51,26.586996145951957,96.91763773477238,0.1721153622523842,52.4350405748008,14
Hybrid GWO-ABC,0,761,54,9.63909621534993,90.26023965438416,0.1759004118417136,57.007801670843506,20
Hybrid GWO-ABC,0,761,69,78.27352272502863,8.272999992243857,0.1693648624648498,50.40371630078472,22
Hybrid GWO-ABC,0,761,87,16.460781758201815,4.491061939232899,0.17913114220717066,56.53266846425794,23
Hybrid GWO-ABC,0,762,0,77.39560485559633,43.88784397520523,0.1684550995436467,28.069157747880652,28
Hybrid GWO-ABC,0,762,25,19.990820247510833,0.7362269751005512,0.1805592683548708,57.684228365004735,12
Hybrid GWO-ABC,0,762,51,26.586996145951957,96.91763773477238,0.16892538491318096,52.4350405748008,18
Hybrid GWO-ABC,0,762,62,4.161417386189248,49.39908192445189,0.1684840716049106,45.84252129384545,22
Hybrid GWO-ABC,0,762,94,74.6789611349026,26.246051592286467,0.168342174743553,34.2534843140716,20
Hybrid GWO-ABC,0,763,41,81.40203846660347,16.697291990770392,0.16821466567083712,45.772900067682514,19
Hybrid GWO-ABC,0,763,54,9.63909621534993,90.26023965438416,0.1711571541732096,57.007801670843506,17
Hybrid GWO-ABC,0,763,68,95.85592132414453,48.23034369429002,0.1681616672050193,45.890055610409455,22
Hybrid GWO-ABC,0,763,84,31.713889282271534,95.28993950697449,0.16798212078061853,48.842199640540684,19
Hybrid GWO-ABC,0,763,87,16.460781758201815,4.491061939232899,0.1737422421047293,56.53266846425794,23
Hybrid GWO-ABC,0,764,23,38.74783790301745,28.83281039302441,0.16746210327952832,23.97208934812371,24
Hybrid GWO-ABC,0,764,26,78.69243775021384,66.48508565920321,0.16752267122432993,33.09099625640128,27
Hybrid GWO-ABC,0,764,36,85.34030732681661,23.393948586534073,0.16751261650280694,44.23595024151556,11
Hybrid GWO-ABC,0,764,38,29.35937577666836,66.1916514726895,0.16744822274433804,26.233660547888334,25
Hybrid GWO-ABC,0,764,61,8.44443211398891,41.58074021706096,0.16760304508491997,42.399872141570086,13
Hybrid GWO-ABC,0,765,24,68.24955039749754,13.97524836093098,0.1670252121404251,40.38352164395039,13
Hybrid GWO-ABC,0,765,29,13.979699812765745,11.453007353597345,0.1673999483745166,52.75729966232435,16
Hybrid GWO-ABC,0,765,57,17.67727829392317,85.66142840923754,0.16720163524932466,48.12998872507312,25
Hybrid GWO-ABC,0,765,79,72.69946142868827,76.8647491917657,0.16705287748478492,35.170730704507434,25
Hybrid GWO-ABC,0,765,91,51.885836038644904,31.5929051830793,0.16707066014291688,18.503446088871144,21
Hybrid GWO-ABC,0,766,8,55.45847870158348,6.381725610417533,0.16688298146980193,43.9584900839479,26
Hybrid GWO-ABC,0,766,9,82.7631171992582,63.166439912206485,0.1668509509533645,35.30972937554283,22
Hybrid GWO-ABC,0,766,44,16.127177903360177,50.10447751033635,0.16677012815216077,33.87298322174735,15
Hybrid GWO-ABC,0,766,60,58.40979689127356,64.984660155482,0.16659160199345788,17.183268714879727,18
Hybrid GWO-ABC,0,766,76,14.024908899861078,55.40361435390494,0.16670881146876618,36.37865071369501,19
Hybrid GWO-ABC,0,767,12,77.83834970737618,19.463870785196757,0.16627662161377288,41.321046717784526,17
Hybrid GWO-ABC,0,767,13,46.67210037270342,4.380376578722878,0.16632416338019929,45.740845609023204,20
Hybrid GWO-ABC,0,767,27,70.51653786263351,78.07290310219679,0.16663843147471158,34.77091046340611,25
Hybrid GWO-ABC,0,767,47,30.151208914787652,63.028259311888846,0.16622834131635114,23.742578803538244,19
Hybrid GWO-ABC,0,767,64,10.340296772255165,58.7644572177712,0.16691129328675833,40.616594766609076,19
Hybrid GWO-ABC,0,768,6,64.38651200806646,82.276161327083,0.1663305579613565,35.33726528425946,24
Hybrid GWO-ABC,0,768,32,63.47183200005908,55.35794006579958,0.16579404427995253,14.498199170466526,25
Hybrid GWO-ABC,0,768,85,29.091783814011862,51.50571292317145,0.16574560571998848,20.962363308725994,24
Hybrid GWO-ABC,0,768,99,19.643466571457324,31.03236729000948,0.16588284833586409,35.795114365222126,27
Hybrid GWO-ABC,0,769,18,12.992150533547164,47.57049262259338,0.1658102503476997,37.08751040752812,25
Hybrid GWO-ABC,0,769,66,58.106113970039495,34.686980453483706,0.16533806727769063,17.32621283856514,25
Hybrid GWO-ABC,0,769,67,59.091549148141674,2.28038710296975,0.1653215788063915,48.577955092361506,13
Hybrid GWO-ABC,0,769,83,82.97897431324131,80.82514720643019,0.1654295957348277,45.142025287436105,21
Hybrid GWO-ABC,0,769,88,43.509706000303794,99.2375564055837,0.16534814474816548,49.66347628786701,16
Hybrid GWO-ABC,0,770,4,12.811363267554587,45.038593789556714,0.16581906789289824,37.51813233095184,20
Hybrid GWO-ABC,0,770,10,75.80877400853738,35.45259681298683,0.1650455445605777,29.626335502543604,19
Hybrid GWO-ABC,0,770,16,32.58253581381519,37.045970603486886,0.16487976473532648,21.706564359261378,21
Hybrid GWO-ABC,0,770,28,45.891577553834,56.87411959528937,0.16500884155035098,8.008286658611938,20
Hybrid GWO-ABC,0,770,89,89.1677266254914,74.86080194569492,0.16601840780323793,46.391489331474325,20
Hybrid GWO-ABC,0,771,22,83.2259801395201,80.47643574968019,0.16462184080092357,45.086349289293416,25
Hybrid GWO-ABC,0,771,37,5.830274168906602,28.138389202199654,0.16563062146058388,49.28381789866183,16
Hybrid GWO-ABC,0,771,55,45.57762898336111,20.236336479523032,0.16445508644369186,30.09041428044784,13
Hybrid GWO-ABC,0,771,72,47.348940105695384,26.69756630918936,0.1648117647967919,23.45275110680658,25
Hybrid GWO-ABC,0,771,86,25.596509056760276,93.60435700489633,0.1649908800498624,49.96869339923984,21
Hybrid GWO-ABC,0,772,1,85.85979199113825,69.73680290593639,0.1641871855172554,40.93245742189787,16
Hybrid GWO-ABC,0,772,58,75.85195298352102,71.94629559509367,0.16399150297083387,33.911109734265686,21
Hybrid GWO-ABC,0,772,73,33.15689973425522,52.06724024715378,0.1643413544439329,16.969487582168895,23
Hybrid GWO-ABC,0,772,77,10.857574113544356,67.22400930398116,0.16414847397313062,42.76442447619636,21
Hybrid GWO-ABC,0,772,81,23.02139908948808,3.741255617617978,0.16484341868323754,53.551062911236734,19
Hybrid GWO-ABC,0,773,19,22.69093490508841,66.98139946825104,0.16365699035402556,32.15824877474573,35
Hybrid GWO-ABC,0,773,52,77.87509039657947,71.68901891589957,0.16360619541605256,35.31903461522874,32
Hybrid GWO-ABC,0,773,63,32.98612123327853,14.45241888660469,0.16357250979159063,39.40942265121521,33
Hybrid GWO-ABC,0,774,31,56.52361064811888,76.49988574160255,0.16326520447301582,27.291050551531363,20
Hybrid GWO-ABC,0,774,34,3.0817834567939406,43.671738923236234,0.16335750546930916,47.34306635454508,20
Hybrid GWO-ABC,0,774,39,55.70321523412783,78.38982091064135,0.16346494012539667,28.957012887124193,18
Hybrid GWO-ABC,0,774,82,55.48524693914834,37.092228386243875,0.16326898142098578,14.024924314103254,27
Hybrid GWO-ABC,0,774,93,37.36577288737101,9.446666806151526,0.1636348951694521,42.47583463411616,15
Hybrid GWO-ABC,0,775,30,66.84029617904716,47.10962061431325,0.16284901823859865,17.08654056242027,19
Hybrid GWO-ABC,0,775,45,15.231210271316842,69.6320375077736,0.1627410986465385,39.92850655739597,21
Hybrid GWO-ABC,0,775,50,90.8580690707607,69.97071338107496,0.16373404603640695,45.47759009820221,21
Hybrid GWO-ABC,0,775,74,43.89114603050467,2.1612079880330426,0.1637519309775389,48.22725492898028,21
Hybrid GWO-ABC,0,775,78,28.123378383900832,65.94226346919018,0.16273574951559017,27.06921383888075,18
Hybrid GWO-ABC,0,776,17,46.95558112758079,18.94713590842857,0.16265480121386777,31.201744415342365,24
Hybrid GWO-ABC,0,776,20,43.715191887233075,83.26781960578374,0.16272155096273513,33.85626432932715,16
Hybrid GWO-ABC,0,776,36,85.34030732681661,23.393948586534073,0.1623257727589561,44.23595024151556,14
Hybrid GWO-ABC,0,776,56,30.59566241506525,57.9219568941896,0.16240465155722072,20.959144022204473,27
Hybrid GWO-ABC,0,776,75,82.62919241943578,89.61607718397667,0.16420241653108958,51.32346217268826,19
Hybrid GWO-ABC,0,777,15,74.47621559078172,96.750973243421,0.16432804244538476,52.77062278250554,23
Hybrid GWO-ABC,0,777,25,19.990820247510833,0.7362269751005512,0.17456231598902505,57.684228365004735,18
Hybrid GWO-ABC,0,777,61,8.44443211398891,41.58074021706096,0.16207049469511534,42.399872141570086,21
Hybrid GWO-ABC,0,777,65,17.05929685368861,92.51201183767972,0.16267512685077154,53.78067565827367,19
Hybrid GWO-ABC,0,777,95,93.68131505337793,24.097057500568475,0.16477527290890304,50.78404980819585,19
Hybrid GWO-ABC,0,778,14,15.428949206754783,68.30489532424546,0.1616307784257564,39.11811275842336,29
Hybrid GWO-ABC,0,778,43,72.23593505964503,46.18772302513874,0.16150112031633845,22.560369316786645,38
Hybrid GWO-ABC,0,778,46,44.61562755740307,38.10212260964825,0.16150928290560446,13.059515802526548,33
Hybrid GWO-ABC,0,779,5,37.07980242325812,92.67649888486018,0.16120942815372116,44.589405271785346,18
Hybrid GWO-ABC,0,779,7,44.34141988273311,22.723872178477688,0.16109597711102172,27.856896415063034,23
Hybrid GWO-ABC,0,779,40,66.43135403273875,40.63868614400705,0.16096837745795525,18.91093843413398,18
Hybrid GWO-ABC,0,779,44,16.127177903360177,50.10447751033635,0.16090946060226188,33.87298322174735,23
Hybrid GWO-ABC,0,779,71,93.78264549749828,57.17280523760754,0.16119766699469718,44.366306830028755,18
Hybrid GWO-ABC,0,780,21,70.0265102002249,31.236664138204105,0.16090912983052344,27.443102657357606,20
Hybrid GWO-ABC,0,780,35,21.45846728195292,40.852864372463614,0.16091105781526033,29.97147277135205,25
Hybrid GWO-ABC,0,780,48,36.18126105533904,8.7649919316101,0.1607012434247758,43.488888654699714,19
Hybrid GWO-ABC,0,780,90,89.07924908785249,89.34466396978632,0.1630944378281842,55.45439831217919,16
Hybrid GWO-ABC,0,780,98,59.93827915208435,87.45620408374644,0.16069511052772117,38.7522466041392,20
Hybrid GWO-ABC,0,781,11,97.06980243949033,89.31211213221977,0.16870488809681217,61.327061416546535,23
Hybrid GWO-ABC,0,781,24,68.24955039749754,13.97524836093098,0.16064685611377974,40.38352164395039,11
Hybrid GWO-ABC,0,781,29,13.979699812765745,11.453007353597345,0.16027982142267055,52.75729966232435,18
Hybrid GWO-ABC,0,781,33,55.92071607454135,30.39500980626122,0.16006221855175484,20.47951462637545,26
Hybrid GWO-ABC,0,781,49,11.800590212051532,96.18976645495145,0.19511797030018826,59.93904765101437,22
Hybrid GWO-ABC,0,782,11,97.06980243949033,89.31211213221977,0.1634944477583326,61.327061416546535,19
Hybrid GWO-ABC,0,782,41,81.40203846660347,16.697291990770392,0.15974486398766136,45.772900067682514,21
Hybrid GWO-ABC,0,782,51,26.586996145951957,96.91763773477238,0.160441832445887,52.4350405748008,17
Hybrid GWO-ABC,0,782,64,10.340296772255165,58.7644572177712,0.15965785205955177,40.616594766609076,22
Hybrid GWO-ABC,0,782,97,15.328431662449404,17.926830815773908,0.15960031317007448,47.23140726789146,21
Hybrid GWO-ABC,0,783,37,5.830274168906602,28.138389202199654,0.15946547865189628,49.28381789866183,22
Hybrid GWO-ABC,0,783,92,77.2012432110988,66.16612631677611,0.15919588966762702,31.642554769160306,29
Hybrid GWO-ABC,0,783,94,74.6789611349026,26.246051592286467,0.15950164137001435,34.2534843140716,26
Hybrid GWO-ABC,0,783,96,12.275793241148602,83.11126721249062,0.15963814240285373,50.19434023873136,23
Hybrid GWO-ABC,0,784,3,76.1139701990353,78.60643052769538,0.1588979095018787,38.73328422806367,20
Hybrid GWO-ABC,0,784,12,77.83834970737618,19.463870785196757,0.15879840249760918,41.321046717784526,20
Hybrid GWO-ABC,0,784,25,19.990820247510833,0.7362269751005512,0.169076208052369,57.684228365004735,21
Hybrid GWO-ABC,0,784,49,11.800590212051532,96.18976645495145,0.18971864510056,59.93904765101437,19
Hybrid GWO-ABC,0,784,60,58.40979689127356,64.984660155482,0.15878826301371732,17.183268714879727,20
Hybrid GWO-ABC,0,785,53,44.93615021437887,27.224156184515902,0.15864124380483938,23.331987402676617,16
Hybrid GWO-ABC,0,785,55,45.57762898336111,20.236336479523032,0.15871403083232896,30.09041428044784,23
Hybrid GWO-ABC,0,785,76,14.024908899861078,55.40361435390494,0.15858896541031203,36.37865071369501,22
Hybrid GWO-ABC,0,785,84,31.713889282271534,95.28993950697449,0.15892615699718327,48.842199640540684,16
Hybrid GWO-ABC,0,785,89,89.1677266254914,74.86080194569492,0.15853668972470705,46.391489331474325,23
Hybrid GWO-ABC,0,786,47,30.151208914787652,63.028259311888846,0.1580729067518399,23.742578803538244,50
Hybrid GWO-ABC,0,786,91,51.885836038644904,31.5929051830793,0.15805164287267187,18.503446088871144,50
Hybrid GWO-ABC,0,787,1,85.85979199113825,69.73680290593639,0.1574983658369985,40.93245742189787,16
Hybrid GWO-ABC,0,787,4,12.811363267554587,45.038593789556714,0.1578555598857357,37.51813233095184,23
Hybrid GWO-ABC,0,787,9,82.7631171992582,63.166439912206485,0.15755599107048132,35.30972937554283,18
Hybrid GWO-ABC,0,787,54,9.63909621534993,90.26023965438416,0.1618931183066475,57.007801670843506,15
Hybrid GWO-ABC,0,787,93,37.36577288737101,9.446666806151526,0.15764387092525006,42.47583463411616,28
Hybrid GWO-ABC,0,788,10,75.80877400853738,35.45259681298683,0.15708381434366842,29.626335502543604,18
Hybrid GWO-ABC,0,788,23,38.74783790301745,28.83281039302441,0.15715442077500066,23.97208934812371,27
Hybrid GWO-ABC,0,788,54,9.63909621534993,90.26023965438416,0.1584631227285938,57.007801670843506,22
Hybrid GWO-ABC,0,788,75,82.62919241943578,89.61607718397667,0.15737236157933926,51.32346217268826,21
Hybrid GWO-ABC,0,788,81,23.02139908948808,3.741255617617978,0.1572162459914106,53.551062911236734,12
Hybrid GWO-ABC,0,789,0,77.39560485559633,43.88784397520523,0.1565411052157645,28.069157747880652,17
Hybrid GWO-ABC,0,789,13,46.67210037270342,4.380376578722878,0.1571586837846694,45.740845609023204,22
Hybrid GWO-ABC,0,789,38,29.35937577666836,66.1916514726895,0.15666916190848976,26.233660547888334,26
Hybrid GWO-ABC,0,789,79,72.69946142868827,76.8647491917657,0.1565530596243501,35.170730704507434,22
Hybrid GWO-ABC,0,789,86,25.596509056760276,93.60435700489633,0.1565400450777854,49.96869339923984,13
Hybrid GWO-ABC,0,790,20,43.715191887233075,83.26781960578374,0.15618871648951096,33.85626432932715,19
Hybrid GWO-ABC,0,790,24,68.24955039749754,13.97524836093098,0.15641457777266102,40.38352164395039,21
Hybrid GWO-ABC,0,790,26,78.69243775021384,66.48508565920321,0.15614848239341586,33.09099625640128,22
Hybrid GWO-ABC,0,790,28,45.891577553834,56.87411959528937,0.15627267701727057,8.008286658611938,25
Hybrid GWO-ABC,0,790,87,16.460781758201815,4.491061939232899,0.16256287763140215,56.53266846425794,13
Hybrid GWO-ABC,0,791,8,55.45847870158348,6.381725610417533,0.1557306071161401,43.9584900839479,21
Hybrid GWO-ABC,0,791,27,70.51653786263351,78.07290310219679,0.15611761503253702,34.77091046340611,24
Hybrid GWO-ABC,0,791,57,17.67727829392317,85.66142840923754,0.15605931637056944,48.12998872507312,18
Hybrid GWO-ABC,0,791,62,4.161417386189248,49.39908192445189,0.1572415464598631,45.84252129384545,15
Hybrid GWO-ABC,0,791,70,48.66583308381603,49.07069943545209,0.15580036666609395,1.6259154035523802,22
Hybrid GWO-ABC,0,792,18,12.992150533547164,47.57049262259338,0.15543381677345072,37.08751040752812,20
Hybrid GWO-ABC,0,792,39,55.70321523412783,78.38982091064135,0.15559950295512148,28.957012887124193,22
Hybrid GWO-ABC,0,792,59,43.20930397751037,62.73088407024432,0.1555488556744466,14.428754682225943,19
Hybrid GWO-ABC,0,792,68,95.85592132414453,48.23034369429002,0.1566220146910335,45.890055610409455,18
Hybrid GWO-ABC,0,792,74,43.89114603050467,2.1612079880330426,0.15546802215463298,48.22725492898028,21
Hybrid GWO-ABC,0,793,16,32.58253581381519,37.045970603486886,0.1553950737007908,21.706564359261378,25
Hybrid GWO-ABC,0,793,30,66.84029617904716,47.10962061431325,0.15490825811864825,17.08654056242027,18
Hybrid GWO-ABC,0,793,32,63.47183200005908,55.35794006579958,0.1549215315921875,14.498199170466526,24
Hybrid GWO-ABC,0,793,73,33.15689973425522,52.06724024715378,0.1549098988944942,16.969487582168895,12
Hybrid GWO-ABC,0,793,85,29.091783814011862,51.50571292317145,0.15524007248793795,20.962363308725994,21
Hybrid GWO-ABC,0,794,58,75.85195298352102,71.94629559509367,0.1547770593361571,33.911109734265686,25
Hybrid GWO-ABC,0,794,66,58.106113970039495,34.686980453483706,0.15458835031922102,17.32621283856514,17
Hybrid GWO-ABC,0,794,72,47.348940105695384,26.69756630918936,0.15448814051345724,23.45275110680658,23
Hybrid GWO-ABC,0,794,77,10.857574113544356,67.22400930398116,0.15486911903619746,42.76442447619636,19
Hybrid GWO-ABC,0,794,78,28.123378383900832,65.94226346919018,0.1548096790595387,27.06921383888075,16
Hybrid GWO-ABC,0,795,31,56.52361064811888,76.49988574160255,0.15432667846915707,27.291050551531363,18
Hybrid GWO-ABC,0,795,34,3.0817834567939406,43.671738923236234,0.15429534863553127,47.34306635454508,22
Hybrid GWO-ABC,0,795,45,15.231210271316842,69.6320375077736,0.1539449165349816,39.92850655739597,22
Hybrid GWO-ABC,0,795,50,90.8580690707607,69.97071338107496,0.15481431724473907,45.47759009820221,17
Hybrid GWO-ABC,0,795,95,93.68131505337793,24.097057500568475,0.15642053952880663,50.78404980819585,21
Hybrid GWO-ABC,0,796,5,37.07980242325812,92.67649888486018,0.15358955066227223,44.589405271785346,20
Hybrid GWO-ABC,0,796,6,64.38651200806646,82.276161327083,0.1550577958067178,35.33726528425946,23
Hybrid GWO-ABC,0,796,40,66.43135403273875,40.63868614400705,0.15351081223266572,18.91093843413398,28
Hybrid GWO-ABC,0,796,99,19.643466571457324,31.03236729000948,0.15392690632882305,35.795114365222126,29
Hybrid GWO-ABC,0,797,25,19.990820247510833,0.7362269751005512,0.16144463279478283,57.684228365004735,20
Hybrid GWO-ABC,0,797,61,8.44443211398891,41.58074021706096,0.15315325732122279,42.399872141570086,21
Hybrid GWO-ABC,0,797,65,17.05929685368861,92.51201183767972,0.15416099525913052,53.78067565827367,19
Hybrid GWO-ABC,0,797,71,93.78264549749828,57.17280523760754,0.1532649067122092,44.366306830028755,20
Hybrid GWO-ABC,0,797,83,82.97897431324131,80.82514720643019,0.15489239486028977,45.142025287436105,20
Hybrid GWO-ABC,0,798,17,46.95558112758079,18.94713590842857,0.1526910500854792,31.201744415342365,17
Hybrid GWO-ABC,0,798,21,70.0265102002249,31.236664138204105,0.1527747983530968,27.443102657357606,20
Hybrid GWO-ABC,0,798,22,83.2259801395201,80.47643574968019,0.1534089950995236,45.086349289293416,23
Hybrid GWO-ABC,0,798,48,36.18126105533904,8.7649919316101,0.15266496143211183,43.488888654699714,16
Hybrid GWO-ABC,0,798,51,26.586996145951957,96.91763773477238,0.15325245973312632,52.4350405748008,24
Hybrid GWO-ABC,0,799,29,13.979699812765745,11.453007353597345,0.15231205399520129,52.75729966232435,20
Hybrid GWO-ABC,0,799,36,85.34030732681661,23.393948586534073,0.15421829564875095,44.23595024151556,21
Hybrid GWO-ABC,0,799,62,4.161417386189248,49.39908192445189,0.1522800161229914,45.84252129384545,20
Hybrid GWO-ABC,0,799,84,31.713889282271534,95.28993950697449,0.1524103502056499,48.842199640540684,18
Hybrid GWO-ABC,0,799,90,89.07924908785249,89.34466396978632,0.15536301795346188,55.45439831217919,21
Hybrid GWO-ABC,0,800,53,44.93615021437887,27.224156184515902,0.1519647116086985,23.331987402676617,30
Hybrid GWO-ABC,0,800,80,10.774094595589656,91.60118451376078,0.16572507659963603,57.17805704764476,20
Hybrid GWO-ABC,0,800,82,55.48524693914834,37.092228386243875,0.1517617095698064,14.024924314103254,25
Hybrid GWO-ABC,0,800,98,59.93827915208435,87.45620408374644,0.15195055788277861,38.7522466041392,25
Hybrid GWO-ABC,0,801,15,74.47621559078172,96.750973243421,0.15381505284983224,52.77062278250554,22
Hybrid GWO-ABC,0,801,42,2.2712073133860478,9.004786077564175,0.21613468191830948,62.91776550282162,18
Hybrid GWO-ABC,0,801,67,59.091549148141674,2.28038710296975,0.15515640397895933,48.577955092361506,19
Hybrid GWO-ABC,0,801,69,78.27352272502863,8.272999992243857,0.15519356353728686,50.40371630078472,14
Hybrid GWO-ABC,0,801,88,43.509706000303794,99.2375564055837,0.15447652191338887,49.66347628786701,27
Hybrid GWO-ABC,0,802,1,85.85979199113825,69.73680290593639,0.15089099020709043,40.93245742189787,28
Hybrid GWO-ABC,0,802,7,44.34141988273311,22.723872178477688,0.15114254523636098,27.856896415063034,24
Hybrid GWO-ABC,0,802,44,16.127177903360177,50.10447751033635,0.15085351962642848,33.87298322174735,24
Hybrid GWO-ABC,0,802,67,59.091549148141674,2.28038710296975,0.15088201127012113,48.577955092361506,11
Hybrid GWO-ABC,0,802,86,25.596509056760276,93.60435700489633,0.15094935549441815,49.96869339923984,13
Hybrid GWO-ABC,0,803,3,76.1139701990353,78.60643052769538,0.15060124685230472,38.73328422806367,26
Hybrid GWO-ABC,0,803,35,21.45846728195292,40.852864372463614,0.15049663457090012,29.97147277135205,28
Hybrid GWO-ABC,0,803,41,81.40203846660347,16.697291990770392,0.15044458291704074,45.772900067682514,19
Hybrid GWO-ABC,0,803,56,30.59566241506525,57.9219568941896,0.15062589507760799,20.959144022204473,27
Hybrid GWO-ABC,0,804,9,82.7631171992582,63.166439912206485,0.15006688801264167,35.30972937554283,17
Hybrid GWO-ABC,0,804,52,77.87509039657947,71.68901891589957,0.1500712090921683,35.31903461522874,14
Hybrid GWO-ABC,0,804,60,58.40979689127356,64.984660155482,0.1500994186874322,17.183268714879727,19
Hybrid GWO-ABC,0,804,64,10.340296772255165,58.7644572177712,0.15001899978020647,40.616594766609076,28
Hybrid GWO-ABC,0,804,97,15.328431662449404,17.926830815773908,0.1501546844239656,47.23140726789146,22
Hybrid GWO-ABC,0,805,2,9.417734788764953,97.5622351636756,0.20211664152303252,62.52268758970457,21
Hybrid GWO-ABC,0,805,10,75.80877400853738,35.45259681298683,0.14957800730891202,29.626335502543604,20
Hybrid GWO-ABC,0,805,12,77.83834970737618,19.463870785196757,0.14976030567900905,41.321046717784526,14
Hybrid GWO-ABC,0,805,37,5.830274168906602,28.138389202199654,0.14968527920049288,49.28381789866183,25
Hybrid GWO-ABC,0,805,68,95.85592132414453,48.23034369429002,0.14974520885786166,45.890055610409455,20
Hybrid GWO-ABC,0,806,0,77.39560485559633,43.88784397520523,0.14924968244960088,28.069157747880652,22
Hybrid GWO-ABC,0,806,63,32.98612123327853,14.45241888660469,0.14930444829860318,39.40942265121521,21
Hybrid GWO-ABC,0,806,73,33.15689973425522,52.06724024715378,0.14947425355833746,16.969487582168895,18
Hybrid GWO-ABC,0,806,76,14.024908899861078,55.40361435390494,0.14923878293218673,36.37865071369501,22
Hybrid GWO-ABC,0,806,90,89.07924908785249,89.34466396978632,0.14926110349217162,55.45439831217919,17
Hybrid GWO-ABC,0,807,14,15.428949206754783,68.30489532424546,0.14902210758834245,39.11811275842336,20
Hybrid GWO-ABC,0,807,33,55.92071607454135,30.39500980626122,0.14872733085826642,20.47951462637545,21
Hybrid GWO-ABC,0,807,55,45.57762898336111,20.236336479523032,0.14896385353529662,30.09041428044784,22
Hybrid GWO-ABC,0,807,57,17.67727829392317,85.66142840923754,0.14868643648993776,48.12998872507312,13
Hybrid GWO-ABC,0,807,89,89.1677266254914,74.86080194569492,0.14877337590014844,46.391489331474325,24
Hybrid GWO-ABC,0,808,19,22.69093490508841,66.98139946825104,0.14846627659035813,32.15824877474573,21
Hybrid GWO-ABC,0,808,50,90.8580690707607,69.97071338107496,0.14838556088132543,45.47759009820221,22
Hybrid GWO-ABC,0,808,78,28.123378383900832,65.94226346919018,0.14832097926590684,27.06921383888075,18
Hybrid GWO-ABC,0,808,81,23.02139908948808,3.741255617617978,0.15012726808079768,53.551062911236734,17
Hybrid GWO-ABC,0,808,94,74.6789611349026,26.246051592286467,0.1484495477165382,34.2534843140716,22
Hybrid GWO-ABC,0,809,20,43.715191887233075,83.26781960578374,0.14794629220677274,33.85626432932715,18
Hybrid GWO-ABC,0,809,69,78.27352272502863,8.272999992243857,0.15036243584911604,50.40371630078472,21
Hybrid GWO-ABC,0,809,75,82.62919241943578,89.61607718397667,0.14828385700632832,51.32346217268826,20
Hybrid GWO-ABC,0,809,87,16.460781758201815,4.491061939232899,0.15540151431086593,56.53266846425794,21
Hybrid GWO-ABC,0,809,96,12.275793241148602,83.11126721249062,0.14899200008385668,50.19434023873136,20
Hybrid GWO-ABC,0,810,13,46.67210037270342,4.380376578722878,0.14763471421203397,45.740845609023204,18
Hybrid GWO-ABC,0,810,54,9.63909621534993,90.26023965438416,0.14873130750481503,57.007801670843506,17
Hybrid GWO-ABC,0,810,59,43.20930397751037,62.73088407024432,0.1474487500569924,14.428754682225943,19
Hybrid GWO-ABC,0,810,66,58.106113970039495,34.686980453483706,0.14744797680189456,17.32621283856514,23
Hybrid GWO-ABC,0,810,79,72.69946142868827,76.8647491917657,0.1474350956973392,35.170730704507434,23
Hybrid GWO-ABC,0,811,18,12.992150533547164,47.57049262259338,0.14696623747411228,37.08751040752812,16
Hybrid GWO-ABC,0,811,26,78.69243775021384,66.48508565920321,0.146982680445725,33.09099625640128,23
Hybrid GWO-ABC,0,811,30,66.84029617904716,47.10962061431325,0.14711455834317821,17.08654056242027,15
Hybrid GWO-ABC,0,811,46,44.61562755740307,38.10212260964825,0.1469944392833652,13.059515802526548,25
Hybrid GWO-ABC,0,811,77,10.857574113544356,67.22400930398116,0.14705234745686527,42.76442447619636,21
Hybrid GWO-ABC,0,812,4,12.811363267554587,45.038593789556714,0.14740120838917659,37.51813233095184,18
Hybrid GWO-ABC,0,812,6,64.38651200806646,82.276161327083,0.14662558974727763,35.33726528425946,17
Hybrid GWO-ABC,0,812,24,68.24955039749754,13.97524836093098,0.14694630508988737,40.38352164395039,26
Hybrid GWO-ABC,0,812,85,29.091783814011862,51.50571292317145,0.1465497790118204,20.962363308725994,22
Hybrid GWO-ABC,0,812,92,77.2012432110988,66.16612631677611,0.14676906912231352,31.642554769160306,17
Hybrid GWO-ABC,0,813,25,19.990820247510833,0.7362269751005512,0.15341876996039908,57.684228365004735,24
Hybrid GWO-ABC,0,813,27,70.51653786263351,78.07290310219679,0.14633778052174895,34.77091046340611,19
Hybrid GWO-ABC,0,813,31,56.52361064811888,76.49988574160255,0.14649269811960122,27.291050551531363,18
Hybrid GWO-ABC,0,813,36,85.34030732681661,23.393948586534073,0.146593396769993,44.23595024151556,20
Hybrid GWO-ABC,0,813,80,10.774094595589656,91.60118451376078,0.15844376665149082,57.17805704764476,19
Hybrid GWO-ABC,0,814,38,29.35937577666836,66.1916514726895,0.14564082763277403,26.233660547888334,21
Hybrid GWO-ABC,0,814,49,11.800590212051532,96.18976645495145,0.17874192498505545,59.93904765101437,12
Hybrid GWO-ABC,0,814,70,48.66583308381603,49.07069943545209,0.14594523805545206,1.6259154035523802,20
Hybrid GWO-ABC,0,814,83,82.97897431324131,80.82514720643019,0.1470617107289151,45.142025287436105,23
Hybrid GWO-ABC,0,814,93,37.36577288737101,9.446666806151526,0.14565121282053073,42.47583463411616,24
Hybrid GWO-ABC,0,815,17,46.95558112758079,18.94713590842857,0.1453453438734196,31.201744415342365,16
Hybrid GWO-ABC,0,815,23,38.74783790301745,28.83281039302441,0.14537715835146253,23.97208934812371,18
Hybrid GWO-ABC,0,815,28,45.891577553834,56.87411959528937,0.14537745941302224,8.008286658611938,17
Hybrid GWO-ABC,0,815,39,55.70321523412783,78.38982091064135,0.1457960477649794,28.957012887124193,28
Hybrid GWO-ABC,0,815,43,72.23593505964503,46.18772302513874,0.14520281746172875,22.560369316786645,21
Hybrid GWO-ABC,0,816,5,37.07980242325812,92.67649888486018,0.14481402046447833,44.589405271785346,19
Hybrid GWO-ABC,0,816,16,32.58253581381519,37.045970603486886,0.14494436246975134,21.706564359261378,27
Hybrid GWO-ABC,0,816,48,36.18126105533904,8.7649919316101,0.14533569286119485,43.488888654699714,16
Hybrid GWO-ABC,0,816,58,75.85195298352102,71.94629559509367,0.1448138624202741,33.911109734265686,26
Hybrid GWO-ABC,0,816,95,93.68131505337793,24.097057500568475,0.14694844201672283,50.78404980819585,12
Hybrid GWO-ABC,0,817,21,70.0265102002249,31.236664138204105,0.14445965465669985,27.443102657357606,16
Hybrid GWO-ABC,0,817,32,63.47183200005908,55.35794006579958,0.14448010992910781,14.498199170466526,20
Hybrid GWO-ABC,0,817,52,77.87509039657947,71.68901891589957,0.14442845959281156,35.31903461522874,22
Hybrid GWO-ABC,0,817,74,43.89114603050467,2.1612079880330426,0.14523017856197154,48.22725492898028,22
Hybrid GWO-ABC,0,817,88,43.509706000303794,99.2375564055837,0.14482029152443085,49.66347628786701,20
Hybrid GWO-ABC,0,818,8,55.45847870158348,6.381725610417533,0.14513261544298459,43.9584900839479,13
Hybrid GWO-ABC,0,818,45,15.231210271316842,69.6320375077736,0.14412942249787483,39.92850655739597,21
Hybrid GWO-ABC,0,818,71,93.78264549749828,57.17280523760754,0.14424103833622245,44.366306830028755,26
Hybrid GWO-ABC,0,818,72,47.348940105695384,26.69756630918936,0.14419554463605136,23.45275110680658,25
Hybrid GWO-ABC,0,818,86,25.596509056760276,93.60435700489633,0.14456540359310072,49.96869339923984,15
Hybrid GWO-ABC,0,819,12,77.83834970737618,19.463870785196757,0.14374419294713286,41.321046717784526,21
Hybrid GWO-ABC,0,819,22,83.2259801395201,80.47643574968019,0.14405339481489352,45.086349289293416,24
Hybrid GWO-ABC,0,819,61,8.44443211398891,41.58074021706096,0.14351976689303364,42.399872141570086,20
Hybrid GWO-ABC,0,819,65,17.05929685368861,92.51201183767972,0.14520024617660215,53.78067565827367,19
Hybrid GWO-ABC,0,819,81,23.02139908948808,3.741255617617978,0.14399990930103415,53.551062911236734,16
Hybrid GWO-ABC,0,820,9,82.7631171992582,63.166439912206485,0.1431209224412859,35.30972937554283,24
Hybrid GWO-ABC,0,820,15,74.47621559078172,96.750973243421,0.144732883834221,52.77062278250554,15
Hybrid GWO-ABC,0,820,34,3.0817834567939406,43.671738923236234,0.1436508500330936,47.34306635454508,19
Hybrid GWO-ABC,0,820,62,4.161417386189248,49.39908192445189,0.14306036197940472,45.84252129384545,23
Hybrid GWO-ABC,0,820,95,93.68131505337793,24.097057500568475,0.14352620102405003,50.78404980819585,19
Hybrid GWO-ABC,0,821,11,97.06980243949033,89.31211213221977,0.15028184336583017,61.327061416546535,21
Hybrid GWO-ABC,0,821,25,19.990820247510833,0.7362269751005512,0.14637472080726693,57.684228365004735,24
Hybrid GWO-ABC,0,821,69,78.27352272502863,8.272999992243857,0.14311863736724745,50.40371630078472,20
Hybrid GWO-ABC,0,821,80,10.774094595589656,91.60118451376078,0.15248790741161022,57.17805704764476,16
Hybrid GWO-ABC,0,821,84,31.713889282271534,95.28993950697449,0.14357623521162508,48.842199640540684,19
Hybrid GWO-ABC,0,822,29,13.979699812765745,11.453007353597345,0.1428088561043743,52.75729966232435,15
Hybrid GWO-ABC,0,822,41,81.40203846660347,16.697291990770392,0.14214825704442755,45.772900067682514,18
Hybrid GWO-ABC,0,822,57,17.67727829392317,85.66142840923754,0.14265629592949466,48.12998872507312,16
Hybrid GWO-ABC,0,822,73,33.15689973425522,52.06724024715378,0.14213452327068582,16.969487582168895,31
Hybrid GWO-ABC,0,822,90,89.07924908785249,89.34466396978632,0.1421350364070951,55.45439831217919,20
Hybrid GWO-ABC,0,823,11,97.06980243949033,89.31211213221977,0.14530884902725114,61.327061416546535,10
Hybrid GWO-ABC,0,823,51,26.586996145951957,96.91763773477238,0.14244570665878598,52.4350405748008,17
Hybrid GWO-ABC,0,823,60,58.40979689127356,64.984660155482,0.14183579332145974,17.183268714879727,29
Hybrid GWO-ABC,0,823,67,59.091549148141674,2.28038710296975,0.14379641540268356,48.577955092361506,20
Hybrid GWO-ABC,0,823,99,19.643466571457324,31.03236729000948,0.1416986222072348,35.795114365222126,24
Hybrid GWO-ABC,0,824,11,97.06980243949033,89.31211213221977,0.14295840868877158,61.327061416546535,16
Hybrid GWO-ABC,0,824,40,66.43135403273875,40.63868614400705,0.1413395808779708,18.91093843413398,41
Hybrid GWO-ABC,0,824,42,2.2712073133860478,9.004786077564175,0.20665086235209948,62.91776550282162,16
Hybrid GWO-ABC,0,824,96,12.275793241148602,83.11126721249062,0.14138682114552373,50.19434023873136,27
Hybrid GWO-ABC,0,825,7,44.34141988273311,22.723872178477688,0.1408438456456192,27.856896415063034,29
Hybrid GWO-ABC,0,825,30,66.84029617904716,47.10962061431325,0.1408861400167251,17.08654056242027,17
Hybrid GWO-ABC,0,825,49,11.800590212051532,96.18976645495145,0.17368004682271282,59.93904765101437,19
Hybrid GWO-ABC,0,825,82,55.48524693914834,37.092228386243875,0.14086043089759506,14.024924314103254,16
Hybrid GWO-ABC,0,825,98,59.93827915208435,87.45620408374644,0.14092160154750188,38.7522466041392,19
Hybrid GWO-ABC,0,826,10,75.80877400853738,35.45259681298683,0.140811009946092,29.626335502543604,18
Hybrid GWO-ABC,0,826,14,15.428949206754783,68.30489532424546,0.140567761849068,39.11811275842336,20
Hybrid GWO-ABC,0,826,63,32.98612123327853,14.45241888660469,0.14047818643589166,39.40942265121521,23
Hybrid GWO-ABC,0,826,68,95.85592132414453,48.23034369429002,0.14053681556626352,45.890055610409455,19
Hybrid GWO-ABC,0,826,78,28.123378383900832,65.94226346919018,0.14051800478017323,27.06921383888075,20
Hybrid GWO-ABC,0,827,0,77.39560485559633,43.88784397520523,0.1399724459249499,28.069157747880652,20
Hybrid GWO-ABC,0,827,20,43.715191887233075,83.26781960578374,0.1401774982666705,33.85626432932715,18
Hybrid GWO-ABC,0,827,44,16.127177903360177,50.10447751033635,0.14011003296013239,33.87298322174735,21
Hybrid GWO-ABC,0,827,92,77.2012432110988,66.16612631677611,0.13997171052987076,31.642554769160306,21
Hybrid GWO-ABC,0,827,97,15.328431662449404,17.926830815773908,0.14034691864730664,47.23140726789146,20
Hybrid GWO-ABC,0,828,3,76.1139701990353,78.60643052769538,0.13970090130706014,38.73328422806367,24
Hybrid GWO-ABC,0,828,18,12.992150533547164,47.57049262259338,0.13965856779452948,37.08751040752812,14
Hybrid GWO-ABC,0,828,19,22.69093490508841,66.98139946825104,0.13960122531047417,32.15824877474573,24
Hybrid GWO-ABC,0,828,33,55.92071607454135,30.39500980626122,0.13967415990748508,20.47951462637545,20
Hybrid GWO-ABC,0,828,55,45.57762898336111,20.236336479523032,0.13958700885891165,30.09041428044784,18
Hybrid GWO-ABC,0,829,6,64.38651200806646,82.276161327083,0.13929074003298403,35.33726528425946,22
Hybrid GWO-ABC,0,829,13,46.67210037270342,4.380376578722878,0.1395155366116106,45.740845609023204,21
Hybrid GWO-ABC,0,829,54,9.63909621534993,90.26023965438416,0.1407938474105205,57.007801670843506,16
Hybrid GWO-ABC,0,829,59,43.20930397751037,62.73088407024432,0.13920756971948384,14.428754682225943,22
Hybrid GWO-ABC,0,829,94,74.6789611349026,26.246051592286467,0.13926264512613856,34.2534843140716,19
Hybrid GWO-ABC,0,830,8,55.45847870158348,6.381725610417533,0.13966933507616847,43.9584900839479,14
Hybrid GWO-ABC,0,830,53,44.93615021437887,27.224156184515902,0.13881832568044628,23.331987402676617,23
Hybrid GWO-ABC,0,830,56,30.59566241506525,57.9219568941896,0.13892741553325302,20.959144022204473,20
Hybrid GWO-ABC,0,830,76,14.024908899861078,55.40361435390494,0.13916454880980014,36.37865071369501,20
Hybrid GWO-ABC,0,830,89,89.1677266254914,74.86080194569492,0.1387166061291255,46.391489331474325,23
Hybrid GWO-ABC,0,831,4,12.811363267554587,45.038593789556714,0.1391811654983226,37.51813233095184,20
Hybrid GWO-ABC,0,831,28,45.891577553834,56.87411959528937,0.13823092014458513,8.008286658611938,20
Hybrid GWO-ABC,0,831,31,56.52361064811888,76.49988574160255,0.1386749553070678,27.291050551531363,18
Hybrid GWO-ABC,0,831,48,36.18126105533904,8.7649919316101,0.13865661521679076,43.488888654699714,23
Hybrid GWO-ABC,0,831,50,90.8580690707607,69.97071338107496,0.13873472432476572,45.47759009820221,19
Hybrid GWO-ABC,0,832,21,70.0265102002249,31.236664138204105,0.1378701913491685,27.443102657357606,18
Hybrid GWO-ABC,0,832,23,38.74783790301745,28.83281039302441,0.13785471706623842,23.97208934812371,21
Hybrid GWO-ABC,0,832,35,21.45846728195292,40.852864372463614,0.13799010875484316,29.97147277135205,20
Hybrid GWO-ABC,0,832,65,17.05929685368861,92.51201183767972,0.13819666512459666,53.78067565827367,17
Hybrid GWO-ABC,0,832,79,72.69946142868827,76.8647491917657,0.13785855081335338,35.170730704507434,24
Hybrid GWO-ABC,0,833,17,46.95558112758079,18.94713590842857,0.13802747154699083,31.201744415342365,23
Hybrid GWO-ABC,0,833,26,78.69243775021384,66.48508565920321,0.13742033331751827,33.09099625640128,23
Hybrid GWO-ABC,0,833,66,58.106113970039495,34.686980453483706,0.1375606609536043,17.32621283856514,15
Hybrid GWO-ABC,0,833,70,48.66583308381603,49.07069943545209,0.13750416591313108,1.6259154035523802,21
Hybrid GWO-ABC,0,833,86,25.596509056760276,93.60435700489633,0.13804877841851096,49.96869339923984,18
Hybrid GWO-ABC,0,834,27,70.51653786263351,78.07290310219679,0.13781840642708743,34.77091046340611,27
Hybrid GWO-ABC,0,834,36,85.34030732681661,23.393948586534073,0.13756623272073348,44.23595024151556,17
Hybrid GWO-ABC,0,834,77,10.857574113544356,67.22400930398116,0.13741112871204433,42.76442447619636,18
Hybrid GWO-ABC,0,834,81,23.02139908948808,3.741255617617978,0.13720892027603218,53.551062911236734,16
Hybrid GWO-ABC,0,834,85,29.091783814011862,51.50571292317145,0.13703142844118718,20.962363308725994,22
Hybrid GWO-ABC,0,835,1,85.85979199113825,69.73680290593639,0.13791756388203208,40.93245742189787,27
Hybrid GWO-ABC,0,835,5,37.07980242325812,92.67649888486018,0.1365470098696784,44.589405271785346,15
Hybrid GWO-ABC,0,835,37,5.830274168906602,28.138389202199654,0.1372138787579116,49.28381789866183,16
Hybrid GWO-ABC,0,835,38,29.35937577666836,66.1916514726895,0.1365623787026896,26.233660547888334,18
Hybrid GWO-ABC,0,835,67,59.091549148141674,2.28038710296975,0.1367486173876424,48.577955092361506,24
Hybrid GWO-ABC,0,836,43,72.23593505964503,46.18772302513874,0.13613774909835907,22.560369316786645,17
Hybrid GWO-ABC,0,836,46,44.61562755740307,38.10212260964825,0.1361064519007852,13.059515802526548,26
Hybrid GWO-ABC,0,836,47,30.151208914787652,63.028259311888846,0.13624506834366779,23.742578803538244,17
Hybrid GWO-ABC,0,836,64,10.340296772255165,58.7644572177712,0.13684669694251375,40.616594766609076,19
Hybrid GWO-ABC,0,836,83,82.97897431324131,80.82514720643019,0.13747046846198863,45.142025287436105,21
Hybrid GWO-ABC,0,837,2,9.417734788764953,97.5622351636756,0.19008895158182434,62.52268758970457,19
Hybrid GWO-ABC,0,837,29,13.979699812765745,11.453007353597345,0.13619285206333362,52.75729966232435,18
Hybrid GWO-ABC,0,837,32,63.47183200005908,55.35794006579958,0.13580759367971298,14.498199170466526,21
Hybrid GWO-ABC,0,837,75,82.62919241943578,89.61607718397667,0.1379392718900724,51.32346217268826,16
Hybrid GWO-ABC,0,837,91,51.885836038644904,31.5929051830793,0.13585514219434935,18.503446088871144,26
Hybrid GWO-ABC,0,838,24,68.24955039749754,13.97524836093098,0.13567018626509553,40.38352164395039,16
Hybrid GWO-ABC,0,838,45,15.231210271316842,69.6320375077736,0.13533667619624004,39.92850655739597,21
Hybrid GWO-ABC,0,838,52,77.87509039657947,71.68901891589957,0.13531010030102383,35.31903461522874,29
Hybrid GWO-ABC,0,838,57,17.67727829392317,85.66142840923754,0.1357947648175682,48.12998872507312,13
Hybrid GWO-ABC,0,838,93,37.36577288737101,9.446666806151526,0.13529531814056706,42.47583463411616,21
Hybrid GWO-ABC,0,839,11,97.06980243949033,89.31211213221977,0.13606943183742007,61.327061416546535,19
Hybrid GWO-ABC,0,839,12,77.83834970737618,19.463870785196757,0.13486727881523866,41.321046717784526,20
Hybrid GWO-ABC,0,839,74,43.89114603050467,2.1612079880330426,0.13555775336311213,48.22725492898028,24
Hybrid GWO-ABC,0,839,80,10.774094595589656,91.60118451376078,0.14507028934737565,57.17805704764476,19
Hybrid GWO-ABC,0,839,84,31.713889282271534,95.28993950697449,0.13551989990260643,48.842199640540684,18
Hybrid GWO-ABC,0,840,22,83.2259801395201,80.47643574968019,0.13449246562022452,45.086349289293416,24
Hybrid GWO-ABC,0,840,25,19.990820247510833,0.7362269751005512,0.13684751398994763,57.684228365004735,18
Hybrid GWO-ABC,0,840,61,8.44443211398891,41.58074021706096,0.13442667162804872,42.399872141570086,21
Hybrid GWO-ABC,0,840,80,10.774094595589656,91.60118451376078,0.14075951613906593,57.17805704764476,19
Hybrid GWO-ABC,0,840,95,93.68131505337793,24.097057500568475,0.1346846783574539,50.78404980819585,18
Hybrid GWO-ABC,0,841,8,55.45847870158348,6.381725610417533,0.13427545044753927,43.9584900839479,16
Hybrid GWO-ABC,0,841,34,3.0817834567939406,43.671738923236234,0.1346508460268232,47.34306635454508,22
Hybrid GWO-ABC,0,841,39,55.70321523412783,78.38982091064135,0.1339889517409484,28.957012887124193,20
Hybrid GWO-ABC,0,841,58,75.85195298352102,71.94629559509367,0.13397055033714383,33.911109734265686,19
Hybrid GWO-ABC,0,841,82,55.48524693914834,37.092228386243875,0.1340185377776602,14.024924314103254,23
Hybrid GWO-ABC,0,842,18,12.992150533547164,47.57049262259338,0.13362954292030227,37.08751040752812,24
Hybrid GWO-ABC,0,842,30,66.84029617904716,47.10962061431325,0.13360990957929308,17.08654056242027,21
Hybrid GWO-ABC,0,842,72,47.348940105695384,26.69756630918936,0.13352716152320024,23.45275110680658,24
Hybrid GWO-ABC,0,842,75,82.62919241943578,89.61607718397667,0.13347412214435295,51.32346217268826,15
Hybrid GWO-ABC,0,842,88,43.509706000303794,99.2375564055837,0.13475778022414783,49.66347628786701,16
Hybrid GWO-ABC,0,843,9,82.7631171992582,63.166439912206485,0.1330465599641784,35.30972937554283,25
Hybrid GWO-ABC,0,843,10,75.80877400853738,35.45259681298683,0.13332116209648393,29.626335502543604,18
Hybrid GWO-ABC,0,843,16,32.58253581381519,37.045970603486886,0.13318247338310044,21.706564359261378,28
Hybrid GWO-ABC,0,843,51,26.586996145951957,96.91763773477238,0.1343572460054169,52.4350405748008,17
Hybrid GWO-ABC,0,843,87,16.460781758201815,4.491061939232899,0.14301573605924164,56.53266846425794,12
Hybrid GWO-ABC,0,844,20,43.715191887233075,83.26781960578374,0.13260946177574573,33.85626432932715,19
Hybrid GWO-ABC,0,844,41,81.40203846660347,16.697291990770392,0.13333184116218588,45.772900067682514,22
Hybrid GWO-ABC,0,844,62,4.161417386189248,49.39908192445189,0.13260909100300836,45.84252129384545,20
Hybrid GWO-ABC,0,844,87,16.460781758201815,4.491061939232899,0.14024789835509405,56.53266846425794,16
Hybrid GWO-ABC,0,844,98,59.93827915208435,87.45620408374644,0.13268805835637804,38.7522466041392,23
Hybrid GWO-ABC,0,845,14,15.428949206754783,68.30489532424546,0.13218921927760932,39.11811275842336,36
Hybrid GWO-ABC,0,845,55,45.57762898336111,20.236336479523032,0.1321567682317292,30.09041428044784,35
Hybrid GWO-ABC,0,845,71,93.78264549749828,57.17280523760754,0.13251530473034748,44.366306830028755,29
Hybrid GWO-ABC,0,846,2,9.417734788764953,97.5622351636756,0.18389148552893508,62.52268758970457,12
Hybrid GWO-ABC,0,846,69,78.27352272502863,8.272999992243857,0.13308310438919618,50.40371630078472,20
Hybrid GWO-ABC,0,846,78,28.123378383900832,65.94226346919018,0.13192286490631117,27.06921383888075,25
Hybrid GWO-ABC,0,846,90,89.07924908785249,89.34466396978632,0.13258133300547076,55.45439831217919,21
Hybrid GWO-ABC,0,846,97,15.328431662449404,17.926830815773908,0.13178648560682762,47.23140726789146,22
Hybrid GWO-ABC,0,847,4,12.811363267554587,45.038593789556714,0.13140308844998502,37.51813233095184,30
Hybrid GWO-ABC,0,847,31,56.52361064811888,76.49988574160255,0.1313073858745873,27.291050551531363,18
Hybrid GWO-ABC,0,847,33,55.92071607454135,30.39500980626122,0.1313165520787313,20.47951462637545,21
Hybrid GWO-ABC,0,847,66,58.106113970039495,34.686980453483706,0.13134722375309776,17.32621283856514,12
Hybrid GWO-ABC,0,847,92,77.2012432110988,66.16612631677611,0.1312917439502954,31.642554769160306,19
Hybrid GWO-ABC,0,848,0,77.39560485559633,43.88784397520523,0.13110703180168967,28.069157747880652,21
Hybrid GWO-ABC,0,848,50,90.8580690707607,69.97071338107496,0.13106253927981487,45.47759009820221,20
Hybrid GWO-ABC,0,848,63,32.98612123327853,14.45241888660469,0.13086185492727714,39.40942265121521,18
Hybrid GWO-ABC,0,848,86,25.596509056760276,93.60435700489633,0.1309138540010602,49.96869339923984,23
Hybrid GWO-ABC,0,848,99,19.643466571457324,31.03236729000948,0.13105866389819817,35.795114365222126,18
Hybrid GWO-ABC,0,849,13,46.67210037270342,4.380376578722878,0.13064049800236263,45.740845609023204,19
Hybrid GWO-ABC,0,849,15,74.47621559078172,96.750973243421,0.13496994514850202,52.77062278250554,21
Hybrid GWO-ABC,0,849,21,70.0265102002249,31.236664138204105,0.13045369654084799,27.443102657357606,21
Hybrid GWO-ABC,0,849,56,30.59566241506525,57.9219568941896,0.13054615794594313,20.959144022204473,19
Hybrid GWO-ABC,0,849,76,14.024908899861078,55.40361435390494,0.13079021711197597,36.37865071369501,20
Hybrid GWO-ABC,0,850,5,37.07980242325812,92.67649888486018,0.13006185402564552,44.589405271785346,16
Hybrid GWO-ABC,0,850,44,16.127177903360177,50.10447751033635,0.13069965486742388,33.87298322174735,26
Hybrid GWO-ABC,0,850,81,23.02139908948808,3.741255617617978,0.13020434946255452,53.551062911236734,15
Hybrid GWO-ABC,0,850,83,82.97897431324131,80.82514720643019,0.13004529712001583,45.142025287436105,20
Hybrid GWO-ABC,0,850,94,74.6789611349026,26.246051592286467,0.13069319481139535,34.2534843140716,23
Hybrid GWO-ABC,0,851,6,64.38651200806646,82.276161327083,0.1298215203107249,35.33726528425946,23
Hybrid GWO-ABC,0,851,36,85.34030732681661,23.393948586534073,0.13018490443210162,44.23595024151556,21
Hybrid GWO-ABC,0,851,37,5.830274168906602,28.138389202199654,0.13017543914456237,49.28381789866183,18
Hybrid GWO-ABC,0,851,59,43.20930397751037,62.73088407024432,0.12966406172880718,14.428754682225943,20
Hybrid GWO-ABC,0,851,77,10.857574113544356,67.22400930398116,0.12988796093554703,42.76442447619636,18
Hybrid GWO-ABC,0,852,24,68.24955039749754,13.97524836093098,0.12927094740323922,40.38352164395039,23
Hybrid GWO-ABC,0,852,28,45.891577553834,56.87411959528937,0.12930022108758749,8.008286658611938,20
Hybrid GWO-ABC,0,852,35,21.45846728195292,40.852864372463614,0.12939048440770062,29.97147277135205,24
Hybrid GWO-ABC,0,852,60,58.40979689127356,64.984660155482,0.12919822859380786,17.183268714879727,15
Hybrid GWO-ABC,0,852,89,89.1677266254914,74.86080194569492,0.12914844444802312,46.391489331474325,18
Hybrid GWO-ABC,0,853,3,76.1139701990353,78.60643052769538,0.1293637555046323,38.73328422806367,22
Hybrid GWO-ABC,0,853,17,46.95558112758079,18.94713590842857,0.1287405042443308,31.201744415342365,23
Hybrid GWO-ABC,0,853,38,29.35937577666836,66.1916514726895,0.12881820508921915,26.233660547888334,23
Hybrid GWO-ABC,0,853,43,72.23593505964503,46.18772302513874,0.12884530935931682,22.560369316786645,16
Hybrid GWO-ABC,0,853,73,33.15689973425522,52.06724024715378,0.1287599838876084,16.969487582168895,16
Hybrid GWO-ABC,0,854,23,38.74783790301745,28.83281039302441,0.1285905127717551,23.97208934812371,19
Hybrid GWO-ABC,0,854,53,44.93615021437887,27.224156184515902,0.12868004812622041,23.331987402676617,19
Hybrid GWO-ABC,0,854,68,95.85592132414453,48.23034369429002,0.1300250550546267,45.890055610409455,22
Hybrid GWO-ABC,0,854,70,48.66583308381603,49.07069943545209,0.12836273841604962,1.6259154035523802,19
Hybrid GWO-ABC,0,854,84,31.713889282271534,95.28993950697449,0.12828852775592567,48.842199640540684,21
Hybrid GWO-ABC,0,855,26,78.69243775021384,66.48508565920321,0.1278365826660159,33.09099625640128,19
Hybrid GWO-ABC,0,855,47,30.151208914787652,63.028259311888846,0.1285089919970338,23.742578803538244,22
Hybrid GWO-ABC,0,855,48,36.18126105533904,8.7649919316101,0.1285272315721242,43.488888654699714,25
Hybrid GWO-ABC,0,855,79,72.69946142868827,76.8647491917657,0.1278663242213069,35.170730704507434,16
Hybrid GWO-ABC,0,855,85,29.091783814011862,51.50571292317145,0.1278256534316251,20.962363308725994,18
Hybrid GWO-ABC,0,856,1,85.85979199113825,69.73680290593639,0.1276722534464311,40.93245742189787,29
Hybrid GWO-ABC,0,856,7,44.34141988273311,22.723872178477688,0.12795191282516877,27.856896415063034,37
Hybrid GWO-ABC,0,856,19,22.69093490508841,66.98139946825104,0.12839640499316254,32.15824877474573,34
Hybrid GWO-ABC,0,857,8,55.45847870158348,6.381725610417533,0.12734735633461122,43.9584900839479,32
Hybrid GWO-ABC,0,857,27,70.51653786263351,78.07290310219679,0.12713256711091728,34.77091046340611,34
Hybrid GWO-ABC,0,857,64,10.340296772255165,58.7644572177712,0.12822794625376013,40.616594766609076,34
Hybrid GWO-ABC,0,858,32,63.47183200005908,55.35794006579958,0.12669570673171973,14.498199170466526,28
Hybrid GWO-ABC,0,858,45,15.231210271316842,69.6320375077736,0.12652136761609506,39.92850655739597,19
Hybrid GWO-ABC,0,858,57,17.67727829392317,85.66142840923754,0.12857685286788384,48.12998872507312,13
Hybrid GWO-ABC,0,858,75,82.62919241943578,89.61607718397667,0.12677632263940766,51.32346217268826,16
Hybrid GWO-ABC,0,858,93,37.36577288737101,9.446666806151526,0.1265036609666375,42.47583463411616,24
Hybrid GWO-ABC,0,859,12,77.83834970737618,19.463870785196757,0.12612057532877385,41.321046717784526,10
Hybrid GWO-ABC,0,859,29,13.979699812765745,11.453007353597345,0.12730936964178263,52.75729966232435,19
Hybrid GWO-ABC,0,859,58,75.85195298352102,71.94629559509367,0.12614456518796224,33.911109734265686,25
Hybrid GWO-ABC,0,859,65,17.05929685368861,92.51201183767972,0.12846530446636567,53.78067565827367,22
Hybrid GWO-ABC,0,859,66,58.106113970039495,34.686980453483706,0.12626960105322327,17.32621283856514,24
Hybrid GWO-ABC,0,860,10,75.80877400853738,35.45259681298683,0.12580259770308863,29.626335502543604,23
Hybrid GWO-ABC,0,860,15,74.47621559078172,96.750973243421,0.12800447596890252,52.77062278250554,21
Hybrid GWO-ABC,0,860,34,3.0817834567939406,43.671738923236234,0.1256964129344353,47.34306635454508,19
Hybrid GWO-ABC,0,860,67,59.091549148141674,2.28038710296975,0.12594394389540622,48.577955092361506,17
Hybrid GWO-ABC,0,860,96,12.275793241148602,83.11126721249062,0.1275781219933349,50.19434023873136,20
Hybrid GWO-ABC,0,861,57,17.67727829392317,85.66142840923754,0.1252208733650058,48.12998872507312,18
Hybrid GWO-ABC,0,861,61,8.44443211398891,41.58074021706096,0.12539880257202346,42.399872141570086,19
Hybrid GWO-ABC,0,861,74,43.89114603050467,2.1612079880330426,0.12551778830157898,48.22725492898028,22
Hybrid GWO-ABC,0,861,88,43.509706000303794,99.2375564055837,0.12691204579760934,49.66347628786701,20
Hybrid GWO-ABC,0,861,95,93.68131505337793,24.097057500568475,0.12586032306212364,50.78404980819585,21
Hybrid GWO-ABC,0,862,39,55.70321523412783,78.38982091064135,0.12507417686560948,28.957012887124193,31
Hybrid GWO-ABC,0,862,51,26.586996145951957,96.91763773477238,0.12636711329031605,52.4350405748008,18
Hybrid GWO-ABC,0,862,69,78.27352272502863,8.272999992243857,0.1250808992011514,50.40371630078472,10
Hybrid GWO-ABC,0,862,87,16.460781758201815,4.491061939232899,0.13261843706219237,56.53266846425794,16
Hybrid GWO-ABC,0,862,91,51.885836038644904,31.5929051830793,0.12478421132501202,18.503446088871144,25
Hybrid GWO-ABC,0,863,20,43.715191887233075,83.26781960578374,0.12438942164132333,33.85626432932715,24
Hybrid GWO-ABC,0,863,22,83.2259801395201,80.47643574968019,0.12441290909463561,45.086349289293416,19
Hybrid GWO-ABC,0,863,30,66.84029617904716,47.10962061431325,0.12453461505060608,17.08654056242027,16
Hybrid GWO-ABC,0,863,46,44.61562755740307,38.10212260964825,0.12454266030594026,13.059515802526548,28
Hybrid GWO-ABC,0,863,87,16.460781758201815,4.491061939232899,0.12897059935804478,56.53266846425794,13
Hybrid GWO-ABC,0,864,2,9.417734788764953,97.5622351636756,0.17697686423153253,62.52268758970457,21
Hybrid GWO-ABC,0,864,41,81.40203846660347,16.697291990770392,0.12405668424802212,45.772900067682514,11
Hybrid GWO-ABC,0,864,82,55.48524693914834,37.092228386243875,0.12410882836059917,14.024924314103254,28
Hybrid GWO-ABC,0,864,87,16.460781758201815,4.491061939232899,0.12598276165389719,56.53266846425794,18
Hybrid GWO-ABC,0,864,90,89.07924908785249,89.34466396978632,0.12404139646093452,55.45439831217919,22
Hybrid GWO-ABC,0,865,31,56.52361064811888,76.49988574160255,0.12355195249818757,27.291050551531363,31
Hybrid GWO-ABC,0,865,40,66.43135403273875,40.63868614400705,0.12361965352240555,18.91093843413398,28
Hybrid GWO-ABC,0,865,62,4.161417386189248,49.39908192445189,0.12351830451382102,45.84252129384545,21
Hybrid GWO-ABC,0,865,99,19.643466571457324,31.03236729000948,0.12351511531754057,35.795114365222126,20
Hybrid GWO-ABC,0,866,18,12.992150533547164,47.57049262259338,0.12323124773813861,37.08751040752812,28
Hybrid GWO-ABC,0,866,60,58.40979689127356,64.984660155482,0.12301330097322537,17.183268714879727,16
Hybrid GWO-ABC,0,866,63,32.98612123327853,14.45241888660469,0.12317545943133183,39.40942265121521,11
Hybrid GWO-ABC,0,866,72,47.348940105695384,26.69756630918936,0.123217528485426,23.45275110680658,23
Hybrid GWO-ABC,0,866,92,77.2012432110988,66.16612631677611,0.12313061619679831,31.642554769160306,22
Hybrid GWO-ABC,0,867,5,37.07980242325812,92.67649888486018,0.122841254360268,44.589405271785346,14
Hybrid GWO-ABC,0,867,13,46.67210037270342,4.380376578722878,0.12258003689715602,45.740845609023204,13
Hybrid GWO-ABC,0,867,33,55.92071607454135,30.39500980626122,0.12259431940444566,20.47951462637545,25
Hybrid GWO-ABC,0,867,52,77.87509039657947,71.68901891589957,0.1228915545263487,35.31903461522874,24
Hybrid GWO-ABC,0,867,56,30.59566241506525,57.9219568941896,0.12258924755385311,20.959144022204473,24
Hybrid GWO-ABC,0,868,0,77.39560485559633,43.88784397520523,0.12229894465734549,28.069157747880652,21
Hybrid GWO-ABC,0,868,9,82.7631171992582,63.166439912206485,0.12223393233090965,35.30972937554283,23
Hybrid GWO-ABC,0,868,76,14.024908899861078,55.40361435390494,0.12233814249733556,36.37865071369501,18
Hybrid GWO-ABC,0,868,77,10.857574113544356,67.22400930398116,0.12229730823132672,42.76442447619636,19
Hybrid GWO-ABC,0,868,81,23.02139908948808,3.741255617617978,0.12299742225272728,53.551062911236734,19
Hybrid GWO-ABC,0,869,43,72.23593505964503,46.18772302513874,0.12204893208442645,22.560369316786645,26
Hybrid GWO-ABC,0,869,73,33.15689973425522,52.06724024715378,0.12192035144491827,16.969487582168895,22
Hybrid GWO-ABC,0,869,80,10.774094595589656,91.60118451376078,0.12988597209376554,57.17805704764476,13
Hybrid GWO-ABC,0,869,97,15.328431662449404,17.926830815773908,0.12196254963208225,47.23140726789146,19
Hybrid GWO-ABC,0,869,98,59.93827915208435,87.45620408374644,0.12222488657092997,38.7522466041392,20
Hybrid GWO-ABC,0,870,16,32.58253581381519,37.045970603486886,0.12131180600936073,21.706564359261378,27
Hybrid GWO-ABC,0,870,21,70.0265102002249,31.236664138204105,0.12148542361198739,27.443102657357606,20
Hybrid GWO-ABC,0,870,78,28.123378383900832,65.94226346919018,0.12137250560673413,27.06921383888075,29
Hybrid GWO-ABC,0,870,79,72.69946142868827,76.8647491917657,0.12133164934426255,35.170730704507434,24
Hybrid GWO-ABC,0,871,23,38.74783790301745,28.83281039302441,0.12091341476565196,23.97208934812371,18
Hybrid GWO-ABC,0,871,28,45.891577553834,56.87411959528937,0.12089283954578978,8.008286658611938,20
Hybrid GWO-ABC,0,871,50,90.8580690707607,69.97071338107496,0.12169466699221693,45.47759009820221,22
Hybrid GWO-ABC,0,871,53,44.93615021437887,27.224156184515902,0.12102837597933594,23.331987402676617,24
Hybrid GWO-ABC,0,871,65,17.05929685368861,92.51201183767972,0.12103176050487065,53.78067565827367,16
Hybrid GWO-ABC,0,872,3,76.1139701990353,78.60643052769538,0.12063016223371581,38.73328422806367,20
Hybrid GWO-ABC,0,872,59,43.20930397751037,62.73088407024432,0.12086006203822783,14.428754682225943,16
Hybrid GWO-ABC,0,872,70,48.66583308381603,49.07069943545209,0.12042568011414083,1.6259154035523802,24
Hybrid GWO-ABC,0,872,94,74.6789611349026,26.246051592286467,0.12096903509687151,34.2534843140716,20
Hybrid GWO-ABC,0,872,96,12.275793241148602,83.11126721249062,0.12064553357889664,50.19434023873136,20
Hybrid GWO-ABC,0,873,6,64.38651200806646,82.276161327083,0.12019806791615033,35.33726528425946,24
Hybrid GWO-ABC,0,873,36,85.34030732681661,23.393948586534073,0.1206486737089987,44.23595024151556,21
Hybrid GWO-ABC,0,873,44,16.127177903360177,50.10447751033635,0.1200619698210579,33.87298322174735,20
Hybrid GWO-ABC,0,873,85,29.091783814011862,51.50571292317145,0.12013746603888532,20.962363308725994,23
Hybrid GWO-ABC,0,873,86,25.596509056760276,93.60435700489633,0.1203573464773192,49.96869339923984,12
Hybrid GWO-ABC,0,874,12,77.83834970737618,19.463870785196757,0.12079084113618235,41.321046717784526,23
Hybrid GWO-ABC,0,874,37,5.830274168906602,28.138389202199654,0.12098296516986895,49.28381789866183,18
Hybrid GWO-ABC,0,874,47,30.151208914787652,63.028259311888846,0.11970854256571423,23.742578803538244,22
Hybrid GWO-ABC,0,874,68,95.85592132414453,48.23034369429002,0.12064518947865381,45.890055610409455,19
Hybrid GWO-ABC,0,874,88,43.509706000303794,99.2375564055837,0.11961114487674082,49.66347628786701,18
Hybrid GWO-ABC,0,875,24,68.24955039749754,13.97524836093098,0.11926304345659085,40.38352164395039,25
Hybrid GWO-ABC,0,875,26,78.69243775021384,66.48508565920321,0.1195019446348002,33.09099625640128,28
Hybrid GWO-ABC,0,875,35,21.45846728195292,40.852864372463614,0.11927187519956373,29.97147277135205,21
Hybrid GWO-ABC,0,875,38,29.35937577666836,66.1916514726895,0.11917516450759294,26.233660547888334,26
Hybrid GWO-ABC,0,876,17,46.95558112758079,18.94713590842857,0.11884397947254337,31.201744415342365,24
Hybrid GWO-ABC,0,876,41,81.40203846660347,16.697291990770392,0.11908160617207793,45.772900067682514,14
Hybrid GWO-ABC,0,876,42,2.2712073133860478,9.004786077564175,0.1903133097591519,62.91776550282162,14
Hybrid GWO-ABC,0,876,83,82.97897431324131,80.82514720643019,0.12018284288027649,45.142025287436105,24
Hybrid GWO-ABC,0,876,84,31.713889282271534,95.28993950697449,0.11886470654527721,48.842199640540684,24
Hybrid GWO-ABC,0,877,4,12.811363267554587,45.038593789556714,0.11833914134175728,37.51813233095184,14
Hybrid GWO-ABC,0,877,45,15.231210271316842,69.6320375077736,0.11834655830687206,39.92850655739597,23
Hybrid GWO-ABC,0,877,63,32.98612123327853,14.45241888660469,0.11843815043110163,39.40942265121521,22
Hybrid GWO-ABC,0,877,69,78.27352272502863,8.272999992243857,0.11954107358914338,50.40371630078472,15
Hybrid GWO-ABC,0,877,75,82.62919241943578,89.61607718397667,0.11916747492191658,51.32346217268826,26
Hybrid GWO-ABC,0,878,30,66.84029617904716,47.10962061431325,0.11790764000794295,17.08654056242027,25
Hybrid GWO-ABC,0,878,42,2.2712073133860478,9.004786077564175,0.18683604064490403,62.91776550282162,15
Hybrid GWO-ABC,0,878,49,11.800590212051532,96.18976645495145,0.15724935598714737,59.93904765101437,22
Hybrid GWO-ABC,0,878,67,59.091549148141674,2.28038710296975,0.11814618907753865,48.577955092361506,17
Hybrid GWO-ABC,0,878,89,89.1677266254914,74.86080194569492,0.11963434421262578,46.391489331474325,21
Hybrid GWO-ABC,0,879,2,9.417734788764953,97.5622351636756,0.16890422835467658,62.52268758970457,21
Hybrid GWO-ABC,0,879,15,74.47621559078172,96.750973243421,0.11922756364545346,52.77062278250554,17
Hybrid GWO-ABC,0,879,29,13.979699812765745,11.453007353597345,0.11872590447457859,52.75729966232435,16
Hybrid GWO-ABC,0,879,48,36.18126105533904,8.7649919316101,0.11784152521167039,43.488888654699714,23
Hybrid GWO-ABC,0,879,71,93.78264549749828,57.17280523760754,0.11856266405499041,44.366306830028755,23
Hybrid GWO-ABC,0,880,5,37.07980242325812,92.67649888486018,0.11699171149641124,44.589405271785346,22
Hybrid GWO-ABC,0,880,11,97.06980243949033,89.31211213221977,0.12247692685869781,61.327061416546535,19
Hybrid GWO-ABC,0,880,55,45.57762898336111,20.236336479523032,0.11701345884132543,30.09041428044784,38
Hybrid GWO-ABC,0,880,61,8.44443211398891,41.58074021706096,0.11703008790772979,42.399872141570086,21
Hybrid GWO-ABC,0,881,14,15.428949206754783,68.30489532424546,0.11659166560262782,39.11811275842336,24
Hybrid GWO-ABC,0,881,22,83.2259801395201,80.47643574968019,0.11655311977648583,45.086349289293416,24
Hybrid GWO-ABC,0,881,42,2.2712073133860478,9.004786077564175,0.18292799947320684,62.91776550282162,18
Hybrid GWO-ABC,0,881,57,17.67727829392317,85.66142840923754,0.11704065680831652,48.12998872507312,13
Hybrid GWO-ABC,0,881,95,93.68131505337793,24.097057500568475,0.11663244769908396,50.78404980819585,21
Hybrid GWO-ABC,0,882,60,58.40979689127356,64.984660155482,0.11609486882435358,17.183268714879727,51
Hybrid GWO-ABC,0,882,66,58.106113970039495,34.686980453483706,0.11617097955481338,17.32621283856514,49
Hybrid GWO-ABC,0,883,10,75.80877400853738,35.45259681298683,0.11592834909249673,29.626335502543604,19
Hybrid GWO-ABC,0,883,34,3.0817834567939406,43.671738923236234,0.11623617112371747,47.34306635454508,16
Hybrid GWO-ABC,0,883,58,75.85195298352102,71.94629559509367,0.11565841023258222,33.911109734265686,26
Hybrid GWO-ABC,0,883,86,25.596509056760276,93.60435700489633,0.11563869703891305,49.96869339923984,19
Hybrid GWO-ABC,0,883,93,37.36577288737101,9.446666806151526,0.11577110311772404,42.47583463411616,20
Hybrid GWO-ABC,0,884,1,85.85979199113825,69.73680290593639,0.11537933773888698,40.93245742189787,34
Hybrid GWO-ABC,0,884,13,46.67210037270342,4.380376578722878,0.11593283863488546,45.740845609023204,35
Hybrid GWO-ABC,0,884,54,9.63909621534993,90.26023965438416,0.12480110318699157,57.007801670843506,31
Hybrid GWO-ABC,0,885,49,11.800590212051532,96.18976645495145,0.15089815462886383,59.93904765101437,35
Hybrid GWO-ABC,0,885,74,43.89114603050467,2.1612079880330426,0.11527643667842401,48.22725492898028,31
Hybrid GWO-ABC,0,885,99,19.643466571457324,31.03236729000948,0.11482320767603185,35.795114365222126,34
Hybrid GWO-ABC,0,886,11,97.06980243949033,89.31211213221977,0.1167090901998325,61.327061416546535,10
Hybrid GWO-ABC,0,886,32,63.47183200005908,55.35794006579958,0.1143892904488525,14.498199170466526,30
Hybrid GWO-ABC,0,886,59,43.20930397751037,62.73088407024432,0.11424326249566288,14.428754682225943,20
Hybrid GWO-ABC,0,886,64,10.340296772255165,58.7644572177712,0.11424946346754923,40.616594766609076,20
Hybrid GWO-ABC,0,886,81,23.02139908948808,3.741255617617978,0.11468457272607005,53.551062911236734,20
Hybrid GWO-ABC,0,887,76,14.024908899861078,55.40361435390494,0.11419851435613494,36.37865071369501,35
Hybrid GWO-ABC,0,887,91,51.885836038644904,31.5929051830793,0.11398963740570278,18.503446088871144,36
Hybrid GWO-ABC,0,887,92,77.2012432110988,66.16612631677611,0.11385112678544096,31.642554769160306,29
Hybrid GWO-ABC,0,888,0,77.39560485559633,43.88784397520523,0.11334513953419001,28.069157747880652,20
Hybrid GWO-ABC,0,888,23,38.74783790301745,28.83281039302441,0.11335864312332292,23.97208934812371,17
Hybrid GWO-ABC,0,888,72,47.348940105695384,26.69756630918936,0.11345455451439901,23.45275110680658,15
Hybrid GWO-ABC,0,888,77,10.857574113544356,67.22400930398116,0.11380211846983575,42.76442447619636,26
Hybrid GWO-ABC,0,888,98,59.93827915208435,87.45620408374644,0.11366228397292336,38.7522466041392,22
Hybrid GWO-ABC,0,889,8,55.45847870158348,6.381725610417533,0.11325891352395653,43.9584900839479,18
Hybrid GWO-ABC,0,889,20,43.715191887233075,83.26781960578374,0.11339749813112644,33.85626432932715,21
Hybrid GWO-ABC,0,889,21,70.0265102002249,31.236664138204105,0.11307841074309506,27.443102657357606,17
Hybrid GWO-ABC,0,889,52,77.87509039657947,71.68901891589957,0.11294105086801685,35.31903461522874,22
Hybrid GWO-ABC,0,889,62,4.161417386189248,49.39908192445189,0.11349434343019416,45.84252129384545,22
Hybrid GWO-ABC,0,890,19,22.69093490508841,66.98139946825104,0.11361706174477748,32.15824877474573,23
Hybrid GWO-ABC,0,890,27,70.51653786263351,78.07290310219679,0.11266721638663184,34.77091046340611,25
Hybrid GWO-ABC,0,890,46,44.61562755740307,38.10212260964825,0.11263127991659488,13.059515802526548,24
Hybrid GWO-ABC,0,890,73,33.15689973425522,52.06724024715378,0.11252891946555779,16.969487582168895,12
Hybrid GWO-ABC,0,890,94,74.6789611349026,26.246051592286467,0.11276139637831116,34.2534843140716,16
Hybrid GWO-ABC,0,891,3,76.1139701990353,78.60643052769538,0.11220008733474555,38.73328422806367,16
Hybrid GWO-ABC,0,891,4,12.811363267554587,45.038593789556714,0.11224172085004157,37.51813233095184,21
Hybrid GWO-ABC,0,891,9,82.7631171992582,63.166439912206485,0.11224905766243358,35.30972937554283,19
Hybrid GWO-ABC,0,891,28,45.891577553834,56.87411959528937,0.11206318921711035,8.008286658611938,22
Hybrid GWO-ABC,0,891,56,30.59566241506525,57.9219568941896,0.1121665172750178,20.959144022204473,22
Hybrid GWO-ABC,0,892,2,9.417734788764953,97.5622351636756,0.16118635208783022,62.52268758970457,20
Hybrid GWO-ABC,0,892,33,55.92071607454135,30.39500980626122,0.11180394948823771,20.47951462637545,20
Hybrid GWO-ABC,0,892,82,55.48524693914834,37.092228386243875,0.11200121724947286,14.024924314103254,18
Hybrid GWO-ABC,0,892,89,89.1677266254914,74.86080194569492,0.11190601332470967,46.391489331474325,23
Hybrid GWO-ABC,0,892,97,15.328431662449404,17.926830815773908,0.11263689505571244,47.23140726789146,19
Hybrid GWO-ABC,0,893,7,44.34141988273311,22.723872178477688,0.11191798002802059,27.856896415063034,23
Hybrid GWO-ABC,0,893,18,12.992150533547164,47.57049262259338,0.11119305052880091,37.08751040752812,26
Hybrid GWO-ABC,0,893,39,55.70321523412783,78.38982091064135,0.11152435687202512,28.957012887124193,16
Hybrid GWO-ABC,0,893,40,66.43135403273875,40.63868614400705,0.11148024943304963,18.91093843413398,17
Hybrid GWO-ABC,0,893,79,72.69946142868827,76.8647491917657,0.1112058333678619,35.170730704507434,18
Hybrid GWO-ABC,0,894,43,72.23593505964503,46.18772302513874,0.11092699981355299,22.560369316786645,16
Hybrid GWO-ABC,0,894,44,16.127177903360177,50.10447751033635,0.1111173072466014,33.87298322174735,21
Hybrid GWO-ABC,0,894,53,44.93615021437887,27.224156184515902,0.1108637895802956,23.331987402676617,27
Hybrid GWO-ABC,0,894,57,17.67727829392317,85.66142840923754,0.11135947382580164,48.12998872507312,15
Hybrid GWO-ABC,0,894,83,82.97897431324131,80.82514720643019,0.1110701618176201,45.142025287436105,21
Hybrid GWO-ABC,0,895,12,77.83834970737618,19.463870785196757,0.11108406757240423,41.321046717784526,17
Hybrid GWO-ABC,0,895,35,21.45846728195292,40.852864372463614,0.11037781414010564,29.97147277135205,26
Hybrid GWO-ABC,0,895,50,90.8580690707607,69.97071338107496,0.11161364422200003,45.47759009820221,25
Hybrid GWO-ABC,0,895,67,59.091549148141674,2.28038710296975,0.11055508959118472,48.577955092361506,13
Hybrid GWO-ABC,0,895,96,12.275793241148602,83.11126721249062,0.11126976024082341,50.19434023873136,19
Hybrid GWO-ABC,0,896,6,64.38651200806646,82.276161327083,0.10999171435307116,35.33726528425946,25
Hybrid GWO-ABC,0,896,36,85.34030732681661,23.393948586534073,0.11086204527122098,44.23595024151556,16
Hybrid GWO-ABC,0,896,47,30.151208914787652,63.028259311888846,0.11008784156650109,23.742578803538244,19
Hybrid GWO-ABC,0,896,70,48.66583308381603,49.07069943545209,0.10989273312971838,1.6259154035523802,19
Hybrid GWO-ABC,0,896,85,29.091783814011862,51.50571292317145,0.11010851822302543,20.962363308725994,21
Hybrid GWO-ABC,0,897,16,32.58253581381519,37.045970603486886,0.10961046438229094,21.706564359261378,28
Hybrid GWO-ABC,0,897,31,56.52361064811888,76.49988574160255,0.10980142249971447,27.291050551531363,22
Hybrid GWO-ABC,0,897,37,5.830274168906602,28.138389202199654,0.11190725595654338,49.28381789866183,14
Hybrid GWO-ABC,0,897,65,17.05929685368861,92.51201183767972,0.1118031383139661,53.78067565827367,17
Hybrid GWO-ABC,0,897,68,95.85592132414453,48.23034369429002,0.11109354064921247,45.890055610409455,19
Hybrid GWO-ABC,0,898,15,74.47621559078172,96.750973243421,0.11120933894752946,52.77062278250554,20
Hybrid GWO-ABC,0,898,34,3.0817834567939406,43.671738923236234,0.10953335387937045,47.34306635454508,21
Hybrid GWO-ABC,0,898,41,81.40203846660347,16.697291990770392,0.11097860462995746,45.772900067682514,18
Hybrid GWO-ABC,0,898,63,32.98612123327853,14.45241888660469,0.10909808583841354,39.40942265121521,24
Hybrid GWO-ABC,0,898,88,43.509706000303794,99.2375564055837,0.11006795929184511,49.66347628786701,17
Hybrid GWO-ABC,0,899,29,13.979699812765745,11.453007353597345,0.1105491821076125,52.75729966232435,16
Hybrid GWO-ABC,0,899,45,15.231210271316842,69.6320375077736,0.10858999148450134,39.92850655739597,20
Hybrid GWO-ABC,0,899,69,78.27352272502863,8.272999992243857,0.11102604976380832,50.40371630078472,18
Hybrid GWO-ABC,0,899,71,93.78264549749828,57.17280523760754,0.10891911816670588,44.366306830028755,25
Hybrid GWO-ABC,0,899,78,28.123378383900832,65.94226346919018,0.10874227845454544,27.06921383888075,21
Hybrid GWO-ABC,0,900,2,9.417734788764953,97.5622351636756,0.1549651043210507,62.52268758970457,20
Hybrid GWO-ABC,0,900,10,75.80877400853738,35.45259681298683,0.10817667833234326,29.626335502543604,19
Hybrid GWO-ABC,0,900,17,46.95558112758079,18.94713590842857,0.1085013390162742,31.201744415342365,22
Hybrid GWO-ABC,0,900,37,5.830274168906602,28.138389202199654,0.10830635399785628,49.28381789866183,18
Hybrid GWO-ABC,0,900,75,82.62919241943578,89.61607718397667,0.10840732180170756,51.32346217268826,21
Hybrid GWO-ABC,0,901,24,68.24955039749754,13.97524836093098,0.10806636964777572,40.38352164395039,26
Hybrid GWO-ABC,0,901,26,78.69243775021384,66.48508565920321,0.10780694579653374,33.09099625640128,28
Hybrid GWO-ABC,0,901,38,29.35937577666836,66.1916514726895,0.107773389134337,26.233660547888334,27
Hybrid GWO-ABC,0,901,61,8.44443211398891,41.58074021706096,0.10791160427284334,42.399872141570086,19
Hybrid GWO-ABC,0,902,5,37.07980242325812,92.67649888486018,0.10727212093183312,44.589405271785346,16
Hybrid GWO-ABC,0,902,48,36.18126105533904,8.7649919316101,0.10776671902648496,43.488888654699714,14
Hybrid GWO-ABC,0,902,72,47.348940105695384,26.69756630918936,0.10731178036133034,23.45275110680658,24
Hybrid GWO-ABC,0,902,73,33.15689973425522,52.06724024715378,0.10749004553888396,16.969487582168895,26
Hybrid GWO-ABC,0,902,90,89.07924908785249,89.34466396978632,0.11067624414538997,55.45439831217919,20
Hybrid GWO-ABC,0,903,11,97.06980243949033,89.31211213221977,0.1106935317402138,61.327061416546535,14
Hybrid GWO-ABC,0,903,30,66.84029617904716,47.10962061431325,0.10700193671704254,17.08654056242027,30
Hybrid GWO-ABC,0,903,42,2.2712073133860478,9.004786077564175,0.17342239524674563,62.91776550282162,11
Hybrid GWO-ABC,0,903,84,31.713889282271534,95.28993950697449,0.10760434967999129,48.842199640540684,26
Hybrid GWO-ABC,0,903,93,37.36577288737101,9.446666806151526,0.10707811291297467,42.47583463411616,19
Hybrid GWO-ABC,0,904,11,97.06980243949033,89.31211213221977,0.10746309140173424,61.327061416546535,19
Hybrid GWO-ABC,0,904,14,15.428949206754783,68.30489532424546,0.10640197941953976,39.11811275842336,26
Hybrid GWO-ABC,0,904,42,2.2712073133860478,9.004786077564175,0.1708440494381109,62.91776550282162,18
Hybrid GWO-ABC,0,904,86,25.596509056760276,93.60435700489633,0.10688713068440263,49.96869339923984,15
Hybrid GWO-ABC,0,904,95,93.68131505337793,24.097057500568475,0.10656705154783087,50.78404980819585,22
Hybrid GWO-ABC,0,905,21,70.0265102002249,31.236664138204105,0.1060720755671778,27.443102657357606,19
Hybrid GWO-ABC,0,905,22,83.2259801395201,80.47643574968019,0.10614069750682359,45.086349289293416,23
Hybrid GWO-ABC,0,905,23,38.74783790301745,28.83281039302441,0.10608421583618625,23.97208934812371,29
Hybrid GWO-ABC,0,905,42,2.2712073133860478,9.004786077564175,0.1667257036294762,62.91776550282162,8
Hybrid GWO-ABC,0,905,65,17.05929685368861,92.51201183767972,0.10643156216587028,53.78067565827367,21
Hybrid GWO-ABC,0,906,3,76.1139701990353,78.60643052769538,0.10566215322915794,38.73328422806367,20
Hybrid GWO-ABC,0,906,59,43.20930397751037,62.73088407024432,0.10552946777129173,14.428754682225943,21
Hybrid GWO-ABC,0,906,64,10.340296772255165,58.7644572177712,0.10560234890403224,40.616594766609076,20
Hybrid GWO-ABC,0,906,81,23.02139908948808,3.741255617617978,0.10565875392040402,53.551062911236734,17
Hybrid GWO-ABC,0,906,94,74.6789611349026,26.246051592286467,0.10595477160028438,34.2534843140716,22
Hybrid GWO-ABC,0,907,8,55.45847870158348,6.381725610417533,0.10529459977314506,43.9584900839479,17
Hybrid GWO-ABC,0,907,41,81.40203846660347,16.697291990770392,0.10518585890955673,45.772900067682514,23
Hybrid GWO-ABC,0,907,51,26.586996145951957,96.91763773477238,0.1123929942756991,52.4350405748008,21
Hybrid GWO-ABC,0,907,57,17.67727829392317,85.66142840923754,0.10539655027209037,48.12998872507312,21
Hybrid GWO-ABC,0,907,97,15.328431662449404,17.926830815773908,0.10530362595600241,47.23140726789146,18
Hybrid GWO-ABC,0,908,0,77.39560485559633,43.88784397520523,0.10478908059866987,28.069157747880652,21
Hybrid GWO-ABC,0,908,19,22.69093490508841,66.98139946825104,0.10480209720773807,32.15824877474573,30
Hybrid GWO-ABC,0,908,39,55.70321523412783,78.38982091064135,0.10476778919529083,28.957012887124193,21
Hybrid GWO-ABC,0,908,82,55.48524693914834,37.092228386243875,0.10467174106117563,14.024924314103254,28
Hybrid GWO-ABC,0,909,20,43.715191887233075,83.26781960578374,0.10450503874220352,33.85626432932715,16
Hybrid GWO-ABC,0,909,25,19.990820247510833,0.7362269751005512,0.11669669226110191,57.684228365004735,24
Hybrid GWO-ABC,0,909,43,72.23593505964503,46.18772302513874,0.10428317843587115,22.560369316786645,23
Hybrid GWO-ABC,0,909,58,75.85195298352102,71.94629559509367,0.10432326395272175,33.911109734265686,20
Hybrid GWO-ABC,0,909,80,10.774094595589656,91.60118451376078,0.11812683936652534,57.17805704764476,17
Hybrid GWO-ABC,0,910,9,82.7631171992582,63.166439912206485,0.10404067601236984,35.30972937554283,24
Hybrid GWO-ABC,0,910,12,77.83834970737618,19.463870785196757,0.10425539637366883,41.321046717784526,11
Hybrid GWO-ABC,0,910,40,66.43135403273875,40.63868614400705,0.10422247374205615,18.91093843413398,24
Hybrid GWO-ABC,0,910,42,2.2712073133860478,9.004786077564175,0.16381890336553898,62.91776550282162,18
Hybrid GWO-ABC,0,910,51,26.586996145951957,96.91763773477238,0.10721543012909446,52.4350405748008,23
Hybrid GWO-ABC,0,911,33,55.92071607454135,30.39500980626122,0.10345961240182257,20.47951462637545,26
Hybrid GWO-ABC,0,911,52,77.87509039657947,71.68901891589957,0.10351147175713776,35.31903461522874,25
Hybrid GWO-ABC,0,911,62,4.161417386189248,49.39908192445189,0.1037870833177272,45.84252129384545,17
Hybrid GWO-ABC,0,911,67,59.091549148141674,2.28038710296975,0.10408980687820868,48.577955092361506,12
Hybrid GWO-ABC,0,911,96,12.275793241148602,83.11126721249062,0.10374501364230494,50.19434023873136,20
Hybrid GWO-ABC,0,912,4,12.811363267554587,45.038593789556714,0.10312623340815907,37.51813233095184,15
Hybrid GWO-ABC,0,912,29,13.979699812765745,11.453007353597345,0.10425353204618769,52.75729966232435,17
Hybrid GWO-ABC,0,912,36,85.34030732681661,23.393948586534073,0.10399372198251645,44.23595024151556,20
Hybrid GWO-ABC,0,912,77,10.857574113544356,67.22400930398116,0.10296628926749272,42.76442447619636,21
Hybrid GWO-ABC,0,912,79,72.69946142868827,76.8647491917657,0.1032863089928847,35.170730704507434,27
Hybrid GWO-ABC,0,913,7,44.34141988273311,22.723872178477688,0.10260423571674883,27.856896415063034,26
Hybrid GWO-ABC,0,913,46,44.61562755740307,38.10212260964825,0.1024726033847639,13.059515802526548,16
Hybrid GWO-ABC,0,913,56,30.59566241506525,57.9219568941896,0.10259960913124629,20.959144022204473,23
Hybrid GWO-ABC,0,913,88,43.509706000303794,99.2375564055837,0.1030100141297756,49.66347628786701,12
Hybrid GWO-ABC,0,913,98,59.93827915208435,87.45620408374644,0.10339711505077799,38.7522466041392,23
Hybrid GWO-ABC,0,914,27,70.51653786263351,78.07290310219679,0.10217114866263521,34.77091046340611,24
Hybrid GWO-ABC,0,914,28,45.891577553834,56.87411959528937,0.1022010021308986,8.008286658611938,18
Hybrid GWO-ABC,0,914,44,16.127177903360177,50.10447751033635,0.10220880208629336,33.87298322174735,13
Hybrid GWO-ABC,0,914,47,30.151208914787652,63.028259311888846,0.1020974779284727,23.742578803538244,21
Hybrid GWO-ABC,0,914,48,36.18126105533904,8.7649919316101,0.102166389521725,43.488888654699714,24
Hybrid GWO-ABC,0,915,2,9.417734788764953,97.5622351636756,0.14720388612448174,62.52268758970457,21
Hybrid GWO-ABC,0,915,15,74.47621559078172,96.750973243421,0.10303552234774405,52.77062278250554,21
Hybrid GWO-ABC,0,915,68,95.85592132414453,48.23034369429002,0.10279265849460587,45.890055610409455,19
Hybrid GWO-ABC,0,915,74,43.89114603050467,2.1612079880330426,0.1016567004205877,48.22725492898028,21
Hybrid GWO-ABC,0,915,87,16.460781758201815,4.491061939232899,0.11013568510181611,56.53266846425794,18
Hybrid GWO-ABC,0,916,32,63.47183200005908,55.35794006579958,0.10127176334600872,14.498199170466526,17
Hybrid GWO-ABC,0,916,54,9.63909621534993,90.26023965438416,0.11089424195416071,57.007801670843506,19
Hybrid GWO-ABC,0,916,70,48.66583308381603,49.07069943545209,0.10135047151925299,1.6259154035523802,26
Hybrid GWO-ABC,0,916,87,16.460781758201815,4.491061939232899,0.10604784739766852,56.53266846425794,17
Hybrid GWO-ABC,0,916,92,77.2012432110988,66.16612631677611,0.1013638469368486,31.642554769160306,21
Hybrid GWO-ABC,0,917,13,46.67210037270342,4.380376578722878,0.10086587712367988,45.740845609023204,28
Hybrid GWO-ABC,0,917,50,90.8580690707607,69.97071338107496,0.1013547377570099,45.47759009820221,15
Hybrid GWO-ABC,0,917,54,9.63909621534993,90.26023965438416,0.10658424637610701,57.007801670843506,15
Hybrid GWO-ABC,0,917,83,82.97897431324131,80.82514720643019,0.10159160208930466,45.142025287436105,16
Hybrid GWO-ABC,0,917,85,29.091783814011862,51.50571292317145,0.1009303200179848,20.962363308725994,26
Hybrid GWO-ABC,0,918,1,85.85979199113825,69.73680290593639,0.1004928469196694,40.93245742189787,21
Hybrid GWO-ABC,0,918,5,37.07980242325812,92.67649888486018,0.10036045326628995,44.589405271785346,19
Hybrid GWO-ABC,0,918,31,56.52361064811888,76.49988574160255,0.10043509866310119,27.291050551531363,14
Hybrid GWO-ABC,0,918,37,5.830274168906602,28.138389202199654,0.10036366190372437,49.28381789866183,17
Hybrid GWO-ABC,0,918,55,45.57762898336111,20.236336479523032,0.10047343685038387,30.09041428044784,29
Hybrid GWO-ABC,0,919,10,75.80877400853738,35.45259681298683,0.09997857444048794,29.626335502543604,21
Hybrid GWO-ABC,0,919,45,15.231210271316842,69.6320375077736,0.0999842973212971,39.92850655739597,15
Hybrid GWO-ABC,0,919,78,28.123378383900832,65.94226346919018,0.09990499369122885,27.06921383888075,17
Hybrid GWO-ABC,0,919,89,89.1677266254914,74.86080194569492,0.10108238250338905,46.391489331474325,20
Hybrid GWO-ABC,0,919,99,19.643466571457324,31.03236729000948,0.10002416058924724,35.795114365222126,27
Hybrid GWO-ABC,0,920,12,77.83834970737618,19.463870785196757,0.09961506208027203,41.321046717784526,21
Hybrid GWO-ABC,0,920,34,3.0817834567939406,43.671738923236234,0.09995382820118134,47.34306635454508,20
Hybrid GWO-ABC,0,920,67,59.091549148141674,2.28038710296975,0.09949804995440312,48.577955092361506,15
Hybrid GWO-ABC,0,920,75,82.62919241943578,89.61607718397667,0.09951376738748796,51.32346217268826,23
Hybrid GWO-ABC,0,920,86,25.596509056760276,93.60435700489633,0.10022984859074492,49.96869339923984,21
Hybrid GWO-ABC,0,921,6,64.38651200806646,82.276161327083,0.09917982166717607,35.33726528425946,27
Hybrid GWO-ABC,0,921,17,46.95558112758079,18.94713590842857,0.09919614416897979,31.201744415342365,21
Hybrid GWO-ABC,0,921,51,26.586996145951957,96.91763773477238,0.0998474802719263,52.4350405748008,12
Hybrid GWO-ABC,0,921,53,44.93615021437887,27.224156184515902,0.09911450697669752,23.331987402676617,19
Hybrid GWO-ABC,0,921,76,14.024908899861078,55.40361435390494,0.09912473823886886,36.37865071369501,21
Hybrid GWO-ABC,0,922,2,9.417734788764953,97.5622351636756,0.14113623043796758,62.52268758970457,19
Hybrid GWO-ABC,0,922,18,12.992150533547164,47.57049262259338,0.09920599676229797,37.08751040752812,15
Hybrid GWO-ABC,0,922,35,21.45846728195292,40.852864372463614,0.09887288976511951,29.97147277135205,18
Hybrid GWO-ABC,0,922,63,32.98612123327853,14.45241888660469,0.09875487164292916,39.40942265121521,21
Hybrid GWO-ABC,0,922,69,78.27352272502863,8.272999992243857,0.10177074004668693,50.40371630078472,27
Hybrid GWO-ABC,0,923,21,70.0265102002249,31.236664138204105,0.09812524041575554,27.443102657357606,15
Hybrid GWO-ABC,0,923,49,11.800590212051532,96.18976645495145,0.13468366033352291,59.93904765101437,23
Hybrid GWO-ABC,0,923,90,89.07924908785249,89.34466396978632,0.101437841684487,55.45439831217919,22
Hybrid GWO-ABC,0,923,91,51.885836038644904,31.5929051830793,0.09839623696986476,18.503446088871144,22
Hybrid GWO-ABC,0,923,93,37.36577288737101,9.446666806151526,0.09868310074025473,42.47583463411616,18
Hybrid GWO-ABC,0,924,8,55.45847870158348,6.381725610417533,0.0979048110592344,43.9584900839479,23
Hybrid GWO-ABC,0,924,20,43.715191887233075,83.26781960578374,0.09770675904393815,33.85626432932715,19
Hybrid GWO-ABC,0,924,65,17.05929685368861,92.51201183767972,0.0978526144344915,53.78067565827367,16
Hybrid GWO-ABC,0,924,71,93.78264549749828,57.17280523760754,0.09772993747221244,44.366306830028755,24
Hybrid GWO-ABC,0,924,97,15.328431662449404,17.926830815773908,0.09766793880523786,47.23140726789146,18
Hybrid GWO-ABC,0,925,11,97.06980243949033,89.31211213221977,0.09813814248626246,61.327061416546535,20
Hybrid GWO-ABC,0,925,16,32.58253581381519,37.045970603486886,0.0973882732769724,21.706564359261378,37
Hybrid GWO-ABC,0,925,61,8.44443211398891,41.58074021706096,0.09842228850077821,42.399872141570086,13
Hybrid GWO-ABC,0,925,81,23.02139908948808,3.741255617617978,0.09778945050703199,53.551062911236734,13
Hybrid GWO-ABC,0,925,84,31.713889282271534,95.28993950697449,0.09721941099064028,48.842199640540684,17
Hybrid GWO-ABC,0,926,3,76.1139701990353,78.60643052769538,0.0969540194298579,38.73328422806367,24
Hybrid GWO-ABC,0,926,4,12.811363267554587,45.038593789556714,0.09688776437540743,37.51813233095184,18
Hybrid GWO-ABC,0,926,57,17.67727829392317,85.66142840923754,0.09689593666073025,48.12998872507312,20
Hybrid GWO-ABC,0,926,72,47.348940105695384,26.69756630918936,0.0969345112895939,23.45275110680658,24
Hybrid GWO-ABC,0,926,94,74.6789611349026,26.246051592286467,0.09678165657299258,34.2534843140716,14
Hybrid GWO-ABC,0,927,24,68.24955039749754,13.97524836093098,0.09670501665870576,40.38352164395039,34
Hybrid GWO-ABC,0,927,44,16.127177903360177,50.10447751033635,0.09660845633354952,33.87298322174735,33
Hybrid GWO-ABC,0,927,88,43.509706000303794,99.2375564055837,0.09726682072974864,49.66347628786701,33
Hybrid GWO-ABC,0,928,22,83.2259801395201,80.47643574968019,0.09599212470348854,45.086349289293416,24
Hybrid GWO-ABC,0,928,29,13.979699812765745,11.453007353597345,0.09701932979602669,52.75729966232435,17
Hybrid GWO-ABC,0,928,38,29.35937577666836,66.1916514726895,0.09606225773243206,26.233660547888334,21
Hybrid GWO-ABC,0,928,59,43.20930397751037,62.73088407024432,0.09605461185911067,14.428754682225943,15
Hybrid GWO-ABC,0,928,73,33.15689973425522,52.06724024715378,0.09609255233994002,16.969487582168895,23
Hybrid GWO-ABC,0,929,0,77.39560485559633,43.88784397520523,0.09555757961981076,28.069157747880652,22
Hybrid GWO-ABC,0,929,39,55.70321523412783,78.38982091064135,0.09562047815979856,28.957012887124193,23
Hybrid GWO-ABC,0,929,46,44.61562755740307,38.10212260964825,0.09562197586875792,13.059515802526548,28
Hybrid GWO-ABC,0,929,64,10.340296772255165,58.7644572177712,0.09623399752659167,40.616594766609076,27
Hybrid GWO-ABC,0,930,14,15.428949206754783,68.30489532424546,0.09518908146503897,39.11811275842336,20
Hybrid GWO-ABC,0,930,25,19.990820247510833,0.7362269751005512,0.10665144675680083,57.684228365004735,13
Hybrid GWO-ABC,0,930,58,75.85195298352102,71.94629559509367,0.09545739875960173,33.911109734265686,25
Hybrid GWO-ABC,0,930,66,58.106113970039495,34.686980453483706,0.09506596860682501,17.32621283856514,29
Hybrid GWO-ABC,0,930,96,12.275793241148602,83.11126721249062,0.09535619777048313,50.19434023873136,13
Hybrid GWO-ABC,0,931,25,19.990820247510833,0.7362269751005512,0.10365834794871817,57.684228365004735,17
Hybrid GWO-ABC,0,931,36,85.34030732681661,23.393948586534073,0.09505013712345431,44.23595024151556,19
Hybrid GWO-ABC,0,931,50,90.8580690707607,69.97071338107496,0.09493457824241298,45.47759009820221,23
Hybrid GWO-ABC,0,931,51,26.586996145951957,96.91763773477238,0.0951499202909226,52.4350405748008,16
Hybrid GWO-ABC,0,931,62,4.161417386189248,49.39908192445189,0.09568798491038488,45.84252129384545,25
Hybrid GWO-ABC,0,932,26,78.69243775021384,66.48508565920321,0.09491422553461644,33.09099625640128,16
Hybrid GWO-ABC,0,932,28,45.891577553834,56.87411959528937,0.09428630862180898,8.008286658611938,17
Hybrid GWO-ABC,0,932,31,56.52361064811888,76.49988574160255,0.09433203326212916,27.291050551531363,18
Hybrid GWO-ABC,0,932,43,72.23593505964503,46.18772302513874,0.09420947331973288,22.560369316786645,24
Hybrid GWO-ABC,0,932,61,8.44443211398891,41.58074021706096,0.09420939104174181,42.399872141570086,25
Hybrid GWO-ABC,0,933,9,82.7631171992582,63.166439912206485,0.09380161462344384,35.30972937554283,20
Hybrid GWO-ABC,0,933,32,63.47183200005908,55.35794006579958,0.09377062812361261,14.498199170466526,21
Hybrid GWO-ABC,0,933,41,81.40203846660347,16.697291990770392,0.09408965258628305,45.772900067682514,21
Hybrid GWO-ABC,0,933,45,15.231210271316842,69.6320375077736,0.09378773544677242,39.92850655739597,22
Hybrid GWO-ABC,0,933,77,10.857574113544356,67.22400930398116,0.09388707147735371,42.76442447619636,16
Hybrid GWO-ABC,0,934,30,66.84029617904716,47.10962061431325,0.09365452544087302,17.08654056242027,18
Hybrid GWO-ABC,0,934,40,66.43135403273875,40.63868614400705,0.09378829675433531,18.91093843413398,25
Hybrid GWO-ABC,0,934,42,2.2712073133860478,9.004786077564175,0.1540604832263343,62.91776550282162,19
Hybrid GWO-ABC,0,934,49,11.800590212051532,96.18976645495145,0.1271717521892102,59.93904765101437,19
Hybrid GWO-ABC,0,934,98,59.93827915208435,87.45620408374644,0.0937774228717984,38.7522466041392,19
Hybrid GWO-ABC,0,935,23,38.74783790301745,28.83281039302441,0.09321446381617932,23.97208934812371,34
Hybrid GWO-ABC,0,935,56,30.59566241506525,57.9219568941896,0.09284397674929508,20.959144022204473,30
Hybrid GWO-ABC,0,935,60,58.40979689127356,64.984660155482,0.09303502754754624,17.183268714879727,36
Hybrid GWO-ABC,0,936,18,12.992150533547164,47.57049262259338,0.09299999833052308,37.08751040752812,16
Hybrid GWO-ABC,0,936,33,55.92071607454135,30.39500980626122,0.09245625108046646,20.47951462637545,25
Hybrid GWO-ABC,0,936,47,30.151208914787652,63.028259311888846,0.09276567111588291,23.742578803538244,25
Hybrid GWO-ABC,0,936,52,77.87509039657947,71.68901891589957,0.09268672602693719,35.31903461522874,24
Hybrid GWO-ABC,0,936,82,55.48524693914834,37.092228386243875,0.09258128929767677,14.024924314103254,10
Hybrid GWO-ABC,0,937,19,22.69093490508841,66.98139946825104,0.09204830830531993,32.15824877474573,22
Hybrid GWO-ABC,0,937,74,43.89114603050467,2.1612079880330426,0.0920802788066554,48.22725492898028,27
Hybrid GWO-ABC,0,937,78,28.123378383900832,65.94226346919018,0.09240183689099672,27.06921383888075,17
Hybrid GWO-ABC,0,937,79,72.69946142868827,76.8647491917657,0.09205592391898251,35.170730704507434,15
Hybrid GWO-ABC,0,937,92,77.2012432110988,66.16612631677611,0.09226040914261413,31.642554769160306,19
Hybrid GWO-ABC,0,938,1,85.85979199113825,69.73680290593639,0.09153501749534539,40.93245742189787,21
Hybrid GWO-ABC,0,938,5,37.07980242325812,92.67649888486018,0.0918824078724474,44.589405271785346,17
Hybrid GWO-ABC,0,938,7,44.34141988273311,22.723872178477688,0.09159216984275072,27.856896415063034,20
Hybrid GWO-ABC,0,938,21,70.0265102002249,31.236664138204105,0.09167052424258017,27.443102657357606,16
Hybrid GWO-ABC,0,938,35,21.45846728195292,40.852864372463614,0.09158438800666437,29.97147277135205,26
Hybrid GWO-ABC,0,939,27,70.51653786263351,78.07290310219679,0.09159953146006534,34.77091046340611,28
Hybrid GWO-ABC,0,939,34,3.0817834567939406,43.671738923236234,0.09145945326387246,47.34306635454508,15
Hybrid GWO-ABC,0,939,53,44.93615021437887,27.224156184515902,0.09120078781998396,23.331987402676617,26
Hybrid GWO-ABC,0,939,86,25.596509056760276,93.60435700489633,0.09156940750789253,49.96869339923984,19
Hybrid GWO-ABC,0,939,93,37.36577288737101,9.446666806151526,0.09122289844015101,42.47583463411616,12
Hybrid GWO-ABC,0,940,10,75.80877400853738,35.45259681298683,0.09084300792575598,29.626335502543604,22
Hybrid GWO-ABC,0,940,37,5.830274168906602,28.138389202199654,0.09180240411786136,49.28381789866183,18
Hybrid GWO-ABC,0,940,48,36.18126105533904,8.7649919316101,0.09127635235929295,43.488888654699714,17
Hybrid GWO-ABC,0,940,49,11.800590212051532,96.18976645495145,0.12164507531596325,59.93904765101437,20
Hybrid GWO-ABC,0,940,83,82.97897431324131,80.82514720643019,0.09309122590167174,45.142025287436105,23
Hybrid GWO-ABC,0,941,2,9.417734788764953,97.5622351636756,0.13261264564498385,62.52268758970457,22
Hybrid GWO-ABC,0,941,17,46.95558112758079,18.94713590842857,0.09037517090401517,31.201744415342365,25
Hybrid GWO-ABC,0,941,42,2.2712073133860478,9.004786077564175,0.14819939066781807,62.91776550282162,14
Hybrid GWO-ABC,0,941,89,89.1677266254914,74.86080194569492,0.09184517797394211,46.391489331474325,24
Hybrid GWO-ABC,0,941,94,74.6789611349026,26.246051592286467,0.09052160962515388,34.2534843140716,15
Hybrid GWO-ABC,0,942,12,77.83834970737618,19.463870785196757,0.09010655106977025,41.321046717784526,16
Hybrid GWO-ABC,0,942,15,74.47621559078172,96.750973243421,0.09230301627139699,52.77062278250554,25
Hybrid GWO-ABC,0,942,70,48.66583308381603,49.07069943545209,0.08999099314433075,1.6259154035523802,21
Hybrid GWO-ABC,0,942,76,14.024908899861078,55.40361435390494,0.0900563893052659,36.37865071369501,23
Hybrid GWO-ABC,0,942,85,29.091783814011862,51.50571292317145,0.08987914698469052,20.962363308725994,15
Hybrid GWO-ABC,0,943,20,43.715191887233075,83.26781960578374,0.08945203420935557,33.85626432932715,17
Hybrid GWO-ABC,0,943,59,43.20930397751037,62.73088407024432,0.08952954883470073,14.428754682225943,21
Hybrid GWO-ABC,0,943,63,32.98612123327853,14.45241888660469,0.08960078172457853,39.40942265121521,18
Hybrid GWO-ABC,0,943,90,89.07924908785249,89.34466396978632,0.09220124250534788,55.45439831217919,19
Hybrid GWO-ABC,0,943,91,51.885836038644904,31.5929051830793,0.08943009526409854,18.503446088871144,25
Hybrid GWO-ABC,0,944,4,12.811363267554587,45.038593789556714,0.08916667812922328,37.51813233095184,20
Hybrid GWO-ABC,0,944,68,95.85592132414453,48.23034369429002,0.09183055324306966,45.890055610409455,19
Hybrid GWO-ABC,0,944,75,82.62919241943578,89.61607718397667,0.08912756530691258,51.32346217268826,21
Hybrid GWO-ABC,0,944,81,23.02139908948808,3.741255617617978,0.09048984313004042,53.551062911236734,21
Hybrid GWO-ABC,0,944,96,12.275793241148602,83.11126721249062,0.0894874190373989,50.19434023873136,19
Hybrid GWO-ABC,0,945,13,46.67210037270342,4.380376578722878,0.0885175392717861,45.740845609023204,13
Hybrid GWO-ABC,0,945,26,78.69243775021384,66.48508565920321,0.0887996678564984,33.09099625640128,26
Hybrid GWO-ABC,0,945,82,55.48524693914834,37.092228386243875,0.08859037961875196,14.024924314103254,22
Hybrid GWO-ABC,0,945,84,31.713889282271534,95.28993950697449,0.0891061926821139,48.842199640540684,20
Hybrid GWO-ABC,0,945,99,19.643466571457324,31.03236729000948,0.08852693531360185,35.795114365222126,19
Hybrid GWO-ABC,0,946,11,97.06980243949033,89.31211213221977,0.08890736759717473,61.327061416546535,22
Hybrid GWO-ABC,0,946,55,45.57762898336111,20.236336479523032,0.08816652397337814,30.09041428044784,26
Hybrid GWO-ABC,0,946,57,17.67727829392317,85.66142840923754,0.08823485732266363,48.12998872507312,26
Hybrid GWO-ABC,0,946,69,78.27352272502863,8.272999992243857,0.09011002577491146,50.40371630078472,11
Hybrid GWO-ABC,0,946,97,15.328431662449404,17.926830815773908,0.08887626693839593,47.23140726789146,15
Hybrid GWO-ABC,0,947,6,64.38651200806646,82.276161327083,0.08763648356510062,35.33726528425946,29
Hybrid GWO-ABC,0,947,8,55.45847870158348,6.381725610417533,0.08772441584876005,43.9584900839479,20
Hybrid GWO-ABC,0,947,42,2.2712073133860478,9.004786077564175,0.14377066636581573,62.91776550282162,15
Hybrid GWO-ABC,0,947,51,26.586996145951957,96.91763773477238,0.08813351233476777,52.4350405748008,23
Hybrid GWO-ABC,0,947,95,93.68131505337793,24.097057500568475,0.09123048423251785,50.78404980819585,13
Hybrid GWO-ABC,0,948,3,76.1139701990353,78.60643052769538,0.087185383170432,38.73328422806367,28
Hybrid GWO-ABC,0,948,29,13.979699812765745,11.453007353597345,0.0887976097277191,52.75729966232435,18
Hybrid GWO-ABC,0,948,38,29.35937577666836,66.1916514726895,0.087183867108326,26.233660547888334,23
Hybrid GWO-ABC,0,948,49,11.800590212051532,96.18976645495145,0.11554957937590175,59.93904765101437,12
Hybrid GWO-ABC,0,948,69,78.27352272502863,8.272999992243857,0.08736889235581585,50.40371630078472,19
Hybrid GWO-ABC,0,949,14,15.428949206754783,68.30489532424546,0.08674647741201107,39.11811275842336,25
Hybrid GWO-ABC,0,949,28,45.891577553834,56.87411959528937,0.08691188222594107,8.008286658611938,19
Hybrid GWO-ABC,0,949,31,56.52361064811888,76.49988574160255,0.0867985286540154,27.291050551531363,15
Hybrid GWO-ABC,0,949,71,93.78264549749828,57.17280523760754,0.0868581561479302,44.366306830028755,23
Hybrid GWO-ABC,0,949,87,16.460781758201815,4.491061939232899,0.094689127190687,56.53266846425794,18
Hybrid GWO-ABC,0,950,18,12.992150533547164,47.57049262259338,0.08651303110547717,37.08751040752812,19
Hybrid GWO-ABC,0,950,72,47.348940105695384,26.69756630918936,0.08656751663126362,23.45275110680658,24
Hybrid GWO-ABC,0,950,73,33.15689973425522,52.06724024715378,0.08632047095401081,16.969487582168895,22
Hybrid GWO-ABC,0,950,90,89.07924908785249,89.34466396978632,0.08658878582929164,55.45439831217919,22
Hybrid GWO-ABC,0,950,93,37.36577288737101,9.446666806151526,0.08635833957808851,42.47583463411616,13
Hybrid GWO-ABC,0,951,0,77.39560485559633,43.88784397520523,0.08600139408347389,28.069157747880652,17
Hybrid GWO-ABC,0,951,30,66.84029617904716,47.10962061431325,0.0860973452997927,17.08654056242027,25
Hybrid GWO-ABC,0,951,42,2.2712073133860478,9.004786077564175,0.13964845559302297,62.91776550282162,19
Hybrid GWO-ABC,0,951,80,10.774094595589656,91.60118451376078,0.10516089510271026,57.17805704764476,20
Hybrid GWO-ABC,0,951,98,59.93827915208435,87.45620408374644,0.08600403355479688,38.7522466041392,19
Hybrid GWO-ABC,0,952,9,82.7631171992582,63.166439912206485,0.08544536496408593,35.30972937554283,22
Hybrid GWO-ABC,0,952,25,19.990820247510833,0.7362269751005512,0.09507899768904562,57.684228365004735,22
Hybrid GWO-ABC,0,952,58,75.85195298352102,71.94629559509367,0.08548523599452594,33.911109734265686,18
Hybrid GWO-ABC,0,952,77,10.857574113544356,67.22400930398116,0.08627027556947796,42.76442447619636,18
Hybrid GWO-ABC,0,952,78,28.123378383900832,65.94226346919018,0.08548655743221212,27.06921383888075,20
Hybrid GWO-ABC,0,953,36,85.34030732681661,23.393948586534073,0.08590592799182503,44.23595024151556,20
Hybrid GWO-ABC,0,953,39,55.70321523412783,78.38982091064135,0.08544139576062888,28.957012887124193,18
Hybrid GWO-ABC,0,953,54,9.63909621534993,90.26023965438416,0.09536047309499762,57.007801670843506,19
Hybrid GWO-ABC,0,953,79,72.69946142868827,76.8647491917657,0.08555799521662599,35.170730704507434,19
Hybrid GWO-ABC,0,953,87,16.460781758201815,4.491061939232899,0.08997289531215648,56.53266846425794,24
Hybrid GWO-ABC,0,954,5,37.07980242325812,92.67649888486018,0.08469215163642249,44.589405271785346,17
Hybrid GWO-ABC,0,954,32,63.47183200005908,55.35794006579958,0.08469953217736978,14.498199170466526,22
Hybrid GWO-ABC,0,954,48,36.18126105533904,8.7649919316101,0.0846302818168498,43.488888654699714,22
Hybrid GWO-ABC,0,954,62,4.161417386189248,49.39908192445189,0.08504328064221917,45.84252129384545,19
Hybrid GWO-ABC,0,954,92,77.2012432110988,66.16612631677611,0.08459520228403365,31.642554769160306,20
Hybrid GWO-ABC,0,955,21,70.0265102002249,31.236664138204105,0.08458584202651906,27.443102657357606,22
Hybrid GWO-ABC,0,955,22,83.2259801395201,80.47643574968019,0.08515505508475342,45.086349289293416,23
Hybrid GWO-ABC,0,955,45,15.231210271316842,69.6320375077736,0.08428350415947322,39.92850655739597,23
Hybrid GWO-ABC,0,955,64,10.340296772255165,58.7644572177712,0.08468513793993349,40.616594766609076,16
Hybrid GWO-ABC,0,955,67,59.091549148141674,2.28038710296975,0.08812399054950748,48.577955092361506,16
Hybrid GWO-ABC,0,956,34,3.0817834567939406,43.671738923236234,0.08439467069515766,47.34306635454508,20
Hybrid GWO-ABC,0,956,43,72.23593505964503,46.18772302513874,0.08383269846624841,22.560369316786645,21
Hybrid GWO-ABC,0,956,67,59.091549148141674,2.28038710296975,0.08450959784066926,48.577955092361506,19
Hybrid GWO-ABC,0,956,83,82.97897431324131,80.82514720643019,0.08481604760393513,45.142025287436105,21
Hybrid GWO-ABC,0,956,86,25.596509056760276,93.60435700489633,0.08377884346089692,49.96869339923984,19
Hybrid GWO-ABC,0,957,15,74.47621559078172,96.750973243421,0.0836335245331006,52.77062278250554,22
Hybrid GWO-ABC,0,957,40,66.43135403273875,40.63868614400705,0.0834504778681463,18.91093843413398,21
Hybrid GWO-ABC,0,957,46,44.61562755740307,38.10212260964825,0.08340300114911403,13.059515802526548,19
Hybrid GWO-ABC,0,957,61,8.44443211398891,41.58074021706096,0.08328462994310455,42.399872141570086,17
Hybrid GWO-ABC,0,957,85,29.091783814011862,51.50571292317145,0.08336736856252845,20.962363308725994,21
Hybrid GWO-ABC,0,958,7,44.34141988273311,22.723872178477688,0.08296373043127506,27.856896415063034,24
Hybrid GWO-ABC,0,958,49,11.800590212051532,96.18976645495145,0.11064911361479444,59.93904765101437,21
Hybrid GWO-ABC,0,958,52,77.87509039657947,71.68901891589957,0.08294369940358559,35.31903461522874,26
Hybrid GWO-ABC,0,958,94,74.6789611349026,26.246051592286467,0.08362686122942664,34.2534843140716,13
Hybrid GWO-ABC,0,958,97,15.328431662449404,17.926830815773908,0.08307049932348395,47.23140726789146,16
Hybrid GWO-ABC,0,959,1,85.85979199113825,69.73680290593639,0.08259215295966098,40.93245742189787,24
Hybrid GWO-ABC,0,959,13,46.67210037270342,4.380376578722878,0.08265652032585895,45.740845609023204,14
Hybrid GWO-ABC,0,959,19,22.69093490508841,66.98139946825104,0.08251587260387906,32.15824877474573,23
Hybrid GWO-ABC,0,959,44,16.127177903360177,50.10447751033635,0.08242191753929333,33.87298322174735,16
Hybrid GWO-ABC,0,959,66,58.106113970039495,34.686980453483706,0.08253597411349542,17.32621283856514,23
Hybrid GWO-ABC,0,960,12,77.83834970737618,19.463870785196757,0.0826316957201099,41.321046717784526,17
Hybrid GWO-ABC,0,960,20,43.715191887233075,83.26781960578374,0.0820758321448602,33.85626432932715,15
Hybrid GWO-ABC,0,960,47,30.151208914787652,63.028259311888846,0.08205920177303694,23.742578803538244,25
Hybrid GWO-ABC,0,960,50,90.8580690707607,69.97071338107496,0.08376382556365682,45.47759009820221,20
Hybrid GWO-ABC,0,960,63,32.98612123327853,14.45241888660469,0.08211319165396223,39.40942265121521,23
Hybrid GWO-ABC,0,961,10,75.80877400853738,35.45259681298683,0.08164142275960946,29.626335502543604,14
Hybrid GWO-ABC,0,961,33,55.92071607454135,30.39500980626122,0.08164642647192313,20.47951462637545,24
Hybrid GWO-ABC,0,961,37,5.830274168906602,28.138389202199654,0.08333619393118251,49.28381789866183,18
Hybrid GWO-ABC,0,961,65,17.05929685368861,92.51201183767972,0.08622990788375069,53.78067565827367,21
Hybrid GWO-ABC,0,961,89,89.1677266254914,74.86080194569492,0.0824496508131459,46.391489331474325,23
Hybrid GWO-ABC,0,962,16,32.58253581381519,37.045970603486886,0.08115056053805818,21.706564359261378,27
Hybrid GWO-ABC,0,962,24,68.24955039749754,13.97524836093098,0.08138141172278697,40.38352164395039,13
Hybrid GWO-ABC,0,962,68,95.85592132414453,48.23034369429002,0.0836411673235622,45.890055610409455,20
Hybrid GWO-ABC,0,962,70,48.66583308381603,49.07069943545209,0.08115031541915767,1.6259154035523802,20
Hybrid GWO-ABC,0,962,96,12.275793241148602,83.11126721249062,0.08153269595258088,50.19434023873136,20
Hybrid GWO-ABC,0,963,4,12.811363267554587,45.038593789556714,0.08071677353547535,37.51813233095184,24
Hybrid GWO-ABC,0,963,41,81.40203846660347,16.697291990770392,0.08268320988937979,45.772900067682514,13
Hybrid GWO-ABC,0,963,65,17.05929685368861,92.51201183767972,0.08128976320452751,53.78067565827367,22
Hybrid GWO-ABC,0,963,93,37.36577288737101,9.446666806151526,0.08078846643636353,42.47583463411616,22
Hybrid GWO-ABC,0,963,95,93.68131505337793,24.097057500568475,0.08472237302839569,50.78404980819585,19
Hybrid GWO-ABC,0,964,31,56.52361064811888,76.49988574160255,0.08028314457526643,27.291050551531363,28
Hybrid GWO-ABC,0,964,35,21.45846728195292,40.852864372463614,0.08029850859589695,29.97147277135205,15
Hybrid GWO-ABC,0,964,59,43.20930397751037,62.73088407024432,0.08037145750669482,14.428754682225943,22
Hybrid GWO-ABC,0,964,95,93.68131505337793,24.097057500568475,0.08043921223979883,50.78404980819585,16
Hybrid GWO-ABC,0,964,99,19.643466571457324,31.03236729000948,0.08035116018659638,35.795114365222126,19
Hybrid GWO-ABC,0,965,27,70.51653786263351,78.07290310219679,0.07997515872717453,34.77091046340611,31
Hybrid GWO-ABC,0,965,53,44.93615021437887,27.224156184515902,0.0799602032974145,23.331987402676617,38
Hybrid GWO-ABC,0,965,76,14.024908899861078,55.40361435390494,0.08006346676849274,36.37865071369501,31
Hybrid GWO-ABC,0,966,17,46.95558112758079,18.94713590842857,0.07956614463965297,31.201744415342365,26
Hybrid GWO-ABC,0,966,56,30.59566241506525,57.9219568941896,0.07950177823407692,20.959144022204473,19
Hybrid GWO-ABC,0,966,74,43.89114603050467,2.1612079880330426,0.07985142185059461,48.22725492898028,11
Hybrid GWO-ABC,0,966,75,82.62919241943578,89.61607718397667,0.07968242622519928,51.32346217268826,24
Hybrid GWO-ABC,0,966,77,10.857574113544356,67.22400930398116,0.07940231768827559,42.76442447619636,20
Hybrid GWO-ABC,0,967,0,77.39560485559633,43.88784397520523,0.07893108572976848,28.069157747880652,30
Hybrid GWO-ABC,0,967,23,38.74783790301745,28.83281039302441,0.0789343538641375,23.97208934812371,33
Hybrid GWO-ABC,0,967,28,45.891577553834,56.87411959528937,0.07894667446582339,8.008286658611938,37
Hybrid GWO-ABC,0,968,64,10.340296772255165,58.7644572177712,0.07845678176903216,40.616594766609076,22
Hybrid GWO-ABC,0,968,82,55.48524693914834,37.092228386243875,0.07888514552825167,14.024924314103254,21
Hybrid GWO-ABC,0,968,84,31.713889282271534,95.28993950697449,0.07955315744648475,48.842199640540684,22
Hybrid GWO-ABC,0,968,91,51.885836038644904,31.5929051830793,0.07860088092850905,18.503446088871144,21
Hybrid GWO-ABC,0,968,94,74.6789611349026,26.246051592286467,0.07879160974984627,34.2534843140716,14
Hybrid GWO-ABC,0,969,18,12.992150533547164,47.57049262259338,0.07834637475111009,37.08751040752812,23
Hybrid GWO-ABC,0,969,36,85.34030732681661,23.393948586534073,0.07807974926717169,44.23595024151556,20
Hybrid GWO-ABC,0,969,39,55.70321523412783,78.38982091064135,0.07802105897987842,28.957012887124193,27
Hybrid GWO-ABC,0,969,51,26.586996145951957,96.91763773477238,0.07810652165922266,52.4350405748008,12
Hybrid GWO-ABC,0,969,81,23.02139908948808,3.741255617617978,0.08036527743601007,53.551062911236734,18
Hybrid GWO-ABC,0,970,2,9.417734788764953,97.5622351636756,0.1210178455031771,62.52268758970457,23
Hybrid GWO-ABC,0,970,26,78.69243775021384,66.48508565920321,0.07778133599403038,33.09099625640128,16
Hybrid GWO-ABC,0,970,42,2.2712073133860478,9.004786077564175,0.1308117760596052,62.91776550282162,20
Hybrid GWO-ABC,0,970,69,78.27352272502863,8.272999992243857,0.07810140035480977,50.40371630078472,22
Hybrid GWO-ABC,0,970,79,72.69946142868827,76.8647491917657,0.07772485501593122,35.170730704507434,19
Hybrid GWO-ABC,0,971,37,5.830274168906602,28.138389202199654,0.07721945831354278,49.28381789866183,19
Hybrid GWO-ABC,0,971,38,29.35937577666836,66.1916514726895,0.07725602673946683,26.233660547888334,24
Hybrid GWO-ABC,0,971,41,81.40203846660347,16.697291990770392,0.07818457951641287,45.772900067682514,23
Hybrid GWO-ABC,0,971,60,58.40979689127356,64.984660155482,0.07724930210550976,17.183268714879727,17
Hybrid GWO-ABC,0,971,98,59.93827915208435,87.45620408374644,0.07747840869757515,38.7522466041392,17
Hybrid GWO-ABC,0,972,8,55.45847870158348,6.381725610417533,0.07778113771070895,43.9584900839479,11
Hybrid GWO-ABC,0,972,55,45.57762898336111,20.236336479523032,0.0768871582442045,30.09041428044784,23
Hybrid GWO-ABC,0,972,58,75.85195298352102,71.94629559509367,0.0773148583354658,33.911109734265686,28
Hybrid GWO-ABC,0,972,73,33.15689973425522,52.06724024715378,0.07677805237484041,16.969487582168895,15
Hybrid GWO-ABC,0,972,78,28.123378383900832,65.94226346919018,0.0768795206264033,27.06921383888075,23
Hybrid GWO-ABC,0,973,5,37.07980242325812,92.67649888486018,0.07676887343996215,44.589405271785346,20
Hybrid GWO-ABC,0,973,13,46.67210037270342,4.380376578722878,0.07656721426712805,45.740845609023204,17
Hybrid GWO-ABC,0,973,24,68.24955039749754,13.97524836093098,0.0762876737759267,40.38352164395039,19
Hybrid GWO-ABC,0,973,62,4.161417386189248,49.39908192445189,0.07679918324446429,45.84252129384545,22
Hybrid GWO-ABC,0,973,83,82.97897431324131,80.82514720643019,0.07643533775845482,45.142025287436105,22
Hybrid GWO-ABC,0,974,10,75.80877400853738,35.45259681298683,0.07585978198377952,29.626335502543604,14
Hybrid GWO-ABC,0,974,20,43.715191887233075,83.26781960578374,0.07583617338548423,33.85626432932715,22
Hybrid GWO-ABC,0,974,61,8.44443211398891,41.58074021706096,0.07598991000106281,42.399872141570086,21
Hybrid GWO-ABC,0,974,72,47.348940105695384,26.69756630918936,0.07618221110352794,23.45275110680658,22
Hybrid GWO-ABC,0,974,92,77.2012432110988,66.16612631677611,0.07600027762672147,31.642554769160306,21
Hybrid GWO-ABC,0,975,9,82.7631171992582,63.166439912206485,0.07575465599558785,35.30972937554283,23
Hybrid GWO-ABC,0,975,14,15.428949206754783,68.30489532424546,0.07575371818953784,39.11811275842336,20
Hybrid GWO-ABC,0,975,30,66.84029617904716,47.10962061431325,0.0754987776449414,17.08654056242027,15
Hybrid GWO-ABC,0,975,44,16.127177903360177,50.10447751033635,0.07562450557742242,33.87298322174735,17
Hybrid GWO-ABC,0,975,46,44.61562755740307,38.10212260964825,0.07545056349654772,13.059515802526548,25
Hybrid GWO-ABC,0,976,2,9.417734788764953,97.5622351636756,0.1145697484767877,62.52268758970457,21
Hybrid GWO-ABC,0,976,6,64.38651200806646,82.276161327083,0.07508110650404673,35.33726528425946,20
Hybrid GWO-ABC,0,976,21,70.0265102002249,31.236664138204105,0.0754681678285978,27.443102657357606,17
Hybrid GWO-ABC,0,976,32,63.47183200005908,55.35794006579958,0.07520065336993433,14.498199170466526,21
Hybrid GWO-ABC,0,976,74,43.89114603050467,2.1612079880330426,0.07525781051888472,48.22725492898028,21
Hybrid GWO-ABC,0,977,22,83.2259801395201,80.47643574968019,0.07530173971223453,45.086349289293416,22
Hybrid GWO-ABC,0,977,40,66.43135403273875,40.63868614400705,0.07465687805952678,18.91093843413398,21
Hybrid GWO-ABC,0,977,48,36.18126105533904,8.7649919316101,0.07487010617282873,43.488888654699714,19
Hybrid GWO-ABC,0,977,57,17.67727829392317,85.66142840923754,0.07588329728413319,48.12998872507312,16
Hybrid GWO-ABC,0,977,85,29.091783814011862,51.50571292317145,0.0745423478343486,20.962363308725994,22
Hybrid GWO-ABC,0,978,3,76.1139701990353,78.60643052769538,0.07466901515412457,38.73328422806367,22
Hybrid GWO-ABC,0,978,8,55.45847870158348,6.381725610417533,0.07419534928145023,43.9584900839479,20
Hybrid GWO-ABC,0,978,34,3.0817834567939406,43.671738923236234,0.0751883758535876,47.34306635454508,19
Hybrid GWO-ABC,0,978,43,72.23593505964503,46.18772302513874,0.07456312431400394,22.560369316786645,20
Hybrid GWO-ABC,0,978,86,25.596509056760276,93.60435700489633,0.07479227504427904,49.96869339923984,19
Hybrid GWO-ABC,0,979,12,77.83834970737618,19.463870785196757,0.07494216501009139,41.321046717784526,21
Hybrid GWO-ABC,0,979,45,15.231210271316842,69.6320375077736,0.07413495698994792,39.92850655739597,20
Hybrid GWO-ABC,0,979,50,90.8580690707607,69.97071338107496,0.07518487005260187,45.47759009820221,25
Hybrid GWO-ABC,0,979,80,10.774094595589656,91.60118451376078,0.09451996741596648,57.17805704764476,12
Hybrid GWO-ABC,0,979,97,15.328431662449404,17.926830815773908,0.07490526740902013,47.23140726789146,22
Hybrid GWO-ABC,0,980,35,21.45846728195292,40.852864372463614,0.07366619012716218,29.97147277135205,22
Hybrid GWO-ABC,0,980,71,93.78264549749828,57.17280523760754,0.07494361550003567,44.366306830028755,25
Hybrid GWO-ABC,0,980,81,23.02139908948808,3.741255617617978,0.07399410965902108,53.551062911236734,14
Hybrid GWO-ABC,0,980,94,74.6789611349026,26.246051592286467,0.07334811097823618,34.2534843140716,20
Hybrid GWO-ABC,0,980,96,12.275793241148602,83.11126721249062,0.07326677120653714,50.19434023873136,19
Hybrid GWO-ABC,0,981,7,44.34141988273311,22.723872178477688,0.07288601721948412,27.856896415063034,22
Hybrid GWO-ABC,0,981,19,22.69093490508841,66.98139946825104,0.07285595250329356,32.15824877474573,22
Hybrid GWO-ABC,0,981,49,11.800590212051532,96.18976645495145,0.10084869603356711,59.93904765101437,12
Hybrid GWO-ABC,0,981,66,58.106113970039495,34.686980453483706,0.07288370995314403,17.32621283856514,21
Hybrid GWO-ABC,0,981,89,89.1677266254914,74.86080194569492,0.07298516919937552,46.391489331474325,23
Hybrid GWO-ABC,0,982,15,74.47621559078172,96.750973243421,0.07292890440501473,52.77062278250554,20
Hybrid GWO-ABC,0,982,29,13.979699812765745,11.453007353597345,0.07718259611647103,52.75729966232435,21
Hybrid GWO-ABC,0,982,67,59.091549148141674,2.28038710296975,0.07456609758704898,48.577955092361506,20
Hybrid GWO-ABC,0,982,68,95.85592132414453,48.23034369429002,0.07474203732167659,45.890055610409455,17
Hybrid GWO-ABC,0,982,80,10.774094595589656,91.60118451376078,0.09134533650477328,57.17805704764476,22
Hybrid GWO-ABC,0,983,49,11.800590212051532,96.18976645495145,0.09786410410513542,59.93904765101437,17
Hybrid GWO-ABC,0,983,52,77.87509039657947,71.68901891589957,0.07196392188647201,35.31903461522874,22
Hybrid GWO-ABC,0,983,70,48.66583308381603,49.07069943545209,0.07220140625362899,1.6259154035523802,21
Hybrid GWO-ABC,0,983,95,93.68131505337793,24.097057500568475,0.07258477917697582,50.78404980819585,13
Hybrid GWO-ABC,0,983,99,19.643466571457324,31.03236729000948,0.072137455414259,35.795114365222126,27
Hybrid GWO-ABC,0,984,1,85.85979199113825,69.73680290593639,0.0719995321162559,40.93245742189787,24
Hybrid GWO-ABC,0,984,33,55.92071607454135,30.39500980626122,0.07155683843895352,20.47951462637545,29
Hybrid GWO-ABC,0,984,63,32.98612123327853,14.45241888660469,0.07201967925150393,39.40942265121521,23
Hybrid GWO-ABC,0,984,65,17.05929685368861,92.51201183767972,0.07193045623610363,53.78067565827367,24
Hybrid GWO-ABC,0,985,26,78.69243775021384,66.48508565920321,0.07130542337843769,33.09099625640128,34
Hybrid GWO-ABC,0,985,47,30.151208914787652,63.028259311888846,0.0712076099254728,23.742578803538244,22
Hybrid GWO-ABC,0,985,56,30.59566241506525,57.9219568941896,0.071252664491915,20.959144022204473,16
Hybrid GWO-ABC,0,985,93,37.36577288737101,9.446666806151526,0.07129582488754103,42.47583463411616,28
Hybrid GWO-ABC,0,986,29,13.979699812765745,11.453007353597345,0.0717977986525479,52.75729966232435,22
Hybrid GWO-ABC,0,986,59,43.20930397751037,62.73088407024432,0.07078718010254606,14.428754682225943,31
Hybrid GWO-ABC,0,986,77,10.857574113544356,67.22400930398116,0.07075891465634006,42.76442447619636,14
Hybrid GWO-ABC,0,986,84,31.713889282271534,95.28993950697449,0.0709018046432825,48.842199640540684,12
Hybrid GWO-ABC,0,986,90,89.07924908785249,89.34466396978632,0.07356338925700337,55.45439831217919,21
Hybrid GWO-ABC,0,987,73,33.15689973425522,52.06724024715378,0.07032578353635181,16.969487582168895,33
Hybrid GWO-ABC,0,987,82,55.48524693914834,37.092228386243875,0.07025886765546588,14.024924314103254,37
Hybrid GWO-ABC,0,987,98,59.93827915208435,87.45620408374644,0.07022840162257352,38.7522466041392,30
Hybrid GWO-ABC,0,988,4,12.811363267554587,45.038593789556714,0.07007233706024005,37.51813233095184,19
Hybrid GWO-ABC,0,988,10,75.80877400853738,35.45259681298683,0.06991272606069998,29.626335502543604,15
Hybrid GWO-ABC,0,988,57,17.67727829392317,85.66142840923754,0.07015098904219844,48.12998872507312,18
Hybrid GWO-ABC,0,988,60,58.40979689127356,64.984660155482,0.06989415671351025,17.183268714879727,26
Hybrid GWO-ABC,0,988,91,51.885836038644904,31.5929051830793,0.06976289996828343,18.503446088871144,22
Hybrid GWO-ABC,0,989,13,46.67210037270342,4.380376578722878,0.06938490641741106,45.740845609023204,15
Hybrid GWO-ABC,0,989,16,32.58253581381519,37.045970603486886,0.06944901245836142,21.706564359261378,27
Hybrid GWO-ABC,0,989,30,66.84029617904716,47.10962061431325,0.06938294606208531,17.08654056242027,19
Hybrid GWO-ABC,0,989,51,26.586996145951957,96.91763773477238,0.07122167903234505,52.4350405748008,17
Hybrid GWO-ABC,0,989,79,72.69946142868827,76.8647491917657,0.06971777190050377,35.170730704507434,22
Hybrid GWO-ABC,0,990,36,85.34030732681661,23.393948586534073,0.06900534037828483,44.23595024151556,16
Hybrid GWO-ABC,0,990,64,10.340296772255165,58.7644572177712,0.06889956460885825,40.616594766609076,28
Hybrid GWO-ABC,0,990,68,95.85592132414453,48.23034369429002,0.06925076556904464,45.890055610409455,19
Hybrid GWO-ABC,0,990,87,16.460781758201815,4.491061939232899,0.07607363576191835,56.53266846425794,19
Hybrid GWO-ABC,0,990,88,43.509706000303794,99.2375564055837,0.0753680921331661,49.66347628786701,18
Hybrid GWO-ABC,0,991,5,37.07980242325812,92.67649888486018,0.06854974748413459,44.589405271785346,15
Hybrid GWO-ABC,0,991,17,46.95558112758079,18.94713590842857,0.06855119585256732,31.201744415342365,20
Hybrid GWO-ABC,0,991,21,70.0265102002249,31.236664138204105,0.06864285369303558,27.443102657357606,19
Hybrid GWO-ABC,0,991,44,16.127177903360177,50.10447751033635,0.06850355701881741,33.87298322174735,25
Hybrid GWO-ABC,0,991,75,82.62919241943578,89.61607718397667,0.0688702320176438,51.32346217268826,21
Hybrid GWO-ABC,0,992,18,12.992150533547164,47.57049262259338,0.06836753193229775,37.08751040752812,23
Hybrid GWO-ABC,0,992,31,56.52361064811888,76.49988574160255,0.06808445097719894,27.291050551531363,29
Hybrid GWO-ABC,0,992,41,81.40203846660347,16.697291990770392,0.06841089645009991,45.772900067682514,19
Hybrid GWO-ABC,0,992,81,23.02139908948808,3.741255617617978,0.06829986606893022,53.551062911236734,17
Hybrid GWO-ABC,0,992,88,43.509706000303794,99.2375564055837,0.07110605805265426,49.66347628786701,12
Hybrid GWO-ABC,0,993,2,9.417734788764953,97.5622351636756,0.10622296986199664,62.52268758970457,16
Hybrid GWO-ABC,0,993,11,97.06980243949033,89.31211213221977,0.0728688879221973,61.327061416546535,20
Hybrid GWO-ABC,0,993,25,19.990820247510833,0.7362269751005512,0.08075303125218544,57.684228365004735,25
Hybrid GWO-ABC,0,993,69,78.27352272502863,8.272999992243857,0.06800949309549649,50.40371630078472,21
Hybrid GWO-ABC,0,993,88,43.509706000303794,99.2375564055837,0.06836739961757442,49.66347628786701,18
Hybrid GWO-ABC,0,994,24,68.24955039749754,13.97524836093098,0.06757096714768654,40.38352164395039,15
Hybrid GWO-ABC,0,994,34,3.0817834567939406,43.671738923236234,0.06744988167298749,47.34306635454508,17
Hybrid GWO-ABC,0,994,55,45.57762898336111,20.236336479523032,0.06720574504207334,30.09041428044784,23
Hybrid GWO-ABC,0,994,83,82.97897431324131,80.82514720643019,0.06724837877863042,45.142025287436105,25
Hybrid GWO-ABC,0,994,86,25.596509056760276,93.60435700489633,0.06732562892155215,49.96869339923984,20
Hybrid GWO-ABC,0,995,12,77.83834970737618,19.463870785196757,0.06687385438571421,41.321046717784526,13
Hybrid GWO-ABC,0,995,27,70.51653786263351,78.07290310219679,0.06686552090333509,34.77091046340611,25
Hybrid GWO-ABC,0,995,38,29.35937577666836,66.1916514726895,0.0668531417844408,26.233660547888334,21
Hybrid GWO-ABC,0,995,72,47.348940105695384,26.69756630918936,0.066884278403733,23.45275110680658,26
Hybrid GWO-ABC,0,995,76,14.024908899861078,55.40361435390494,0.06682303493149927,36.37865071369501,15
Hybrid GWO-ABC,0,996,14,15.428949206754783,68.30489532424546,0.06693436212629644,39.11811275842336,21
Hybrid GWO-ABC,0,996,32,63.47183200005908,55.35794006579958,0.06628112792199581,14.498199170466526,24
Hybrid GWO-ABC,0,996,43,72.23593505964503,46.18772302513874,0.0663335224132303,22.560369316786645,19
Hybrid GWO-ABC,0,996,74,43.89114603050467,2.1612079880330426,0.06632555113701867,48.22725492898028,21
Hybrid GWO-ABC,0,996,78,28.123378383900832,65.94226346919018,0.06669601171521149,27.06921383888075,15
Hybrid GWO-ABC,0,997,20,43.715191887233075,83.26781960578374,0.06603451809293832,33.85626432932715,21
Hybrid GWO-ABC,0,997,40,66.43135403273875,40.63868614400705,0.06587209447867537,18.91093843413398,21
Hybrid GWO-ABC,0,997,48,36.18126105533904,8.7649919316101,0.06652792562844648,43.488888654699714,18
Hybrid GWO-ABC,0,997,61,8.44443211398891,41.58074021706096,0.06634915089689541,42.399872141570086,19
Hybrid GWO-ABC,0,997,92,77.2012432110988,66.16612631677611,0.06663297347396233,31.642554769160306,21
Hybrid GWO-ABC,0,998,0,77.39560485559633,43.88784397520523,0.06571812951841997,28.069157747880652,19
Hybrid GWO-ABC,0,998,6,64.38651200806646,82.276161327083,0.06603823785301113,35.33726528425946,18
Hybrid GWO-ABC,0,998,8,55.45847870158348,6.381725610417533,0.06544197132445255,43.9584900839479,17
Hybrid GWO-ABC,0,998,37,5.830274168906602,28.138389202199654,0.06696942238630484,49.28381789866183,21
Hybrid GWO-ABC,0,998,39,55.70321523412783,78.38982091064135,0.06582994512522002,28.957012887124193,25
Hybrid GWO-ABC,0,999,3,76.1139701990353,78.60643052769538,0.06550483882159396,38.73328422806367,19
Hybrid GWO-ABC,0,999,9,82.7631171992582,63.166439912206485,0.06567967973759788,35.30972937554283,16
Hybrid GWO-ABC,0,999,67,59.091549148141674,2.28038710296975,0.06640071157848162,48.577955092361506,21
Hybrid GWO-ABC,0,999,80,10.774094595589656,91.60118451376078,0.08268666899269597,57.17805704764476,22
Hybrid GWO-ABC,0,999,97,15.328431662449404,17.926830815773908,0.06575099736663223,47.23140726789146,22
Hybrid GWO-ABC,0,1000,23,38.74783790301745,28.83281039302441,0.06455229128777587,23.97208934812371,24
Hybrid GWO-ABC,0,1000,45,15.231210271316842,69.6320375077736,0.06527820093268004,39.92850655739597,20
Hybrid GWO-ABC,0,1000,56,30.59566241506525,57.9219568941896,0.06457301436115487,20.959144022204473,15
Hybrid GWO-ABC,0,1000,58,75.85195298352102,71.94629559509367,0.06542144476304719,33.911109734265686,24
Hybrid GWO-ABC,0,1000,94,74.6789611349026,26.246051592286467,0.06471610237645528,34.2534843140716,17
Hybrid GWO-ABC,0,1001,35,21.45846728195292,40.852864372463614,0.06441837789271335,29.97147277135205,16
Hybrid GWO-ABC,0,1001,46,44.61562755740307,38.10212260964825,0.06428645102186949,13.059515802526548,28
Hybrid GWO-ABC,0,1001,71,93.78264549749828,57.17280523760754,0.06481407126980966,44.366306830028755,24
Hybrid GWO-ABC,0,1001,84,31.713889282271534,95.28993950697449,0.06512738625841846,48.842199640540684,18
Hybrid GWO-ABC,0,1001,85,29.091783814011862,51.50571292317145,0.06454548238347686,20.962363308725994,14
Hybrid GWO-ABC,0,1002,10,75.80877400853738,35.45259681298683,0.06380067272904404,29.626335502543604,24
Hybrid GWO-ABC,0,1002,25,19.990820247510833,0.7362269751005512,0.07322478680088154,57.684228365004735,17
Hybrid GWO-ABC,0,1002,50,90.8580690707607,69.97071338107496,0.06480724906278934,45.47759009820221,22
Hybrid GWO-ABC,0,1002,51,26.586996145951957,96.91763773477238,0.06474123287141871,52.4350405748008,14
Hybrid GWO-ABC,0,1002,77,10.857574113544356,67.22400930398116,0.06427973795336958,42.76442447619636,23
Hybrid GWO-ABC,0,1003,53,44.93615021437887,27.224156184515902,0.06341481850271594,23.331987402676617,20
Hybrid GWO-ABC,0,1003,62,4.161417386189248,49.39908192445189,0.06534601996422337,45.84252129384545,25
Hybrid GWO-ABC,0,1003,66,58.106113970039495,34.686980453483706,0.06364870578322834,17.32621283856514,17
Hybrid GWO-ABC,0,1003,70,48.66583308381603,49.07069943545209,0.06325245900230184,1.6259154035523802,17
Hybrid GWO-ABC,0,1003,89,89.1677266254914,74.86080194569492,0.0632778670128981,46.391489331474325,21
Hybrid GWO-ABC,0,1004,2,9.417734788764953,97.5622351636756,0.10012908779803119,62.52268758970457,12
Hybrid GWO-ABC,0,1004,7,44.34141988273311,22.723872178477688,0.06322470085946605,27.856896415063034,25
Hybrid GWO-ABC,0,1004,19,22.69093490508841,66.98139946825104,0.06313593224737062,32.15824877474573,22
Hybrid GWO-ABC,0,1004,52,77.87509039657947,71.68901891589957,0.06284252422937554,35.31903461522874,28
Hybrid GWO-ABC,0,1004,63,32.98612123327853,14.45241888660469,0.06282219636154233,39.40942265121521,13
Hybrid GWO-ABC,0,1005,4,12.811363267554587,45.038593789556714,0.062383612658434395,37.51813233095184,23
Hybrid GWO-ABC,0,1005,22,83.2259801395201,80.47643574968019,0.06463401967599194,45.086349289293416,20
Hybrid GWO-ABC,0,1005,28,45.891577553834,56.87411959528937,0.0623945595847357,8.008286658611938,26
Hybrid GWO-ABC,0,1005,57,17.67727829392317,85.66142840923754,0.06257233420587374,48.12998872507312,17
Hybrid GWO-ABC,0,1005,95,93.68131505337793,24.097057500568475,0.06449211735832336,50.78404980819585,14
Hybrid GWO-ABC,0,1006,1,85.85979199113825,69.73680290593639,0.062160244042970825,40.93245742189787,23
Hybrid GWO-ABC,0,1006,5,37.07980242325812,92.67649888486018,0.06206395144039949,44.589405271785346,16
Hybrid GWO-ABC,0,1006,29,13.979699812765745,11.453007353597345,0.06246155704804485,52.75729966232435,19
Hybrid GWO-ABC,0,1006,36,85.34030732681661,23.393948586534073,0.062077363621201434,44.23595024151556,18
Hybrid GWO-ABC,0,1006,47,30.151208914787652,63.028259311888846,0.061965055149043616,23.742578803538244,24
Hybrid GWO-ABC,0,1007,2,9.417734788764953,97.5622351636756,0.09689276795288872,62.52268758970457,25
Hybrid GWO-ABC,0,1007,13,46.67210037270342,4.380376578722878,0.06217717064157998,45.740845609023204,15
Hybrid GWO-ABC,0,1007,24,68.24955039749754,13.97524836093098,0.06155884757173931,40.38352164395039,21
Hybrid GWO-ABC,0,1007,42,2.2712073133860478,9.004786077564175,0.11742988245162411,62.91776550282162,15
Hybrid GWO-ABC,0,1007,90,89.07924908785249,89.34466396978632,0.06430200818339339,55.45439831217919,24
Hybrid GWO-ABC,0,1008,12,77.83834970737618,19.463870785196757,0.06128338147865762,41.321046717784526,14
Hybrid GWO-ABC,0,1008,15,74.47621559078172,96.750973243421,0.06272178489815507,52.77062278250554,20
Hybrid GWO-ABC,0,1008,30,66.84029617904716,47.10962061431325,0.06114852710207451,17.08654056242027,28
Hybrid GWO-ABC,0,1008,42,2.2712073133860478,9.004786077564175,0.11397153664298938,62.91776550282162,18
Hybrid GWO-ABC,0,1008,49,11.800590212051532,96.18976645495145,0.08848589512286627,59.93904765101437,20
Hybrid GWO-ABC,0,1009,21,70.0265102002249,31.236664138204105,0.06079180504336243,27.443102657357606,25
Hybrid GWO-ABC,0,1009,78,28.123378383900832,65.94226346919018,0.060699636731194065,27.06921383888075,28
Hybrid GWO-ABC,0,1009,79,72.69946142868827,76.8647491917657,0.06077667357591967,35.170730704507434,24
Hybrid GWO-ABC,0,1009,99,19.643466571457324,31.03236729000948,0.06063930408033755,35.795114365222126,23
Hybrid GWO-ABC,0,1010,68,95.85592132414453,48.23034369429002,0.060544894610308535,45.890055610409455,25
Hybrid GWO-ABC,0,1010,76,14.024908899861078,55.40361435390494,0.06036352604707362,36.37865071369501,21
Hybrid GWO-ABC,0,1010,81,23.02139908948808,3.741255617617978,0.06061116522418983,53.551062911236734,11
Hybrid GWO-ABC,0,1010,91,51.885836038644904,31.5929051830793,0.06026603142721781,18.503446088871144,26
Hybrid GWO-ABC,0,1010,96,12.275793241148602,83.11126721249062,0.06261699426616228,50.19434023873136,17
Hybrid GWO-ABC,0,1011,17,46.95558112758079,18.94713590842857,0.05993626896230842,31.201744415342365,25
Hybrid GWO-ABC,0,1011,34,3.0817834567939406,43.671738923236234,0.0600539918107152,47.34306635454508,17
Hybrid GWO-ABC,0,1011,41,81.40203846660347,16.697291990770392,0.060147844534547884,45.772900067682514,14
Hybrid GWO-ABC,0,1011,54,9.63909621534993,90.26023965438416,0.07825961221592151,57.007801670843506,20
Hybrid GWO-ABC,0,1011,75,82.62919241943578,89.61607718397667,0.059965646019744814,51.32346217268826,24
Hybrid GWO-ABC,0,1012,9,82.7631171992582,63.166439912206485,0.059564187664391914,35.30972937554283,37
Hybrid GWO-ABC,0,1012,54,9.63909621534993,90.26023965438416,0.07372961663786781,57.007801670843506,27
Hybrid GWO-ABC,0,1012,93,37.36577288737101,9.446666806151526,0.0593729459947175,42.47583463411616,36
Hybrid GWO-ABC,0,1013,33,55.92071607454135,30.39500980626122,0.05905335309302893,20.47951462637545,52
Hybrid GWO-ABC,0,1013,85,29.091783814011862,51.50571292317145,0.05890113452451111,20.962363308725994,48
Hybrid GWO-ABC,0,1014,43,72.23593505964503,46.18772302513874,0.058418443544076736,22.560369316786645,19
Hybrid GWO-ABC,0,1014,48,36.18126105533904,8.7649919316101,0.05894379836068724,43.488888654699714,18
Hybrid GWO-ABC,0,1014,60,58.40979689127356,64.984660155482,0.05847558523362757,17.183268714879727,19
Hybrid GWO-ABC,0,1014,61,8.44443211398891,41.58074021706096,0.05852285038689349,42.399872141570086,26
Hybrid GWO-ABC,0,1014,92,77.2012432110988,66.16612631677611,0.058535353429154925,31.642554769160306,18
Hybrid GWO-ABC,0,1015,0,77.39560485559633,43.88784397520523,0.05802209949036263,28.069157747880652,16
Hybrid GWO-ABC,0,1015,3,76.1139701990353,78.60643052769538,0.05799091376595691,38.73328422806367,22
Hybrid GWO-ABC,0,1015,8,55.45847870158348,6.381725610417533,0.05799177259412197,43.9584900839479,23
Hybrid GWO-ABC,0,1015,38,29.35937577666836,66.1916514726895,0.05800623369541133,26.233660547888334,20
Hybrid GWO-ABC,0,1015,56,30.59566241506525,57.9219568941896,0.058120311273005085,20.959144022204473,19
Hybrid GWO-ABC,0,1016,6,64.38651200806646,82.276161327083,0.05817211016916479,35.33726528425946,26
Hybrid GWO-ABC,0,1016,14,15.428949206754783,68.30489532424546,0.0580893592875744,39.11811275842336,21
Hybrid GWO-ABC,0,1016,35,21.45846728195292,40.852864372463614,0.057744165742325514,29.97147277135205,17
Hybrid GWO-ABC,0,1016,55,45.57762898336111,20.236336479523032,0.05757240622839638,30.09041428044784,20
Hybrid GWO-ABC,0,1016,94,74.6789611349026,26.246051592286467,0.05767335690699801,34.2534843140716,16
Hybrid GWO-ABC,0,1017,16,32.58253581381519,37.045970603486886,0.05743839033010677,21.706564359261378,21
Hybrid GWO-ABC,0,1017,22,83.2259801395201,80.47643574968019,0.05770508570998063,45.086349289293416,22
Hybrid GWO-ABC,0,1017,40,66.43135403273875,40.63868614400705,0.057140198398471884,18.91093843413398,21
Hybrid GWO-ABC,0,1017,63,32.98612123327853,14.45241888660469,0.05728063211770541,39.40942265121521,16
Hybrid GWO-ABC,0,1017,96,12.275793241148602,83.11126721249062,0.05741843276296562,50.19434023873136,20
Hybrid GWO-ABC,0,1018,26,78.69243775021384,66.48508565920321,0.056901052120004326,33.09099625640128,22
Hybrid GWO-ABC,0,1018,44,16.127177903360177,50.10447751033635,0.0572221654253295,33.87298322174735,22
Hybrid GWO-ABC,0,1018,59,43.20930397751037,62.73088407024432,0.056907382173015976,14.428754682225943,20
Hybrid GWO-ABC,0,1018,66,58.106113970039495,34.686980453483706,0.05687630472072793,17.32621283856514,22
Hybrid GWO-ABC,0,1018,74,43.89114603050467,2.1612079880330426,0.05688128977767241,48.22725492898028,14
Hybrid GWO-ABC,0,1019,18,12.992150533547164,47.57049262259338,0.05752658964669632,37.08751040752812,18
Hybrid GWO-ABC,0,1019,45,15.231210271316842,69.6320375077736,0.056949487406997276,39.92850655739597,23
Hybrid GWO-ABC,0,1019,83,82.97897431324131,80.82514720643019,0.056488352819293104,45.142025287436105,24
Hybrid GWO-ABC,0,1019,87,16.460781758201815,4.491061939232899,0.0653324544210999,56.53266846425794,17
Hybrid GWO-ABC,0,1019,95,93.68131505337793,24.097057500568475,0.05831013453809204,50.78404980819585,18
Hybrid GWO-ABC,0,1020,20,43.715191887233075,83.26781960578374,0.05628441397686632,33.85626432932715,20
Hybrid GWO-ABC,0,1020,27,70.51653786263351,78.07290310219679,0.05613550299325109,34.77091046340611,20
Hybrid GWO-ABC,0,1020,32,63.47183200005908,55.35794006579958,0.05587828317724448,14.498199170466526,16
Hybrid GWO-ABC,0,1020,70,48.66583308381603,49.07069943545209,0.05589673554169439,1.6259154035523802,22
Hybrid GWO-ABC,0,1020,97,15.328431662449404,17.926830815773908,0.056356743499621505,47.23140726789146,22
Hybrid GWO-ABC,0,1021,13,46.67210037270342,4.380376578722878,0.055915268850897835,45.740845609023204,14
Hybrid GWO-ABC,0,1021,50,90.8580690707607,69.97071338107496,0.05595186348434965,45.47759009820221,24
Hybrid GWO-ABC,0,1021,64,10.340296772255165,58.7644572177712,0.05610238424084434,40.616594766609076,23
Hybrid GWO-ABC,0,1021,72,47.348940105695384,26.69756630918936,0.05568195192331296,23.45275110680658,20
Hybrid GWO-ABC,0,1021,73,33.15689973425522,52.06724024715378,0.05565512539681708,16.969487582168895,19
Hybrid GWO-ABC,0,1022,12,77.83834970737618,19.463870785196757,0.055186048257302826,41.321046717784526,15
Hybrid GWO-ABC,0,1022,31,56.52361064811888,76.49988574160255,0.05512229659116583,27.291050551531363,22
Hybrid GWO-ABC,0,1022,37,5.830274168906602,28.138389202199654,0.05708423854327466,49.28381789866183,19
Hybrid GWO-ABC,0,1022,39,55.70321523412783,78.38982091064135,0.05502372909642712,28.957012887124193,22
Hybrid GWO-ABC,0,1022,53,44.93615021437887,27.224156184515902,0.05506855097031638,23.331987402676617,22
Hybrid GWO-ABC,0,1023,57,17.67727829392317,85.66142840923754,0.05493690238568837,48.12998872507312,17
Hybrid GWO-ABC,0,1023,62,4.161417386189248,49.39908192445189,0.055479862966076744,45.84252129384545,16
Hybrid GWO-ABC,0,1023,71,93.78264549749828,57.17280523760754,0.0546685741933563,44.366306830028755,25
Hybrid GWO-ABC,0,1023,81,23.02139908948808,3.741255617617978,0.055385248792010726,53.551062911236734,23
Hybrid GWO-ABC,0,1023,98,59.93827915208435,87.45620408374644,0.055687638826970934,38.7522466041392,19
Hybrid GWO-ABC,0,1024,19,22.69093490508841,66.98139946825104,0.054106505815977646,32.15824877474573,19
Hybrid GWO-ABC,0,1024,23,38.74783790301745,28.83281039302441,0.0542235264249313,23.97208934812371,23
Hybrid GWO-ABC,0,1024,58,75.85195298352102,71.94629559509367,0.05518804563688617,33.911109734265686,24
Hybrid GWO-ABC,0,1024,82,55.48524693914834,37.092228386243875,0.054196215554860074,14.024924314103254,21
Hybrid GWO-ABC,0,1024,86,25.596509056760276,93.60435700489633,0.05624084770320093,49.96869339923984,13
Hybrid GWO-ABC,0,1025,10,75.80877400853738,35.45259681298683,0.05371785361121143,29.626335502543604,19
Hybrid GWO-ABC,0,1025,67,59.091549148141674,2.28038710296975,0.05582226797747898,48.577955092361506,21
Hybrid GWO-ABC,0,1025,77,10.857574113544356,67.22400930398116,0.05433745783411659,42.76442447619636,25
Hybrid GWO-ABC,0,1025,84,31.713889282271534,95.28993950697449,0.0557549643987931,48.842199640540684,15
Hybrid GWO-ABC,0,1025,89,89.1677266254914,74.86080194569492,0.05400927830254365,46.391489331474325,20
Hybrid GWO-ABC,0,1026,15,74.47621559078172,96.750973243421,0.054191690035729524,52.77062278250554,25
Hybrid GWO-ABC,0,1026,36,85.34030732681661,23.393948586534073,0.0537397627852892,44.23595024151556,24
Hybrid GWO-ABC,0,1026,80,10.774094595589656,91.60118451376078,0.07177633804246528,57.17805704764476,26
Hybrid GWO-ABC,0,1026,87,16.460781758201815,4.491061939232899,0.060075742764385466,56.53266846425794,25
Hybrid GWO-ABC,0,1027,5,37.07980242325812,92.67649888486018,0.05385082654090118,44.589405271785346,17
Hybrid GWO-ABC,0,1027,25,19.990820247510833,0.7362269751005512,0.0638527522240787,57.684228365004735,23
Hybrid GWO-ABC,0,1027,41,81.40203846660347,16.697291990770392,0.05346555744760526,45.772900067682514,22
Hybrid GWO-ABC,0,1027,65,17.05929685368861,92.51201183767972,0.05709919248315953,53.78067565827367,18
Hybrid GWO-ABC,0,1027,90,89.07924908785249,89.34466396978632,0.054533889416596315,55.45439831217919,20
Hybrid GWO-ABC,0,1028,1,85.85979199113825,69.73680290593639,0.05247355882531814,40.93245742189787,25
Hybrid GWO-ABC,0,1028,4,12.811363267554587,45.038593789556714,0.05233600670571028,37.51813233095184,24
Hybrid GWO-ABC,0,1028,7,44.34141988273311,22.723872178477688,0.05262658716329868,27.856896415063034,23
Hybrid GWO-ABC,0,1028,24,68.24955039749754,13.97524836093098,0.052395049311994846,40.38352164395039,12
Hybrid GWO-ABC,0,1028,88,43.509706000303794,99.2375564055837,0.05614652774589909,49.66347628786701,16
Hybrid GWO-ABC,0,1029,29,13.979699812765745,11.453007353597345,0.05317501451707922,52.75729966232435,16
Hybrid GWO-ABC,0,1029,48,36.18126105533904,8.7649919316101,0.0519327371334715,43.488888654699714,21
Hybrid GWO-ABC,0,1029,49,11.800590212051532,96.18976645495145,0.07920758757083352,59.93904765101437,19
Hybrid GWO-ABC,0,1029,88,43.509706000303794,99.2375564055837,0.05252786931081927,49.66347628786701,22
Hybrid GWO-ABC,0,1029,95,93.68131505337793,24.097057500568475,0.052108184962124784,50.78404980819585,22
Hybrid GWO-ABC,0,1030,11,97.06980243949033,89.31211213221977,0.059819345822819905,61.327061416546535,21
Hybrid GWO-ABC,0,1030,34,3.0817834567939406,43.671738923236234,0.05208252321590695,47.34306635454508,15
Hybrid GWO-ABC,0,1030,46,44.61562755740307,38.10212260964825,0.05181571255912218,13.059515802526548,23
Hybrid GWO-ABC,0,1030,47,30.151208914787652,63.028259311888846,0.051469660632744885,23.742578803538244,28
Hybrid GWO-ABC,0,1030,69,78.27352272502863,8.272999992243857,0.054935012431283355,50.40371630078472,13
Hybrid GWO-ABC,0,1031,0,77.39560485559633,43.88784397520523,0.051145188841906955,28.069157747880652,20
Hybrid GWO-ABC,0,1031,2,9.417734788764953,97.5622351636756,0.08574725093760993,62.52268758970457,23
Hybrid GWO-ABC,0,1031,42,2.2712073133860478,9.004786077564175,0.10441586416460184,62.91776550282162,14
Hybrid GWO-ABC,0,1031,74,43.89114603050467,2.1612079880330426,0.05103034445093623,48.22725492898028,17
Hybrid GWO-ABC,0,1031,92,77.2012432110988,66.16612631677611,0.05104395073399795,31.642554769160306,26
Hybrid GWO-ABC,0,1032,18,12.992150533547164,47.57049262259338,0.05073876457362878,37.08751040752812,20
Hybrid GWO-ABC,0,1032,28,45.891577553834,56.87411959528937,0.050584032229980105,8.008286658611938,18
Hybrid GWO-ABC,0,1032,52,77.87509039657947,71.68901891589957,0.050809843840123506,35.31903461522874,23
Hybrid GWO-ABC,0,1032,94,74.6789611349026,26.246051592286467,0.050861350781579315,34.2534843140716,21
Hybrid GWO-ABC,0,1032,99,19.643466571457324,31.03236729000948,0.050676641585648524,35.795114365222126,18
Hybrid GWO-ABC,0,1033,2,9.417734788764953,97.5622351636756,0.08023040944826391,62.52268758970457,20
Hybrid GWO-ABC,0,1033,13,46.67210037270342,4.380376578722878,0.050299498176629744,45.740845609023204,23
Hybrid GWO-ABC,0,1033,21,70.0265102002249,31.236664138204105,0.050313497012966814,27.443102657357606,19
Hybrid GWO-ABC,0,1033,60,58.40979689127356,64.984660155482,0.050220420158627925,17.183268714879727,18
Hybrid GWO-ABC,0,1033,79,72.69946142868827,76.8647491917657,0.05046519622006501,35.170730704507434,20
Hybrid GWO-ABC,0,1034,11,97.06980243949033,89.31211213221977,0.054354571202130095,61.327061416546535,15
Hybrid GWO-ABC,0,1034,43,72.23593505964503,46.18772302513874,0.050038074447923374,22.560369316786645,25
Hybrid GWO-ABC,0,1034,56,30.59566241506525,57.9219568941896,0.04982794151155237,20.959144022204473,21
Hybrid GWO-ABC,0,1034,63,32.98612123327853,14.45241888660469,0.05027770882601056,39.40942265121521,20
Hybrid GWO-ABC,0,1034,76,14.024908899861078,55.40361435390494,0.050524556029047686,36.37865071369501,19
Hybrid GWO-ABC,0,1035,14,15.428949206754783,68.30489532424546,0.049451469826649726,39.11811275842336,20
Hybrid GWO-ABC,0,1035,25,19.990820247510833,0.7362269751005512,0.05703515360340378,57.684228365004735,21
Hybrid GWO-ABC,0,1035,38,29.35937577666836,66.1916514726895,0.04937871581411158,26.233660547888334,22
Hybrid GWO-ABC,0,1035,68,95.85592132414453,48.23034369429002,0.04938527355737769,45.890055610409455,19
Hybrid GWO-ABC,0,1035,75,82.62919241943578,89.61607718397667,0.04944933035064328,51.32346217268826,18
Hybrid GWO-ABC,0,1036,30,66.84029617904716,47.10962061431325,0.04899833963932069,17.08654056242027,15
Hybrid GWO-ABC,0,1036,32,63.47183200005908,55.35794006579958,0.04887586370095483,14.498199170466526,26
Hybrid GWO-ABC,0,1036,35,21.45846728195292,40.852864372463614,0.04969053533761088,29.97147277135205,19
Hybrid GWO-ABC,0,1036,55,45.57762898336111,20.236336479523032,0.04896677316126908,30.09041428044784,21
Hybrid GWO-ABC,0,1036,96,12.275793241148602,83.11126721249062,0.048902514240386365,50.19434023873136,19
Hybrid GWO-ABC,0,1037,3,76.1139701990353,78.60643052769538,0.048644420652158134,38.73328422806367,21
Hybrid GWO-ABC,0,1037,16,32.58253581381519,37.045970603486886,0.04849501314611103,21.706564359261378,17
Hybrid GWO-ABC,0,1037,17,46.95558112758079,18.94713590842857,0.0489835752884476,31.201744415342365,15
Hybrid GWO-ABC,0,1037,59,43.20930397751037,62.73088407024432,0.04842378830742077,14.428754682225943,29
Hybrid GWO-ABC,0,1037,91,51.885836038644904,31.5929051830793,0.04874905944902108,18.503446088871144,18
Hybrid GWO-ABC,0,1038,27,70.51653786263351,78.07290310219679,0.04802923132745031,34.77091046340611,24
Hybrid GWO-ABC,0,1038,40,66.43135403273875,40.63868614400705,0.048135986442790185,18.91093843413398,21
Hybrid GWO-ABC,0,1038,44,16.127177903360177,50.10447751033635,0.04802968483612246,33.87298322174735,16
Hybrid GWO-ABC,0,1038,67,59.091549148141674,2.28038710296975,0.04840668080034058,48.577955092361506,16
Hybrid GWO-ABC,0,1038,78,28.123378383900832,65.94226346919018,0.048347054991610953,27.06921383888075,23
Hybrid GWO-ABC,0,1039,8,55.45847870158348,6.381725610417533,0.04772370597426562,43.9584900839479,16
Hybrid GWO-ABC,0,1039,20,43.715191887233075,83.26781960578374,0.04781778648154495,33.85626432932715,17
Hybrid GWO-ABC,0,1039,26,78.69243775021384,66.48508565920321,0.04769310076183477,33.09099625640128,21
Hybrid GWO-ABC,0,1039,66,58.106113970039495,34.686980453483706,0.047588993302508084,17.32621283856514,19
Hybrid GWO-ABC,0,1039,73,33.15689973425522,52.06724024715378,0.04755033800953629,16.969487582168895,27
Hybrid GWO-ABC,0,1040,5,37.07980242325812,92.67649888486018,0.04728678232193194,44.589405271785346,20
Hybrid GWO-ABC,0,1040,12,77.83834970737618,19.463870785196757,0.048057194530232134,41.321046717784526,13
Hybrid GWO-ABC,0,1040,22,83.2259801395201,80.47643574968019,0.04809876646605231,45.086349289293416,21
Hybrid GWO-ABC,0,1040,61,8.44443211398891,41.58074021706096,0.04712057719718702,42.399872141570086,22
Hybrid GWO-ABC,0,1040,72,47.348940105695384,26.69756630918936,0.04727119703234904,23.45275110680658,24
Hybrid GWO-ABC,0,1041,6,64.38651200806646,82.276161327083,0.04717892083353573,35.33726528425946,32
Hybrid GWO-ABC,0,1041,24,68.24955039749754,13.97524836093098,0.04702211380899715,40.38352164395039,35
Hybrid GWO-ABC,0,1041,64,10.340296772255165,58.7644572177712,0.046728942357703585,40.616594766609076,33
Hybrid GWO-ABC,0,1042,45,15.231210271316842,69.6320375077736,0.04698737544108816,39.92850655739597,21
Hybrid GWO-ABC,0,1042,62,4.161417386189248,49.39908192445189,0.04772619735224403,45.84252129384545,17
Hybrid GWO-ABC,0,1042,69,78.27352272502863,8.272999992243857,0.04941243976895812,50.40371630078472,15
Hybrid GWO-ABC,0,1042,70,48.66583308381603,49.07069943545209,0.046239567844952645,1.6259154035523802,24
Hybrid GWO-ABC,0,1042,83,82.97897431324131,80.82514720643019,0.04643814990485444,45.142025287436105,23
Hybrid GWO-ABC,0,1043,10,75.80877400853738,35.45259681298683,0.04586313284845056,29.626335502543604,23
Hybrid GWO-ABC,0,1043,25,19.990820247510833,0.7362269751005512,0.05042365357534155,57.684228365004735,22
Hybrid GWO-ABC,0,1043,31,56.52361064811888,76.49988574160255,0.04581845069578038,27.291050551531363,17
Hybrid GWO-ABC,0,1043,58,75.85195298352102,71.94629559509367,0.04601771835331094,33.911109734265686,19
Hybrid GWO-ABC,0,1043,80,10.774094595589656,91.60118451376078,0.062220134777999724,57.17805704764476,19
Hybrid GWO-ABC,0,1044,19,22.69093490508841,66.98139946825104,0.045720083573345324,32.15824877474573,28
Hybrid GWO-ABC,0,1044,39,55.70321523412783,78.38982091064135,0.04552192105144912,28.957012887124193,27
Hybrid GWO-ABC,0,1044,53,44.93615021437887,27.224156184515902,0.045536130335943274,23.331987402676617,23
Hybrid GWO-ABC,0,1044,82,55.48524693914834,37.092228386243875,0.045398346302268314,14.024924314103254,22
Hybrid GWO-ABC,0,1045,42,2.2712073133860478,9.004786077564175,0.09778861495789437,62.91776550282162,20
Hybrid GWO-ABC,0,1045,49,11.800590212051532,96.18976645495145,0.07129647103275027,59.93904765101437,19
Hybrid GWO-ABC,0,1045,50,90.8580690707607,69.97071338107496,0.04551667498424607,45.47759009820221,20
Hybrid GWO-ABC,0,1045,69,78.27352272502863,8.272999992243857,0.04552703202795722,50.40371630078472,24
Hybrid GWO-ABC,0,1045,98,59.93827915208435,87.45620408374644,0.04680101929971076,38.7522466041392,17
Hybrid GWO-ABC,0,1046,34,3.0817834567939406,43.671738923236234,0.045199648610983426,47.34306635454508,19
Hybrid GWO-ABC,0,1046,41,81.40203846660347,16.697291990770392,0.04456558065143241,45.772900067682514,19
Hybrid GWO-ABC,0,1046,81,23.02139908948808,3.741255617617978,0.045090692342172986,53.551062911236734,18
Hybrid GWO-ABC,0,1046,84,31.713889282271534,95.28993950697449,0.047816910484929045,48.842199640540684,22
Hybrid GWO-ABC,0,1046,89,89.1677266254914,74.86080194569492,0.045167518527244176,46.391489331474325,22
Hybrid GWO-ABC,0,1047,23,38.74783790301745,28.83281039302441,0.04417660719553191,23.97208934812371,37
Hybrid GWO-ABC,0,1047,37,5.830274168906602,28.138389202199654,0.04728570937772155,49.28381789866183,11
Hybrid GWO-ABC,0,1047,77,10.857574113544356,67.22400930398116,0.04413618142230849,42.76442447619636,16
Hybrid GWO-ABC,0,1047,86,25.596509056760276,93.60435700489633,0.04838504925518771,49.96869339923984,13
Hybrid GWO-ABC,0,1047,90,89.07924908785249,89.34466396978632,0.04578460392269615,55.45439831217919,23
Hybrid GWO-ABC,0,1048,9,82.7631171992582,63.166439912206485,0.043753089985909974,35.30972937554283,30
Hybrid GWO-ABC,0,1048,36,85.34030732681661,23.393948586534073,0.043729072269569354,44.23595024151556,12
Hybrid GWO-ABC,0,1048,37,5.830274168906602,28.138389202199654,0.044768553589454814,49.28381789866183,15
Hybrid GWO-ABC,0,1048,57,17.67727829392317,85.66142840923754,0.04589555256626554,48.12998872507312,23
Hybrid GWO-ABC,0,1048,93,37.36577288737101,9.446666806151526,0.043808338177927106,42.47583463411616,20
Hybrid GWO-ABC,0,1049,12,77.83834970737618,19.463870785196757,0.04340285647143095,41.321046717784526,24
Hybrid GWO-ABC,0,1049,17,46.95558112758079,18.94713590842857,0.04322537589714993,31.201744415342365,26
Hybrid GWO-ABC,0,1049,51,26.586996145951957,96.91763773477238,0.051032784687859135,52.4350405748008,27
Hybrid GWO-ABC,0,1049,76,14.024908899861078,55.40361435390494,0.04323869978002842,36.37865071369501,23
Hybrid GWO-ABC,0,1050,28,45.891577553834,56.87411959528937,0.042790768926319674,8.008286658611938,20
Hybrid GWO-ABC,0,1050,30,66.84029617904716,47.10962061431325,0.042759880866415884,17.08654056242027,21
Hybrid GWO-ABC,0,1050,71,93.78264549749828,57.17280523760754,0.04311600134035495,44.366306830028755,19
Hybrid GWO-ABC,0,1050,86,25.596509056760276,93.60435700489633,0.045019663913409835,49.96869339923984,16
Hybrid GWO-ABC,0,1050,97,15.328431662449404,17.926830815773908,0.0448646815413423,47.23140726789146,24
Hybrid GWO-ABC,0,1051,0,77.39560485559633,43.88784397520523,0.0425169021388318,28.069157747880652,18
Hybrid GWO-ABC,0,1051,60,58.40979689127356,64.984660155482,0.042437651408587955,17.183268714879727,24
Hybrid GWO-ABC,0,1051,63,32.98612123327853,14.45241888660469,0.042300309126767,39.40942265121521,18
Hybrid GWO-ABC,0,1051,79,72.69946142868827,76.8647491917657,0.04233510926324416,35.170730704507434,20
Hybrid GWO-ABC,0,1051,99,19.643466571457324,31.03236729000948,0.0426736649036454,35.795114365222126,20
Hybrid GWO-ABC,0,1052,7,44.34141988273311,22.723872178477688,0.042525652990471716,27.856896415063034,20
Hybrid GWO-ABC,0,1052,15,74.47621559078172,96.750973243421,0.042853841863321106,52.77062278250554,22
Hybrid GWO-ABC,0,1052,21,70.0265102002249,31.236664138204105,0.04225071615353917,27.443102657357606,18
Hybrid GWO-ABC,0,1052,46,44.61562755740307,38.10212260964825,0.042011513979770966,13.059515802526548,20
Hybrid GWO-ABC,0,1052,54,9.63909621534993,90.26023965438416,0.05862179018003655,57.007801670843506,20
Hybrid GWO-ABC,0,1053,1,85.85979199113825,69.73680290593639,0.041644061116613285,40.93245742189787,24
Hybrid GWO-ABC,0,1053,35,21.45846728195292,40.852864372463614,0.04196217332837196,29.97147277135205,25
Hybrid GWO-ABC,0,1053,65,17.05929685368861,92.51201183767972,0.04741397218170478,53.78067565827367,17
Hybrid GWO-ABC,0,1053,91,51.885836038644904,31.5929051830793,0.041514557002993356,18.503446088871144,21
Hybrid GWO-ABC,0,1053,94,74.6789611349026,26.246051592286467,0.0419138767180881,34.2534843140716,13
Hybrid GWO-ABC,0,1054,4,12.811363267554587,45.038593789556714,0.04143347779849591,37.51813233095184,22
Hybrid GWO-ABC,0,1054,16,32.58253581381519,37.045970603486886,0.041168580943189724,21.706564359261378,24
Hybrid GWO-ABC,0,1054,52,77.87509039657947,71.68901891589957,0.041197174916069876,35.31903461522874,25
Hybrid GWO-ABC,0,1054,67,59.091549148141674,2.28038710296975,0.0413509829501127,48.577955092361506,15
Hybrid GWO-ABC,0,1054,98,59.93827915208435,87.45620408374644,0.041132358417960556,38.7522466041392,14
Hybrid GWO-ABC,0,1055,20,43.715191887233075,83.26781960578374,0.04074020090843093,33.85626432932715,16
Hybrid GWO-ABC,0,1055,44,16.127177903360177,50.10447751033635,0.04093558789942356,33.87298322174735,22
Hybrid GWO-ABC,0,1055,56,30.59566241506525,57.9219568941896,0.04077871308002017,20.959144022204473,25
Hybrid GWO-ABC,0,1055,75,82.62919241943578,89.61607718397667,0.04113410547000532,51.32346217268826,18
Hybrid GWO-ABC,0,1055,95,93.68131505337793,24.097057500568475,0.04131845591428123,50.78404980819585,19
Hybrid GWO-ABC,0,1056,8,55.45847870158348,6.381725610417533,0.04049282114266722,43.9584900839479,11
Hybrid GWO-ABC,0,1056,14,15.428949206754783,68.30489532424546,0.04061191932833396,39.11811275842336,24
Hybrid GWO-ABC,0,1056,18,12.992150533547164,47.57049262259338,0.04121844991931508,37.08751040752812,14
Hybrid GWO-ABC,0,1056,55,45.57762898336111,20.236336479523032,0.040150262783350835,30.09041428044784,21
Hybrid GWO-ABC,0,1056,92,77.2012432110988,66.16612631677611,0.04013070913940958,31.642554769160306,30
Hybrid GWO-ABC,0,1057,22,83.2259801395201,80.47643574968019,0.03991558658046761,45.086349289293416,23
Hybrid GWO-ABC,0,1057,42,2.2712073133860478,9.004786077564175,0.09052699042148618,62.91776550282162,19
Hybrid GWO-ABC,0,1057,62,4.161417386189248,49.39908192445189,0.04073493126804312,45.84252129384545,22
Hybrid GWO-ABC,0,1057,68,95.85592132414453,48.23034369429002,0.04016227624671524,45.890055610409455,19
Hybrid GWO-ABC,0,1057,86,25.596509056760276,93.60435700489633,0.04001453198352701,49.96869339923984,17
Hybrid GWO-ABC,0,1058,2,9.417734788764953,97.5622351636756,0.0699690805674869,62.52268758970457,21
Hybrid GWO-ABC,0,1058,3,76.1139701990353,78.60643052769538,0.03970639049223997,38.73328422806367,24
Hybrid GWO-ABC,0,1058,40,66.43135403273875,40.63868614400705,0.039282188433596564,18.91093843413398,13
Hybrid GWO-ABC,0,1058,48,36.18126105533904,8.7649919316101,0.04102420596137236,43.488888654699714,23
Hybrid GWO-ABC,0,1058,66,58.106113970039495,34.686980453483706,0.039406077400709685,17.32621283856514,19
Hybrid GWO-ABC,0,1059,13,46.67210037270342,4.380376578722878,0.03955091474286738,45.740845609023204,21
Hybrid GWO-ABC,0,1059,26,78.69243775021384,66.48508565920321,0.038940636845708726,33.09099625640128,23
Hybrid GWO-ABC,0,1059,38,29.35937577666836,66.1916514726895,0.03940869686522982,26.233660547888334,19
Hybrid GWO-ABC,0,1059,43,72.23593505964503,46.18772302513874,0.0392266132931493,22.560369316786645,18
Hybrid GWO-ABC,0,1059,47,30.151208914787652,63.028259311888846,0.039052641313352746,23.742578803538244,19
Hybrid GWO-ABC,0,1060,31,56.52361064811888,76.49988574160255,0.03847399435088964,27.291050551531363,26
Hybrid GWO-ABC,0,1060,36,85.34030732681661,23.393948586534073,0.03855727283206784,44.23595024151556,18
Hybrid GWO-ABC,0,1060,45,15.231210271316842,69.6320375077736,0.03857105834731876,39.92850655739597,21
Hybrid GWO-ABC,0,1060,74,43.89114603050467,2.1612079880330426,0.040887025237327436,48.22725492898028,20
Hybrid GWO-ABC,0,1060,78,28.123378383900832,65.94226346919018,0.03859268114050899,27.06921383888075,15
Hybrid GWO-ABC,0,1061,27,70.51653786263351,78.07290310219679,0.03800620957477867,34.77091046340611,14
Hybrid GWO-ABC,0,1061,37,5.830274168906602,28.138389202199654,0.038580657425355463,49.28381789866183,17
Hybrid GWO-ABC,0,1061,49,11.800590212051532,96.18976645495145,0.06353745446734753,59.93904765101437,19
Hybrid GWO-ABC,0,1061,58,75.85195298352102,71.94629559509367,0.03813089316741942,33.911109734265686,29
Hybrid GWO-ABC,0,1061,87,16.460781758201815,4.491061939232899,0.04641538322786884,56.53266846425794,21
Hybrid GWO-ABC,0,1062,32,63.47183200005908,55.35794006579958,0.037553714335751075,14.498199170466526,21
Hybrid GWO-ABC,0,1062,50,90.8580690707607,69.97071338107496,0.037526138219410844,45.47759009820221,18
Hybrid GWO-ABC,0,1062,81,23.02139908948808,3.741255617617978,0.03759738396177739,53.551062911236734,17
Hybrid GWO-ABC,0,1062,85,29.091783814011862,51.50571292317145,0.037617193696395705,20.962363308725994,27
Hybrid GWO-ABC,0,1062,88,43.509706000303794,99.2375564055837,0.04003179399233598,49.66347628786701,17
Hybrid GWO-ABC,0,1063,5,37.07980242325812,92.67649888486018,0.03794155772555415,44.589405271785346,24
Hybrid GWO-ABC,0,1063,11,97.06980243949033,89.31211213221977,0.04430506838857196,61.327061416546535,26
Hybrid GWO-ABC,0,1063,61,8.44443211398891,41.58074021706096,0.03734014160389566,42.399872141570086,25
Hybrid GWO-ABC,0,1063,87,16.460781758201815,4.491061939232899,0.04146580136734975,56.53266846425794,25
Hybrid GWO-ABC,0,1064,72,47.348940105695384,26.69756630918936,0.03675829817778045,23.45275110680658,41
Hybrid GWO-ABC,0,1064,77,10.857574113544356,67.22400930398116,0.036998164795135,42.76442447619636,33
Hybrid GWO-ABC,0,1064,83,82.97897431324131,80.82514720643019,0.03676628512857188,45.142025287436105,26
Hybrid GWO-ABC,0,1065,18,12.992150533547164,47.57049262259338,0.03631139107889272,37.08751040752812,21
Hybrid GWO-ABC,0,1065,33,55.92071607454135,30.39500980626122,0.03622035248219496,20.47951462637545,25
Hybrid GWO-ABC,0,1065,57,17.67727829392317,85.66142840923754,0.03721734179921453,48.12998872507312,19
Hybrid GWO-ABC,0,1065,89,89.1677266254914,74.86080194569492,0.03633741565639531,46.391489331474325,24
Hybrid GWO-ABC,0,1065,94,74.6789611349026,26.246051592286467,0.03635285716904126,34.2534843140716,11
Hybrid GWO-ABC,0,1066,53,44.93615021437887,27.224156184515902,0.035739446229104875,23.331987402676617,20
Hybrid GWO-ABC,0,1066,73,33.15689973425522,52.06724024715378,0.035772987065324,16.969487582168895,23
Hybrid GWO-ABC,0,1066,82,55.48524693914834,37.092228386243875,0.03575715888149018,14.024924314103254,20
Hybrid GWO-ABC,0,1066,90,89.07924908785249,89.34466396978632,0.0365426197363212,55.45439831217919,21
Hybrid GWO-ABC,0,1066,96,12.275793241148602,83.11126721249062,0.03820309839314222,50.19434023873136,16
Hybrid GWO-ABC,0,1067,59,43.20930397751037,62.73088407024432,0.035460403602455684,14.428754682225943,50
Hybrid GWO-ABC,0,1067,70,48.66583308381603,49.07069943545209,0.03544668601926186,1.6259154035523802,50
Hybrid GWO-ABC,0,1068,0,77.39560485559633,43.88784397520523,0.03492835645752561,28.069157747880652,12
Hybrid GWO-ABC,0,1068,10,75.80877400853738,35.45259681298683,0.035360700479292434,29.626335502543604,24
Hybrid GWO-ABC,0,1068,42,2.2712073133860478,9.004786077564175,0.0835614122701893,62.91776550282162,19
Hybrid GWO-ABC,0,1068,80,10.774094595589656,91.60118451376078,0.05250215708785971,57.17805704764476,22
Hybrid GWO-ABC,0,1068,98,59.93827915208435,87.45620408374644,0.035097231407362116,38.7522466041392,23
Hybrid GWO-ABC,0,1069,7,44.34141988273311,22.723872178477688,0.034493137209426455,27.856896415063034,18
Hybrid GWO-ABC,0,1069,21,70.0265102002249,31.236664138204105,0.03460183520055392,27.443102657357606,17
Hybrid GWO-ABC,0,1069,65,17.05929685368861,92.51201183767972,0.040221792308133976,53.78067565827367,22
Hybrid GWO-ABC,0,1069,71,93.78264549749828,57.17280523760754,0.034754531752485926,44.366306830028755,21
Hybrid GWO-ABC,0,1069,99,19.643466571457324,31.03236729000948,0.03441960975034792,35.795114365222126,22
Hybrid GWO-ABC,0,1070,8,55.45847870158348,6.381725610417533,0.03488862021026575,43.9584900839479,22
Hybrid GWO-ABC,0,1070,20,43.715191887233075,83.26781960578374,0.03401919320558411,33.85626432932715,17
Hybrid GWO-ABC,0,1070,28,45.891577553834,56.87411959528937,0.034061389729300624,8.008286658611938,23
Hybrid GWO-ABC,0,1070,79,72.69946142868827,76.8647491917657,0.03405579809092281,35.170730704507434,22
Hybrid GWO-ABC,0,1070,97,15.328431662449404,17.926830815773908,0.035163597000522205,47.23140726789146,16
Hybrid GWO-ABC,0,1071,6,64.38651200806646,82.276161327083,0.03373038314997465,35.33726528425946,19
Hybrid GWO-ABC,0,1071,39,55.70321523412783,78.38982091064135,0.03370016538323131,28.957012887124193,22
Hybrid GWO-ABC,0,1071,40,66.43135403273875,40.63868614400705,0.03370723572775046,18.91093843413398,17
Hybrid GWO-ABC,0,1071,46,44.61562755740307,38.10212260964825,0.03358553343999815,13.059515802526548,23
Hybrid GWO-ABC,0,1071,63,32.98612123327853,14.45241888660469,0.034077376126602894,39.40942265121521,19
Hybrid GWO-ABC,0,1072,30,66.84029617904716,47.10962061431325,0.03347597642322813,17.08654056242027,24
Hybrid GWO-ABC,0,1072,34,3.0817834567939406,43.671738923236234,0.03522213951538807,47.34306635454508,20
Hybrid GWO-ABC,0,1072,54,9.63909621534993,90.26023965438416,0.0497434599485569,57.007801670843506,19
Hybrid GWO-ABC,0,1072,67,59.091549148141674,2.28038710296975,0.033820158556998166,48.577955092361506,19
Hybrid GWO-ABC,0,1072,75,82.62919241943578,89.61607718397667,0.03354178580198113,51.32346217268826,18
Hybrid GWO-ABC,0,1073,15,74.47621559078172,96.750973243421,0.033384828535833716,52.77062278250554,24
Hybrid GWO-ABC,0,1073,29,13.979699812765745,11.453007353597345,0.03957244250631814,52.75729966232435,16
Hybrid GWO-ABC,0,1073,41,81.40203846660347,16.697291990770392,0.034061877321111274,45.772900067682514,18
Hybrid GWO-ABC,0,1073,49,11.800590212051532,96.18976645495145,0.05667528214915577,59.93904765101437,22
Hybrid GWO-ABC,0,1073,93,37.36577288737101,9.446666806151526,0.03402667882255866,42.47583463411616,20
Hybrid GWO-ABC,0,1074,4,12.811363267554587,45.038593789556714,0.0323056438643043,37.51813233095184,15
Hybrid GWO-ABC,0,1074,12,77.83834970737618,19.463870785196757,0.032451596734282905,41.321046717784526,12
Hybrid GWO-ABC,0,1074,27,70.51653786263351,78.07290310219679,0.032271103653202925,34.77091046340611,25
Hybrid GWO-ABC,0,1074,78,28.123378383900832,65.94226346919018,0.03231718138238909,27.06921383888075,24
Hybrid GWO-ABC,0,1074,91,51.885836038644904,31.5929051830793,0.03235037943415399,18.503446088871144,24
Hybrid GWO-ABC,0,1075,17,46.95558112758079,18.94713590842857,0.03194021050817987,31.201744415342365,21
Hybrid GWO-ABC,0,1075,35,21.45846728195292,40.852864372463614,0.03183132539172146,29.97147277135205,15
Hybrid GWO-ABC,0,1075,38,29.35937577666836,66.1916514726895,0.03185399908030225,26.233660547888334,24
Hybrid GWO-ABC,0,1075,43,72.23593505964503,46.18772302513874,0.031883091424371825,22.560369316786645,18
Hybrid GWO-ABC,0,1075,60,58.40979689127356,64.984660155482,0.03199914403584545,17.183268714879727,22
Hybrid GWO-ABC,0,1076,1,85.85979199113825,69.73680290593639,0.031539016480920716,40.93245742189787,24
Hybrid GWO-ABC,0,1076,19,22.69093490508841,66.98139946825104,0.03264076477857737,32.15824877474573,23
Hybrid GWO-ABC,0,1076,24,68.24955039749754,13.97524836093098,0.0315143507742537,40.38352164395039,14
Hybrid GWO-ABC,0,1076,44,16.127177903360177,50.10447751033635,0.031601905140150044,33.87298322174735,19
Hybrid GWO-ABC,0,1076,66,58.106113970039495,34.686980453483706,0.031450993194940775,17.32621283856514,20
Hybrid GWO-ABC,0,1077,16,32.58253581381519,37.045970603486886,0.03097299701895782,21.706564359261378,23
Hybrid GWO-ABC,0,1077,52,77.87509039657947,71.68901891589957,0.03097483034938842,35.31903461522874,25
Hybrid GWO-ABC,0,1077,55,45.57762898336111,20.236336479523032,0.03110272783478026,30.09041428044784,18
Hybrid GWO-ABC,0,1077,94,74.6789611349026,26.246051592286467,0.031520320983638446,34.2534843140716,14
Hybrid GWO-ABC,0,1077,96,12.275793241148602,83.11126721249062,0.03233525757275305,50.19434023873136,20
Hybrid GWO-ABC,0,1078,9,82.7631171992582,63.166439912206485,0.030750955403542855,35.30972937554283,28
Hybrid GWO-ABC,0,1078,47,30.151208914787652,63.028259311888846,0.030834050366982967,23.742578803538244,23
Hybrid GWO-ABC,0,1078,64,10.340296772255165,58.7644572177712,0.03134390108022154,40.616594766609076,23
Hybrid GWO-ABC,0,1078,69,78.27352272502863,8.272999992243857,0.03243011927495864,50.40371630078472,26
Hybrid GWO-ABC,0,1079,0,77.39560485559633,43.88784397520523,0.03009138952487868,28.069157747880652,20
Hybrid GWO-ABC,0,1079,22,83.2259801395201,80.47643574968019,0.030279681491278493,45.086349289293416,21
Hybrid GWO-ABC,0,1079,48,36.18126105533904,8.7649919316101,0.031441289311058405,43.488888654699714,20
Hybrid GWO-ABC,0,1079,56,30.59566241506525,57.9219568941896,0.030155392540406098,20.959144022204473,19
Hybrid GWO-ABC,0,1079,76,14.024908899861078,55.40361435390494,0.03169330045264824,36.37865071369501,20
Hybrid GWO-ABC,0,1080,29,13.979699812765745,11.453007353597345,0.034449068937371916,52.75729966232435,20
Hybrid GWO-ABC,0,1080,36,85.34030732681661,23.393948586534073,0.029980947721239264,44.23595024151556,19
Hybrid GWO-ABC,0,1080,50,90.8580690707607,69.97071338107496,0.02973196133434024,45.47759009820221,22
Hybrid GWO-ABC,0,1080,62,4.161417386189248,49.39908192445189,0.030755422435848653,45.84252129384545,20
Hybrid GWO-ABC,0,1080,84,31.713889282271534,95.28993950697449,0.035509360507523256,48.842199640540684,19
Hybrid GWO-ABC,0,1081,3,76.1139701990353,78.60643052769538,0.029709162100353945,38.73328422806367,24
Hybrid GWO-ABC,0,1081,14,15.428949206754783,68.30489532424546,0.030007292468801506,39.11811275842336,23
Hybrid GWO-ABC,0,1081,42,2.2712073133860478,9.004786077564175,0.07628034130379259,62.91776550282162,21
Hybrid GWO-ABC,0,1081,45,15.231210271316842,69.6320375077736,0.029494616926364903,39.92850655739597,13
Hybrid GWO-ABC,0,1081,68,95.85592132414453,48.23034369429002,0.030478824760263274,45.890055610409455,19
Hybrid GWO-ABC,0,1082,13,46.67210037270342,4.380376578722878,0.029846147865069804,45.740845609023204,20
Hybrid GWO-ABC,0,1082,86,25.596509056760276,93.60435700489633,0.03086068714158433,49.96869339923984,21
Hybrid GWO-ABC,0,1082,88,43.509706000303794,99.2375564055837,0.03160225765742792,49.66347628786701,19
Hybrid GWO-ABC,0,1082,95,93.68131505337793,24.097057500568475,0.030659390506896096,50.78404980819585,21
Hybrid GWO-ABC,0,1082,97,15.328431662449404,17.926830815773908,0.02908678795159319,47.23140726789146,19
Hybrid GWO-ABC,0,1083,26,78.69243775021384,66.48508565920321,0.028835020706817784,33.09099625640128,21
Hybrid GWO-ABC,0,1083,32,63.47183200005908,55.35794006579958,0.02837476263230056,14.498199170466526,22
Hybrid GWO-ABC,0,1083,34,3.0817834567939406,43.671738923236234,0.02853774051147523,47.34306635454508,17
Hybrid GWO-ABC,0,1083,74,43.89114603050467,2.1612079880330426,0.03136632625909858,48.22725492898028,21
Hybrid GWO-ABC,0,1083,80,10.774094595589656,91.60118451376078,0.04434083397562686,57.17805704764476,19
Hybrid GWO-ABC,0,1084,5,37.07980242325812,92.67649888486018,0.02803903014441116,44.589405271785346,26
Hybrid GWO-ABC,0,1084,11,97.06980243949033,89.31211213221977,0.03366117761417094,61.327061416546535,19
Hybrid GWO-ABC,0,1084,23,38.74783790301745,28.83281039302441,0.028002350916172248,23.97208934812371,33
Hybrid GWO-ABC,0,1084,37,5.830274168906602,28.138389202199654,0.029783384849928592,49.28381789866183,13
Hybrid GWO-ABC,0,1084,81,23.02139908948808,3.741255617617978,0.02875281590015296,53.551062911236734,9
Hybrid GWO-ABC,0,1085,12,77.83834970737618,19.463870785196757,0.027494910531663128,41.321046717784526,10
Hybrid GWO-ABC,0,1085,18,12.992150533547164,47.57049262259338,0.02745017081253649,37.08751040752812,24
Hybrid GWO-ABC,0,1085,21,70.0265102002249,31.236664138204105,0.027573953076943592,27.443102657357606,21
Hybrid GWO-ABC,0,1085,57,17.67727829392317,85.66142840923754,0.028826106551195878,48.12998872507312,19
Hybrid GWO-ABC,0,1085,92,77.2012432110988,66.16612631677611,0.027432732700037266,31.642554769160306,26
Hybrid GWO-ABC,0,1086,31,56.52361064811888,76.49988574160255,0.027110162545046817,27.291050551531363,28
Hybrid GWO-ABC,0,1086,42,2.2712073133860478,9.004786077564175,0.07056465298661542,62.91776550282162,10
Hybrid GWO-ABC,0,1086,53,44.93615021437887,27.224156184515902,0.027081741435527225,23.331987402676617,21
Hybrid GWO-ABC,0,1086,65,17.05929685368861,92.51201183767972,0.031714515180821724,53.78067565827367,19
Hybrid GWO-ABC,0,1086,82,55.48524693914834,37.092228386243875,0.027133884519169753,14.024924314103254,22
Hybrid GWO-ABC,0,1087,7,44.34141988273311,22.723872178477688,0.026775680210000884,27.856896415063034,21
Hybrid GWO-ABC,0,1087,20,43.715191887233075,83.26781960578374,0.026618461332953244,33.85626432932715,23
Hybrid GWO-ABC,0,1087,40,66.43135403273875,40.63868614400705,0.026695267620196892,18.91093843413398,19
Hybrid GWO-ABC,0,1087,61,8.44443211398891,41.58074021706096,0.026703667587710957,42.399872141570086,20
Hybrid GWO-ABC,0,1087,90,89.07924908785249,89.34466396978632,0.027190593030129526,55.45439831217919,17
Hybrid GWO-ABC,0,1088,4,12.811363267554587,45.038593789556714,0.026185809587929865,37.51813233095184,22
Hybrid GWO-ABC,0,1088,54,9.63909621534993,90.26023965438416,0.042101818193281654,57.007801670843506,15
Hybrid GWO-ABC,0,1088,63,32.98612123327853,14.45241888660469,0.02626643943727041,39.40942265121521,19
Hybrid GWO-ABC,0,1088,75,82.62919241943578,89.61607718397667,0.02617251465884338,51.32346217268826,23
Hybrid GWO-ABC,0,1088,94,74.6789611349026,26.246051592286467,0.02618729121502478,34.2534843140716,21
Hybrid GWO-ABC,0,1089,10,75.80877400853738,35.45259681298683,0.025745020821419162,29.626335502543604,22
Hybrid GWO-ABC,0,1089,35,21.45846728195292,40.852864372463614,0.025713132569321184,29.97147277135205,24
Hybrid GWO-ABC,0,1089,58,75.85195298352102,71.94629559509367,0.0259007004688722,33.911109734265686,25
Hybrid GWO-ABC,0,1089,73,33.15689973425522,52.06724024715378,0.025741639889402722,16.969487582168895,14
Hybrid GWO-ABC,0,1089,85,29.091783814011862,51.50571292317145,0.025894466338643618,20.962363308725994,15
Hybrid GWO-ABC,0,1090,2,9.417734788764953,97.5622351636756,0.057954509614945256,62.52268758970457,19
Hybrid GWO-ABC,0,1090,6,64.38651200806646,82.276161327083,0.02559371566659206,35.33726528425946,19
Hybrid GWO-ABC,0,1090,41,81.40203846660347,16.697291990770392,0.026433837091355543,45.772900067682514,27
Hybrid GWO-ABC,0,1090,42,2.2712073133860478,9.004786077564175,0.06746811377121888,62.91776550282162,20
Hybrid GWO-ABC,0,1090,89,89.1677266254914,74.86080194569492,0.02566172369180492,46.391489331474325,15
Hybrid GWO-ABC,0,1091,71,93.78264549749828,57.17280523760754,0.025246955585604882,44.366306830028755,16
Hybrid GWO-ABC,0,1091,79,72.69946142868827,76.8647491917657,0.02494026170658476,35.170730704507434,22
Hybrid GWO-ABC,0,1091,84,31.713889282271534,95.28993950697449,0.02902818182243399,48.842199640540684,20
Hybrid GWO-ABC,0,1091,93,37.36577288737101,9.446666806151526,0.02573040506353071,42.47583463411616,21
Hybrid GWO-ABC,0,1091,99,19.643466571457324,31.03236729000948,0.024997938700525905,35.795114365222126,21
Hybrid GWO-ABC,0,1092,33,55.92071607454135,30.39500980626122,0.02500292728035537,20.47951462637545,19
Hybrid GWO-ABC,0,1092,39,55.70321523412783,78.38982091064135,0.024403222567144944,28.957012887124193,24
Hybrid GWO-ABC,0,1092,43,72.23593505964503,46.18772302513874,0.024395617775133733,22.560369316786645,16
Hybrid GWO-ABC,0,1092,74,43.89114603050467,2.1612079880330426,0.024776235816316678,48.22725492898028,13
Hybrid GWO-ABC,0,1092,76,14.024908899861078,55.40361435390494,0.024551484614234835,36.37865071369501,28
Hybrid GWO-ABC,0,1093,19,22.69093490508841,66.98139946825104,0.02400132516356847,32.15824877474573,18
Hybrid GWO-ABC,0,1093,24,68.24955039749754,13.97524836093098,0.024778898518308255,40.38352164395039,19
Hybrid GWO-ABC,0,1093,45,15.231210271316842,69.6320375077736,0.02410120549054206,39.92850655739597,17
Hybrid GWO-ABC,0,1093,48,36.18126105533904,8.7649919316101,0.02408747956239122,43.488888654699714,21
Hybrid GWO-ABC,0,1093,83,82.97897431324131,80.82514720643019,0.024939227309172002,45.142025287436105,25
Hybrid GWO-ABC,0,1094,28,45.891577553834,56.87411959528937,0.023672120817635995,8.008286658611938,18
Hybrid GWO-ABC,0,1094,46,44.61562755740307,38.10212260964825,0.02353165296656264,13.059515802526548,19
Hybrid GWO-ABC,0,1094,51,26.586996145951957,96.91763773477238,0.03512369671230419,52.4350405748008,15
Hybrid GWO-ABC,0,1094,55,45.57762898336111,20.236336479523032,0.023542661758512634,30.09041428044784,25
Hybrid GWO-ABC,0,1094,98,59.93827915208435,87.45620408374644,0.024453554319859974,38.7522466041392,23
Hybrid GWO-ABC,0,1095,15,74.47621559078172,96.750973243421,0.023267357307600996,52.77062278250554,20
Hybrid GWO-ABC,0,1095,17,46.95558112758079,18.94713590842857,0.02310112249186934,31.201744415342365,21
Hybrid GWO-ABC,0,1095,30,66.84029617904716,47.10962061431325,0.023301621990784057,17.08654056242027,25
Hybrid GWO-ABC,0,1095,42,2.2712073133860478,9.004786077564175,0.061881063694024595,62.91776550282162,14
Hybrid GWO-ABC,0,1095,49,11.800590212051532,96.18976645495145,0.04687933853713798,59.93904765101437,20
Hybrid GWO-ABC,0,1096,44,16.127177903360177,50.10447751033635,0.02317694892130821,33.87298322174735,34
Hybrid GWO-ABC,0,1096,60,58.40979689127356,64.984660155482,0.02267391149137697,17.183268714879727,32
Hybrid GWO-ABC,0,1096,66,58.106113970039495,34.686980453483706,0.02283325515543445,17.32621283856514,34
Hybrid GWO-ABC,0,1097,12,77.83834970737618,19.463870785196757,0.02275978013077406,41.321046717784526,19
Hybrid GWO-ABC,0,1097,68,95.85592132414453,48.23034369429002,0.022598615479302694,45.890055610409455,22
Hybrid GWO-ABC,0,1097,77,10.857574113544356,67.22400930398116,0.022482056572171095,42.76442447619636,22
Hybrid GWO-ABC,0,1097,81,23.02139908948808,3.741255617617978,0.02387213695364771,53.551062911236734,19
Hybrid GWO-ABC,0,1097,84,31.713889282271534,95.28993950697449,0.023380709245572933,48.842199640540684,18
Hybrid GWO-ABC,0,1098,8,55.45847870158348,6.381725610417533,0.02396379888491734,43.9584900839479,18
Hybrid GWO-ABC,0,1098,27,70.51653786263351,78.07290310219679,0.02180117144538508,34.77091046340611,26
Hybrid GWO-ABC,0,1098,56,30.59566241506525,57.9219568941896,0.021861377636731624,20.959144022204473,15
Hybrid GWO-ABC,0,1098,78,28.123378383900832,65.94226346919018,0.021936267512289474,27.06921383888075,20
Hybrid GWO-ABC,0,1098,91,51.885836038644904,31.5929051830793,0.021951301262479198,18.503446088871144,21
Hybrid GWO-ABC,0,1099,0,77.39560485559633,43.88784397520523,0.021465159544058296,28.069157747880652,22
Hybrid GWO-ABC,0,1099,2,9.417734788764953,97.5622351636756,0.05171547530528621,62.52268758970457,20
Hybrid GWO-ABC,0,1099,13,46.67210037270342,4.380376578722878,0.021822123430466207,45.740845609023204,18
Hybrid GWO-ABC,0,1099,22,83.2259801395201,80.47643574968019,0.02145678666649604,45.086349289293416,21
Hybrid GWO-ABC,0,1099,37,5.830274168906602,28.138389202199654,0.02365093083202246,49.28381789866183,19
Hybrid GWO-ABC,0,1100,1,85.85979199113825,69.73680290593639,0.021200156454852532,40.93245742189787,24
Hybrid GWO-ABC,0,1100,29,13.979699812765745,11.453007353597345,0.025658712719305178,52.75729966232435,19
Hybrid GWO-ABC,0,1100,36,85.34030732681661,23.393948586534073,0.021358338692251382,44.23595024151556,18
Hybrid GWO-ABC,0,1100,38,29.35937577666836,66.1916514726895,0.021209495540778795,26.233660547888334,21
Hybrid GWO-ABC,0,1100,47,30.151208914787652,63.028259311888846,0.020992878056795696,23.742578803538244,18
Hybrid GWO-ABC,0,1101,16,32.58253581381519,37.045970603486886,0.020725105396094946,21.706564359261378,22
Hybrid GWO-ABC,0,1101,26,78.69243775021384,66.48508565920321,0.02051117206386045,33.09099625640128,20
Hybrid GWO-ABC,0,1101,52,77.87509039657947,71.68901891589957,0.020505739941735438,35.31903461522874,18
Hybrid GWO-ABC,0,1101,64,10.340296772255165,58.7644572177712,0.021326593009541147,40.616594766609076,27
Hybrid GWO-ABC,0,1101,97,15.328431662449404,17.926830815773908,0.02082205716089148,47.23140726789146,13
Hybrid GWO-ABC,0,1102,3,76.1139701990353,78.60643052769538,0.020102764240111686,38.73328422806367,24
Hybrid GWO-ABC,0,1102,42,2.2712073133860478,9.004786077564175,0.057204831791314144,62.91776550282162,19
Hybrid GWO-ABC,0,1102,50,90.8580690707607,69.97071338107496,0.02015290366220427,45.47759009820221,19
Hybrid GWO-ABC,0,1102,57,17.67727829392317,85.66142840923754,0.02104490262750397,48.12998872507312,20
Hybrid GWO-ABC,0,1102,62,4.161417386189248,49.39908192445189,0.02153747885739193,45.84252129384545,18
Hybrid GWO-ABC,0,1103,67,59.091549148141674,2.28038710296975,0.02257264615613879,48.577955092361506,24
Hybrid GWO-ABC,0,1103,73,33.15689973425522,52.06724024715378,0.01972409999898542,16.969487582168895,17
Hybrid GWO-ABC,0,1103,85,29.091783814011862,51.50571292317145,0.019665883700515276,20.962363308725994,21
Hybrid GWO-ABC,0,1103,88,43.509706000303794,99.2375564055837,0.02259581853711917,49.66347628786701,16
Hybrid GWO-ABC,0,1103,89,89.1677266254914,74.86080194569492,0.019652035793734573,46.391489331474325,22
Hybrid GWO-ABC,0,1104,11,97.06980243949033,89.31211213221977,0.024907511691678236,61.327061416546535,19
Hybrid GWO-ABC,0,1104,14,15.428949206754783,68.30489532424546,0.020033848801906576,39.11811275842336,26
Hybrid GWO-ABC,0,1104,42,2.2712073133860478,9.004786077564175,0.05256545909841696,62.91776550282162,18
Hybrid GWO-ABC,0,1104,51,26.586996145951957,96.91763773477238,0.029645448202878785,52.4350405748008,15
Hybrid GWO-ABC,0,1104,95,93.68131505337793,24.097057500568475,0.020728458800577363,50.78404980819585,22
Hybrid GWO-ABC,0,1105,9,82.7631171992582,63.166439912206485,0.01888903558212067,35.30972937554283,24
Hybrid GWO-ABC,0,1105,34,3.0817834567939406,43.671738923236234,0.02000133969972443,47.34306635454508,17
Hybrid GWO-ABC,0,1105,40,66.43135403273875,40.63868614400705,0.018708817532055028,18.91093843413398,18
Hybrid GWO-ABC,0,1105,72,47.348940105695384,26.69756630918936,0.018801165053167493,23.45275110680658,22
Hybrid GWO-ABC,0,1105,80,10.774094595589656,91.60118451376078,0.03529843644980827,57.17805704764476,19
Hybrid GWO-ABC,0,1106,2,9.417734788764953,97.5622351636756,0.04577529614269254,62.52268758970457,19
Hybrid GWO-ABC,0,1106,21,70.0265102002249,31.236664138204105,0.018540095064245532,27.443102657357606,26
Hybrid GWO-ABC,0,1106,32,63.47183200005908,55.35794006579958,0.018589708674893395,14.498199170466526,22
Hybrid GWO-ABC,0,1106,42,2.2712073133860478,9.004786077564175,0.0481990151036507,62.91776550282162,18
Hybrid GWO-ABC,0,1106,90,89.07924908785249,89.34466396978632,0.01934410528060603,55.45439831217919,15
Hybrid GWO-ABC,0,1107,6,64.38651200806646,82.276161327083,0.017880072977909275,35.33726528425946,28
Hybrid GWO-ABC,0,1107,7,44.34141988273311,22.723872178477688,0.017864897436789345,27.856896415063034,17
Hybrid GWO-ABC,0,1107,53,44.93615021437887,27.224156184515902,0.01793721979223747,23.331987402676617,20
Hybrid GWO-ABC,0,1107,54,9.63909621534993,90.26023965438416,0.03461884272622148,57.007801670843506,17
Hybrid GWO-ABC,0,1107,61,8.44443211398891,41.58074021706096,0.018012482497288766,42.399872141570086,18
Hybrid GWO-ABC,0,1108,29,13.979699812765745,11.453007353597345,0.019791351322716918,52.75729966232435,18
Hybrid GWO-ABC,0,1108,33,55.92071607454135,30.39500980626122,0.01744521681609744,20.47951462637545,19
Hybrid GWO-ABC,0,1108,49,11.800590212051532,96.18976645495145,0.039624086128182495,59.93904765101437,21
Hybrid GWO-ABC,0,1108,71,93.78264549749828,57.17280523760754,0.017983042632777144,44.366306830028755,23
Hybrid GWO-ABC,0,1108,82,55.48524693914834,37.092228386243875,0.017590511851213433,14.024924314103254,19
Hybrid GWO-ABC,0,1109,11,97.06980243949033,89.31211213221977,0.01965252855533983,61.327061416546535,22
Hybrid GWO-ABC,0,1109,18,12.992150533547164,47.57049262259338,0.01701324445152977,37.08751040752812,18
Hybrid GWO-ABC,0,1109,63,32.98612123327853,14.45241888660469,0.017622423313000964,39.40942265121521,19
Hybrid GWO-ABC,0,1109,94,74.6789611349026,26.246051592286467,0.017062627012551804,34.2534843140716,22
Hybrid GWO-ABC,0,1109,96,12.275793241148602,83.11126721249062,0.021105836050829663,50.19434023873136,19
Hybrid GWO-ABC,0,1110,4,12.811363267554587,45.038593789556714,0.016661837579191277,37.51813233095184,29
Hybrid GWO-ABC,0,1110,24,68.24955039749754,13.97524836093098,0.01687656973839759,40.38352164395039,21
Hybrid GWO-ABC,0,1110,43,72.23593505964503,46.18772302513874,0.017069015132065102,22.560369316786645,31
Hybrid GWO-ABC,0,1110,88,43.509706000303794,99.2375564055837,0.017554733491133234,49.66347628786701,19
Hybrid GWO-ABC,0,1111,10,75.80877400853738,35.45259681298683,0.016248883511263926,29.626335502543604,20
Hybrid GWO-ABC,0,1111,19,22.69093490508841,66.98139946825104,0.01625245781686873,32.15824877474573,20
Hybrid GWO-ABC,0,1111,45,15.231210271316842,69.6320375077736,0.01660057098926351,39.92850655739597,17
Hybrid GWO-ABC,0,1111,74,43.89114603050467,2.1612079880330426,0.017705966183097038,48.22725492898028,19
Hybrid GWO-ABC,0,1111,92,77.2012432110988,66.16612631677611,0.016296652139483954,31.642554769160306,24
Hybrid GWO-ABC,0,1112,8,55.45847870158348,6.381725610417533,0.016903033477141838,43.9584900839479,22
Hybrid GWO-ABC,0,1112,20,43.715191887233075,83.26781960578374,0.016026063923315202,33.85626432932715,18
Hybrid GWO-ABC,0,1112,28,45.891577553834,56.87411959528937,0.015831526636920043,8.008286658611938,18
Hybrid GWO-ABC,0,1112,58,75.85195298352102,71.94629559509367,0.015662603738626386,33.911109734265686,22
Hybrid GWO-ABC,0,1112,99,19.643466571457324,31.03236729000948,0.015876941952700195,35.795114365222126,20
Hybrid GWO-ABC,0,1113,2,9.417734788764953,97.5622351636756,0.0400934312320483,62.52268758970457,12
Hybrid GWO-ABC,0,1113,46,44.61562755740307,38.10212260964825,0.015267361875211483,13.059515802526548,22
Hybrid GWO-ABC,0,1113,56,30.59566241506525,57.9219568941896,0.015414797082701546,20.959144022204473,22
Hybrid GWO-ABC,0,1113,79,72.69946142868827,76.8647491917657,0.015541313522244794,35.170730704507434,25
Hybrid GWO-ABC,0,1113,93,37.36577288737101,9.446666806151526,0.016431454028607087,42.47583463411616,19
Hybrid GWO-ABC,0,1114,12,77.83834970737618,19.463870785196757,0.014820946379968511,41.321046717784526,17
Hybrid GWO-ABC,0,1114,35,21.45846728195292,40.852864372463614,0.015115784455562416,29.97147277135205,20
Hybrid GWO-ABC,0,1114,48,36.18126105533904,8.7649919316101,0.014986982715100666,43.488888654699714,20
Hybrid GWO-ABC,0,1114,83,82.97897431324131,80.82514720643019,0.015065134245878353,45.142025287436105,24
Hybrid GWO-ABC,0,1114,96,12.275793241148602,83.11126721249062,0.01591979726309508,50.19434023873136,19
Hybrid GWO-ABC,0,1115,25,19.990820247510833,0.7362269751005512,0.02878724855653402,57.684228365004735,24
Hybrid GWO-ABC,0,1115,37,5.830274168906602,28.138389202199654,0.016051808461524646,49.28381789866183,19
Hybrid GWO-ABC,0,1115,54,9.63909621534993,90.26023965438416,0.02922468720572441,57.007801670843506,18
Hybrid GWO-ABC,0,1115,75,82.62919241943578,89.61607718397667,0.015299752506248284,51.32346217268826,21
Hybrid GWO-ABC,0,1115,98,59.93827915208435,87.45620408374644,0.014785229170618369,38.7522466041392,18
Hybrid GWO-ABC,0,1116,17,46.95558112758079,18.94713590842857,0.01398145553028532,31.201744415342365,25
Hybrid GWO-ABC,0,1116,41,81.40203846660347,16.697291990770392,0.014419214304846512,45.772900067682514,22
Hybrid GWO-ABC,0,1116,42,2.2712073133860478,9.004786077564175,0.041922605484969136,62.91776550282162,13
Hybrid GWO-ABC,0,1116,51,26.586996145951957,96.91763773477238,0.023868001018389744,52.4350405748008,24
Hybrid GWO-ABC,0,1116,80,10.774094595589656,91.60118451376078,0.02886611518787386,57.17805704764476,16
Hybrid GWO-ABC,0,1117,13,46.67210037270342,4.380376578722878,0.013921725248449944,45.740845609023204,16
Hybrid GWO-ABC,0,1117,23,38.74783790301745,28.83281039302441,0.013623879458003677,23.97208934812371,23
Hybrid GWO-ABC,0,1117,31,56.52361064811888,76.49988574160255,0.014207609481840624,27.291050551531363,26
Hybrid GWO-ABC,0,1117,34,3.0817834567939406,43.671738923236234,0.013707086734410198,47.34306635454508,17
Hybrid GWO-ABC,0,1117,39,55.70321523412783,78.38982091064135,0.013649066564966231,28.957012887124193,18
Hybrid GWO-ABC,0,1118,36,85.34030732681661,23.393948586534073,0.01316022780030136,44.23595024151556,17
Hybrid GWO-ABC,0,1118,47,30.151208914787652,63.028259311888846,0.013159003325448093,23.742578803538244,20
Hybrid GWO-ABC,0,1118,59,43.20930397751037,62.73088407024432,0.013040500343278793,14.428754682225943,21
Hybrid GWO-ABC,0,1118,62,4.161417386189248,49.39908192445189,0.01413553167806857,45.84252129384545,18
Hybrid GWO-ABC,0,1118,70,48.66583308381603,49.07069943545209,0.013047725009076905,1.6259154035523802,24
Hybrid GWO-ABC,0,1119,2,9.417734788764953,97.5622351636756,0.03611946215132139,62.52268758970457,21
Hybrid GWO-ABC,0,1119,30,66.84029617904716,47.10962061431325,0.012605261100442166,17.08654056242027,14
Hybrid GWO-ABC,0,1119,52,77.87509039657947,71.68901891589957,0.0127414437747717,35.31903461522874,23
Hybrid GWO-ABC,0,1119,55,45.57762898336111,20.236336479523032,0.012712186135045316,30.09041428044784,26
Hybrid GWO-ABC,0,1119,91,51.885836038644904,31.5929051830793,0.012763303307089002,18.503446088871144,16
Hybrid GWO-ABC,0,1120,15,74.47621559078172,96.750973243421,0.013143914153953868,52.77062278250554,17
Hybrid GWO-ABC,0,1120,68,95.85592132414453,48.23034369429002,0.01243265644350955,45.890055610409455,20
Hybrid GWO-ABC,0,1120,73,33.15689973425522,52.06724024715378,0.012389218046883749,16.969487582168895,21
Hybrid GWO-ABC,0,1120,78,28.123378383900832,65.94226346919018,0.012768991472640549,27.06921383888075,22
Hybrid GWO-ABC,0,1120,97,15.328431662449404,17.926830815773908,0.013869842887636565,47.23140726789146,20
Hybrid GWO-ABC,0,1121,0,77.39560485559633,43.88784397520523,0.011834068245324002,28.069157747880652,18
Hybrid GWO-ABC,0,1121,22,83.2259801395201,80.47643574968019,0.01212518840706416,45.086349289293416,21
Hybrid GWO-ABC,0,1121,38,29.35937577666836,66.1916514726895,0.01206985635519359,26.233660547888334,20
Hybrid GWO-ABC,0,1121,67,59.091549148141674,2.28038710296975,0.013274065983529417,48.577955092361506,22
Hybrid GWO-ABC,0,1121,77,10.857574113544356,67.22400930398116,0.01250261712647376,42.76442447619636,19
Hybrid GWO-ABC,0,1122,5,37.07980242325812,92.67649888486018,0.013911883555080797,44.589405271785346,15
Hybrid GWO-ABC,0,1122,16,32.58253581381519,37.045970603486886,0.01144232423308067,21.706564359261378,29
Hybrid GWO-ABC,0,1122,26,78.69243775021384,66.48508565920321,0.011676598410778893,33.09099625640128,27
Hybrid GWO-ABC,0,1122,69,78.27352272502863,8.272999992243857,0.016292032355223914,50.40371630078472,13
Hybrid GWO-ABC,0,1122,76,14.024908899861078,55.40361435390494,0.01192549471473009,36.37865071369501,16
Hybrid GWO-ABC,0,1123,1,85.85979199113825,69.73680290593639,0.011033682602596902,40.93245742189787,23
Hybrid GWO-ABC,0,1123,7,44.34141988273311,22.723872178477688,0.010851103861842076,27.856896415063034,25
Hybrid GWO-ABC,0,1123,40,66.43135403273875,40.63868614400705,0.010961914031935117,18.91093843413398,19
Hybrid GWO-ABC,0,1123,42,2.2712073133860478,9.004786077564175,0.03730152895595276,62.91776550282162,11
Hybrid GWO-ABC,0,1123,49,11.800590212051532,96.18976645495145,0.031672766262592446,59.93904765101437,22
Hybrid GWO-ABC,0,1124,27,70.51653786263351,78.07290310219679,0.010603407676469986,34.77091046340611,23
Hybrid GWO-ABC,0,1124,50,90.8580690707607,69.97071338107496,0.011206494795737685,45.47759009820221,18
Hybrid GWO-ABC,0,1124,61,8.44443211398891,41.58074021706096,0.010426619008780134,42.399872141570086,20
Hybrid GWO-ABC,0,1124,86,25.596509056760276,93.60435700489633,0.017185770149748942,49.96869339923984,18
Hybrid GWO-ABC,0,1124,87,16.460781758201815,4.491061939232899,0.02177272432052264,56.53266846425794,21
Hybrid GWO-ABC,0,1125,5,37.07980242325812,92.67649888486018,0.010100990609930327,44.589405271785346,18
Hybrid GWO-ABC,0,1125,42,2.2712073133860478,9.004786077564175,0.03451431443817716,62.91776550282162,19
Hybrid GWO-ABC,0,1125,69,78.27352272502863,8.272999992243857,0.012729495266519519,50.40371630078472,24
Hybrid GWO-ABC,0,1125,80,10.774094595589656,91.60118451376078,0.023378740859933245,57.17805704764476,14
Hybrid GWO-ABC,0,1125,89,89.1677266254914,74.86080194569492,0.010047124258465507,46.391489331474325,25
Hybrid GWO-ABC,0,1126,3,76.1139701990353,78.60643052769538,0.00977200442668599,38.73328422806367,24
Hybrid GWO-ABC,0,1126,53,44.93615021437887,27.224156184515902,0.009535844618193219,23.331987402676617,20
Hybrid GWO-ABC,0,1126,57,17.67727829392317,85.66142840923754,0.011637420649362242,48.12998872507312,16
Hybrid GWO-ABC,0,1126,82,55.48524693914834,37.092228386243875,0.00954790155689015,14.024924314103254,19
Hybrid GWO-ABC,0,1126,85,29.091783814011862,51.50571292317145,0.010102582985612727,20.962363308725994,21
Hybrid GWO-ABC,0,1127,11,97.06980243949033,89.31211213221977,0.010464168325706326,61.327061416546535,19
Hybrid GWO-ABC,0,1127,25,19.990820247510833,0.7362269751005512,0.02076608138560983,57.684228365004735,20
Hybrid GWO-ABC,0,1127,51,26.586996145951957,96.91763773477238,0.01626784696989835,52.4350405748008,17
Hybrid GWO-ABC,0,1127,64,10.340296772255165,58.7644572177712,0.00976406995045598,40.616594766609076,25
Hybrid GWO-ABC,0,1127,95,93.68131505337793,24.097057500568475,0.010311861694452685,50.78404980819585,19
Hybrid GWO-ABC,0,1128,9,82.7631171992582,63.166439912206485,0.008728505554694795,35.30972937554283,21
Hybrid GWO-ABC,0,1128,14,15.428949206754783,68.30489532424546,0.009213126012366277,39.11811275842336,20
Hybrid GWO-ABC,0,1128,32,63.47183200005908,55.35794006579958,0.008995112556429895,14.498199170466526,22
Hybrid GWO-ABC,0,1128,44,16.127177903360177,50.10447751033635,0.008817798079797655,33.87298322174735,15
Hybrid GWO-ABC,0,1128,63,32.98612123327853,14.45241888660469,0.009445422540015765,39.40942265121521,22
Hybrid GWO-ABC,0,1129,28,45.891577553834,56.87411959528937,0.008235318589083097,8.008286658611938,33
Hybrid GWO-ABC,0,1129,33,55.92071607454135,30.39500980626122,0.008708638438680763,20.47951462637545,37
Hybrid GWO-ABC,0,1129,60,58.40979689127356,64.984660155482,0.008301164345112301,17.183268714879727,30
Hybrid GWO-ABC,0,1130,18,12.992150533547164,47.57049262259338,0.008556065067180261,37.08751040752812,22
Hybrid GWO-ABC,0,1130,20,43.715191887233075,83.26781960578374,0.008215484728309594,33.85626432932715,23
Hybrid GWO-ABC,0,1130,66,58.106113970039495,34.686980453483706,0.007899620576525025,17.32621283856514,17
Hybrid GWO-ABC,0,1130,71,93.78264549749828,57.17280523760754,0.008032515122488112,44.366306830028755,19
Hybrid GWO-ABC,0,1130,72,47.348940105695384,26.69756630918936,0.008662705558074834,23.45275110680658,19
Hybrid GWO-ABC,0,1131,21,70.0265102002249,31.236664138204105,0.007419140352894601,27.443102657357606,22
Hybrid GWO-ABC,0,1131,49,11.800590212051532,96.18976645495145,0.02507834530520025,59.93904765101437,19
Hybrid GWO-ABC,0,1131,90,89.07924908785249,89.34466396978632,0.010330948207035269,55.45439831217919,22
Hybrid GWO-ABC,0,1131,93,37.36577288737101,9.446666806151526,0.008446673087491504,42.47583463411616,15
Hybrid GWO-ABC,0,1131,99,19.643466571457324,31.03236729000948,0.007413806560457394,35.795114365222126,22
Hybrid GWO-ABC,0,1132,8,55.45847870158348,6.381725610417533,0.007692885751975849,43.9584900839479,16
Hybrid GWO-ABC,0,1132,10,75.80877400853738,35.45259681298683,0.0072710414894637644,29.626335502543604,19
Hybrid GWO-ABC,0,1132,19,22.69093490508841,66.98139946825104,0.0074077123790902595,32.15824877474573,21
Hybrid GWO-ABC,0,1132,35,21.45846728195292,40.852864372463614,0.006937017597271193,29.97147277135205,19
Hybrid GWO-ABC,0,1132,98,59.93827915208435,87.45620408374644,0.007158638607850339,38.7522466041392,25
Hybrid GWO-ABC,0,1133,30,66.84029617904716,47.10962061431325,0.006656700440428779,17.08654056242027,20
Hybrid GWO-ABC,0,1133,45,15.231210271316842,69.6320375077736,0.008216269330145425,39.92850655739597,22
Hybrid GWO-ABC,0,1133,62,4.161417386189248,49.39908192445189,0.006860890785907748,45.84252129384545,18
Hybrid GWO-ABC,0,1133,75,82.62919241943578,89.61607718397667,0.006679707886774498,51.32346217268826,19
Hybrid GWO-ABC,0,1133,94,74.6789611349026,26.246051592286467,0.00698190451179624,34.2534843140716,20
Hybrid GWO-ABC,0,1134,12,77.83834970737618,19.463870785196757,0.006595797030270449,41.321046717784526,19
Hybrid GWO-ABC,0,1134,15,74.47621559078172,96.750973243421,0.00635784717784596,52.77062278250554,22
Hybrid GWO-ABC,0,1134,34,3.0817834567939406,43.671738923236234,0.006250374052690666,47.34306635454508,16
Hybrid GWO-ABC,0,1134,48,36.18126105533904,8.7649919316101,0.006285326791266428,43.488888654699714,22
Hybrid GWO-ABC,0,1134,65,17.05929685368861,92.51201183767972,0.017083102749078854,53.78067565827367,20
Hybrid GWO-ABC,0,1135,24,68.24955039749754,13.97524836093098,0.00673794597119327,40.38352164395039,14
Hybrid GWO-ABC,0,1135,56,30.59566241506525,57.9219568941896,0.005837331975253081,20.959144022204473,19
Hybrid GWO-ABC,0,1135,84,31.713889282271534,95.28993950697449,0.011122846347665387,48.842199640540684,26
Hybrid GWO-ABC,0,1135,91,51.885836038644904,31.5929051830793,0.0058278109930699285,18.503446088871144,26
Hybrid GWO-ABC,0,1135,97,15.328431662449404,17.926830815773908,0.0061732359200136495,47.23140726789146,13
Hybrid GWO-ABC,0,1136,42,2.2712073133860478,9.004786077564175,0.02762994786843244,62.91776550282162,14
Hybrid GWO-ABC,0,1136,49,11.800590212051532,96.18976645495145,0.01986954414893384,59.93904765101437,23
Hybrid GWO-ABC,0,1136,58,75.85195298352102,71.94629559509367,0.00568766279960746,33.911109734265686,19
Hybrid GWO-ABC,0,1136,74,43.89114603050467,2.1612079880330426,0.008061703924055297,48.22725492898028,23
Hybrid GWO-ABC,0,1136,92,77.2012432110988,66.16612631677611,0.00565435591316049,31.642554769160306,19
Hybrid GWO-ABC,0,1137,36,85.34030732681661,23.393948586534073,0.005223467085008417,44.23595024151556,18
Hybrid GWO-ABC,0,1137,39,55.70321523412783,78.38982091064135,0.005398276708919932,28.957012887124193,17
Hybrid GWO-ABC,0,1137,54,9.63909621534993,90.26023965438416,0.02044036028021745,57.007801670843506,19
Hybrid GWO-ABC,0,1137,79,72.69946142868827,76.8647491917657,0.004947442783092695,35.170730704507434,19
Hybrid GWO-ABC,0,1137,87,16.460781758201815,4.491061939232899,0.014208448060990144,56.53266846425794,24
Hybrid GWO-ABC,0,1138,2,9.417734788764953,97.5622351636756,0.027274009398952935,62.52268758970457,20
Hybrid GWO-ABC,0,1138,6,64.38651200806646,82.276161327083,0.005049362037132571,35.33726528425946,17
Hybrid GWO-ABC,0,1138,13,46.67210037270342,4.380376578722878,0.005814672963987637,45.740845609023204,25
Hybrid GWO-ABC,0,1138,81,23.02139908948808,3.741255617617978,0.010486873806569095,53.551062911236734,16
Hybrid GWO-ABC,0,1138,83,82.97897431324131,80.82514720643019,0.004563093310785657,45.142025287436105,18
Hybrid GWO-ABC,0,1139,42,2.2712073133860478,9.004786077564175,0.02396440234219093,62.91776550282162,15
Hybrid GWO-ABC,0,1139,67,59.091549148141674,2.28038710296975,0.004473020902934524,48.577955092361506,17
Hybrid GWO-ABC,0,1139,69,78.27352272502863,8.272999992243857,0.0043380359873006836,50.40371630078472,15
Hybrid GWO-ABC,0,1139,80,10.774094595589656,91.60118451376078,0.017314081784341667,57.17805704764476,22
Hybrid GWO-ABC,0,1139,88,43.509706000303794,99.2375564055837,0.0067756164928471346,49.66347628786701,27
Hybrid GWO-ABC,0,1140,0,77.39560485559633,43.88784397520523,0.003816471263966714,28.069157747880652,16
Hybrid GWO-ABC,0,1140,25,19.990820247510833,0.7362269751005512,0.013445397404820123,57.684228365004735,19
Hybrid GWO-ABC,0,1140,43,72.23593505964503,46.18772302513874,0.003706166055928092,22.560369316786645,23
Hybrid GWO-ABC,0,1140,47,30.151208914787652,63.028259311888846,0.003964329854226323,23.742578803538244,18
Hybrid GWO-ABC,0,1140,77,10.857574113544356,67.22400930398116,0.004271946147178662,42.76442447619636,20
Hybrid GWO-ABC,0,1141,25,19.990820247510833,0.7362269751005512,0.009352298596737483,57.684228365004735,20
Hybrid GWO-ABC,0,1141,29,13.979699812765745,11.453007353597345,0.008501065293023882,52.75729966232435,20
Hybrid GWO-ABC,0,1141,51,26.586996145951957,96.91763773477238,0.00950604980182758,52.4350405748008,8
Hybrid GWO-ABC,0,1141,57,17.67727829392317,85.66142840923754,0.005030734637990886,48.12998872507312,22
Hybrid GWO-ABC,0,1141,86,25.596509056760276,93.60435700489633,0.00965398020686398,49.96869339923984,20
Hybrid GWO-ABC,0,1142,23,38.74783790301745,28.83281039302441,0.003129514034104211,23.97208934812371,23
Hybrid GWO-ABC,0,1142,38,29.35937577666836,66.1916514726895,0.003158165088990263,26.233660547888334,19
Hybrid GWO-ABC,0,1142,46,44.61562755740307,38.10212260964825,0.0039560231855271435,13.059515802526548,24
Hybrid GWO-ABC,0,1142,78,28.123378383900832,65.94226346919018,0.003221621540025958,27.06921383888075,20
Hybrid GWO-ABC,0,1143,37,5.830274168906602,28.138389202199654,0.0056585406988196646,49.28381789866183,17
Hybrid GWO-ABC,0,1143,51,26.586996145951957,96.91763773477238,0.0073980015698005604,52.4350405748008,25
Hybrid GWO-ABC,0,1143,54,9.63909621534993,90.26023965438416,0.015066068654967358,57.007801670843506,10
Hybrid GWO-ABC,0,1143,81,23.02139908948808,3.741255617617978,0.005997300696173356,53.551062911236734,25
Hybrid GWO-ABC,0,1144,2,9.417734788764953,97.5622351636756,0.021614734099044998,62.52268758970457,34
Hybrid GWO-ABC,0,1144,42,2.2712073133860478,9.004786077564175,0.019600940805994987,62.91776550282162,34
Hybrid GWO-ABC,0,1145,2,9.417734788764953,97.5622351636756,0.014858370640507407,62.52268758970457,30
Hybrid GWO-ABC,0,1145,42,2.2712073133860478,9.004786077564175,0.012842594997360266,62.91776550282162,30
Hybrid GWO-ABC,0,1146,54,9.63909621534993,90.26023965438416,0.012551803625769757,57.007801670843506,27
Hybrid GWO-ABC,0,1146,87,16.460781758201815,4.491061939232899,0.0071248217765138185,56.53266846425794,27
Hybrid GWO-ABC,0,1147,42,2.2712073133860478,9.004786077564175,0.006315380479584668,62.91776550282162,25
Hybrid GWO-ABC,0,1147,49,11.800590212051532,96.18976645495145,0.01257259983545465,59.93904765101437,25
Hybrid GWO-ABC,0,1148,65,17.05929685368861,92.51201183767972,0.009874173362507226,53.78067565827367,26
Hybrid GWO-ABC,0,1148,80,10.774094595589656,91.60118451376078,0.010673724763038165,57.17805704764476,18
Hybrid GWO-ABC,0,1149,65,17.05929685368861,92.51201183767972,0.0060184789195368085,53.78067565827367,17
Hybrid GWO-ABC,0,1149,80,10.774094595589656,91.60118451376078,0.006802951554728416,57.17805704764476,17
Hybrid GWO-ABC,0,1150,54,9.63909621534993,90.26023965438416,0.006539967885585888,57.007801670843506,25
Hybrid GWO-ABC,0,1151,2,9.417734788764953,97.5622351636756,0.0079744453570708,62.52268758970457,21
Hybrid GWO-ABC,0,1152,49,11.800590212051532,96.18976645495145,0.006785227835335653,59.93904765101437,17
Hybrid GWO-ABC,0,1153,96,12.275793241148602,83.11126721249062,0.003548600068522139,50.19434023873136,15
Hybrid GWO-ABC,0,1154,2,9.417734788764953,97.5622351636756,0.003669099472806483,62.52268758970457,13
Hybrid GWO-ABC,0,1155,65,17.05929685368861,92.51201183767972,0.0026875699929970087,53.78067565827367,10
Hybrid GWO-ABC,0,1156,86,25.596509056760276,93.60435700489633,0.0024411977783845495,49.96869339923984,10
Hybrid GWO-ABC,0,1157,49,11.800590212051532,96.18976645495145,0.0025248392090416096,59.93904765101437,8
Hybrid GWO-ABC,0,1158,80,10.774094595589656,91.60118451376078,0.0017537609295431957,57.17805704764476,6
Hybrid GWO-ABC,0,1159,49,11.800590212051532,96.18976645495145,0.0008602472806099215,59.93904765101437,6
Hybrid GWO-ABC,0,1160,2,9.417734788764953,97.5622351636756,0.00029618349666109733,62.52268758970457,3
