algorithm,round,alive,dead,residual_energy,consumed_energy,packets_generated,packets_delivered,bs_packets,throughput_bits,pdr,round_energy,ch_count,avg_intra_distance,avg_ch_bs_distance,cluster_imbalance,fitness,selection_time,round_pdr
Hybrid GWO-ABC,1,100.0,0.0,49.9562438487724,0.043756151227597684,100.0,100.0,5.0,20000.0,1.0,0.043756151227597684,5.0,24.130043556766793,20.016415113354448,0.08366600265340755,0.1642939665873122,0.027152900001965463,1.0
Hybrid GWO-ABC,2,100.0,0.0,49.91289184846239,0.08710815153761331,200.0,200.0,10.0,40000.0,1.0,0.043352000310015626,5.0,21.90397930078074,22.563424165392263,0.08944271909999159,0.16841654658889596,0.023592600002302788,1.0
Hybrid GWO-ABC,3,100.0,0.0,49.86874464991036,0.1312553500896385,300.0,300.0,15.0,60000.0,1.0,0.0441471985520252,5.0,24.653685331268246,24.441484662139427,0.044721359549995794,0.1739327929093338,0.023092200004612096,1.0
Hybrid GWO-ABC,4,100.0,0.0,49.825251060407155,0.17474893959284543,400.0,400.0,20.0,80000.0,1.0,0.04349358950320692,5.0,22.3914485446503,22.381584266005603,0.07745966692414834,0.16714793069499917,0.022038199997041374,1.0
Hybrid GWO-ABC,5,100.0,0.0,49.78168300422178,0.21831699577821695,500.0,500.0,25.0,100000.0,1.0,0.04356805618537152,5.0,22.17293243096708,23.55729531042389,0.03162277660168379,0.16364201750342625,0.022611300002608914,1.0
Hybrid GWO-ABC,6,100.0,0.0,49.73838004064025,0.2616199593597486,600.0,600.0,30.0,120000.0,1.0,0.04330296358153163,5.0,20.80383605652657,26.509674437452418,0.15811388300841897,0.18900449145477186,0.028243200002179947,1.0
Hybrid GWO-ABC,7,100.0,0.0,49.69546237636339,0.3045376236366124,700.0,700.0,35.0,140000.0,1.0,0.04291766427686383,5.0,18.820390303061966,35.90719936803178,0.07745966692414834,0.20245628044070435,0.022949300000618678,1.0
Hybrid GWO-ABC,8,100.0,0.0,49.65270378636759,0.34729621363241137,800.0,800.0,40.0,160000.0,1.0,0.04275858999579896,5.0,18.16645443305776,32.64557430784665,0.161245154965971,0.20318585423646252,0.022451999997429084,1.0
Hybrid GWO-ABC,9,100.0,0.0,49.60955906293985,0.3904409370601485,900.0,900.0,45.0,180000.0,1.0,0.04314472342773712,5.0,20.633702256506858,33.35607576805594,0.03162277660168379,0.19132694713650422,0.022259800003666896,1.0
Hybrid GWO-ABC,10,100.0,0.0,49.566738449660534,0.43326155033946634,1000.0,1000.0,50.0,200000.0,1.0,0.042820613279317854,5.0,18.251749481768506,37.06341573534148,0.151657508881031,0.2160358749379267,0.022603600002184976,1.0
Hybrid GWO-ABC,11,100.0,0.0,49.523357583105984,0.4766424168940162,1100.0,1100.0,55.0,220000.0,1.0,0.04338086655454987,5.0,21.754248928256228,35.271409075581275,0.11832159566199232,0.2129044613832196,0.02912079999805428,1.0
Hybrid GWO-ABC,12,100.0,0.0,49.48014402904213,0.5198559709578703,1200.0,1200.0,60.0,240000.0,1.0,0.043213554063854076,5.0,20.199088624120645,39.09590341882353,0.08366600265340755,0.21657185717850078,0.02323400000022957,1.0
Hybrid GWO-ABC,13,100.0,0.0,49.43706882606564,0.5629311739343592,1300.0,1300.0,65.0,260000.0,1.0,0.043075202976488924,5.0,19.074119818680245,45.17722912766894,0.09486832980505137,0.2352206979455995,0.022721500004990958,1.0
Hybrid GWO-ABC,14,100.0,0.0,49.39374689230787,0.6062531076921331,1400.0,1400.0,70.0,280000.0,1.0,0.043321933757773934,5.0,20.383566148642174,45.34802415419533,0.1414213562373095,0.24560475988555827,0.023348200003965758,1.0
Hybrid GWO-ABC,15,100.0,0.0,49.35065778741605,0.649342212583953,1500.0,1500.0,75.0,300000.0,1.0,0.04308910489181983,5.0,19.179818055125097,43.8299878513665,0.2588435821108957,0.2557615170454345,0.024331200002052356,1.0
Hybrid GWO-ABC,16,100.0,0.0,49.30721258223128,0.6927874177687201,1600.0,1600.0,80.0,320000.0,1.0,0.04344520518476713,5.0,21.038102735089996,46.15175530472084,0.151657508881031,0.2513184078619978,0.02706670000043232,1.0
Hybrid GWO-ABC,17,100.0,0.0,49.26254593116766,0.7374540688323421,1700.0,1700.0,85.0,340000.0,1.0,0.044666651063622,5.0,26.554132745379377,41.2715929732823,0.13038404810405296,0.2450027139116859,0.02258770000480581,1.0
Hybrid GWO-ABC,18,100.0,0.0,49.2196342199047,0.7803657800953019,1800.0,1800.0,90.0,360000.0,1.0,0.042911711262959784,5.0,18.215152132691557,40.525975484104634,0.24083189157584592,0.24088053457908326,0.024600200005806983,1.0
Hybrid GWO-ABC,19,100.0,0.0,49.1765424319931,0.8234575680069014,1900.0,1900.0,95.0,380000.0,1.0,0.04309178791159951,5.0,20.053988288083946,35.34578222472407,0.13038404810405296,0.212138776998055,0.023170199994638097,1.0
Hybrid GWO-ABC,20,100.0,0.0,49.13052838138007,0.8694716186199329,2000.0,2000.0,98.0,392000.0,1.0,0.04601405061303154,3.0,31.695291080103154,10.551639596082607,0.03741657386773941,0.18570580755467198,0.031168599998636637,1.0
Hybrid GWO-ABC,21,100.0,0.0,49.08733299144031,0.9126670085596871,2100.0,2100.0,103.0,412000.0,1.0,0.043195389939754136,5.0,20.450449644932956,22.333183453231634,0.13784048752090222,0.17304445822548142,0.02658800000062911,1.0
Hybrid GWO-ABC,22,100.0,0.0,49.043936807196104,0.9560631928038958,2200.0,2200.0,108.0,432000.0,1.0,0.04339618424420877,5.0,21.800501974963527,26.535720417346464,0.13784048752090222,0.18934165024527344,0.02231459999893559,1.0
Hybrid GWO-ABC,23,100.0,0.0,49.00025941243528,0.9997405875647232,2300.0,2300.0,113.0,452000.0,1.0,0.043677394760827326,5.0,23.389400220278002,22.359370773895677,0.216794833886788,0.19134581880123513,0.023670599999604747,1.0
Hybrid GWO-ABC,24,100.0,0.0,48.95645284230343,1.0435471576965725,2400.0,2400.0,118.0,472000.0,1.0,0.0438065701318493,5.0,23.584603085511333,27.163373542755874,0.07071067811865475,0.18525451478393726,0.021976999996695668,1.0
Hybrid GWO-ABC,25,100.0,0.0,48.91253974081202,1.0874602591879778,2500.0,2500.0,121.0,484000.0,1.0,0.04391310149140537,3.0,22.674364243599978,26.45240764027409,0.03741657386773941,0.21622783467194184,0.023381200000585523,1.0
Hybrid GWO-ABC,26,100.0,0.0,48.86888855852588,1.1311114414741184,2600.0,2600.0,126.0,504000.0,1.0,0.04365118228614051,5.0,22.296057367339593,38.27802938058717,0.08366600265340755,0.2197331456945319,0.027190700006030966,1.0
Hybrid GWO-ABC,27,100.0,0.0,48.825906488615026,1.1740935113849744,2700.0,2700.0,131.0,524000.0,1.0,0.04298206991085607,5.0,19.221122709838273,34.66111678907888,0.07071067811865475,0.19947483772879385,0.022943100004340522,1.0
Hybrid GWO-ABC,28,100.0,0.0,48.78195804156144,1.2180419584385618,2800.0,2800.0,136.0,544000.0,1.0,0.04394844705358736,5.0,23.10936271399443,35.264192016965815,0.0,0.19958028178774098,0.02261700000235578,1.0
Hybrid GWO-ABC,29,100.0,0.0,48.73893588296007,1.261064117039929,2900.0,2900.0,141.0,564000.0,1.0,0.043022158601367266,5.0,19.395525852954773,40.25828522586056,0.10488088481701516,0.22289092458033874,0.022297000003163703,1.0
Hybrid GWO-ABC,30,100.0,0.0,48.69571314070414,1.304286859295857,3000.0,3000.0,146.0,584000.0,1.0,0.043222742255927926,5.0,21.136565856057555,32.685775837481906,0.20248456731316583,0.21712797478635837,0.02237549999699695,1.0
Hybrid GWO-ABC,31,100.0,0.0,48.65239990817133,1.3476000918286672,3100.0,3100.0,150.0,600000.0,1.0,0.043313232532810275,4.0,20.082786456210766,41.23347873056623,0.04898979485566356,0.23936472931280994,0.027665100002195686,1.0
Hybrid GWO-ABC,32,100.0,0.0,48.60881265246161,1.3911873475383914,3200.0,3200.0,155.0,620000.0,1.0,0.043587255709724104,5.0,21.570782673374886,45.7687157696613,0.09486832980505137,0.24377691336797241,0.023659799997403752,1.0
Hybrid GWO-ABC,33,100.0,0.0,48.56494131957551,1.4350586804244898,3300.0,3300.0,160.0,640000.0,1.0,0.04387133288609846,5.0,22.941782319263453,35.321236700908784,0.21908902300206642,0.23242902747023064,0.023204100005386863,1.0
Hybrid GWO-ABC,34,100.0,0.0,48.52087362550308,1.4791263744969214,3400.0,3400.0,165.0,660000.0,1.0,0.04406769407243161,5.0,23.180531190063196,47.260392658209305,0.10488088481701516,0.2534741057049811,0.023497299996961374,1.0
Hybrid GWO-ABC,35,100.0,0.0,48.477357852357954,1.5226421476420455,3500.0,3500.0,171.0,684000.0,1.0,0.043515773145124115,6.0,21.23350470902013,48.66217152081102,0.056568542494923796,0.2663054011628331,0.029526799997256603,1.0
Hybrid GWO-ABC,36,100.0,0.0,48.43400858478585,1.5659914152141496,3600.0,3600.0,176.0,704000.0,1.0,0.04334926757210411,5.0,20.2305723956028,38.021161692970644,0.2345207879911715,0.23754267732892514,0.024363399999856483,1.0
Hybrid GWO-ABC,37,100.0,0.0,48.39078247052671,1.609217529473291,3700.0,3700.0,181.0,724000.0,1.0,0.04322611425914147,5.0,20.525301193151606,35.55630985178485,0.18708286933869706,0.2235448003514071,0.022705600000335835,1.0
Hybrid GWO-ABC,38,100.0,0.0,48.34706229485126,1.6529377051487373,3800.0,3800.0,186.0,744000.0,1.0,0.04372017567544617,5.0,22.9283694769322,41.63567404166245,0.23664319132398465,0.25576789467094607,0.022016700000676792,1.0
Hybrid GWO-ABC,39,100.0,0.0,48.303887546926745,1.6961124530732548,3900.0,3900.0,191.0,764000.0,1.0,0.043174747924517476,5.0,20.068575162529033,36.33043754521773,0.03162277660168379,0.2013164883443221,0.026057099996251054,1.0
Hybrid GWO-ABC,40,100.0,0.0,48.2607392869002,1.739260713099803,4000.0,4000.0,196.0,784000.0,1.0,0.04314826002654826,5.0,20.871172408661426,26.11150335856207,0.08366600265340755,0.1789361289808221,0.02764180000667693,1.0
Hybrid GWO-ABC,41,100.0,0.0,48.21697995169364,1.783020048306362,4100.0,4100.0,201.0,804000.0,1.0,0.04375933520655906,5.0,23.1256984891108,27.838326409423075,0.03162277660168379,0.18174820374398945,0.023235700005898252,1.0
Hybrid GWO-ABC,42,100.0,0.0,48.17337890765216,1.8266210923478425,4200.0,4200.0,206.0,824000.0,1.0,0.04360104404148046,5.0,22.073215979403926,33.489337714045526,0.03162277660168379,0.19699682596451834,0.02246279999963008,1.0
Hybrid GWO-ABC,43,100.0,0.0,48.130502041357765,1.869497958642235,4300.0,4300.0,211.0,844000.0,1.0,0.04287686629439236,5.0,18.962620513799756,30.059145606292255,0.14832396974191325,0.19723678635613495,0.02335540000058245,1.0
Hybrid GWO-ABC,44,100.0,0.0,48.08765716863642,1.9123428313635813,4400.0,4400.0,216.0,864000.0,1.0,0.042844872721346405,5.0,18.703200426676965,29.985470585361906,0.1140175425099138,0.19124955627185242,0.029327299998840317,1.0
Hybrid GWO-ABC,45,100.0,0.0,48.04495444601348,1.9550455539865226,4500.0,4500.0,221.0,884000.0,1.0,0.04270272262294128,5.0,17.91550062872594,35.95548248132991,0.054772255750516606,0.1997829360184388,0.024967199999082368,1.0
Hybrid GWO-ABC,46,100.0,0.0,48.001439151096946,1.998560848903054,4600.0,4600.0,226.0,904000.0,1.0,0.04351529491653139,5.0,21.794597889426704,37.168455577966434,0.054772255750516606,0.2117735060998984,0.03040540000074543,1.0
Hybrid GWO-ABC,47,100.0,0.0,47.95758764232638,2.0424123576736193,4700.0,4700.0,231.0,924000.0,1.0,0.04385150877056532,5.0,22.523766238322096,37.018431210494974,0.03162277660168379,0.21006450233767746,0.023128699998778757,1.0
Hybrid GWO-ABC,48,100.0,0.0,47.91342263982044,2.086577360179561,4800.0,4800.0,236.0,944000.0,1.0,0.044165002505941686,5.0,24.06744737360654,41.22075570439182,0.1140175425099138,0.23889003770431017,0.02580570000282023,1.0
Hybrid GWO-ABC,49,100.0,0.0,47.869414523669164,2.130585476330836,4900.0,4900.0,241.0,964000.0,1.0,0.04400811615127509,5.0,22.795740259589092,48.00270212012827,0.054772255750516606,0.2487080859130063,0.023561900001368485,1.0
Hybrid GWO-ABC,50,100.0,0.0,47.82650342421198,2.173496575788022,5000.0,5000.0,246.0,984000.0,1.0,0.04291109945718574,5.0,18.558868994332666,38.9640705256033,0.19493588689617927,0.23220398389890157,0.02923670000018319,1.0
Hybrid GWO-ABC,51,100.0,0.0,47.78271608979477,2.217283910205232,5100.0,5100.0,251.0,1004000.0,1.0,0.04378733441721039,5.0,22.647271780239343,45.739401322593736,0.044721359549995794,0.23945200882919154,0.027454700000816956,1.0
Hybrid GWO-ABC,52,100.0,0.0,47.73909225736734,2.2609077426326607,5200.0,5200.0,256.0,1024000.0,1.0,0.04362383242742851,5.0,21.73745441772722,49.27151399316402,0.054772255750516606,0.25022676296749,0.02646350000577513,1.0
Hybrid GWO-ABC,53,100.0,0.0,47.69572814411324,2.3042718558867605,5300.0,5300.0,260.0,1040000.0,1.0,0.043364113254099834,4.0,20.44619443540795,28.14802186205664,0.15748015748023622,0.21638626712086886,0.027549700003874023,1.0
Hybrid GWO-ABC,54,100.0,0.0,47.65205564804377,2.3479443519562295,5400.0,5400.0,264.0,1056000.0,1.0,0.04367249606946899,4.0,21.58060028118609,36.862679462888394,0.1649242250247064,0.24705439135148954,0.031155199998465832,1.0
Hybrid GWO-ABC,55,100.0,0.0,47.60903472143839,2.390965278561609,5500.0,5500.0,269.0,1076000.0,1.0,0.04302092660537937,5.0,19.893889111049884,30.998716350099166,0.12649110640673517,0.19948638511215336,0.02865130000282079,1.0
Hybrid GWO-ABC,56,100.0,0.0,47.56619635555829,2.43380364444171,5600.0,5600.0,274.0,1096000.0,1.0,0.04283836588010104,5.0,17.865503327453943,38.79611394160915,0.2966479394838265,0.24518775608903345,0.02442190000147093,1.0
Hybrid GWO-ABC,57,100.0,0.0,47.52293244789683,2.477067552103172,5700.0,5700.0,279.0,1116000.0,1.0,0.04326390766146204,5.0,20.199459054638847,40.614630083614635,0.13038404810405296,0.2311038954252271,0.02735479999682866,1.0
Hybrid GWO-ABC,58,100.0,0.0,47.47976709291001,2.5202329070899907,5800.0,5800.0,284.0,1136000.0,1.0,0.04316535498681873,5.0,20.412465756094303,36.39054334088662,0.2073644135332772,0.2303908944322333,0.031546899997920264,1.0
Hybrid GWO-ABC,59,100.0,0.0,47.43699576495061,2.563004235049391,5900.0,5900.0,289.0,1156000.0,1.0,0.042771327959400196,5.0,18.414776767656825,27.54079075862044,0.22583179581272428,0.2007190916620677,0.02810429999954067,1.0
Hybrid GWO-ABC,60,100.0,0.0,47.39341896253011,2.606581037469887,6000.0,6000.0,294.0,1176000.0,1.0,0.04357680242049611,5.0,22.008628075079987,30.779951964439743,0.18973665961010275,0.21314918502533386,0.027561800001421943,1.0
Hybrid GWO-ABC,61,100.0,0.0,47.350036624210354,2.649963375789646,6100.0,6100.0,299.0,1196000.0,1.0,0.04338233831975913,5.0,20.94880419052657,25.203851523746955,0.1140175425099138,0.18224807279341915,0.02371109999512555,1.0
Hybrid GWO-ABC,62,100.0,0.0,47.306786192958704,2.693213807041296,6200.0,6200.0,304.0,1216000.0,1.0,0.04325043125164996,5.0,20.698036821068015,32.850762585991,0.06324555320336758,0.19812034074189872,0.026445999996212777,1.0
Hybrid GWO-ABC,63,100.0,0.0,47.262888426672525,2.737111573327475,6300.0,6300.0,309.0,1236000.0,1.0,0.04389776628617881,5.0,24.064980121244215,34.65273724845455,0.07745966692414834,0.21369100515646894,0.025042300003406126,1.0
Hybrid GWO-ABC,64,100.0,0.0,47.22002257384676,2.7799774261532377,6400.0,6400.0,314.0,1256000.0,1.0,0.04286585282576283,5.0,19.069335964174858,34.9016944826723,0.10954451150103321,0.20824450224809418,0.027411499999288935,1.0
Hybrid GWO-ABC,65,100.0,0.0,47.17706756527511,2.8229324347248905,6500.0,6500.0,319.0,1276000.0,1.0,0.0429550085716528,5.0,19.271661504801457,31.6032901218039,0.07071067811865475,0.19249847337710851,0.024007899999560323,1.0
Hybrid GWO-ABC,66,100.0,0.0,47.133878818565066,2.8661211814349343,6600.0,6600.0,324.0,1296000.0,1.0,0.0431887467100438,5.0,20.64150179933896,34.77733971187978,0.18708286933869706,0.2231342156938009,0.029265099998156074,1.0
Hybrid GWO-ABC,67,100.0,0.0,47.091088923835926,2.908911076164074,6700.0,6700.0,329.0,1316000.0,1.0,0.04278989472913963,5.0,17.936087954295083,39.831617022592,0.17320508075688773,0.23125353447046743,0.02599490000284277,1.0
Hybrid GWO-ABC,68,100.0,0.0,47.04752616111173,2.9524738388882668,6800.0,6800.0,334.0,1336000.0,1.0,0.043562762724192794,5.0,21.82382307239077,44.98226384849011,0.08366600265340755,0.2423673687150444,0.023440200006007217,1.0
Hybrid GWO-ABC,69,100.0,0.0,47.00359382180246,2.996406178197539,6900.0,6900.0,339.0,1356000.0,1.0,0.043932339309272095,5.0,22.501869814602028,47.99097864312983,0.1341640786499874,0.2609084172778948,0.024142900001606904,1.0
Hybrid GWO-ABC,70,100.0,0.0,46.959707859187475,3.040292140812525,7000.0,7000.0,344.0,1376000.0,1.0,0.04388596261498634,5.0,22.83241918240543,46.6176959858123,0.10488088481701516,0.25305659411799136,0.02292509999824688,1.0
Hybrid GWO-ABC,71,100.0,0.0,46.91669085711373,3.0833091428862716,7100.0,7100.0,349.0,1396000.0,1.0,0.04301700207374637,5.0,18.969402595393966,41.76092077415211,0.25298221281347033,0.25175355822924234,0.023232200001075398,1.0
Hybrid GWO-ABC,72,100.0,0.0,46.87154390306697,3.1284560969330286,7200.0,7200.0,354.0,1416000.0,1.0,0.04514695404675706,5.0,28.15227634268395,52.37632809908037,0.08944271909999159,0.2797910081009164,0.02781669999967562,1.0
Hybrid GWO-ABC,73,100.0,0.0,46.82672803646142,3.173271963538582,7300.0,7300.0,358.0,1432000.0,1.0,0.04481586660555337,4.0,27.64114196754365,22.175944053606127,0.07483314773547883,0.20224416280388902,0.02350809999916237,1.0
Hybrid GWO-ABC,74,100.0,0.0,46.78375505157092,3.216244948429079,7400.0,7400.0,363.0,1452000.0,1.0,0.042972984890496946,5.0,18.783976740603773,39.5800749526144,0.18165902124584948,0.23258053284601335,0.023042999993776903,1.0
Hybrid GWO-ABC,75,100.0,0.0,46.74037440264751,3.259625597352489,7500.0,7500.0,368.0,1472000.0,1.0,0.04338064892341009,5.0,21.043651987038103,44.42564688490573,0.18165902124584948,0.253478336397873,0.023054099998262245,1.0
Hybrid GWO-ABC,76,100.0,0.0,46.6951250612813,3.3048749387186973,7600.0,7600.0,373.0,1492000.0,1.0,0.045249341366208284,5.0,27.040273619494812,43.218754218459594,0.15491933384829668,0.25927060714636535,0.022954899999604095,1.0
Hybrid GWO-ABC,77,100.0,0.0,46.651649278469456,3.3483507215305437,7700.0,7700.0,378.0,1512000.0,1.0,0.043475782811846386,5.0,21.191788239054627,30.69454164556894,0.08944271909999159,0.19758770900948316,0.025270999998610932,1.0
Hybrid GWO-ABC,78,100.0,0.0,46.60827581655528,3.3917241834447225,7800.0,7800.0,383.0,1532000.0,1.0,0.04337346191417879,5.0,21.614032178404024,41.12150037249778,0.10488088481701516,0.2331039357423559,0.02676659999997355,1.0
Hybrid GWO-ABC,79,100.0,0.0,46.5652633556603,3.4347366443397007,7900.0,7900.0,388.0,1552000.0,1.0,0.04301246089497823,5.0,19.648191228497108,35.042998053626164,0.21213203435596423,0.22595312503903134,0.023736000002827495,1.0
Hybrid GWO-ABC,80,100.0,0.0,46.52237806498655,3.4776219350134525,8000.0,8000.0,393.0,1572000.0,1.0,0.0428852906737518,5.0,18.67530793667222,30.387857385882597,0.2,0.20780878423163446,0.025130100002570543,1.0
Hybrid GWO-ABC,81,100.0,0.0,46.47872904150742,3.521270958492579,8100.0,8100.0,398.0,1592000.0,1.0,0.04364902347912647,5.0,23.016360177162742,24.051514380387363,0.151657508881031,0.1898897820339026,0.02814139999827603,1.0
Hybrid GWO-ABC,82,100.0,0.0,46.43398607314978,3.566013926850218,8200.0,8200.0,402.0,1608000.0,1.0,0.0447429683576388,4.0,27.372365570096168,17.145602159434123,0.0848528137423857,0.1877251609579919,0.026552299998002127,1.0
Hybrid GWO-ABC,83,100.0,0.0,46.39061210979191,3.6093878902080903,8300.0,8300.0,407.0,1628000.0,1.0,0.04337396335787247,5.0,21.251628863249252,31.507080282220972,0.13784048752090222,0.20775144330985296,0.024481199994625058,1.0
Hybrid GWO-ABC,84,100.0,0.0,46.34752899100808,3.652471008991917,8400.0,8400.0,412.0,1648000.0,1.0,0.043083118783826535,5.0,19.289634424309487,32.1591272492326,0.21213203435596423,0.21673455122670432,0.025580100002116524,1.0
Hybrid GWO-ABC,85,100.0,0.0,46.30374407927399,3.69625592072601,8500.0,8500.0,417.0,1668000.0,1.0,0.04378491173409316,5.0,22.869352721186036,37.232442155515336,0.13038404810405296,0.22759165091784414,0.02254460000403924,1.0
Hybrid GWO-ABC,86,100.0,0.0,46.26048926021478,3.739510739785217,8600.0,8600.0,422.0,1688000.0,1.0,0.04325481905920725,5.0,20.86872341253123,38.339309516051046,0.161245154965971,0.2322438300000596,0.02779960000043502,1.0
Hybrid GWO-ABC,87,100.0,0.0,46.2168248677562,3.783175132243798,8700.0,8700.0,427.0,1708000.0,1.0,0.04366439245858089,5.0,21.996935346940486,41.09049778055405,0.1140175425099138,0.23640232680348922,0.02304020000156015,1.0
Hybrid GWO-ABC,88,100.0,0.0,46.17369311221051,3.8263068877894924,8800.0,8800.0,432.0,1728000.0,1.0,0.04313175554569426,5.0,20.115094967139175,39.499879253047425,0.054772255750516606,0.21803889133212026,0.02397019999625627,1.0
Hybrid GWO-ABC,89,100.0,0.0,46.130420372267466,3.8695796277325343,8900.0,8900.0,437.0,1748000.0,1.0,0.04327273994304193,5.0,20.154173422870013,45.896405217223936,0.07071067811865475,0.24141005548048539,0.023126100000808947,1.0
Hybrid GWO-ABC,90,100.0,0.0,46.087851215958416,3.912148784041584,9000.0,9000.0,442.0,1768000.0,1.0,0.04256915630904956,5.0,16.798212984786332,37.56267942810981,0.2345207879911715,0.23219314690146606,0.02351759999874048,1.0
Hybrid GWO-ABC,91,100.0,0.0,46.043465065027625,3.9565349349723746,9100.0,9100.0,447.0,1788000.0,1.0,0.04438615093079079,5.0,24.952567517011328,50.504375334670684,0.14491376746189438,0.2769698746244375,0.027382899999793153,1.0
Hybrid GWO-ABC,92,100.0,0.0,46.000175035672726,3.9998249643272743,9200.0,9200.0,452.0,1808000.0,1.0,0.04329002935489967,5.0,20.06261975043888,43.46889925256318,0.16431676725154984,0.24714711152742652,0.0224887000003946,1.0
Hybrid GWO-ABC,93,100.0,0.0,45.95600578049942,4.043994219500583,9300.0,9300.0,457.0,1828000.0,1.0,0.044169255173308386,5.0,24.4130064828081,51.40074696368887,0.09486832980505137,0.2710923167089389,0.022857600000861567,1.0
Hybrid GWO-ABC,94,100.0,0.0,45.91305182419164,4.0869481758083595,9400.0,9400.0,462.0,1848000.0,1.0,0.042953956307776764,5.0,18.58327184782555,38.73994622863531,0.13784048752090222,0.22545855678644905,0.024232999996456783,1.0
Hybrid GWO-ABC,95,100.0,0.0,45.8698373528124,4.130162647187603,9500.0,9500.0,467.0,1868000.0,1.0,0.043214471379243946,5.0,20.598632283761294,37.292418427726545,0.1140175425099138,0.2215777070617818,0.02294629999960307,1.0
Hybrid GWO-ABC,96,100.0,0.0,45.826859513155505,4.1731404868444955,9600.0,9600.0,472.0,1888000.0,1.0,0.04297783965689206,5.0,18.681241859086935,32.23312107651247,0.18165902124584948,0.2120163868726238,0.02686050000193063,1.0
Hybrid GWO-ABC,97,100.0,0.0,45.78354397922873,4.216456020771268,9700.0,9700.0,477.0,1908000.0,1.0,0.04331553392677279,5.0,20.943377258073046,33.6815412975332,0.10488088481701516,0.20995172346803218,0.02300169999944046,1.0
Hybrid GWO-ABC,98,100.0,0.0,45.7404388087368,4.259561191263202,9800.0,9800.0,482.0,1928000.0,1.0,0.043105170491934075,5.0,20.35189536695061,34.112776819992305,0.09486832980505137,0.20813905024569454,0.02342320000025211,1.0
Hybrid GWO-ABC,99,100.0,0.0,45.69759099351404,4.302409006485959,9900.0,9900.0,487.0,1948000.0,1.0,0.042847815222756935,5.0,18.63762161924642,36.09886873293186,0.12649110640673517,0.21576559687643287,0.024344099998415913,1.0
Hybrid GWO-ABC,100,100.0,0.0,45.65415194369664,4.34584805630336,10000.0,10000.0,492.0,1968000.0,1.0,0.0434390498174011,5.0,22.009435125161005,24.152009468036248,0.216794833886788,0.198931455527882,0.022790399998484645,1.0
Hybrid GWO-ABC,101,100.0,0.0,45.61088475455629,4.389115245443712,10100.0,10100.0,496.0,1984000.0,1.0,0.04326718914035155,4.0,20.75789618027539,30.443362022521264,0.0632455532033676,0.21329386357782246,0.0268006999976933,1.0
Hybrid GWO-ABC,102,100.0,0.0,45.56644168157201,4.433558318427991,10200.0,10200.0,501.0,2004000.0,1.0,0.0444430729842793,5.0,25.309926555970566,42.561137381806404,0.08944271909999159,0.24472920954390637,0.022923800002899952,1.0
Hybrid GWO-ABC,103,100.0,0.0,45.522792875748884,4.477207124251116,10300.0,10300.0,504.0,2016000.0,1.0,0.0436488058231248,3.0,21.277062588150333,31.779886437198286,0.05099019513592785,0.2367570830787127,0.022713199999998324,1.0
Hybrid GWO-ABC,104,100.0,0.0,45.47968332492038,4.52031667507962,10400.0,10400.0,509.0,2036000.0,1.0,0.043109550828503984,5.0,19.56300713659463,35.59421563477978,0.13038404810405296,0.21685360954997754,0.02274580000084825,1.0
Hybrid GWO-ABC,105,100.0,0.0,45.43588251025754,4.564117489742458,10500.0,10500.0,514.0,2056000.0,1.0,0.043800814662837695,5.0,23.03840140328806,25.520007678995498,0.17888543819998318,0.19978155508584938,0.02296839999326039,1.0
Hybrid GWO-ABC,106,100.0,0.0,45.3913741478924,4.6086258521076005,10600.0,10600.0,519.0,2076000.0,1.0,0.04450836236514277,5.0,25.631759191449202,41.83932817244103,0.1,0.2453219471228556,0.022797100005846005,1.0
Hybrid GWO-ABC,107,100.0,0.0,45.348283620975565,4.651716379024435,10700.0,10700.0,524.0,2096000.0,1.0,0.043090526916834904,5.0,19.650635646091473,36.56182982115706,0.14491376746189438,0.22242380636794176,0.022898499999428168,1.0
Hybrid GWO-ABC,108,100.0,0.0,45.30480958801055,4.695190411989451,10800.0,10800.0,529.0,2116000.0,1.0,0.0434740329650154,5.0,21.28225912538315,36.64587783415159,0.09486832980505137,0.21874583133625775,0.023127000000386033,1.0
Hybrid GWO-ABC,109,100.0,0.0,45.26197293760883,4.738027062391168,10900.0,10900.0,534.0,2136000.0,1.0,0.04283665040171769,5.0,18.310352639392605,38.411235772634015,0.15811388300841897,0.22737290616732264,0.022213400006876327,1.0
Hybrid GWO-ABC,110,100.0,0.0,45.21894474012351,4.781055259876489,11000.0,11000.0,539.0,2156000.0,1.0,0.04302819748532016,5.0,20.045577999833323,31.807196146336516,0.1140175425099138,0.20364136671089678,0.021648400004778523,1.0
Hybrid GWO-ABC,111,100.0,0.0,45.175614377099336,4.824385622900664,11100.0,11100.0,544.0,2176000.0,1.0,0.043330363024175256,5.0,20.68780026542207,45.74913623117531,0.044721359549995794,0.2382109844843901,0.02904370000032941,1.0
Hybrid GWO-ABC,112,100.0,0.0,45.13208565440753,4.867914345592467,11200.0,11200.0,549.0,2196000.0,1.0,0.04352872269180352,5.0,21.48428585194735,38.95131258384491,0.21447610589527216,0.24376415578722907,0.02364110000053188,1.0
Hybrid GWO-ABC,113,100.0,0.0,45.0888753942425,4.9111246057575,11300.0,11300.0,554.0,2216000.0,1.0,0.04321026016503282,5.0,19.657999006596192,42.54500625088046,0.14491376746189438,0.2417560623775494,0.022903500001120847,1.0
Hybrid GWO-ABC,114,100.0,0.0,45.046162966685614,4.953837033314386,11400.0,11400.0,559.0,2236000.0,1.0,0.04271242755688576,5.0,17.566703036445364,35.787547901611354,0.1673320053068151,0.2190150068497868,0.023603100002219435,1.0
Hybrid GWO-ABC,115,100.0,0.0,45.00210366485037,4.997896335149633,11500.0,11500.0,564.0,2256000.0,1.0,0.04405930183524731,5.0,24.05108439214057,43.772594613928185,0.08944271909999159,0.2457394040292995,0.022691600002872292,1.0
Hybrid GWO-ABC,116,100.0,0.0,44.958877507792266,5.041122492207734,11600.0,11600.0,569.0,2276000.0,1.0,0.04322615705810051,5.0,20.82121852274002,28.323852224120763,0.170293863659264,0.20250034838716469,0.026954599998134654,1.0
Hybrid GWO-ABC,117,100.0,0.0,44.91546331735979,5.084536682640213,11700.0,11700.0,574.0,2296000.0,1.0,0.04341419043247896,5.0,21.309305890825588,40.991039139068306,0.20493901531919198,0.24900546734639603,0.023117899996577762,1.0
Hybrid GWO-ABC,118,100.0,0.0,44.87227439227534,5.127725607724663,11800.0,11800.0,579.0,2316000.0,1.0,0.0431889250844506,5.0,19.468956743931983,45.410202461601536,0.23021728866442676,0.2619040600600985,0.02376110000477638,1.0
Hybrid GWO-ABC,119,100.0,0.0,44.82881590922913,5.171184090770872,11900.0,11900.0,584.0,2336000.0,1.0,0.043458483046208585,5.0,21.401148933218526,43.52733821707919,0.15811388300841897,0.24969940411806718,0.023708900000201538,1.0
Hybrid GWO-ABC,120,100.0,0.0,44.78535908203542,5.21464091796458,12000.0,12000.0,589.0,2356000.0,1.0,0.043456827193708136,5.0,22.08751267596543,32.38705499838643,0.2966479394838265,0.23709524707667148,0.022432799996749964,1.0
Hybrid GWO-ABC,121,100.0,0.0,44.7421085205154,5.257891479484599,12100.0,12100.0,594.0,2376000.0,1.0,0.04325056152001849,5.0,20.605117632486877,42.18695351264214,0.18708286933869706,0.24891364296655843,0.02977140000439249,1.0
Hybrid GWO-ABC,122,100.0,0.0,44.69691983731854,5.303080162681461,12200.0,12200.0,597.0,2388000.0,1.0,0.0451886831968622,3.0,28.273100573420272,18.63223150865341,0.03741657386773941,0.2088686818965698,0.023700100005953573,1.0
Hybrid GWO-ABC,123,100.0,0.0,44.65345244135671,5.346547558643287,12300.0,12300.0,602.0,2408000.0,1.0,0.04346739596182658,5.0,21.981807217709637,28.021872852409683,0.15491933384829668,0.20214321906493887,0.024735799997870345,1.0
Hybrid GWO-ABC,124,100.0,0.0,44.60951901766823,5.390480982331773,12400.0,12400.0,605.0,2420000.0,1.0,0.04393342368848607,3.0,22.245854911663535,33.074316632732554,0.014142135623730949,0.23806982212325176,0.02349079999839887,1.0
Hybrid GWO-ABC,125,100.0,0.0,44.566024391319786,5.433975608680214,12500.0,12500.0,610.0,2440000.0,1.0,0.04349462634844059,5.0,21.5931725366048,43.47271550853314,0.2,0.2571507299722012,0.023598100000526756,1.0
Hybrid GWO-ABC,126,100.0,0.0,44.519764734387664,5.480235265612336,12600.0,12600.0,613.0,2452000.0,1.0,0.046259656932122084,3.0,32.90372935430724,12.311746837101468,0.14352700094407322,0.21523232721105245,0.02856420000171056,1.0
Hybrid GWO-ABC,127,100.0,0.0,44.476847044464506,5.523152955535494,12700.0,12700.0,618.0,2472000.0,1.0,0.04291768992315781,5.0,18.807546400200387,39.07992928818578,0.13038404810405296,0.22686192952141032,0.02368949999799952,1.0
Hybrid GWO-ABC,128,100.0,0.0,44.43389288742074,5.56610711257926,12800.0,12800.0,623.0,2492000.0,1.0,0.04295415704376637,5.0,18.847871280999037,32.034419856682256,0.1414213562373095,0.2064253231533218,0.023177600000053644,1.0
Hybrid GWO-ABC,129,100.0,0.0,44.38981283960852,5.610187160391483,12900.0,12900.0,627.0,2508000.0,1.0,0.044080047812222745,4.0,23.863301701440633,34.41282419726162,0.07483314773547883,0.23517541679000467,0.022688099998049438,1.0
Hybrid GWO-ABC,130,100.0,0.0,44.34692822953936,5.653071770460642,13000.0,13000.0,632.0,2528000.0,1.0,0.04288461006915867,5.0,18.357394352048278,41.825096806655736,0.08944271909999159,0.22822641338106311,0.023092200004612096,1.0
Hybrid GWO-ABC,131,100.0,0.0,44.302941881358414,5.697058118641586,13100.0,13100.0,637.0,2548000.0,1.0,0.043986348180943935,5.0,23.45901491686243,44.365496667438165,0.17888543819998318,0.2611988687173784,0.027946700000029523,1.0
Hybrid GWO-ABC,132,100.0,0.0,44.25845499217682,5.741545007823177,13200.0,13200.0,641.0,2564000.0,1.0,0.044486889181591494,4.0,25.498560668933493,28.731757181477562,0.17204650534085253,0.2356344858949038,0.02309939999395283,1.0
Hybrid GWO-ABC,133,100.0,0.0,44.2150621457139,5.784937854286099,13300.0,13300.0,646.0,2584000.0,1.0,0.04339284646292185,5.0,20.99653124175491,31.922026113742447,0.13038404810405296,0.2095289936707845,0.023385100001178216,1.0
Hybrid GWO-ABC,134,100.0,0.0,44.171504054672496,5.828495945327504,13400.0,13400.0,651.0,2604000.0,1.0,0.04355809104140462,5.0,22.759201716777586,35.110548022981746,0.17606816861659008,0.2302154943259926,0.022889400002895854,1.0
Hybrid GWO-ABC,135,100.0,0.0,44.12832604030013,5.871673959699869,13500.0,13500.0,656.0,2624000.0,1.0,0.04317801437236568,5.0,19.678490592825938,39.432383262613584,0.1140175425099138,0.2268214867491841,0.02574109999841312,1.0
Hybrid GWO-ABC,136,100.0,0.0,44.08528227483195,5.914717725168053,13600.0,13600.0,661.0,2644000.0,1.0,0.04304376546818389,5.0,19.432954836555865,37.44057838029849,0.10488088481701516,0.21984218282977347,0.022320299998682458,1.0
Hybrid GWO-ABC,137,100.0,0.0,44.042105596627366,5.957894403372634,13700.0,13700.0,666.0,2664000.0,1.0,0.043176678204581265,5.0,19.64193898121862,40.269434906596345,0.27018512172212594,0.25363565120223447,0.023206600002595223,1.0
Hybrid GWO-ABC,138,100.0,0.0,43.997975027285754,6.002024972714246,13800.0,13800.0,671.0,2684000.0,1.0,0.04413056934161119,5.0,24.13454956231517,50.49668783355942,0.07071067811865475,0.2663227996348435,0.022328400002152193,1.0
Hybrid GWO-ABC,139,100.0,0.0,43.9551425662582,6.044857433741797,13900.0,13900.0,676.0,2704000.0,1.0,0.042832461027551005,5.0,17.778201849529893,35.228933400277995,0.223606797749979,0.22644413683995054,0.022926199999346863,1.0
Hybrid GWO-ABC,140,100.0,0.0,43.9115340199785,6.088465980021503,14000.0,14000.0,681.0,2724000.0,1.0,0.04360854627970667,5.0,22.291700735762717,35.653841261472756,0.24289915602982237,0.24137134046159112,0.02540650000446476,1.0
Hybrid GWO-ABC,141,100.0,0.0,43.867375895661816,6.132624104338184,14100.0,14100.0,684.0,2736000.0,1.0,0.04415812431668087,3.0,23.397161044886456,30.584684990843773,0.1574801574802362,0.25537802502589174,0.028545599998324178,1.0
Hybrid GWO-ABC,142,100.0,0.0,43.82416816608119,6.1758318339188065,14200.0,14200.0,689.0,2756000.0,1.0,0.043207729580622356,5.0,20.283416119449793,40.554944270234124,0.3082207001484488,0.2619799518870962,0.023958900004799943,1.0
Hybrid GWO-ABC,143,100.0,0.0,43.78089857014128,6.219101429858718,14300.0,14300.0,694.0,2776000.0,1.0,0.0432695959399112,5.0,19.96585624575031,46.35186880336145,0.2966479394838265,0.2774345324619099,0.02352450000034878,1.0
Hybrid GWO-ABC,144,100.0,0.0,43.73711340792106,6.262886592078942,14400.0,14400.0,698.0,2792000.0,1.0,0.04378516222022455,4.0,21.965541748265906,44.03707468358313,0.1414213562373095,0.2717622615563602,0.02303570000367472,1.0
Hybrid GWO-ABC,145,100.0,0.0,43.69319807400883,6.3068019259911665,14500.0,14500.0,703.0,2812000.0,1.0,0.04391533391222424,5.0,23.59721299919031,46.65778892989433,0.10954451150103321,0.25851773502749936,0.024272700000437908,1.0
Hybrid GWO-ABC,146,100.0,0.0,43.65010261629935,6.34989738370065,14600.0,14600.0,708.0,2832000.0,1.0,0.04309545770948375,5.0,19.544509112945292,38.63139017817561,0.30166206257996714,0.2542440597803991,0.028739399996993598,1.0
Hybrid GWO-ABC,147,100.0,0.0,43.60650072606178,6.393499273938218,14700.0,14700.0,713.0,2852000.0,1.0,0.043601890237567886,5.0,22.6230795050033,43.00135901056887,0.13038404810405296,0.24899654046367453,0.022652200001175515,1.0
Hybrid GWO-ABC,148,100.0,0.0,43.56225978344578,6.437740216554218,14800.0,14800.0,718.0,2872000.0,1.0,0.044240942615999757,5.0,23.62431047242958,51.77684904707994,0.21908902300206642,0.2902261093350012,0.023159800002758857,1.0
Hybrid GWO-ABC,149,100.0,0.0,43.5185525876692,6.481447412330802,14900.0,14900.0,723.0,2892000.0,1.0,0.043707195776583774,5.0,23.121620274588565,39.55824894131962,0.14832396974191325,0.24125738393550472,0.02438669999537524,1.0
Hybrid GWO-ABC,150,100.0,0.0,43.4756361055654,6.5243638944346,15000.0,15000.0,728.0,2912000.0,1.0,0.042916482103798614,5.0,18.734116433899317,37.694730218424255,0.17606816861659008,0.23084444289626335,0.02684189999854425,1.0
Hybrid GWO-ABC,151,100.0,0.0,43.4314246858464,6.568575314153598,15100.0,15100.0,733.0,2932000.0,1.0,0.044211419718998,5.0,24.798467192917393,37.44292263138182,0.08366600265340755,0.2283127852781121,0.023525700002210215,1.0
Hybrid GWO-ABC,152,100.0,0.0,43.387939301601804,6.612060698398196,15200.0,15200.0,738.0,2952000.0,1.0,0.04348538424459747,5.0,21.271342513927088,47.46341216537498,0.1341640786499874,0.2613553025763915,0.024769099996774457,1.0
Hybrid GWO-ABC,153,100.0,0.0,43.34407682711026,6.655923172889743,15300.0,15300.0,742.0,2968000.0,1.0,0.04386247449154723,4.0,22.440417324496707,31.856853595279837,0.0632455532033676,0.22396630047334612,0.024113600004056934,1.0
Hybrid GWO-ABC,154,100.0,0.0,43.30069119624902,6.699308803750981,15400.0,15400.0,747.0,2988000.0,1.0,0.0433856308612377,5.0,21.135143539117966,37.447512503668364,0.21213203435596423,0.241121596218834,0.02384949999395758,1.0
Hybrid GWO-ABC,155,100.0,0.0,43.25768953271849,6.742310467281513,15500.0,15500.0,752.0,3008000.0,1.0,0.04300166353053214,5.0,20.004001791940354,26.036180128114996,0.1341640786499874,0.19061811265536435,0.028461000001698267,1.0
Hybrid GWO-ABC,156,100.0,0.0,43.21272475151136,6.7872752484886405,15600.0,15600.0,755.0,3020000.0,1.0,0.04496478120712766,3.0,27.593676816682727,17.682817262851568,0.08602325267042626,0.21393096877760495,0.02351329999510199,1.0
Hybrid GWO-ABC,157,100.0,0.0,43.16765913638961,6.832340863610391,15700.0,15700.0,758.0,3032000.0,1.0,0.04506561512175011,3.0,26.82191922880188,20.042877836912144,0.08602325267042626,0.21998856881498902,0.023818499998014886,1.0
Hybrid GWO-ABC,158,100.0,0.0,43.124767461403636,6.875232538596364,15800.0,15800.0,763.0,3052000.0,1.0,0.04289167498597379,5.0,18.912594665513197,28.96995745078299,0.11832159566199232,0.1953355887803253,0.023440700002538506,1.0
Hybrid GWO-ABC,159,100.0,0.0,43.08085638050332,6.91914361949668,15900.0,15900.0,768.0,3072000.0,1.0,0.04391108090031537,5.0,23.478036408036633,45.46897387547118,0.08366600265340755,0.25270814623890087,0.024455300001136493,1.0
Hybrid GWO-ABC,160,100.0,0.0,43.038010565335675,6.961989434664325,16000.0,16000.0,773.0,3092000.0,1.0,0.042845815167645185,5.0,18.13297630106945,32.37661199282345,0.19235384061671346,0.21526772639563738,0.030025000000023283,1.0
Hybrid GWO-ABC,161,100.0,0.0,42.99499514679969,7.005004853200312,16100.0,16100.0,778.0,3112000.0,1.0,0.04301541853598678,5.0,19.440233472396717,36.9153532574813,0.15811388300841897,0.2278690250547544,0.024530899994715583,1.0
Hybrid GWO-ABC,162,100.0,0.0,42.952036853731606,7.047963146268394,16200.0,16200.0,783.0,3132000.0,1.0,0.0429582930680823,5.0,18.62735574856898,39.03131111125869,0.20248456731316583,0.2396394807403157,0.02420690000144532,1.0
Hybrid GWO-ABC,163,100.0,0.0,42.90838192960937,7.091618070390631,16300.0,16300.0,788.0,3152000.0,1.0,0.043654924122236594,5.0,21.66086784806861,44.976347784056244,0.14491376746189438,0.2557851797293209,0.02281780000339495,1.0
Hybrid GWO-ABC,164,100.0,0.0,42.864903605039835,7.135096394960165,16400.0,16400.0,793.0,3172000.0,1.0,0.043478324569534266,5.0,21.450286870840078,42.55658500225606,0.13784048752090222,0.24703762417291933,0.023717199997918215,1.0
Hybrid GWO-ABC,165,100.0,0.0,42.82081746393583,7.179182536064168,16500.0,16500.0,797.0,3188000.0,1.0,0.04408614110400322,4.0,24.256209821647577,35.312087440164134,0.08944271909999159,0.24360838953375527,0.023233599997183774,1.0
Hybrid GWO-ABC,166,100.0,0.0,42.776927705856,7.2230722941440035,16600.0,16600.0,802.0,3208000.0,1.0,0.04388975807983542,5.0,22.94883190730937,39.48448937682415,0.06324555320336758,0.22763056660014544,0.025492300002952106,1.0
Hybrid GWO-ABC,167,100.0,0.0,42.73332680804836,7.266673191951639,16700.0,16700.0,807.0,3228000.0,1.0,0.043600897807635874,5.0,22.189153253694336,46.16130925001357,0.216794833886788,0.2712290002462073,0.023854400002164766,1.0
Hybrid GWO-ABC,168,100.0,0.0,42.689643653809924,7.310356346190076,16800.0,16800.0,812.0,3248000.0,1.0,0.04368315423843683,5.0,21.757989214648354,40.367659256818364,0.18165902124584948,0.2465164241106371,0.022869899999932386,1.0
Hybrid GWO-ABC,169,100.0,0.0,42.64635937913035,7.353640620869648,16900.0,16900.0,816.0,3264000.0,1.0,0.04328427467957141,4.0,20.365174978796137,37.38955322786251,0.04,0.23452547472390092,0.027556300003197975,1.0
Hybrid GWO-ABC,170,100.0,0.0,42.60296452592206,7.3970354740779385,17000.0,17000.0,821.0,3284000.0,1.0,0.04339485320829084,5.0,21.24444321764497,35.34050299199132,0.24289915602982237,0.24029335069220445,0.027164099999936298,1.0
Hybrid GWO-ABC,171,100.0,0.0,42.55881469087972,7.441185309120279,17100.0,17100.0,826.0,3304000.0,1.0,0.04414983504234016,5.0,23.508856055230783,38.06724993880158,0.2949576240750525,0.2615859236840003,0.023191200001747347,1.0
Hybrid GWO-ABC,172,100.0,0.0,42.514909770021724,7.485090229978276,17200.0,17200.0,831.0,3324000.0,1.0,0.043904920857997354,5.0,22.723617427738454,50.21521292673383,0.044721359549995794,0.26128301813489685,0.024551499998779036,1.0
Hybrid GWO-ABC,173,100.0,0.0,42.47114611498518,7.528853885014819,17300.0,17300.0,835.0,3340000.0,1.0,0.04376365503654256,4.0,21.749912558823297,37.79358857982052,0.15748015748023622,0.2569633952867199,0.022672200000670273,1.0
Hybrid GWO-ABC,174,100.0,0.0,42.427682584471434,7.572317415528566,17400.0,17400.0,840.0,3360000.0,1.0,0.04346353051374763,5.0,21.621388182138244,33.68159020705921,0.282842712474619,0.2422215354793797,0.02977660000033211,1.0
Hybrid GWO-ABC,175,100.0,0.0,42.38412752638854,7.615872473611461,17500.0,17500.0,845.0,3380000.0,1.0,0.043555058082894504,5.0,21.287628131879384,42.75902443471553,0.07071067811865475,0.23793770552463833,0.02460929999506334,1.0
Hybrid GWO-ABC,176,100.0,0.0,42.341030549254064,7.658969450745936,17600.0,17600.0,850.0,3400000.0,1.0,0.04309697713447491,5.0,19.951897787354376,33.02463496517889,0.08366600265340755,0.20671822092936015,0.024239800004579592,1.0
Hybrid GWO-ABC,177,100.0,0.0,42.29826544631736,7.701734553682641,17700.0,17700.0,855.0,3420000.0,1.0,0.042765102936705546,5.0,17.722117440154666,34.37819064525753,0.13038404810405296,0.21334946307981278,0.023562700000184122,1.0
Hybrid GWO-ABC,178,100.0,0.0,42.25364164483627,7.7463583551637285,17800.0,17800.0,859.0,3436000.0,1.0,0.044623801481087355,4.0,25.054322044929336,40.65579958876329,0.0282842712474619,0.25434274813091956,0.02255870000226423,1.0
Hybrid GWO-ABC,179,100.0,0.0,42.20983891840132,7.790161081598683,17900.0,17900.0,864.0,3456000.0,1.0,0.04380272643495431,5.0,22.525427614638897,33.26517251783077,0.28809720581775866,0.2440554845156679,0.03003240000543883,1.0
Hybrid GWO-ABC,180,100.0,0.0,42.16643923160917,7.833560768390832,18000.0,18000.0,869.0,3476000.0,1.0,0.04339968679214934,5.0,21.59002701180636,42.218929214504094,0.054772255750516606,0.23521188475230073,0.0255983999959426,1.0
Hybrid GWO-ABC,181,100.0,0.0,42.12279022657772,7.87720977342228,18100.0,18100.0,874.0,3496000.0,1.0,0.04364900503144753,5.0,22.438802303733887,39.36105095691148,0.20493901531919198,0.250851913284095,0.023800800001481548,1.0
Hybrid GWO-ABC,182,100.0,0.0,42.078348998535276,7.921651001464724,18200.0,18200.0,879.0,3516000.0,1.0,0.044441228042444436,5.0,25.45985401108922,52.62170376260765,0.13038404810405296,0.28557834136718085,0.02293449999706354,1.0
Hybrid GWO-ABC,183,100.0,0.0,42.03414176707951,7.965858232920489,18300.0,18300.0,884.0,3536000.0,1.0,0.044207231455764884,5.0,25.044360028087468,37.6545377214132,0.14491376746189438,0.2398797859096385,0.02670610000495799,1.0
Hybrid GWO-ABC,184,100.0,0.0,41.99070090308526,8.009299096914738,18400.0,18400.0,889.0,3556000.0,1.0,0.04344086399424896,5.0,21.64340459270987,36.84933433845207,0.07071067811865475,0.22080865861670035,0.023456099996110424,1.0
Hybrid GWO-ABC,185,100.0,0.0,41.94694002021563,8.053059979784372,18500.0,18500.0,893.0,3572000.0,1.0,0.04376088286963409,4.0,22.068620329651832,41.36083120512727,0.0282842712474619,0.2502661410770087,0.022931200001039542,1.0
Hybrid GWO-ABC,186,100.0,0.0,41.90366118135967,8.096338818640326,18600.0,18600.0,898.0,3592000.0,1.0,0.043278838855954405,5.0,20.91252427015192,34.44164982217057,0.15811388300841897,0.22502871344205405,0.022993200000200886,1.0
Hybrid GWO-ABC,187,100.0,0.0,41.860497588869855,8.139502411130145,18700.0,18700.0,903.0,3612000.0,1.0,0.043163592489818825,5.0,20.04070481209949,37.60313541328632,0.3082207001484488,0.25589103206157715,0.022896499998751096,1.0
Hybrid GWO-ABC,188,100.0,0.0,41.81721289063957,8.182787109360433,18800.0,18800.0,908.0,3632000.0,1.0,0.04328469823028769,5.0,19.616933974002993,43.37453007097086,0.322490309931942,0.27433408632143963,0.0272527999986778,1.0
Hybrid GWO-ABC,189,100.0,0.0,41.773577121934906,8.226422878065094,18900.0,18900.0,913.0,3652000.0,1.0,0.043635768704660904,5.0,21.454306329333836,36.696866894903664,0.20493901531919198,0.2404752805172806,0.025636300000769552,1.0
Hybrid GWO-ABC,190,100.0,0.0,41.7294055715309,8.270594428469103,19000.0,19000.0,918.0,3672000.0,1.0,0.044171550404009,5.0,25.084418923468863,34.33201835104264,0.08366600265340755,0.2227883850637457,0.023245899996254593,1.0
Hybrid GWO-ABC,191,100.0,0.0,41.686124344402415,8.313875655597585,19100.0,19100.0,923.0,3692000.0,1.0,0.0432812271284817,5.0,20.337470305682647,38.59496061985527,0.2588435821108957,0.2523706771390787,0.022467800001322757,1.0
Hybrid GWO-ABC,192,100.0,0.0,41.64254610773561,8.357453892264388,19200.0,19200.0,928.0,3712000.0,1.0,0.043578236666803605,5.0,22.050633157214286,36.98382465655115,0.15811388300841897,0.2361008600529268,0.02210660000127973,1.0
Hybrid GWO-ABC,193,100.0,0.0,41.59967913187142,8.400320868128581,19300.0,19300.0,933.0,3732000.0,1.0,0.04286697586419308,5.0,18.889677859572892,32.745526650460945,0.20493901531919198,0.22285425521293925,0.02299990000028629,1.0
Hybrid GWO-ABC,194,100.0,0.0,41.55632962835123,8.443670371648771,19400.0,19400.0,938.0,3752000.0,1.0,0.04334950352019007,5.0,21.239975349211438,32.09142172842183,0.2280350850198276,0.22945221567537116,0.022855100003653206,1.0
Hybrid GWO-ABC,195,100.0,0.0,41.51328634879538,8.486713651204617,19500.0,19500.0,943.0,3772000.0,1.0,0.04304327955584597,5.0,19.751759864422187,32.26807394190661,0.17888543819998318,0.2194402088962286,0.023516599998401944,1.0
Hybrid GWO-ABC,196,100.0,0.0,41.469851401467835,8.530148598532165,19600.0,19600.0,948.0,3792000.0,1.0,0.04343494732754749,5.0,21.542589788910334,41.31469600235867,0.25099800796022265,0.2630341935685335,0.023370799994154368,1.0
Hybrid GWO-ABC,197,100.0,0.0,41.424533096618205,8.575466903381795,19700.0,19700.0,953.0,3812000.0,1.0,0.04531830484962995,5.0,29.237244941018606,49.34417014544487,0.09486832980505137,0.28026638154541494,0.022929999999178108,1.0
Hybrid GWO-ABC,198,100.0,0.0,41.38137476581225,8.618625234187753,19800.0,19800.0,958.0,3832000.0,1.0,0.043158330805958656,5.0,20.366680527677477,29.133121099043855,0.1673320053068151,0.2093626742471234,0.02299720000155503,1.0
Hybrid GWO-ABC,199,100.0,0.0,41.33847768672034,8.661522313279661,19900.0,19900.0,963.0,3852000.0,1.0,0.0428970790919081,5.0,18.51666813439398,39.475855810451506,0.18165902124584948,0.24049412201623085,0.0267325000022538,1.0
Hybrid GWO-ABC,200,100.0,0.0,41.29540108791719,8.704598912082808,20000.0,20000.0,968.0,3872000.0,1.0,0.04307659880314674,5.0,19.224051100571817,39.26392487371205,0.2449489742783178,0.25015693705364545,0.023581900000863243,1.0
Hybrid GWO-ABC,201,100.0,0.0,41.251830957901504,8.748169042098496,20100.0,20100.0,973.0,3892000.0,1.0,0.04357013001568788,5.0,21.135922174597653,45.872540602193055,0.23021728866442676,0.2733673090137903,0.022845500003313646,1.0
Hybrid GWO-ABC,202,100.0,0.0,41.207721899791096,8.792278100208904,20200.0,20200.0,977.0,3908000.0,1.0,0.04410905811040777,4.0,24.49432635117005,40.004944820820576,0.18973665961010278,0.2764693466708684,0.023496400004660245,1.0
Hybrid GWO-ABC,203,100.0,0.0,41.16387587923838,8.836124120761617,20300.0,20300.0,982.0,3928000.0,1.0,0.04384602055271358,5.0,23.76697963537606,34.02635674433858,0.2280350850198276,0.24178005242880224,0.023707000000285916,1.0
Hybrid GWO-ABC,204,100.0,0.0,41.12071977689801,8.879280223101993,20400.0,20400.0,987.0,3948000.0,1.0,0.043156102340375924,5.0,20.358088758597425,35.233166470543885,0.30983866769659335,0.2502235546181772,0.027659700004733168,1.0
Hybrid GWO-ABC,205,100.0,0.0,41.0769733103043,8.923026689695703,20500.0,20500.0,992.0,3968000.0,1.0,0.043746466593709954,5.0,22.376955445137163,47.353709725891136,0.14491376746189438,0.2671329856920171,0.02367700000468176,1.0
Hybrid GWO-ABC,206,100.0,0.0,41.03337647466457,8.966623525335429,20600.0,20600.0,997.0,3988000.0,1.0,0.043596835639725384,5.0,22.268167501295743,46.84184362241372,0.29832867780352595,0.28664060003576874,0.02306499999394873,1.0
Hybrid GWO-ABC,207,100.0,0.0,40.99013586737575,9.009864132624251,20700.0,20700.0,1002.0,4008000.0,1.0,0.04324060728882273,5.0,20.83871836423166,26.03496832810285,0.15811388300841897,0.19986323785717172,0.023622300002898555,1.0
Hybrid GWO-ABC,208,100.0,0.0,40.947098576489545,9.052901423510455,20800.0,20800.0,1007.0,4028000.0,1.0,0.043037290886204005,5.0,18.73991714165477,36.38083403938117,0.2345207879911715,0.23945912514203116,0.0240644000004977,1.0
Hybrid GWO-ABC,209,100.0,0.0,40.903289462590365,9.096710537409635,20900.0,20900.0,1012.0,4048000.0,1.0,0.04380911389917941,5.0,22.64608721589014,42.10908931688188,0.2280350850198276,0.2656469918703799,0.02787269999680575,1.0
Hybrid GWO-ABC,210,100.0,0.0,40.85875483075189,9.141245169248108,21000.0,21000.0,1015.0,4060000.0,1.0,0.044534631838473615,3.0,25.644120453530906,18.48954185854978,0.11313708498984759,0.22017502122397425,0.02395049999904586,1.0
Hybrid GWO-ABC,211,100.0,0.0,40.81417219388474,9.185827806115263,21100.0,21100.0,1020.0,4080000.0,1.0,0.04458263686715469,5.0,25.839778704318483,29.08809659391294,0.151657508881031,0.21993260395549538,0.023380300001008436,1.0
Hybrid GWO-ABC,212,100.0,0.0,40.77086109853987,9.229138901460132,21200.0,21200.0,1025.0,4100000.0,1.0,0.04331109534486899,5.0,19.705219786879926,43.07691721420374,0.4171330722922842,0.28842297516276216,0.022916200003237464,1.0
Hybrid GWO-ABC,213,100.0,0.0,40.72722888348498,9.272771116515017,21300.0,21300.0,1029.0,4116000.0,1.0,0.04363221505488468,4.0,21.98567880155426,36.87784937241987,0.08944271909999159,0.24628592047305398,0.028243599997949786,1.0
Hybrid GWO-ABC,214,100.0,0.0,40.684036672697154,9.315963327302846,21400.0,21400.0,1034.0,4136000.0,1.0,0.04319221078782931,5.0,20.646410535206243,28.91962430899266,0.06324555320336758,0.1940311563057917,0.0236774000004516,1.0
Hybrid GWO-ABC,215,100.0,0.0,40.64104468282588,9.358955317174122,21500.0,21500.0,1039.0,4156000.0,1.0,0.04299198987127539,5.0,19.352481697298614,28.85668854285084,0.2449489742783178,0.21833637047598553,0.022743400004401337,1.0
Hybrid GWO-ABC,216,100.0,0.0,40.59800926486262,9.401990735137382,21600.0,21600.0,1044.0,4176000.0,1.0,0.04303541796326016,5.0,19.506291515037816,30.636192676898958,0.22135943621178655,0.22089540284599443,0.022992700003669597,1.0
Hybrid GWO-ABC,217,100.0,0.0,40.55449218515666,9.445507814843339,21700.0,21700.0,1049.0,4196000.0,1.0,0.043517079705956974,5.0,21.271853202458676,41.9920064384617,0.10488088481701516,0.243046803022816,0.02590250000503147,1.0
Hybrid GWO-ABC,218,100.0,0.0,40.51149294721229,9.48850705278771,21800.0,21800.0,1054.0,4216000.0,1.0,0.04299923794437177,5.0,19.434711282883878,41.671658170339896,0.23021728866442676,0.2570790185051176,0.02784070000052452,1.0
Hybrid GWO-ABC,219,100.0,0.0,40.467902370663985,9.532097629336015,21900.0,21900.0,1059.0,4236000.0,1.0,0.04359057654830423,5.0,21.47988687270952,49.53914208240418,0.06324555320336758,0.26172547124339973,0.023537900000519585,1.0
Hybrid GWO-ABC,220,100.0,0.0,40.424958942971635,9.575041057028365,22000.0,22000.0,1064.0,4256000.0,1.0,0.042943427692350156,5.0,18.99284394099349,34.239894055115826,0.1673320053068151,0.22335472855396987,0.023438399999577086,1.0
Hybrid GWO-ABC,221,100.0,0.0,40.38123760583038,9.618762394169622,22100.0,22100.0,1068.0,4272000.0,1.0,0.04372133714125681,4.0,22.666609100966856,33.74539872544094,0.12328828005937952,0.24330828583079336,0.023653800002648495,1.0
Hybrid GWO-ABC,222,100.0,0.0,40.337982937651894,9.662017062348106,22200.0,22200.0,1073.0,4292000.0,1.0,0.043254668178484224,5.0,20.3076444351522,41.41404994665265,0.23874672772626643,0.2599174320855244,0.02327769999828888,1.0
Hybrid GWO-ABC,223,100.0,0.0,40.29474057218315,9.705259427816848,22300.0,22300.0,1078.0,4312000.0,1.0,0.043242365468742605,5.0,20.559753172494197,38.91848028833331,0.2469817807045694,0.25388227291640464,0.02416290000110166,1.0
Hybrid GWO-ABC,224,100.0,0.0,40.25084412453423,9.749155875465767,22400.0,22400.0,1083.0,4332000.0,1.0,0.04389644764891898,5.0,22.758287746124555,45.648437080863815,0.1224744871391589,0.26097452114229625,0.022731900004146155,1.0
Hybrid GWO-ABC,225,100.0,0.0,40.20736081939415,9.792639180605853,22500.0,22500.0,1088.0,4352000.0,1.0,0.043483305140085804,5.0,21.402164709804005,45.05028269981853,0.29154759474226505,0.2818622478032111,0.02325399999972433,1.0
Hybrid GWO-ABC,226,100.0,0.0,40.16230925864309,9.837690741356909,22600.0,22600.0,1093.0,4372000.0,1.0,0.04505156075105532,5.0,27.704532355918076,51.7921675796787,0.07071067811865475,0.2823396140588697,0.02281799999764189,1.0
Hybrid GWO-ABC,227,100.0,0.0,40.11912500509028,9.880874994909718,22700.0,22700.0,1098.0,4392000.0,1.0,0.04318425355280908,5.0,19.816743630821406,44.127482215594654,0.39370039370059057,0.2883331196061052,0.02305239999986952,1.0
Hybrid GWO-ABC,228,100.0,0.0,40.07368550378432,9.926314496215682,22800.0,22800.0,1102.0,4408000.0,1.0,0.04543950130596386,4.0,28.95774299070469,55.870059941091625,0.0282842712474619,0.3090189040905199,0.027145000000018626,1.0
Hybrid GWO-ABC,229,100.0,0.0,40.030287339694006,9.969712660305994,22900.0,22900.0,1107.0,4428000.0,1.0,0.04339816409031272,5.0,21.258128669554747,29.607438402795697,0.30495901363953815,0.23506125280117351,0.023797499998181593,1.0
Hybrid GWO-ABC,230,100.0,0.0,39.98624330442237,10.013756695577626,23000.0,23000.0,1111.0,4444000.0,1.0,0.044044035271632254,4.0,24.574987268208094,20.763410763845474,0.07483314773547883,0.19978105577142824,0.023627300004591234,1.0
Hybrid GWO-ABC,231,100.0,0.0,39.94264046660631,10.057359533393686,23100.0,23100.0,1115.0,4460000.0,1.0,0.04360283781606,4.0,21.267724684568545,44.04950616553365,0.0282842712474619,0.25970541239972844,0.025625000002037268,1.0
Hybrid GWO-ABC,232,100.0,0.0,39.89942194092452,10.100578059075481,23200.0,23200.0,1120.0,4480000.0,1.0,0.04321852568179452,5.0,20.125288581662446,36.383546159083004,0.21447610589527216,0.23810322367411502,0.02348319999873638,1.0
Hybrid GWO-ABC,233,100.0,0.0,39.85608811300518,10.143911886994822,23300.0,23300.0,1126.0,4504000.0,1.0,0.043333827919340706,6.0,21.249907590943216,35.137836075818676,0.066332495807108,0.2362495785899918,0.02837839999847347,1.0
Hybrid GWO-ABC,234,100.0,0.0,39.81334689955135,10.186653100448652,23400.0,23400.0,1131.0,4524000.0,1.0,0.042741213453830085,5.0,18.045259858561625,29.532270919651296,0.18708286933869706,0.20957195671068762,0.023650400005863048,1.0
Hybrid GWO-ABC,235,100.0,0.0,39.76990845463601,10.23009154536399,23500.0,23500.0,1136.0,4544000.0,1.0,0.04343844491533844,5.0,21.68263026020911,30.027537742235904,0.2345207879911715,0.22625942252475048,0.02329219999955967,1.0
Hybrid GWO-ABC,236,100.0,0.0,39.72685884602871,10.273141153971288,23600.0,23600.0,1141.0,4564000.0,1.0,0.043049608607297785,5.0,20.29116693009165,30.52610130817095,0.1414213562373095,0.21073357045882074,0.023434499998984393,1.0
Hybrid GWO-ABC,237,100.0,0.0,39.68388957654072,10.316110423459278,23700.0,23700.0,1146.0,4584000.0,1.0,0.0429692694879904,5.0,18.682773305139932,38.908534931549895,0.18439088914585774,0.24068458115171912,0.02298030000383733,1.0
Hybrid GWO-ABC,238,100.0,0.0,39.640376256202956,10.359623743797044,23800.0,23800.0,1151.0,4604000.0,1.0,0.043513320337766004,5.0,21.145788138053934,43.68725497984801,0.054772255750516606,0.2416229876498153,0.028965699995751493,1.0
Hybrid GWO-ABC,239,100.0,0.0,39.59691448595144,10.403085514048563,23900.0,23900.0,1156.0,4624000.0,1.0,0.04346177025151832,5.0,21.53326677346428,40.355732860885354,0.054772255750516606,0.23196311377723036,0.02381969999987632,1.0
Hybrid GWO-ABC,240,100.0,0.0,39.55372422513737,10.446275774862627,24000.0,24000.0,1161.0,4644000.0,1.0,0.04319026081406463,5.0,20.52789289848524,41.405494523435955,0.20248456731316583,0.2554364888202813,0.02447799999936251,1.0
Hybrid GWO-ABC,241,100.0,0.0,39.50991843434213,10.490081565657867,24100.0,24100.0,1166.0,4664000.0,1.0,0.04380579079523983,5.0,22.664061237833373,45.082110913421964,0.11832159566199232,0.25923214123003324,0.023056799996993504,1.0
Hybrid GWO-ABC,242,100.0,0.0,39.465779098866406,10.534220901133594,24200.0,24200.0,1171.0,4684000.0,1.0,0.04413933547572668,5.0,25.579367565013207,28.73414956152299,0.151657508881031,0.21864545786341133,0.03231670000241138,1.0
Hybrid GWO-ABC,243,100.0,0.0,39.42250103805266,10.577498961947342,24300.0,24300.0,1176.0,4704000.0,1.0,0.04327806081374774,5.0,21.030042971555996,35.29238437593092,0.2607680962081059,0.24610761407549256,0.02263830000447342,1.0
Hybrid GWO-ABC,244,100.0,0.0,39.37836512695709,10.621634873042908,24400.0,24400.0,1180.0,4720000.0,1.0,0.044135911095565916,4.0,23.46277481063729,38.43065302698345,0.12961481396815722,0.26191760277423315,0.023656899997149594,1.0
Hybrid GWO-ABC,245,100.0,0.0,39.33418739934648,10.665812600653517,24500.0,24500.0,1183.0,4732000.0,1.0,0.04417772761060945,3.0,23.20910956612771,29.72821123649979,0.05099019513592785,0.24230273664083568,0.023546900003566407,1.0
Hybrid GWO-ABC,246,100.0,0.0,39.29087269530069,10.709127304699308,24600.0,24600.0,1188.0,4752000.0,1.0,0.043314704045791075,5.0,20.548486296054055,36.71772219149318,0.14832396974191325,0.23303776269155624,0.02530560000013793,1.0
Hybrid GWO-ABC,247,100.0,0.0,39.24563837731144,10.754361622688563,24700.0,24700.0,1193.0,4772000.0,1.0,0.045234317989255146,5.0,27.67110333598858,48.60637438579362,0.15811388300841897,0.2865283980652913,0.029370900003414135,1.0
Hybrid GWO-ABC,248,100.0,0.0,39.20173733852085,10.79826266147915,24800.0,24800.0,1197.0,4788000.0,1.0,0.04390103879058671,4.0,23.371286660882095,32.20201419497562,0.0938083151964686,0.2369342822506062,0.024744900001678616,1.0
Hybrid GWO-ABC,249,100.0,0.0,39.15838918555136,10.841610814448643,24900.0,24900.0,1202.0,4808000.0,1.0,0.043348152969493015,5.0,20.72899372320211,35.49374286807877,0.19235384061671346,0.23627461072702283,0.029066900002362672,1.0
Hybrid GWO-ABC,250,100.0,0.0,39.11523013204222,10.884769867957779,25000.0,25000.0,1207.0,4828000.0,1.0,0.04315905350913596,5.0,20.383110164918293,32.50117670745574,0.151657508881031,0.21993237171195695,0.024793499993393198,1.0
Hybrid GWO-ABC,251,100.0,0.0,39.07133790472109,10.92866209527891,25100.0,25100.0,1212.0,4848000.0,1.0,0.043892227321130406,5.0,23.184878714353562,41.43155926005508,0.303315017762062,0.2774963668074736,0.02695310000126483,1.0
Hybrid GWO-ABC,252,100.0,0.0,39.02715036732363,10.972849632676372,25200.0,25200.0,1217.0,4868000.0,1.0,0.044187537397462506,5.0,23.805218577936767,50.808395119793246,0.3346640106136302,0.3102742494434608,0.02538720000302419,1.0
Hybrid GWO-ABC,253,100.0,0.0,38.98306544233774,11.01693455766226,25300.0,25300.0,1222.0,4888000.0,1.0,0.04408492498588856,5.0,25.298692415517884,20.643864809090765,0.2,0.2005619417217147,0.029767899999569636,1.0
Hybrid GWO-ABC,254,100.0,0.0,38.939483807715625,11.060516192284375,25400.0,25400.0,1227.0,4908000.0,1.0,0.04358163462211451,5.0,21.10306098627917,44.21041185492932,0.18165902124584948,0.2595060051474473,0.024179699998057913,1.0
Hybrid GWO-ABC,255,100.0,0.0,38.896118164566765,11.103881835433235,25500.0,25500.0,1232.0,4928000.0,1.0,0.043365643148860045,5.0,21.212536269430213,35.87450111921063,0.372827037646145,0.26512642623029437,0.02697949999856064,1.0
Hybrid GWO-ABC,256,100.0,0.0,38.85340920197055,11.14659079802945,25600.0,25600.0,1237.0,4948000.0,1.0,0.04270896259621537,5.0,17.380848535367996,37.26580480667775,0.12649110640673517,0.224448622101236,0.02861989999655634,1.0
Hybrid GWO-ABC,257,100.0,0.0,38.80987655198268,11.190123448017317,25700.0,25700.0,1242.0,4968000.0,1.0,0.04353264998786699,5.0,21.506103422515935,34.57167429303108,0.16431676725154984,0.23059026077542286,0.02613750000455184,1.0
Hybrid GWO-ABC,258,100.0,0.0,38.76695451246231,11.233045487537687,25800.0,25800.0,1247.0,4988000.0,1.0,0.04292203952036999,5.0,19.173738822795343,33.11697896033438,0.20976176963403032,0.22763276899311413,0.02874800000427058,1.0
Hybrid GWO-ABC,259,100.0,0.0,38.72383290897566,11.276167091024341,25900.0,25900.0,1252.0,5008000.0,1.0,0.043121603486653726,5.0,19.91348868574754,32.31775766827976,0.15491933384829668,0.2185952892852167,0.027269099999102764,1.0
Hybrid GWO-ABC,260,100.0,0.0,38.681157080387244,11.318842919612756,26000.0,26000.0,1257.0,5028000.0,1.0,0.04267582858841479,5.0,17.642421546074505,34.275028384105845,0.08366600265340755,0.2093007352075966,0.02808950000326149,1.0
Hybrid GWO-ABC,261,100.0,0.0,38.63674028048667,11.36325971951333,26100.0,26100.0,1262.0,5048000.0,1.0,0.04441679990057423,5.0,25.01812875266081,52.82412233955573,0.08944271909999159,0.2814256116132212,0.028219599997100886,1.0
Hybrid GWO-ABC,262,100.0,0.0,38.592999887859946,11.407000112140054,26200.0,26200.0,1267.0,5068000.0,1.0,0.04374039262672369,5.0,22.60790289959915,41.134743262664806,0.08366600265340755,0.2405350953723855,0.027445300002000295,1.0
Hybrid GWO-ABC,263,100.0,0.0,38.54915221248999,11.450847787510007,26300.0,26300.0,1272.0,5088000.0,1.0,0.043847675369953265,5.0,22.884718930176174,47.724900075271805,0.1,0.26478564382059155,0.02392439999675844,1.0
Hybrid GWO-ABC,264,100.0,0.0,38.505679766525056,11.494320233474944,26400.0,26400.0,1277.0,5108000.0,1.0,0.04347244596493738,5.0,21.695982307559547,42.71012015263135,0.07071067811865475,0.2403114417200339,0.0280925000042771,1.0
Hybrid GWO-ABC,265,100.0,0.0,38.46224943625198,11.53775056374802,26500.0,26500.0,1282.0,5128000.0,1.0,0.04343033027307541,5.0,21.48827915376456,30.706579766236892,0.26267851073127396,0.23215817752165138,0.02837369999906514,1.0
Hybrid GWO-ABC,266,100.0,0.0,38.4182877516919,11.5817122483081,26600.0,26600.0,1285.0,5140000.0,1.0,0.04396168456008098,3.0,22.39608311265695,32.08894669916399,0.11045361017187261,0.2561165952723395,0.0271126000006916,1.0
Hybrid GWO-ABC,267,100.0,0.0,38.37463540380471,11.62536459619529,26700.0,26700.0,1290.0,5160000.0,1.0,0.04365234788718908,5.0,22.3592564927081,33.7394810025565,0.1140175425099138,0.2214401704239134,0.028365400001348462,1.0
Hybrid GWO-ABC,268,100.0,0.0,38.33100464675535,11.668995353244647,26800.0,26800.0,1295.0,5180000.0,1.0,0.043630757049356816,5.0,21.451674163573145,49.995994812284366,0.15491933384829668,0.27580448477476793,0.024049100000411272,1.0
Hybrid GWO-ABC,269,100.0,0.0,38.28650796813717,11.713492031862828,26900.0,26900.0,1298.0,5192000.0,1.0,0.04449667861818085,3.0,25.20719354162733,35.5975616513017,0.03741657386773941,0.2626115977316685,0.028272399998968467,1.0
Hybrid GWO-ABC,270,100.0,0.0,38.24150664339084,11.758493356609158,27000.0,27000.0,1301.0,5204000.0,1.0,0.04500132474633034,3.0,27.848185966948105,14.842400851720656,0.07071067811865474,0.20760106245393375,0.02480410000134725,1.0
Hybrid GWO-ABC,271,100.0,0.0,38.19846926044701,11.801530739552987,27100.0,27100.0,1306.0,5224000.0,1.0,0.04303738294382953,5.0,19.441824429048893,33.45143363408749,0.14832396974191325,0.21972235797301853,0.028436799999326468,1.0
Hybrid GWO-ABC,272,100.0,0.0,38.15537493869159,11.844625061308413,27200.0,27200.0,1311.0,5244000.0,1.0,0.043094321755425824,5.0,19.327748964181716,44.38767384787249,0.23874672772626643,0.266342834264027,0.025124500003585126,1.0
Hybrid GWO-ABC,273,100.0,0.0,38.11171737734848,11.888282622651523,27300.0,27300.0,1316.0,5264000.0,1.0,0.043657561343110274,5.0,21.878762395262264,39.794657764598625,0.151657508881031,0.2460193269330609,0.027667599999404047,1.0
Hybrid GWO-ABC,274,100.0,0.0,38.0685137536029,11.9314862463971,27400.0,27400.0,1321.0,5284000.0,1.0,0.04320362374557618,5.0,19.94750442465931,40.91553314406069,0.19493588689617927,0.25055399021629626,0.02924920000077691,1.0
Hybrid GWO-ABC,275,100.0,0.0,38.02541865394872,11.97458134605128,27500.0,27500.0,1326.0,5304000.0,1.0,0.04309509965418101,5.0,19.25972543629949,35.17242687739722,0.21447610589527216,0.2351307692810255,0.02762549999897601,1.0
Hybrid GWO-ABC,276,100.0,0.0,37.98048815611624,12.019511843883762,27600.0,27600.0,1329.0,5316000.0,1.0,0.04493049783248182,3.0,25.97839401883355,26.826116693765567,0.07483314773547882,0.2429656492376707,0.023458099996787496,1.0
Hybrid GWO-ABC,277,100.0,0.0,37.93619073124661,12.063809268753388,27700.0,27700.0,1334.0,5336000.0,1.0,0.044297424869625956,5.0,24.319469794408565,47.54795161103077,0.1,0.26327985326004977,0.02851869999722112,1.0
Hybrid GWO-ABC,278,100.0,0.0,37.89297088215377,12.107029117846231,27800.0,27800.0,1339.0,5356000.0,1.0,0.04321984909284282,5.0,20.00429958877274,35.349235810648494,0.07071067811865475,0.21561043540467717,0.02354179999383632,1.0
Hybrid GWO-ABC,279,100.0,0.0,37.84959630922818,12.150403690771817,27900.0,27900.0,1344.0,5376000.0,1.0,0.04337457292558611,5.0,21.44597055330111,30.63289966032271,0.1140175425099138,0.21018085402822045,0.02346419999958016,1.0
Hybrid GWO-ABC,280,100.0,0.0,37.806600851315025,12.193399148684975,28000.0,28000.0,1349.0,5396000.0,1.0,0.04299545791315751,5.0,19.355748436253315,29.651278414007,0.1140175425099138,0.2026538951845919,0.023031800003082026,1.0
Hybrid GWO-ABC,281,100.0,0.0,37.763060755412525,12.236939244587475,28100.0,28100.0,1354.0,5416000.0,1.0,0.0435400959025003,5.0,21.901957830734872,34.17150886033302,0.08944271909999159,0.21889582909623595,0.023530600003141444,1.0
Hybrid GWO-ABC,282,100.0,0.0,37.71987116143634,12.280128838563662,28200.0,28200.0,1359.0,5436000.0,1.0,0.04318959397618727,5.0,20.71839276599072,32.303972767976404,0.24899799195977462,0.2342225101160999,0.023235699998622295,1.0
Hybrid GWO-ABC,283,100.0,0.0,37.67590311469576,12.324096885304243,28300.0,28300.0,1364.0,5456000.0,1.0,0.043968046740580746,5.0,23.750621115081785,47.37776975273092,0.09486832980505137,0.26574336466170473,0.02795719999994617,1.0
Hybrid GWO-ABC,284,100.0,0.0,37.631940544529456,12.368059455470544,28400.0,28400.0,1369.0,5476000.0,1.0,0.04396257016630045,5.0,23.766648120852206,38.945927460606725,0.03162277660168379,0.22972940272229814,0.027126399996632244,1.0
Hybrid GWO-ABC,285,100.0,0.0,37.588784901730946,12.411215098269054,28500.0,28500.0,1374.0,5496000.0,1.0,0.04315564279851003,5.0,19.773234545877788,39.53344704053353,0.3286335345030997,0.26700842794849944,0.024323500001628418,1.0
Hybrid GWO-ABC,286,100.0,0.0,37.545690410559104,12.454309589440896,28600.0,28600.0,1379.0,5516000.0,1.0,0.04309449117184272,5.0,19.394949077115953,44.800480607608,0.1224744871391589,0.25261628265749664,0.0232389000011608,1.0
Hybrid GWO-ABC,287,100.0,0.0,37.502743788703,12.497256211297,28700.0,28700.0,1384.0,5536000.0,1.0,0.042946621856103206,5.0,18.830471384468897,42.01377932678602,0.22135943621178655,0.25733126429237685,0.024140100002114195,1.0
Hybrid GWO-ABC,288,100.0,0.0,37.45905898420676,12.540941015793237,28800.0,28800.0,1389.0,5556000.0,1.0,0.04368480449623746,5.0,22.638411856812514,43.01591403720012,0.13038404810405296,0.2514179085889824,0.02823989999887999,1.0
Hybrid GWO-ABC,289,100.0,0.0,37.41526966130864,12.584730338691358,28900.0,28900.0,1394.0,5576000.0,1.0,0.043789322898120986,5.0,22.73396483733153,40.831168630511854,0.303315017762062,0.2732773546474713,0.024026400002185255,1.0
Hybrid GWO-ABC,290,100.0,0.0,37.37019848814117,12.62980151185883,29000.0,29000.0,1397.0,5588000.0,1.0,0.04507117316747156,3.0,28.011079965190426,22.016305725948214,0.014142135623730949,0.22359832464264642,0.02548689999821363,1.0
Hybrid GWO-ABC,291,100.0,0.0,37.324561970000836,12.675438029999164,29100.0,29100.0,1402.0,5608000.0,1.0,0.045636518140334204,5.0,30.21629727170683,54.18941298946279,0.1140175425099138,0.3012008910035606,0.02365109999664128,1.0
Hybrid GWO-ABC,292,100.0,0.0,37.279371259882964,12.720628740117036,29200.0,29200.0,1406.0,5624000.0,1.0,0.0451907101178719,4.0,27.781772843073117,54.911513799640645,0.0632455532033676,0.3116903744737455,0.029373999997915234,1.0
Hybrid GWO-ABC,293,100.0,0.0,37.235714139705685,12.764285860294315,29300.0,29300.0,1411.0,5644000.0,1.0,0.043657120177279296,5.0,22.024406170384857,45.97393544815965,0.1140175425099138,0.26024751065486007,0.027416199998697266,1.0
Hybrid GWO-ABC,294,100.0,0.0,37.19167758782779,12.80832241217221,29400.0,29400.0,1415.0,5660000.0,1.0,0.04403655187789468,4.0,23.603788118093217,37.89434872255402,0.04,0.24844620757045538,0.024166700000932906,1.0
Hybrid GWO-ABC,295,100.0,0.0,37.14874213465127,12.851257865348728,29500.0,29500.0,1420.0,5680000.0,1.0,0.04293545317651848,5.0,18.08720859024816,44.91730023951654,0.17888543819998318,0.25750933476588167,0.024241500002972316,1.0
Hybrid GWO-ABC,296,100.0,0.0,37.10532359452788,12.894676405472119,29600.0,29600.0,1425.0,5700000.0,1.0,0.043418540123390414,5.0,20.747585232366074,41.294344722252276,0.10488088481701516,0.24097165245034324,0.02331889999913983,1.0
Hybrid GWO-ABC,297,100.0,0.0,37.06254393185605,12.937456068143952,29700.0,29700.0,1430.0,5720000.0,1.0,0.04277966267183331,5.0,17.770684965868945,36.812477779721405,0.07745966692414834,0.21802199026846103,0.027663099994242657,1.0
Hybrid GWO-ABC,298,100.0,0.0,37.018903470935335,12.981096529064665,29800.0,29800.0,1435.0,5740000.0,1.0,0.04364046092071305,5.0,21.917299927128468,34.807091350554074,0.17606816861659008,0.2355297332993582,0.023704699997324497,1.0
Hybrid GWO-ABC,299,100.0,0.0,36.97543230333234,13.02456769666766,29900.0,29900.0,1440.0,5760000.0,1.0,0.043471167602994853,5.0,22.073410955949726,22.86265299633714,0.13038404810405296,0.1910823608922327,0.02472950000083074,1.0
Hybrid GWO-ABC,300,100.0,0.0,36.93177684302286,13.06822315697714,30000.0,30000.0,1444.0,5776000.0,1.0,0.04365546030948053,4.0,22.30846724594899,22.022252781981063,0.15748015748023622,0.21314839295434274,0.0231426999962423,1.0
Hybrid GWO-ABC,301,100.0,0.0,36.88847157488784,13.111528425112162,30100.0,30100.0,1449.0,5796000.0,1.0,0.04330526813502189,5.0,21.219358538006297,29.566915785184754,0.06324555320336758,0.2004815707012905,0.022917500005860347,1.0
Hybrid GWO-ABC,302,100.0,0.0,36.84503262076097,13.154967379239032,30200.0,30200.0,1454.0,5816000.0,1.0,0.043438954126870044,5.0,21.61615626733194,40.339660523133716,0.06324555320336758,0.23554979376252472,0.027994000003673136,1.0
Hybrid GWO-ABC,303,100.0,0.0,36.80182157492087,13.198178425079128,30300.0,30300.0,1459.0,5836000.0,1.0,0.04321104584009561,5.0,20.725280371035893,34.676761779495045,0.054772255750516606,0.2144545381625129,0.022754300000087824,1.0
Hybrid GWO-ABC,304,100.0,0.0,36.75875145108523,13.241248548914768,30400.0,30400.0,1464.0,5856000.0,1.0,0.04307012383564057,5.0,19.51418951393182,36.8133207168656,0.24289915602982237,0.24690138828273903,0.022871900000609457,1.0
Hybrid GWO-ABC,305,100.0,0.0,36.71562903358238,13.284370966417619,30500.0,30500.0,1469.0,5876000.0,1.0,0.043122417502850396,5.0,19.91245079047092,33.24260892967671,0.08366600265340755,0.21272381330766707,0.023362800005997997,1.0
Hybrid GWO-ABC,306,100.0,0.0,36.672857843809325,13.327142156190675,30600.0,30600.0,1474.0,5896000.0,1.0,0.04277118977305605,5.0,17.490753116441983,34.85144905861947,0.24899799195977462,0.23750331373654196,0.022563400001672562,1.0
Hybrid GWO-ABC,307,100.0,0.0,36.629054550353324,13.370945449646676,30700.0,30700.0,1479.0,5916000.0,1.0,0.04380329345600131,5.0,23.229365865219687,45.55952774238813,0.044721359549995794,0.25323396576029256,0.023330000003625173,1.0
Hybrid GWO-ABC,308,100.0,0.0,36.58517922401471,13.41482077598529,30800.0,30800.0,1484.0,5936000.0,1.0,0.043875326338614684,5.0,22.62353592252266,51.420700019934756,0.08944271909999159,0.2748805294499078,0.022471600001154002,1.0
Hybrid GWO-ABC,309,100.0,0.0,36.54206995561957,13.457930044380433,30900.0,30900.0,1489.0,5956000.0,1.0,0.04310926839514195,5.0,19.643001813686663,39.81614327822094,0.07071067811865475,0.23122488505020744,0.022420099994633347,1.0
Hybrid GWO-ABC,310,100.0,0.0,36.49830290969616,13.501697090303843,31000.0,31000.0,1494.0,5976000.0,1.0,0.04376704592340985,5.0,22.06847348141506,42.7526881449194,0.18708286933869706,0.26203672866701105,0.023279099994397257,1.0
Hybrid GWO-ABC,311,100.0,0.0,36.453947881878285,13.546052118121715,31100.0,31100.0,1497.0,5988000.0,1.0,0.04435502781787193,3.0,23.81886642852826,35.12608594602047,0.13490737563232041,0.27601727526279696,0.02348399999755202,1.0
Hybrid GWO-ABC,312,100.0,0.0,36.40900723654169,13.59099276345831,31200.0,31200.0,1502.0,6008000.0,1.0,0.04494064533659525,5.0,26.822043663575094,55.145701371108046,0.161245154965971,0.3052287939933107,0.029561800001829397,1.0
Hybrid GWO-ABC,313,100.0,0.0,36.36399258899018,13.636007411009821,31300.0,31300.0,1507.0,6028000.0,1.0,0.04501464755151119,5.0,25.98963830494685,39.22754724184897,0.18165902124584948,0.25911950963045216,0.024928799997724127,1.0
Hybrid GWO-ABC,314,100.0,0.0,36.3191731407422,13.680826859257799,31400.0,31400.0,1512.0,6048000.0,1.0,0.04481944824797779,5.0,26.473418439458936,50.44188986332706,0.3178049716414141,0.3123168035007797,0.023881000000983477,1.0
Hybrid GWO-ABC,315,100.0,0.0,36.27636695337963,13.723633046620371,31500.0,31500.0,1517.0,6068000.0,1.0,0.042806187362572246,5.0,17.65841619309322,42.63086906053907,0.10488088481701516,0.2408492111950532,0.02416100000118604,1.0
Hybrid GWO-ABC,316,100.0,0.0,36.23362585762416,13.766374142375838,31600.0,31600.0,1522.0,6088000.0,1.0,0.04274109575546703,5.0,18.05314955934285,34.88432518858726,0.15811388300841897,0.225014100021086,0.023465400001441594,1.0
Hybrid GWO-ABC,317,100.0,0.0,36.190388052733944,13.809611947266056,31700.0,31700.0,1527.0,6108000.0,1.0,0.043237804890218,5.0,21.652213278317806,27.93444139746625,0.054772255750516606,0.19519566463552127,0.030479499997454695,1.0
Hybrid GWO-ABC,318,100.0,0.0,36.14758691766883,13.852413082331168,31800.0,31800.0,1532.0,6128000.0,1.0,0.04280113506511185,5.0,18.212297416227567,30.85446058222726,0.19235384061671346,0.21782484980054778,0.023179799994977657,1.0
Hybrid GWO-ABC,319,100.0,0.0,36.10479049488171,13.895209505118288,31900.0,31900.0,1537.0,6148000.0,1.0,0.042796422787120036,5.0,17.81029379983992,39.01519794637234,0.1341640786499874,0.23429262241825657,0.02246680000098422,1.0
Hybrid GWO-ABC,320,100.0,0.0,36.061610884893426,13.938389115106574,32000.0,32000.0,1542.0,6168000.0,1.0,0.04317960998828596,5.0,20.342118000439843,31.653112185950647,0.2280350850198276,0.23051559725257667,0.02615660000446951,1.0
Hybrid GWO-ABC,321,100.0,0.0,36.016894784863034,13.983105215136966,32100.0,32100.0,1547.0,6188000.0,1.0,0.04471610003039217,5.0,27.329702768672973,30.76856087923785,0.03162277660168379,0.21371285858226197,0.02188860000023851,1.0
Hybrid GWO-ABC,322,100.0,0.0,35.97334613411403,14.026653865885969,32200.0,32200.0,1552.0,6208000.0,1.0,0.043548650749002604,5.0,22.4132715807373,38.59854081444859,0.170293863659264,0.24850246800540557,0.027774399997724686,1.0
Hybrid GWO-ABC,323,100.0,0.0,35.93019904543001,14.069800954569992,32300.0,32300.0,1557.0,6228000.0,1.0,0.04314708868402306,5.0,19.7810613112998,31.605257494251028,0.11832159566199232,0.21297757499771805,0.0231327000001329,1.0
Hybrid GWO-ABC,324,100.0,0.0,35.88600391737393,14.113996082626073,32400.0,32400.0,1562.0,6248000.0,1.0,0.0441951280560815,5.0,25.703058511569076,19.029828497610964,0.1140175425099138,0.18533752580067442,0.022344500001054257,1.0
Hybrid GWO-ABC,325,100.0,0.0,35.84205574232084,14.157944257679162,32500.0,32500.0,1567.0,6268000.0,1.0,0.04394817505308879,5.0,24.10858706851901,31.997290421560855,0.18165902124584948,0.2332266976107643,0.022354599997925106,1.0
Hybrid GWO-ABC,326,100.0,0.0,35.799051794808165,14.200948205191835,32600.0,32600.0,1572.0,6288000.0,1.0,0.043003947512673335,5.0,19.24130578476786,41.56668502364233,0.1140175425099138,0.24301079657346036,0.02434489999723155,1.0
Hybrid GWO-ABC,327,100.0,0.0,35.755809619956445,14.244190380043555,32700.0,32700.0,1577.0,6308000.0,1.0,0.043242174851719994,5.0,20.358172620723956,36.24085306061563,0.2607680962081059,0.25052909258415135,0.025720799996634014,1.0
Hybrid GWO-ABC,328,100.0,0.0,35.71268493568741,14.287315064312587,32800.0,32800.0,1582.0,6328000.0,1.0,0.04312468426903138,5.0,18.8239469181657,46.79426699275895,0.17320508075688773,0.2675328900083027,0.022811899994849227,1.0
Hybrid GWO-ABC,329,100.0,0.0,35.6693716185634,14.330628381436597,32900.0,32900.0,1587.0,6348000.0,1.0,0.0433133171240101,5.0,20.161051423203855,38.95336239282002,0.18165902124584948,0.24723506459387046,0.023327599999902304,1.0
Hybrid GWO-ABC,330,100.0,0.0,35.62526317406223,14.374736825937767,33000.0,33000.0,1591.0,6364000.0,1.0,0.044108444501169686,4.0,23.65330642327254,36.7632458307616,0.06928203230275509,0.2508914928245299,0.022623600001679733,1.0
Hybrid GWO-ABC,331,100.0,0.0,35.57910696379333,14.420893036206671,33100.0,33100.0,1593.0,6372000.0,1.0,0.046156210268904374,2.0,30.197853774969882,24.843205827347457,0.08,0.2701396457803162,0.027407499997934792,1.0
Hybrid GWO-ABC,332,100.0,0.0,35.53516676239614,14.464833237603862,33200.0,33200.0,1598.0,6392000.0,1.0,0.04394020139719146,5.0,23.26062550291688,49.533100273539404,0.2073644135332772,0.2909036308478947,0.024000500001420733,1.0
Hybrid GWO-ABC,333,100.0,0.0,35.49195674594351,14.508043254056489,33300.0,33300.0,1603.0,6412000.0,1.0,0.04321001645262612,5.0,19.937039578681674,44.990983424122724,0.2810693864511039,0.2801006132080786,0.02288620000035735,1.0
Hybrid GWO-ABC,334,100.0,0.0,35.44828691810625,14.551713081893752,33400.0,33400.0,1608.0,6432000.0,1.0,0.04366982783726314,5.0,22.173801674063725,41.75938461887727,0.1140175425099138,0.2489847616788881,0.02350550000119256,1.0
Hybrid GWO-ABC,335,100.0,0.0,35.4050911088138,14.5949088911862,33500.0,33500.0,1613.0,6452000.0,1.0,0.04319580929244893,5.0,20.3246639713996,35.677053716745284,0.2664582518894846,0.25028010304625126,0.026829099995666184,1.0
Hybrid GWO-ABC,336,100.0,0.0,35.36135623447019,14.638643765529807,33600.0,33600.0,1618.0,6472000.0,1.0,0.04373487434360612,5.0,22.546505625732454,44.99691382741944,0.1140175425099138,0.2612597251880831,0.025149600005534012,1.0
Hybrid GWO-ABC,337,100.0,0.0,35.31848884288687,14.681511157113128,33700.0,33700.0,1623.0,6492000.0,1.0,0.042867391583321535,5.0,18.506160422855864,34.82612290480915,0.13038404810405296,0.22344037311895082,0.02277199999662116,1.0
Hybrid GWO-ABC,338,100.0,0.0,35.274865548588984,14.725134451411016,33800.0,33800.0,1628.0,6512000.0,1.0,0.04362329429788758,5.0,22.213628511607677,28.868595286597685,0.09486832980505137,0.20740357335479445,0.02331840000260854,1.0
Hybrid GWO-ABC,339,100.0,0.0,35.23213764349019,14.76786235650981,33900.0,33900.0,1633.0,6532000.0,1.0,0.04272790509879343,5.0,18.052668948577978,34.39003123199781,0.10488088481701516,0.2172905309580292,0.02395770000293851,1.0
Hybrid GWO-ABC,340,100.0,0.0,35.188462573715896,14.811537426284104,34000.0,34000.0,1638.0,6552000.0,1.0,0.04367506977429514,5.0,21.79606395111811,47.069642584403276,0.13784048752090222,0.2675718930813373,0.02340070000354899,1.0
Hybrid GWO-ABC,341,100.0,0.0,35.145414268166,14.854585731834,34100.0,34100.0,1643.0,6572000.0,1.0,0.04304830554989536,5.0,19.301888807685096,31.915974014089834,0.1140175425099138,0.2124132248690832,0.027385699999285862,1.0
Hybrid GWO-ABC,342,100.0,0.0,35.10171335686552,14.898286643134483,34200.0,34200.0,1648.0,6592000.0,1.0,0.04370091130048337,5.0,23.014564196220018,24.186093167745838,0.07071067811865475,0.18961082291032882,0.02498389999527717,1.0
Hybrid GWO-ABC,343,100.0,0.0,35.05757531054451,14.942424689455493,34300.0,34300.0,1653.0,6612000.0,1.0,0.04413804632100948,5.0,23.862561000613997,26.731927900338498,0.1,0.20416708513737752,0.023391199996694922,1.0
Hybrid GWO-ABC,344,100.0,0.0,35.01317531622757,14.986824683772433,34400.0,34400.0,1656.0,6624000.0,1.0,0.044399994316940194,3.0,25.116074278227007,19.540642454486548,0.05099019513592785,0.21680701096480245,0.02313999999751104,1.0
Hybrid GWO-ABC,345,100.0,0.0,34.97018370691618,15.029816293083819,34500.0,34500.0,1661.0,6644000.0,1.0,0.042991609311386014,5.0,19.106258788378632,32.01928836521181,0.20248456731316583,0.2260047514423646,0.026891599998634774,1.0
Hybrid GWO-ABC,346,100.0,0.0,34.92645875049744,15.073541249502561,34600.0,34600.0,1666.0,6664000.0,1.0,0.04372495641874252,5.0,22.049978032725242,35.24481352100876,0.170293863659264,0.23799713943404505,0.030324599996674806,1.0
Hybrid GWO-ABC,347,100.0,0.0,34.882954511503335,15.117045488496665,34700.0,34700.0,1671.0,6684000.0,1.0,0.04350423899410316,5.0,21.85975770271788,44.249479080017345,0.044721359549995794,0.2470088275323075,0.023804399999789894,1.0
Hybrid GWO-ABC,348,100.0,0.0,34.83982559869978,15.160174401300218,34800.0,34800.0,1676.0,6704000.0,1.0,0.04312891280355302,5.0,19.09967032541188,46.538315358750175,0.216794833886788,0.2746395887553261,0.0231567000009818,1.0
Hybrid GWO-ABC,349,100.0,0.0,34.79591818940677,15.20408181059323,34900.0,34900.0,1681.0,6724000.0,1.0,0.043907409293012734,5.0,23.350027359050475,48.54679230594259,0.1,0.2725276387588717,0.023992999995243736,1.0
Hybrid GWO-ABC,350,100.0,0.0,34.75308084377956,15.246919156220443,35000.0,35000.0,1686.0,6744000.0,1.0,0.04283734562721264,5.0,17.746512079884223,42.288657954254575,0.2469817807045694,0.2613313711936828,0.02304810000350699,1.0
Hybrid GWO-ABC,351,100.0,0.0,34.708682200760826,15.291317799239174,35100.0,35100.0,1691.0,6764000.0,1.0,0.044398643018730866,5.0,24.64034978396635,51.700825524032005,0.18165902124584948,0.2955917625181991,0.027084000001195818,1.0
Hybrid GWO-ABC,352,100.0,0.0,34.66522342190638,15.334776578093617,35200.0,35200.0,1696.0,6784000.0,1.0,0.04345877885444338,5.0,21.50472980047407,36.989617826531386,0.054772255750516606,0.2250904408117371,0.023669199996220414,1.0
Hybrid GWO-ABC,353,100.0,0.0,34.62182158205369,15.378178417946309,35300.0,35300.0,1701.0,6804000.0,1.0,0.04340183985269164,5.0,20.41348246830992,43.99714686045796,0.24083189157584592,0.2734358034684871,0.023174399997515138,1.0
Hybrid GWO-ABC,354,100.0,0.0,34.57802674032064,15.421973259679362,35400.0,35400.0,1706.0,6824000.0,1.0,0.04379484173305315,5.0,23.169237774945156,44.00127388084373,0.33763886032268264,0.2910395282396005,0.022714600003382657,1.0
Hybrid GWO-ABC,355,100.0,0.0,34.53452940589403,15.465470594105973,35500.0,35500.0,1711.0,6844000.0,1.0,0.04349733442661119,5.0,22.38023151107664,32.13987582172861,0.2280350850198276,0.2379345257425306,0.026405099997646175,1.0
Hybrid GWO-ABC,356,100.0,0.0,34.49110953593407,15.508890464065928,35600.0,35600.0,1716.0,6864000.0,1.0,0.04341986995995484,5.0,21.167875984716325,32.794563037156664,0.18439088914585774,0.23130755226209085,0.028453500002797227,1.0
Hybrid GWO-ABC,357,100.0,0.0,34.44798960179586,15.552010398204139,35700.0,35700.0,1721.0,6884000.0,1.0,0.043119934138211136,5.0,19.55584696178359,43.27082917709986,0.15811388300841897,0.25720050684922685,0.023484099998313468,1.0
Hybrid GWO-ABC,358,100.0,0.0,34.40414937366314,15.595850626336862,35800.0,35800.0,1726.0,6904000.0,1.0,0.043840228132722814,5.0,23.06700760409586,38.3813418118807,0.2280350850198276,0.2574869396008805,0.02332860000024084,1.0
Hybrid GWO-ABC,359,100.0,0.0,34.36103329941431,15.63896670058569,35900.0,35900.0,1731.0,6924000.0,1.0,0.043116074248828795,5.0,19.649789647749877,39.60747851022565,0.044721359549995794,0.2288187569398532,0.02277719999983674,1.0
Hybrid GWO-ABC,360,100.0,0.0,34.31758278717705,15.682417212822948,36000.0,36000.0,1736.0,6944000.0,1.0,0.043450512237257044,5.0,22.373808148122976,22.263670031978027,0.054772255750516606,0.18120428919930953,0.029993399999511894,1.0
Hybrid GWO-ABC,361,100.0,0.0,34.27331800785585,15.726681992144151,36100.0,36100.0,1740.0,6960000.0,1.0,0.04426477932120321,4.0,23.952205652379646,28.14150828778527,0.11661903789690602,0.23306261832278774,0.022790800001530442,1.0
Hybrid GWO-ABC,362,100.0,0.0,34.23016562680579,15.769834373194207,36200.0,36200.0,1745.0,6980000.0,1.0,0.043152381050056476,5.0,20.309029248518087,32.72906146588191,0.08366600265340755,0.21445624979669886,0.024008000000321772,1.0
Hybrid GWO-ABC,363,100.0,0.0,34.18626423098101,15.81373576901899,36300.0,36300.0,1750.0,7000000.0,1.0,0.043901395824782696,5.0,22.686144258087,45.60013058289438,0.1414213562373095,0.2659352985266699,0.023080200000549667,1.0
Hybrid GWO-ABC,364,100.0,0.0,34.142563662343235,15.857436337656765,36400.0,36400.0,1755.0,7020000.0,1.0,0.043700568637774495,5.0,22.534181214347395,28.677044340562674,0.10954451150103321,0.20920181419929224,0.024340899995877407,1.0
Hybrid GWO-ABC,365,100.0,0.0,34.099484958433614,15.900515041566386,36500.0,36500.0,1760.0,7040000.0,1.0,0.04307870390962165,5.0,18.87284767350916,40.50823754584992,0.3082207001484488,0.2684765386373722,0.025101400002313312,1.0
Hybrid GWO-ABC,366,100.0,0.0,34.05605412106844,15.943945878931558,36600.0,36600.0,1765.0,7060000.0,1.0,0.043430837365171726,5.0,20.548477482070698,47.94269141687035,0.25099800796022265,0.2869319550071224,0.024457300001813564,1.0
Hybrid GWO-ABC,367,100.0,0.0,34.01205977650422,15.987940223495777,36700.0,36700.0,1770.0,7080000.0,1.0,0.04399434456421858,5.0,23.386137518513504,44.93075150542892,0.07745966692414834,0.25810068599366287,0.023528700003225822,1.0
Hybrid GWO-ABC,368,100.0,0.0,33.96907887552801,16.030921124471988,36800.0,36800.0,1775.0,7100000.0,1.0,0.04298090097621099,5.0,18.53697323434023,42.52884928158902,0.216794833886788,0.2609622742589396,0.023546799995529,1.0
Hybrid GWO-ABC,369,100.0,0.0,33.923527987321236,16.076472012678764,36900.0,36900.0,1779.0,7116000.0,1.0,0.04555088820677611,4.0,29.20997378521422,46.29329472606297,0.0848528137423857,0.2967671792625616,0.023359000006166752,1.0
Hybrid GWO-ABC,370,100.0,0.0,33.879667619757875,16.120332380242125,37000.0,37000.0,1784.0,7136000.0,1.0,0.043860367563361535,5.0,21.80324385930866,40.51630352509472,0.20248456731316583,0.2599185498178374,0.028514999998151325,1.0
Hybrid GWO-ABC,371,100.0,0.0,33.83666830437204,16.16333169562796,37100.0,37100.0,1789.0,7156000.0,1.0,0.04299931538583479,5.0,18.676139613487567,37.894844130075185,0.2810693864511039,0.25478005416196936,0.039593699999386445,1.0
Hybrid GWO-ABC,372,100.0,0.0,33.79370144744462,16.20629855255538,37200.0,37200.0,1794.0,7176000.0,1.0,0.042966856927421304,5.0,19.206423419076312,33.926436379883135,0.20248456731316583,0.23331222935361673,0.02576730000146199,1.0
Hybrid GWO-ABC,373,100.0,0.0,33.749391393759815,16.250608606240185,37300.0,37300.0,1799.0,7196000.0,1.0,0.04431005368480356,5.0,24.160540723499572,50.041930544946645,0.10488088481701516,0.2759344170515178,0.02618369999981951,1.0
Hybrid GWO-ABC,374,100.0,0.0,33.70589624733838,16.29410375266162,37400.0,37400.0,1804.0,7216000.0,1.0,0.04349514642143504,5.0,21.719599642926394,31.94672937543096,0.322490309931942,0.2492312889438863,0.02723629999672994,1.0
Hybrid GWO-ABC,375,100.0,0.0,33.662549367525685,16.337450632474315,37500.0,37500.0,1809.0,7236000.0,1.0,0.04334687981269525,5.0,20.920465791942792,42.98204181173979,0.17888543819998318,0.26096570457264867,0.02384899999742629,1.0
Hybrid GWO-ABC,376,100.0,0.0,33.6192412368536,16.380758763146403,37600.0,37600.0,1814.0,7256000.0,1.0,0.04330813067208794,5.0,20.621608346745326,37.83967091113235,0.16431676725154984,0.23990974523456962,0.026718900000560097,1.0
Hybrid GWO-ABC,377,100.0,0.0,33.57591564192496,16.424084358075042,37700.0,37700.0,1819.0,7276000.0,1.0,0.04332559492863908,5.0,21.452131593748188,34.075256088683176,0.19235384061671346,0.2360623130470404,0.02483869999559829,1.0
Hybrid GWO-ABC,378,100.0,0.0,33.53240957052673,16.46759042947327,37800.0,37800.0,1824.0,7296000.0,1.0,0.04350607139822671,5.0,21.408713300206532,42.75709287691119,0.20493901531919198,0.2643344393140825,0.023085900000296533,1.0
Hybrid GWO-ABC,379,100.0,0.0,33.488174715627665,16.511825284372335,37900.0,37900.0,1829.0,7316000.0,1.0,0.044234854899066534,5.0,25.983076390345957,22.343326370759115,0.2,0.2100498542633643,0.027309299999615178,1.0
Hybrid GWO-ABC,380,100.0,0.0,33.44522287872238,16.554777121277617,38000.0,38000.0,1834.0,7336000.0,1.0,0.04295183690528148,5.0,18.933303877217597,37.40921758177573,0.07745966692414834,0.22406093656221032,0.023600100001203828,1.0
Hybrid GWO-ABC,381,100.0,0.0,33.4004116216827,16.5995883783173,38100.0,38100.0,1839.0,7356000.0,1.0,0.04481125703968303,5.0,26.713535590289943,43.204413412584266,0.11832159566199232,0.2661764859087733,0.02387050000106683,1.0
Hybrid GWO-ABC,382,100.0,0.0,33.35709371021731,16.642906289782687,38200.0,38200.0,1844.0,7376000.0,1.0,0.04331791146538677,5.0,20.824363438845594,34.18362830288337,0.22135943621178655,0.23983373362945132,0.02285459999984596,1.0
Hybrid GWO-ABC,383,100.0,0.0,33.31365242338246,16.686347576617543,38300.0,38300.0,1849.0,7396000.0,1.0,0.04344128683485593,5.0,22.051009584352784,30.866712633460885,0.1224744871391589,0.21712317324313116,0.02762100000109058,1.0
Hybrid GWO-ABC,384,100.0,0.0,33.27043013564474,16.729569864355263,38400.0,38400.0,1854.0,7416000.0,1.0,0.04322228773771997,5.0,20.31474018635002,30.98736351134399,0.2,0.22512558548239298,0.02570209999976214,1.0
Hybrid GWO-ABC,385,100.0,0.0,33.227453741969626,16.772546258030374,38500.0,38500.0,1859.0,7436000.0,1.0,0.042976393675111524,5.0,19.464191743752046,30.770926158690305,0.2607680962081059,0.2320794104620505,0.023592800003825687,1.0
Hybrid GWO-ABC,386,100.0,0.0,33.18431436506851,16.81568563493149,38600.0,38600.0,1864.0,7456000.0,1.0,0.04313937690111658,5.0,20.49720283205594,32.73431305368147,0.31622776601683794,0.24904615771355376,0.02281040000525536,1.0
Hybrid GWO-ABC,387,100.0,0.0,33.14068894116966,16.859311058830343,38700.0,38700.0,1868.0,7472000.0,1.0,0.04362542389885249,4.0,20.9580542644008,40.51665763000611,0.12328828005937952,0.2660529302919232,0.0227043999984744,1.0
Hybrid GWO-ABC,388,100.0,0.0,33.09701539746616,16.90298460253384,38800.0,38800.0,1873.0,7492000.0,1.0,0.043673543703498297,5.0,22.11308976905557,46.02159027835061,0.19235384061671346,0.2763471513149476,0.023285200004465878,1.0
Hybrid GWO-ABC,389,100.0,0.0,33.05169813769267,16.948301862307332,38900.0,38900.0,1878.0,7512000.0,1.0,0.04531725977349055,5.0,28.490355523311763,51.935696453467436,0.1414213562373095,0.2996544885183934,0.027672800002619624,1.0
Hybrid GWO-ABC,390,100.0,0.0,33.00840636550652,16.991593634493483,39000.0,39000.0,1883.0,7532000.0,1.0,0.043291772186151434,5.0,20.350117891477083,38.49166728509918,0.1140175425099138,0.23723981403736605,0.02399169999989681,1.0
Hybrid GWO-ABC,391,100.0,0.0,32.96494128097773,17.035058719022267,39100.0,39100.0,1888.0,7552000.0,1.0,0.04346508452878339,5.0,20.758843902735666,39.67779841138758,0.27018512172212594,0.26552756890574897,0.022959800000535324,1.0
Hybrid GWO-ABC,392,100.0,0.0,32.92130894830482,17.07869105169518,39200.0,39200.0,1893.0,7572000.0,1.0,0.043632332672913776,5.0,21.42556195690241,44.00295093179603,0.1140175425099138,0.2556981501137164,0.02484629999526078,1.0
Hybrid GWO-ABC,393,100.0,0.0,32.878286486387566,17.121713513612434,39300.0,39300.0,1898.0,7592000.0,1.0,0.04302246191725345,5.0,18.935067913137257,36.473588972482986,0.2280350850198276,0.24484320635786702,0.023266700001840945,1.0
Hybrid GWO-ABC,394,100.0,0.0,32.83410153112958,17.165898468870417,39400.0,39400.0,1903.0,7612000.0,1.0,0.044184955257982494,5.0,23.61265258679699,48.7922103913767,0.15491933384829668,0.28363750346870464,0.02411069999652682,1.0
Hybrid GWO-ABC,395,100.0,0.0,32.79112244698675,17.208877553013252,39500.0,39500.0,1908.0,7632000.0,1.0,0.04297908414283569,5.0,18.89058329240033,35.737556695577716,0.2932575659723036,0.25262744092827166,0.024498999999195803,1.0
Hybrid GWO-ABC,396,100.0,0.0,32.746611793729635,17.253388206270365,39600.0,39600.0,1913.0,7652000.0,1.0,0.04451065325711312,5.0,24.891059563184697,36.76897468220792,0.10954451150103321,0.24143063243906385,0.02998469999874942,1.0
Hybrid GWO-ABC,397,100.0,0.0,32.7035950291288,17.2964049708712,39700.0,39700.0,1918.0,7672000.0,1.0,0.0430167646008357,5.0,19.995535981966597,35.43966886653699,0.03162277660168379,0.21478597322932924,0.024135599996952806,1.0
Hybrid GWO-ABC,398,100.0,0.0,32.660599613083,17.339400386917,39800.0,39800.0,1923.0,7692000.0,1.0,0.04299541604579815,5.0,19.276768849915836,37.65426352019184,0.08366600265340755,0.22825876926008323,0.03639900000416674,1.0
Hybrid GWO-ABC,399,100.0,0.0,32.617373024362664,17.382626975637336,39900.0,39900.0,1928.0,7712000.0,1.0,0.043226588720337134,5.0,21.220911636613902,24.51152932347326,0.1414213562373095,0.1994626350814147,0.02584709999791812,1.0
Hybrid GWO-ABC,400,100.0,0.0,32.573860397785914,17.426139602214086,40000.0,40000.0,1933.0,7732000.0,1.0,0.04351262657674937,5.0,22.076914883873958,34.310940580686406,0.1224744871391589,0.22979431739592654,0.025299699998868164,1.0
Hybrid GWO-ABC,401,100.0,0.0,32.530051707586935,17.469948292413065,40100.0,40100.0,1938.0,7752000.0,1.0,0.04380869019897915,5.0,22.61513737150742,43.76806687667029,0.1,0.25789457397850885,0.024214600001869258,1.0
Hybrid GWO-ABC,402,100.0,0.0,32.48681939441549,17.51318060558451,40200.0,40200.0,1943.0,7772000.0,1.0,0.04323231317144405,5.0,20.36562619706629,37.58929738348689,0.23021728866442676,0.25244265950328143,0.028687699996226,1.0
Hybrid GWO-ABC,403,100.0,0.0,32.44362581358966,17.556374186410338,40300.0,40300.0,1948.0,7792000.0,1.0,0.0431935808258288,5.0,20.511794657513907,36.8909878457914,0.20248456731316583,0.24676641376581987,0.02506040000298526,1.0
Hybrid GWO-ABC,404,100.0,0.0,32.39979183391475,17.600208166085253,40400.0,40400.0,1953.0,7812000.0,1.0,0.04383397967491476,5.0,22.474960960831183,44.314997099059994,0.1341640786499874,0.2646874289102075,0.023670100003073458,1.0
Hybrid GWO-ABC,405,100.0,0.0,32.35550132635794,17.64449867364206,40500.0,40500.0,1957.0,7828000.0,1.0,0.04429050755680919,4.0,24.43556084599494,29.82123243481034,0.1414213562373095,0.24437291544849257,0.027363499997591134,1.0
Hybrid GWO-ABC,406,100.0,0.0,32.31230072659747,17.68769927340253,40600.0,40600.0,1962.0,7848000.0,1.0,0.04320059976046764,5.0,19.780241998162698,39.70560354835377,0.1140175425099138,0.24096772712008616,0.027653400000417605,1.0
Hybrid GWO-ABC,407,100.0,0.0,32.268183115766945,17.731816884233055,40700.0,40700.0,1967.0,7868000.0,1.0,0.04411761083052568,5.0,24.39505232067372,31.142837252522497,0.1140175425099138,0.22435605003764109,0.027293099999951664,1.0
Hybrid GWO-ABC,408,100.0,0.0,32.224464264966485,17.775535735033515,40800.0,40800.0,1972.0,7888000.0,1.0,0.04371885080045956,5.0,22.123921156841952,44.383056276952445,0.3178049716414141,0.2899454610147261,0.024753199999395292,1.0
Hybrid GWO-ABC,409,100.0,0.0,32.178279859525325,17.821720140474675,40900.0,40900.0,1974.0,7896000.0,1.0,0.04618440544115998,2.0,31.224762170936444,19.396552460840823,0.08,0.25775055382853357,0.024660899995069485,1.0
Hybrid GWO-ABC,410,100.0,0.0,32.13531858041983,17.864681419580172,41000.0,41000.0,1979.0,7916000.0,1.0,0.04296127910549785,5.0,19.01756281614653,32.93087264404028,0.1,0.2163659351427183,0.033351099998981226,1.0
Hybrid GWO-ABC,411,100.0,0.0,32.09261657902425,17.907383420975748,41100.0,41100.0,1984.0,7936000.0,1.0,0.04270200139557545,5.0,17.47290897391002,32.454680357581886,0.18439088914585774,0.22425058510754797,0.028596900003321934,1.0
Hybrid GWO-ABC,412,100.0,0.0,32.048450089818125,17.951549910181875,41200.0,41200.0,1989.0,7956000.0,1.0,0.04416648920612687,5.0,23.439391237905273,52.16254875502983,0.22583179581272428,0.3012392922588031,0.023563700000522658,1.0
Hybrid GWO-ABC,413,100.0,0.0,32.00526752453089,17.994732475469107,41300.0,41300.0,1994.0,7976000.0,1.0,0.043182565287231967,5.0,19.801262218865872,36.35158683648134,0.2345207879911715,0.24924259893986758,0.02310140000190586,1.0
Hybrid GWO-ABC,414,100.0,0.0,31.961604270954975,18.038395729045025,41400.0,41400.0,1999.0,7996000.0,1.0,0.04366325357591805,5.0,21.914290143289584,42.14019793960252,0.03162277660168379,0.24118014524696602,0.024626600003102794,1.0
Hybrid GWO-ABC,415,100.0,0.0,31.918799238504782,18.081200761495218,41500.0,41500.0,2004.0,8016000.0,1.0,0.04280503245019318,5.0,18.210928760264682,36.590278453922124,0.10488088481701516,0.22741869228117884,0.024490499999956228,1.0
Hybrid GWO-ABC,416,100.0,0.0,31.874695248030584,18.125304751969416,41600.0,41600.0,2009.0,8036000.0,1.0,0.04410399047419844,5.0,23.86188029488546,35.1531714255613,0.12649110640673517,0.23875090083998718,0.030068699998082593,1.0
Hybrid GWO-ABC,417,100.0,0.0,31.83165224599595,18.16834775400405,41700.0,41700.0,2014.0,8056000.0,1.0,0.04304300203463285,5.0,19.5528895025314,37.28858591111758,0.08366600265340755,0.22948699442470358,0.028053299996827263,1.0
Hybrid GWO-ABC,418,100.0,0.0,31.78849731888175,18.21150268111825,41800.0,41800.0,2019.0,8076000.0,1.0,0.04315492711420177,5.0,20.12241227797385,42.55732273723639,0.07745966692414834,0.2466646899477012,0.024752800003625453,1.0
Hybrid GWO-ABC,419,100.0,0.0,31.745116379618388,18.254883620381612,41900.0,41900.0,2024.0,8096000.0,1.0,0.043380939263361284,5.0,21.932238451054594,32.60817985289952,0.08944271909999159,0.22077776950598085,0.023192200002085883,1.0
Hybrid GWO-ABC,420,100.0,0.0,31.701918141174747,18.298081858825253,42000.0,42000.0,2029.0,8116000.0,1.0,0.043198238443640236,5.0,20.03808115041355,37.762516285628564,0.15811388300841897,0.24361870516466516,0.02379800000198884,1.0
Hybrid GWO-ABC,421,100.0,0.0,31.658528379213468,18.341471620786532,42100.0,42100.0,2034.0,8136000.0,1.0,0.043389761961279305,5.0,21.218149834420153,38.58220007341497,0.08944271909999159,0.23835580909644,0.023515200002293568,1.0
Hybrid GWO-ABC,422,100.0,0.0,31.61568188439604,18.38431811560396,42200.0,42200.0,2039.0,8156000.0,1.0,0.04284649481742875,5.0,18.055819629817172,38.56844056707578,0.24289915602982237,0.2546973733508784,0.02370340000197757,1.0
Hybrid GWO-ABC,423,100.0,0.0,31.57022310109764,18.42977689890236,42300.0,42300.0,2043.0,8172000.0,1.0,0.04545878329840036,4.0,28.21760848184535,49.32221665145559,0.0282842712474619,0.2985897345878551,0.026412199993501417,1.0
Hybrid GWO-ABC,424,100.0,0.0,31.526979302605827,18.473020697394173,42400.0,42400.0,2048.0,8192000.0,1.0,0.0432437984918117,5.0,20.899300129940872,31.711979476802167,0.1341640786499874,0.22290140209131,0.02476149999711197,1.0
Hybrid GWO-ABC,425,100.0,0.0,31.48308504913388,18.51691495086612,42500.0,42500.0,2053.0,8212000.0,1.0,0.04389425347194731,5.0,23.388889721268246,45.33135623362856,0.14832396974191325,0.2739520170810844,0.027736399999412242,1.0
Hybrid GWO-ABC,426,100.0,0.0,31.439497717389266,18.560502282610734,42600.0,42600.0,2058.0,8232000.0,1.0,0.04358733174461449,5.0,21.452288033296433,43.392293108683866,0.18439088914585774,0.2686301828983514,0.025725499996042345,1.0
Hybrid GWO-ABC,427,100.0,0.0,31.395763864788957,18.604236135211043,42700.0,42700.0,2063.0,8252000.0,1.0,0.043733852600308154,5.0,21.75105729467123,39.16285814158887,0.2073644135332772,0.2577292614476478,0.023117500000807922,1.0
Hybrid GWO-ABC,428,100.0,0.0,31.35162734675077,18.64837265324923,42800.0,42800.0,2068.0,8272000.0,1.0,0.04413651803818652,5.0,24.48067231923024,22.422762468080816,0.2549509756796392,0.22002156891094482,0.02453329999843845,1.0
Hybrid GWO-ABC,429,100.0,0.0,31.30815140353548,18.69184859646452,42900.0,42900.0,2073.0,8292000.0,1.0,0.04347594321529158,5.0,21.424075266850632,35.80522750488491,0.17606816861659008,0.24388743263213242,0.022879800002556294,1.0
Hybrid GWO-ABC,430,100.0,0.0,31.265091388702526,18.734908611297474,43000.0,43000.0,2078.0,8312000.0,1.0,0.043060014832953186,5.0,19.42331537496221,38.58347185847346,0.18165902124584948,0.24936309420420258,0.030198699998436496,1.0
Hybrid GWO-ABC,431,100.0,0.0,31.22099633302362,18.77900366697638,43100.0,43100.0,2082.0,8328000.0,1.0,0.04409505567890548,4.0,23.63656978040369,38.473440761975034,0.0848528137423857,0.2640014642148656,0.023423899998306297,1.0
Hybrid GWO-ABC,432,100.0,0.0,31.17728722811287,18.82271277188713,43200.0,43200.0,2087.0,8348000.0,1.0,0.043709104910750085,5.0,21.693775110850623,46.40875724379141,0.35213633723318016,0.29858740015145174,0.02315209999505896,1.0
Hybrid GWO-ABC,433,100.0,0.0,31.13331535557586,18.86668464442414,43300.0,43300.0,2092.0,8368000.0,1.0,0.043971872537010626,5.0,23.009488403779542,45.468131202535574,0.08366600265340755,0.25597655690038623,0.024863499995262828,1.0
Hybrid GWO-ABC,434,100.0,0.0,31.09003659754951,18.90996340245049,43400.0,43400.0,2097.0,8388000.0,1.0,0.04327875802635006,5.0,21.159516628943326,31.494841251640082,0.1,0.2160236816516263,0.024946899997303262,1.0
Hybrid GWO-ABC,435,100.0,0.0,31.04645627233787,18.95354372766213,43500.0,43500.0,2101.0,8404000.0,1.0,0.04358032521163935,4.0,21.601732025442875,28.84460882731402,0.09797958971132711,0.22855017395188235,0.029328399999940302,1.0
Hybrid GWO-ABC,436,100.0,0.0,31.002797046266142,18.997202953733858,43600.0,43600.0,2105.0,8420000.0,1.0,0.04365922607172834,4.0,22.013688760806918,31.75564349368679,0.04898979485566356,0.23140733058020177,0.028285200001846533,1.0
Hybrid GWO-ABC,437,100.0,0.0,30.959429620966674,19.040570379033326,43700.0,43700.0,2110.0,8440000.0,1.0,0.043367425299468465,5.0,21.85312119267108,31.23316578647025,0.170293863659264,0.22740683314037996,0.028110900006140582,1.0
Hybrid GWO-ABC,438,100.0,0.0,30.916073550508255,19.083926449491745,43800.0,43800.0,2115.0,8460000.0,1.0,0.04335607045841883,5.0,21.180380636726294,40.240096355772295,0.06324555320336758,0.2366980770650573,0.02966059999744175,1.0
Hybrid GWO-ABC,439,100.0,0.0,30.872442620949183,19.127557379050817,43900.0,43900.0,2120.0,8480000.0,1.0,0.043630929559071774,5.0,21.994056652781172,33.53104087112702,0.22583179581272428,0.24368125295081344,0.03310269999929005,1.0
Hybrid GWO-ABC,440,100.0,0.0,30.82923367744214,19.17076632255786,44000.0,44000.0,2125.0,8500000.0,1.0,0.043208943507043074,5.0,19.765679866173837,33.71843935688496,0.15491933384829668,0.22891741484825906,0.030673300003400072,1.0
Hybrid GWO-ABC,441,100.0,0.0,30.786437688665586,19.213562311334414,44100.0,44100.0,2130.0,8520000.0,1.0,0.042795988776553884,5.0,18.06164871485138,38.67912523013276,0.18439088914585774,0.24529846288803006,0.03567240000120364,1.0
Hybrid GWO-ABC,442,100.0,0.0,30.743699846584267,19.256300153415733,44200.0,44200.0,2136.0,8544000.0,1.0,0.042737842081319144,6.0,18.2442369732724,39.972524001571415,0.17888543819998315,0.26904176051504314,0.037043200005427934,1.0
Hybrid GWO-ABC,443,100.0,0.0,30.699301877454385,19.300698122545615,44300.0,44300.0,2141.0,8564000.0,1.0,0.04439796912988214,5.0,25.44066845212824,48.69317993614882,0.054772255750516606,0.27363379333578347,0.03168539999751374,1.0
Hybrid GWO-ABC,444,100.0,0.0,30.65611174539666,19.34388825460334,44400.0,44400.0,2146.0,8584000.0,1.0,0.04319013205772393,5.0,19.889392012571005,43.296097282316566,0.27748873851023215,0.27813074586609354,0.0287603000033414,1.0
Hybrid GWO-ABC,445,100.0,0.0,30.61217245425115,19.38782754574885,44500.0,44500.0,2151.0,8604000.0,1.0,0.04393929114550943,5.0,23.435469591698197,50.189828521874176,0.14832396974191325,0.28676335741279996,0.0316305000014836,1.0
Hybrid GWO-ABC,446,100.0,0.0,30.569072891581577,19.430927108418423,44600.0,44600.0,2156.0,8624000.0,1.0,0.04309956266957471,5.0,19.193888056704413,43.64474499766634,0.23237900077244503,0.271148850137884,0.031984399996872526,1.0
Hybrid GWO-ABC,447,100.0,0.0,30.524647525764003,19.475352474235997,44700.0,44700.0,2161.0,8644000.0,1.0,0.04442536581757395,5.0,25.997053290934737,28.491064974682768,0.23664319132398465,0.23896896138648452,0.029516000002331566,1.0
Hybrid GWO-ABC,448,100.0,0.0,30.48079229628736,19.51920770371264,44800.0,44800.0,2166.0,8664000.0,1.0,0.04385522947664455,5.0,23.012388206436757,46.109731319290646,0.06324555320336758,0.2623055778575703,0.03273340000305325,1.0
Hybrid GWO-ABC,449,100.0,0.0,30.43733233142017,19.56266766857983,44900.0,44900.0,2171.0,8684000.0,1.0,0.04345996486718917,5.0,20.586585959286616,40.34209567340838,0.31144823004794875,0.27627254701692194,0.028749500001140404,1.0
Hybrid GWO-ABC,450,100.0,0.0,30.3925904864683,19.6074095135317,45000.0,45000.0,2175.0,8700000.0,1.0,0.044741844951868615,4.0,26.13065313270855,36.266704801414996,0.2135415650406262,0.2810191749423708,0.03710470000078203,1.0
Hybrid GWO-ABC,451,100.0,0.0,30.348489283938303,19.651510716061697,45100.0,45100.0,2180.0,8720000.0,1.0,0.04410120252999761,5.0,24.10343450374097,40.54861490803294,0.10488088481701516,0.2474158977741655,0.02966480000031879,1.0
Hybrid GWO-ABC,452,100.0,0.0,30.304695977647714,19.695304022352286,45200.0,45200.0,2184.0,8736000.0,1.0,0.04379330629058842,4.0,22.08262785273403,26.19969579020579,0.1414213562373095,0.22841605318039485,0.02746320000005653,1.0
Hybrid GWO-ABC,453,100.0,0.0,30.261301393336698,19.738698606663302,45300.0,45300.0,2189.0,8756000.0,1.0,0.043394584311016615,5.0,21.808661275936323,35.10258597168503,0.2664582518894846,0.25462091905479445,0.032820700005686376,1.0
Hybrid GWO-ABC,454,100.0,0.0,30.2180694989166,19.7819305010834,45400.0,45400.0,2194.0,8776000.0,1.0,0.04323189442009934,5.0,19.362557720898685,44.5535287113016,0.32403703492039304,0.28400365082160905,0.032927400003245566,1.0
Hybrid GWO-ABC,455,100.0,0.0,30.17465528661453,19.82534471338547,45500.0,45500.0,2199.0,8796000.0,1.0,0.04341421230206777,5.0,22.05890557577399,25.954826258788927,0.2073644135332772,0.21690146233370444,0.029088099996442907,1.0
Hybrid GWO-ABC,456,100.0,0.0,30.1310668031464,19.8689331968536,45600.0,45600.0,2204.0,8816000.0,1.0,0.043588483468131045,5.0,22.917575010281652,29.954210053617608,0.14832396974191325,0.22271855250646527,0.030546499998308718,1.0
Hybrid GWO-ABC,457,100.0,0.0,30.086407610857428,19.913592389142572,45700.0,45700.0,2209.0,8836000.0,1.0,0.04465919228897164,5.0,26.4619919437125,39.98098882760853,0.08366600265340755,0.25303189268148557,0.026501100001041777,1.0
Hybrid GWO-ABC,458,100.0,0.0,30.04351211626321,19.95648788373679,45800.0,45800.0,2214.0,8856000.0,1.0,0.042895494594219485,5.0,18.51008228038031,38.076130581324946,0.151657508881031,0.23975104144592357,0.029685399997106288,1.0
Hybrid GWO-ABC,459,100.0,0.0,30.00068357301007,19.99931642698993,45900.0,45900.0,2219.0,8876000.0,1.0,0.04282854325314034,5.0,18.435532136993256,33.43135771689438,0.13038404810405296,0.22162073828124285,0.03057750000152737,1.0
Hybrid GWO-ABC,460,100.0,0.0,29.957670169361652,20.042329830638348,46000.0,46000.0,2224.0,8896000.0,1.0,0.043013403648416215,5.0,18.59264324895034,42.435742432840435,0.21213203435596423,0.2590875398211252,0.026937199996609706,1.0
Hybrid GWO-ABC,461,100.0,0.0,29.91439196848861,20.08560803151139,46100.0,46100.0,2229.0,8916000.0,1.0,0.04327820087304346,5.0,20.739650779571235,33.20944787919863,0.044721359549995794,0.21260662589983176,0.028919099997438025,1.0
Hybrid GWO-ABC,462,100.0,0.0,29.870460244825097,20.129539755174903,46200.0,46200.0,2234.0,8936000.0,1.0,0.043931723663511946,5.0,23.78051048788254,35.58206116312782,0.08366600265340755,0.23263039048376,0.0283248999985517,1.0
Hybrid GWO-ABC,463,100.0,0.0,29.82758049657376,20.17241950342624,46300.0,46300.0,2239.0,8956000.0,1.0,0.042879748251337446,5.0,18.977550993417104,30.3258554951071,0.13784048752090222,0.21404927352602893,0.030903200000466313,1.0
Hybrid GWO-ABC,464,100.0,0.0,29.78373953986413,20.21626046013587,46400.0,46400.0,2243.0,8972000.0,1.0,0.04384095670963006,4.0,22.169205184402955,36.68025683710485,0.04898979485566356,0.2482507471413888,0.026688000005378854,1.0
Hybrid GWO-ABC,465,100.0,0.0,29.740008202398997,20.259991797601003,46500.0,46500.0,2248.0,8992000.0,1.0,0.04373133746513247,5.0,22.236321318383986,48.07295307352506,0.044721359549995794,0.2637246915919398,0.029966500005684793,1.0
Hybrid GWO-ABC,466,100.0,0.0,29.69660307769256,20.30339692230744,46600.0,46600.0,2253.0,9012000.0,1.0,0.043405124706435316,5.0,20.58630811915095,44.797668008787426,0.1341640786499874,0.2632443122546076,0.027742300000682008,1.0
Hybrid GWO-ABC,467,100.0,0.0,29.65286388495623,20.34713611504377,46700.0,46700.0,2258.0,9032000.0,1.0,0.0437391927363322,5.0,21.378917840502922,39.790150225158,0.2664582518894846,0.26918579889569016,0.025718799995956942,1.0
Hybrid GWO-ABC,468,100.0,0.0,29.607060866177516,20.392939133822484,46800.0,46800.0,2260.0,9040000.0,1.0,0.04580301877871307,2.0,29.924340908643078,20.318009910843152,0.08,0.25875403510537326,0.02562190000026021,1.0
Hybrid GWO-ABC,469,100.0,0.0,29.563306274703567,20.436693725296433,46900.0,46900.0,2265.0,9060000.0,1.0,0.04375459147394878,5.0,22.90363659452796,33.942707817867785,0.23874672772626643,0.2496837961465439,0.02577459999884013,1.0
Hybrid GWO-ABC,470,100.0,0.0,29.520070912697307,20.479929087302693,47000.0,47000.0,2270.0,9080000.0,1.0,0.04323536200626066,5.0,19.70342897069089,40.3921257184921,0.16431676725154984,0.25235124938126463,0.02362400000129128,1.0
Hybrid GWO-ABC,471,100.0,0.0,29.476858130947402,20.523141869052598,47100.0,47100.0,2275.0,9100000.0,1.0,0.043212781749904394,5.0,20.277424197998574,40.79381934976918,0.2645751311064591,0.2697007171199985,0.027849099999002647,1.0
Hybrid GWO-ABC,472,100.0,0.0,29.432974564223304,20.567025435776696,47200.0,47200.0,2280.0,9120000.0,1.0,0.04388356672409799,5.0,23.20873711582222,39.67423323698294,0.3,0.2782820749460268,0.029513599998608697,1.0
Hybrid GWO-ABC,473,100.0,0.0,29.3872960268909,20.6127039731091,47300.0,47300.0,2285.0,9140000.0,1.0,0.045678537332403124,5.0,28.88008116185935,53.59343571182851,0.24083189157584592,0.32230057031086146,0.026784399997268338,1.0
Hybrid GWO-ABC,474,100.0,0.0,29.342391154435326,20.657608845564674,47400.0,47400.0,2290.0,9160000.0,1.0,0.04490487245557517,5.0,26.42006141857991,44.946405686468125,0.2469817807045694,0.29277350155948784,0.030893999995896593,1.0
Hybrid GWO-ABC,475,100.0,0.0,29.298006234204152,20.701993765795848,47500.0,47500.0,2294.0,9176000.0,1.0,0.04438492023117391,4.0,25.077289415541333,29.77591605224552,0.2449489742783178,0.263232333115823,0.03257579999626614,1.0
Hybrid GWO-ABC,476,100.0,0.0,29.254324262023825,20.745675737976175,47600.0,47600.0,2298.0,9192000.0,1.0,0.04368197218032677,4.0,21.983765452201016,26.866769846212648,0.07483314773547883,0.22168826807079903,0.026145100004214328,1.0
Hybrid GWO-ABC,477,100.0,0.0,29.211581518882642,20.788418481117358,47700.0,47700.0,2303.0,9212000.0,1.0,0.04274274314118287,5.0,17.80532188159618,36.443531112421766,0.2664582518894846,0.2516523662972938,0.02429380000103265,1.0
Hybrid GWO-ABC,478,100.0,0.0,29.168554095114057,20.831445904885943,47800.0,47800.0,2308.0,9232000.0,1.0,0.04302742376858504,5.0,19.4887858439911,35.49360538052393,0.15491933384829668,0.23565162473557671,0.02633119999518385,1.0
Hybrid GWO-ABC,479,100.0,0.0,29.125319497526583,20.874680502473417,47900.0,47900.0,2313.0,9252000.0,1.0,0.04323459758747461,5.0,20.630841492409353,32.52692930981634,0.11832159566199232,0.2231070001207365,0.031028899997181725,1.0
Hybrid GWO-ABC,480,100.0,0.0,29.081772443029696,20.918227556970304,48000.0,48000.0,2318.0,9272000.0,1.0,0.04354705449688723,5.0,21.880951602982364,32.84890715754076,0.07071067811865475,0.22009838492035483,0.029353600002650637,1.0
Hybrid GWO-ABC,481,100.0,0.0,29.037957943875384,20.962042056124616,48100.0,48100.0,2323.0,9292000.0,1.0,0.0438144991543119,5.0,24.10018439327602,25.466351393332236,0.12649110640673517,0.20972943357599833,0.02528629999869736,1.0
Hybrid GWO-ABC,482,100.0,0.0,28.99488915021117,21.00511084978883,48200.0,48200.0,2328.0,9312000.0,1.0,0.04306879366421512,5.0,20.205925260434555,28.045794766550905,0.20976176963403032,0.2220004913325796,0.026189199998043478,1.0
Hybrid GWO-ABC,483,100.0,0.0,28.951405707537177,21.048594292462823,48300.0,48300.0,2332.0,9328000.0,1.0,0.043483442673991846,4.0,20.951360000625456,31.778055364658155,0.12,0.2424363403986208,0.03006900000036694,1.0
Hybrid GWO-ABC,484,100.0,0.0,28.907376808331087,21.092623191668913,48400.0,48400.0,2337.0,9348000.0,1.0,0.04402889920608999,5.0,23.10981703811408,46.856663780775605,0.10954451150103321,0.2733838000306687,0.03087019999657059,1.0
Hybrid GWO-ABC,485,100.0,0.0,28.86436347846997,21.13563652153003,48500.0,48500.0,2342.0,9368000.0,1.0,0.043013329861118166,5.0,19.19867600386143,37.498433742676674,0.23874672772626643,0.2544874342476424,0.029215300004580058,1.0
Hybrid GWO-ABC,486,100.0,0.0,28.820857839226818,21.179142160773182,48600.0,48600.0,2347.0,9388000.0,1.0,0.04350563924315054,5.0,21.729635388486727,40.42081511111909,0.08944271909999159,0.2469185766707314,0.027531500003533438,1.0
Hybrid GWO-ABC,487,100.0,0.0,28.77721264340155,21.22278735659845,48700.0,48700.0,2352.0,9408000.0,1.0,0.043645195825266825,5.0,21.841422348211466,39.57594747185913,0.17888543819998318,0.25815018819252344,0.028216400001838338,1.0
Hybrid GWO-ABC,488,100.0,0.0,28.733425330660072,21.266574669339928,48800.0,48800.0,2357.0,9428000.0,1.0,0.043787312741478956,5.0,22.210872542207635,46.43353888186308,0.07071067811865475,0.26425296155851963,0.03430330000264803,1.0
Hybrid GWO-ABC,489,100.0,0.0,28.689808002861405,21.310191997138595,48900.0,48900.0,2362.0,9448000.0,1.0,0.04361732779866756,5.0,21.825028153161096,49.46305182180929,0.151657508881031,0.28525327630586117,0.02838490000431193,1.0
Hybrid GWO-ABC,490,100.0,0.0,28.646135656626072,21.353864343373928,49000.0,49000.0,2367.0,9468000.0,1.0,0.04367234623533278,5.0,21.970505046555896,41.70765898911751,0.25298221281347033,0.27648259328837876,0.029088700001011603,1.0
Hybrid GWO-ABC,491,100.0,0.0,28.602494448662124,21.397505551337876,49100.0,49100.0,2372.0,9488000.0,1.0,0.04364120796394744,5.0,21.80977952607893,49.7951146962336,0.21908902300206642,0.29435427893474186,0.03023679999751039,1.0
Hybrid GWO-ABC,492,100.0,0.0,28.5590128351861,21.4409871648139,49200.0,49200.0,2377.0,9508000.0,1.0,0.043481613476025416,5.0,21.5680745777954,34.47146397860822,0.216794833886788,0.2477082940627092,0.030713400003151037,1.0
Hybrid GWO-ABC,493,100.0,0.0,28.514984685060057,21.485015314939943,49300.0,49300.0,2382.0,9528000.0,1.0,0.04402815012604222,5.0,24.04121537064968,42.18164282651757,0.151657508881031,0.26335892588402593,0.028050299995811656,1.0
Hybrid GWO-ABC,494,100.0,0.0,28.469996316237495,21.530003683762505,49400.0,49400.0,2385.0,9540000.0,1.0,0.04498836882256185,3.0,27.070764269745553,39.6832940032414,0.0787400787401181,0.2956781302423563,0.02720959999714978,1.0
Hybrid GWO-ABC,495,100.0,0.0,28.426648791473554,21.573351208526446,49500.0,49500.0,2390.0,9560000.0,1.0,0.043347524763941436,5.0,20.748073558484716,45.65259035619808,0.2588435821108957,0.28768472903986875,0.027295100000628736,1.0
Hybrid GWO-ABC,496,100.0,0.0,28.382670919366234,21.617329080633766,49600.0,49600.0,2395.0,9580000.0,1.0,0.04397787210731963,5.0,24.30099541258241,33.082621018946774,0.2,0.2467096815359428,0.025243399999453686,1.0
Hybrid GWO-ABC,497,100.0,0.0,28.339996884196253,21.660003115803747,49700.0,49700.0,2400.0,9600000.0,1.0,0.042674035169980584,5.0,17.172150599632843,36.172537405188756,0.16431676725154984,0.23577242492588707,0.028805699999793433,1.0
Hybrid GWO-ABC,498,100.0,0.0,28.296878347210694,21.703121652789306,49800.0,49800.0,2405.0,9620000.0,1.0,0.043118536985559786,5.0,19.728405092124845,34.20795231207679,0.13784048752090222,0.23114834097118137,0.03104610000445973,1.0
Hybrid GWO-ABC,499,100.0,0.0,28.253798928194048,21.746201071805952,49900.0,49900.0,2410.0,9640000.0,1.0,0.043079419016645915,5.0,19.920854267497624,32.24033005236286,0.20493901531919198,0.2353780584771228,0.0321710999996867,1.0
Hybrid GWO-ABC,500,100.0,0.0,28.2100360217735,21.7899639782265,50000.0,50000.0,2415.0,9660000.0,1.0,0.0437629064205467,5.0,23.213978299343385,19.747286538693125,0.1140175425099138,0.18946559885324565,0.029889600002206862,1.0
Hybrid GWO-ABC,501,100.0,0.0,28.166950600008565,21.833049399991435,50100.0,50100.0,2420.0,9680000.0,1.0,0.04308542176493546,5.0,19.778731549286828,34.91516431506385,0.18708286933869706,0.2411804073399444,0.028441700000257697,1.0
Hybrid GWO-ABC,502,100.0,0.0,28.12430034135409,21.87569965864591,50200.0,50200.0,2425.0,9700000.0,1.0,0.04265025865447569,5.0,17.178034257079233,36.225344599591025,0.2549509756796392,0.2500121432187753,0.028296100004808977,1.0
Hybrid GWO-ABC,503,100.0,0.0,28.080978830244536,21.919021169755464,50300.0,50300.0,2430.0,9720000.0,1.0,0.04332151110955351,5.0,20.831959025395804,35.863662234763936,0.1414213562373095,0.23983800549886541,0.03045189999829745,1.0
Hybrid GWO-ABC,504,100.0,0.0,28.03772110796708,21.96227889203292,50400.0,50400.0,2435.0,9740000.0,1.0,0.04325772227745617,5.0,20.83428597553292,31.527253416818517,0.151657508881031,0.22745942912640577,0.03190290000202367,1.0
Hybrid GWO-ABC,505,100.0,0.0,27.994267607850706,22.005732392149294,50500.0,50500.0,2439.0,9756000.0,1.0,0.0434535001163745,4.0,21.5962484347501,33.457602008973886,0.10954451150103323,0.24935059005908103,0.03146639999613399,1.0
Hybrid GWO-ABC,506,100.0,0.0,27.95048199824446,22.04951800175554,50600.0,50600.0,2444.0,9776000.0,1.0,0.04378560960624611,5.0,22.87606075078775,48.482077199682756,0.10488088481701516,0.27922653147346693,0.027080799998657312,1.0
Hybrid GWO-ABC,507,100.0,0.0,27.906985670011082,22.093014329988918,50700.0,50700.0,2449.0,9796000.0,1.0,0.04349632823337757,5.0,21.17179273603294,44.12999790525295,0.151657508881031,0.2688058170251287,0.02811420000216458,1.0
Hybrid GWO-ABC,508,100.0,0.0,27.863745213034022,22.136254786965978,50800.0,50800.0,2454.0,9816000.0,1.0,0.043240456977059694,5.0,20.051151485625727,44.74005349489062,0.28809720581775866,0.28902611113861704,0.03222559999994701,1.0
Hybrid GWO-ABC,509,100.0,0.0,27.81992832290677,22.18007167709323,50900.0,50900.0,2459.0,9836000.0,1.0,0.043816890127253316,5.0,22.246579215255608,46.5221040320739,0.13038404810405296,0.27406354911705716,0.02851179999561282,1.0
Hybrid GWO-ABC,510,100.0,0.0,27.776269285263467,22.223730714736533,51000.0,51000.0,2464.0,9856000.0,1.0,0.0436590376433017,5.0,22.938597677317265,30.867647372484164,0.17606816861659008,0.23460030739421045,0.024712099999305792,1.0
Hybrid GWO-ABC,511,100.0,0.0,27.73315259410858,22.26684740589142,51100.0,51100.0,2469.0,9876000.0,1.0,0.0431166911548857,5.0,19.279929014255764,40.354015214502766,0.20248456731316583,0.2585724134096111,0.026811399999132846,1.0
Hybrid GWO-ABC,512,100.0,0.0,27.689097873294216,22.310902126705784,51200.0,51200.0,2474.0,9896000.0,1.0,0.04405472081436557,5.0,23.31273126985213,47.43928969703053,0.30166206257996714,0.30228241351278096,0.03266710000025341,1.0
Hybrid GWO-ABC,513,100.0,0.0,27.64520155248558,22.35479844751442,51300.0,51300.0,2479.0,9916000.0,1.0,0.043896320808634925,5.0,22.744654583312737,48.66941561387208,0.14832396974191325,0.2832228379341025,0.026481400003831368,1.0
Hybrid GWO-ABC,514,100.0,0.0,27.60104544945001,22.39895455054999,51400.0,51400.0,2482.0,9928000.0,1.0,0.04415610303557216,3.0,23.640140523381262,29.59613823587526,0.11045361017187261,0.26159157918439335,0.029368399998929817,1.0
Hybrid GWO-ABC,515,100.0,0.0,27.55743027541845,22.44256972458155,51500.0,51500.0,2487.0,9948000.0,1.0,0.04361517403155801,5.0,21.746989461203945,46.242057146464504,0.20248456731316583,0.2792443237264797,0.02921300000161864,1.0
Hybrid GWO-ABC,516,100.0,0.0,27.513413062304522,22.486586937695478,51600.0,51600.0,2492.0,9968000.0,1.0,0.04401721311392848,5.0,24.56053725193924,20.463572366086407,0.22135943621178655,0.2106751050894873,0.03241349999734666,1.0
Hybrid GWO-ABC,517,100.0,0.0,27.470096440679846,22.529903559320154,51700.0,51700.0,2497.0,9988000.0,1.0,0.04331662162467609,5.0,20.772705507908444,36.128267772303836,0.20248456731316583,0.24938105423138035,0.030646200000774115,1.0
Hybrid GWO-ABC,518,100.0,0.0,27.425846465044785,22.574153534955215,51800.0,51800.0,2502.0,10008000.0,1.0,0.04424997563506139,5.0,24.30320822860153,53.16644022446478,0.08944271909999159,0.29079016534188173,0.02824989999498939,1.0
Hybrid GWO-ABC,519,100.0,0.0,27.381125128433233,22.618874871566767,51900.0,51900.0,2505.0,10020000.0,1.0,0.044721336611551976,3.0,26.298389278800947,18.84971022449863,0.08602325267042626,0.22967095512338878,0.02752209999744082,1.0
Hybrid GWO-ABC,520,100.0,0.0,27.337898608703256,22.662101391296744,52000.0,52000.0,2510.0,10040000.0,1.0,0.04322651972997704,5.0,19.755263269437012,31.974371699065575,0.16431676725154984,0.22869416335867912,0.028280099999392405,1.0
Hybrid GWO-ABC,521,100.0,0.0,27.29434154644746,22.70565845355254,52100.0,52100.0,2514.0,10056000.0,1.0,0.04355706225579681,4.0,21.062185461736306,30.094424824467986,0.1131370849898476,0.23809132482338166,0.02743660000123782,1.0
Hybrid GWO-ABC,522,100.0,0.0,27.250872520226793,22.749127479773207,52200.0,52200.0,2519.0,10076000.0,1.0,0.04346902622066651,5.0,20.82500288577544,42.61276490071201,0.20976176963403032,0.2716986067271381,0.027663100001518615,1.0
Hybrid GWO-ABC,523,100.0,0.0,27.20769695024058,22.79230304975942,52300.0,52300.0,2524.0,10096000.0,1.0,0.04317556998621086,5.0,19.92149791971459,40.567609981498364,0.08366600265340755,0.2444604839148061,0.023989799999981187,1.0
Hybrid GWO-ABC,524,100.0,0.0,27.164613378262466,22.835386621737534,52400.0,52400.0,2529.0,10116000.0,1.0,0.04308357197811574,5.0,19.21336980167225,39.69083821144984,0.3646916505762094,0.2776513360332101,0.030353499998454936,1.0
Hybrid GWO-ABC,525,100.0,0.0,27.121339560609712,22.878660439390288,52500.0,52500.0,2534.0,10136000.0,1.0,0.04327381765275362,5.0,20.95051391092459,26.310369065599634,0.1414213562373095,0.20934629543275113,0.02520619999995688,1.0
Hybrid GWO-ABC,526,100.0,0.0,27.078172439647965,22.921827560352035,52600.0,52600.0,2539.0,10156000.0,1.0,0.043167120961747685,5.0,20.794944471610144,32.39251594916079,0.17888543819998318,0.23397226602791285,0.025173599999106955,1.0
Hybrid GWO-ABC,527,100.0,0.0,27.035331551547568,22.964668448452432,52700.0,52700.0,2544.0,10176000.0,1.0,0.04284088810039677,5.0,18.29569633390537,39.99987214453893,0.19235384061671346,0.2550088632544336,0.024759799998719245,1.0
Hybrid GWO-ABC,528,100.0,0.0,26.992212692853723,23.007787307146277,52800.0,52800.0,2549.0,10196000.0,1.0,0.043118858693844686,5.0,19.709940006626297,36.3437049954958,0.27202941017470883,0.2584243465688726,0.03047770000557648,1.0
Hybrid GWO-ABC,529,100.0,0.0,26.948156150997583,23.051843849002417,52900.0,52900.0,2554.0,10216000.0,1.0,0.04405654185613983,5.0,24.317461936550316,48.33894256391463,0.07071067811865475,0.27647896203525,0.024365199999010656,1.0
Hybrid GWO-ABC,530,100.0,0.0,26.904183625070193,23.095816374929807,53000.0,53000.0,2559.0,10236000.0,1.0,0.04397252592739065,5.0,23.314027203621745,44.01186229319932,0.1140175425099138,0.26254537719846494,0.026370500003395136,1.0
Hybrid GWO-ABC,531,100.0,0.0,26.860456083436578,23.139543916563422,53100.0,53100.0,2564.0,10256000.0,1.0,0.04372754163361492,5.0,22.497436107395043,32.188811157769656,0.18439088914585774,0.23849596483980431,0.02395290000276873,1.0
Hybrid GWO-ABC,532,100.0,0.0,26.817490336628175,23.182509663371825,53200.0,53200.0,2569.0,10276000.0,1.0,0.04296574680840237,5.0,18.884779714625587,35.59206497997034,0.23874672772626643,0.2496535989970605,0.023995899995497894,1.0
Hybrid GWO-ABC,533,100.0,0.0,26.77452776740328,23.22547223259672,53300.0,53300.0,2574.0,10296000.0,1.0,0.042962569224894054,5.0,18.67464616659033,41.81084335483426,0.2549509756796392,0.2690505196057551,0.028499300002295058,1.0
Hybrid GWO-ABC,534,100.0,0.0,26.730720934138645,23.269279065861355,53400.0,53400.0,2578.0,10312000.0,1.0,0.04380683326463597,4.0,21.92083670565224,43.06347540583063,0.29257477676655586,0.30794428052953643,0.024004099999729078,1.0
Hybrid GWO-ABC,535,100.0,0.0,26.68760363968022,23.31239636031978,53500.0,53500.0,2583.0,10332000.0,1.0,0.04311729445842616,5.0,19.90238627632965,41.52320359761593,0.19235384061671346,0.2639406595439896,0.025086499997996725,1.0
Hybrid GWO-ABC,536,100.0,0.0,26.64416375057485,23.35583624942515,53600.0,53600.0,2588.0,10352000.0,1.0,0.04343988910536822,5.0,20.987513302072664,42.33016761207706,0.21213203435596423,0.2671023954687771,0.024303800004418008,1.0
Hybrid GWO-ABC,537,100.0,0.0,26.59980923177709,23.40019076822291,53700.0,53700.0,2593.0,10372000.0,1.0,0.044354518797760534,5.0,24.50170143645336,49.872743516205205,0.17606816861659008,0.29089867681990583,0.025942699998267926,1.0
Hybrid GWO-ABC,538,100.0,0.0,26.555905596734622,23.444094403265378,53800.0,53800.0,2598.0,10392000.0,1.0,0.043903635042468636,5.0,22.80613886058322,50.67492934113246,0.08366600265340755,0.2802957650992922,0.029181999998399988,1.0
Hybrid GWO-ABC,539,100.0,0.0,26.511195400616337,23.488804599383663,53900.0,53900.0,2601.0,10404000.0,1.0,0.04471019611828453,3.0,25.15304928934321,40.77480830192254,0.09899494936611665,0.29908213706873477,0.026809300004970282,1.0
Hybrid GWO-ABC,540,100.0,0.0,26.467762439005924,23.532237560994076,54000.0,54000.0,2606.0,10424000.0,1.0,0.043432961610413656,5.0,22.23801479452557,26.59154876122583,0.08366600265340755,0.20493005427017713,0.024570499997935258,1.0
Hybrid GWO-ABC,541,100.0,0.0,26.424745619241435,23.575254380758565,54100.0,54100.0,2611.0,10444000.0,1.0,0.0430168197644889,5.0,19.882320218769078,30.915367134897735,0.14491376746189438,0.2227413800942689,0.025581900001270697,1.0
Hybrid GWO-ABC,542,100.0,0.0,26.381020637540285,23.618979362459715,54200.0,54200.0,2616.0,10464000.0,1.0,0.0437249817011498,5.0,21.886069229858208,41.53837673346222,0.1,0.24801982298677624,0.025013400001625996,1.0
Hybrid GWO-ABC,543,100.0,0.0,26.336896352255945,23.663103647744055,54300.0,54300.0,2620.0,10480000.0,1.0,0.0441242852843402,4.0,23.674535092080237,32.76847652859985,0.0565685424949238,0.24255173194322158,0.032137299996975344,1.0
Hybrid GWO-ABC,544,100.0,0.0,26.29268977352487,23.70731022647513,54400.0,54400.0,2625.0,10500000.0,1.0,0.044206578731074586,5.0,23.637558904513252,43.626275670912456,0.054772255750516606,0.25557167721063545,0.02391429999988759,1.0
Hybrid GWO-ABC,545,100.0,0.0,26.24937755468085,23.75062244531915,54500.0,54500.0,2630.0,10520000.0,1.0,0.0433122188440187,5.0,21.119967548548097,38.87654500241203,0.19235384061671346,0.256696408654612,0.024952699997811578,1.0
Hybrid GWO-ABC,546,100.0,0.0,26.20609047195267,23.79390952804733,54600.0,54600.0,2635.0,10540000.0,1.0,0.04328708272818105,5.0,21.40758190240857,39.46092013908152,0.161245154965971,0.2543320520350246,0.028823600005125627,1.0
Hybrid GWO-ABC,547,100.0,0.0,26.162842271416032,23.837157728583968,54700.0,54700.0,2640.0,10560000.0,1.0,0.04324820053663814,5.0,19.717875297447346,33.6903222452673,0.17606816861659008,0.23498372490688627,0.028414500004146248,1.0
Hybrid GWO-ABC,548,100.0,0.0,26.11890810312758,23.88109189687242,54800.0,54800.0,2645.0,10580000.0,1.0,0.04393416828845176,5.0,24.18221209222634,39.2108669927393,0.10488088481701516,0.2514799036733976,0.03049520000058692,1.0
Hybrid GWO-ABC,549,100.0,0.0,26.075332377339187,23.924667622660813,54900.0,54900.0,2650.0,10600000.0,1.0,0.04357572578839353,5.0,22.34353274607429,31.999817425007244,0.1,0.22392512694537212,0.02759249999508029,1.0
Hybrid GWO-ABC,550,100.0,0.0,26.032356803150346,23.967643196849654,55000.0,55000.0,2655.0,10620000.0,1.0,0.04297557418884068,5.0,19.36064627862296,37.97960280583819,0.1673320053068151,0.2468012209052771,0.02895610000268789,1.0
Hybrid GWO-ABC,551,100.0,0.0,25.988333299763216,24.011666700236784,55100.0,55100.0,2660.0,10640000.0,1.0,0.04402350338713035,5.0,23.21649158562778,46.81884331291425,0.10488088481701516,0.26950234421913744,0.03546499999356456,1.0
Hybrid GWO-ABC,552,100.0,0.0,25.94536724544819,24.05463275455181,55200.0,55200.0,2665.0,10660000.0,1.0,0.04296605431502698,5.0,18.85496364674065,33.476262297876865,0.29154759474226505,0.24951018245321566,0.03095490000123391,1.0
Hybrid GWO-ABC,553,100.0,0.0,25.901266434636376,24.098733565363624,55300.0,55300.0,2670.0,10680000.0,1.0,0.04410081081181261,5.0,24.356836787518837,45.78767015163388,0.28809720581775866,0.3001753422962206,0.028374500005156733,1.0
Hybrid GWO-ABC,554,100.0,0.0,25.854976525939037,24.145023474060963,55400.0,55400.0,2673.0,10692000.0,1.0,0.0462899086973394,3.0,30.611593120654515,53.75620513408568,0.03741657386773941,0.3399432301071998,0.028328799999144394,1.0
Hybrid GWO-ABC,555,100.0,0.0,25.81137868018267,24.18862131981733,55500.0,55500.0,2678.0,10712000.0,1.0,0.04359784575636638,5.0,21.755177307300045,30.899569622812635,0.13038404810405296,0.22357813825018774,0.030363199999555945,1.0
Hybrid GWO-ABC,556,100.0,0.0,25.768483044333106,24.231516955666894,55600.0,55600.0,2683.0,10732000.0,1.0,0.042895635849564684,5.0,18.688683385161262,33.660903179180266,0.08944271909999159,0.21993891826599282,0.027907499999855645,1.0
Hybrid GWO-ABC,557,100.0,0.0,25.7257010441848,24.2742989558152,55700.0,55700.0,2688.0,10752000.0,1.0,0.04278200014830702,5.0,18.421773202942912,31.201875764137366,0.15811388300841897,0.22183286520952883,0.02657560000079684,1.0
Hybrid GWO-ABC,558,100.0,0.0,25.68192856482848,24.31807143517152,55800.0,55800.0,2693.0,10772000.0,1.0,0.04377247935632056,5.0,22.834036826810912,32.78813704366765,0.15491933384829668,0.23629255080618905,0.03057759999501286,1.0
Hybrid GWO-ABC,559,100.0,0.0,25.63652283142019,24.36347716857981,55900.0,55900.0,2696.0,10784000.0,1.0,0.045405733408287574,3.0,28.856613150553805,19.212623271426445,0.196468827043885,0.2531793622653961,0.03210979999857955,1.0
Hybrid GWO-ABC,560,100.0,0.0,25.592196621242323,24.407803378757677,56000.0,56000.0,2701.0,10804000.0,1.0,0.044326210177867864,5.0,24.949623161065556,34.346281312136185,0.10488088481701516,0.2386865692681182,0.02839930000482127,1.0
Hybrid GWO-ABC,561,100.0,0.0,25.548690648326996,24.451309351673004,56100.0,56100.0,2706.0,10824000.0,1.0,0.04350597291532665,5.0,22.159124201467158,36.62907247564943,0.24899799195977462,0.261275710793471,0.027306600000883918,1.0
Hybrid GWO-ABC,562,100.0,0.0,25.50585437568798,24.49414562431202,56200.0,56200.0,2711.0,10844000.0,1.0,0.042836272639014794,5.0,17.702703497155724,43.128860279381435,0.17888543819998318,0.26196704149755995,0.02784099999553291,1.0
Hybrid GWO-ABC,563,100.0,0.0,25.462556089840717,24.537443910159283,56300.0,56300.0,2716.0,10864000.0,1.0,0.04329828584726414,5.0,20.788472723707397,43.14309086931071,0.2664582518894846,0.2795694157553529,0.027446399995824322,1.0
Hybrid GWO-ABC,564,100.0,0.0,25.41913546848703,24.58086453151297,56400.0,56400.0,2721.0,10884000.0,1.0,0.04342062135368607,5.0,20.92065112621196,34.09099743265208,0.17888543819998318,0.2405253804133317,0.0288351999988663,1.0
Hybrid GWO-ABC,565,100.0,0.0,25.37567055338451,24.62432944661549,56500.0,56500.0,2726.0,10904000.0,1.0,0.04346491510252193,5.0,20.976768362246005,36.10525524931078,0.28982753492378877,0.26376290299151006,0.026451899997482542,1.0
Hybrid GWO-ABC,566,100.0,0.0,25.332440127224206,24.667559872775794,56600.0,56600.0,2731.0,10924000.0,1.0,0.043230426160302926,5.0,19.94561141833466,37.43210182320397,0.08366600265340755,0.23439897267598003,0.02999489999638172,1.0
Hybrid GWO-ABC,567,100.0,0.0,25.288948990728628,24.711051009271372,56700.0,56700.0,2736.0,10944000.0,1.0,0.043491136495578786,5.0,21.09153467921767,48.11471059508656,0.13038404810405296,0.27844955655205944,0.02949530000478262,1.0
Hybrid GWO-ABC,568,100.0,0.0,25.24569468484055,24.75430531515945,56800.0,56800.0,2741.0,10964000.0,1.0,0.04325430588807677,5.0,20.98128348044355,27.70276026900845,0.2588435821108957,0.2326760160401401,0.029069500000332482,1.0
Hybrid GWO-ABC,569,100.0,0.0,25.202521405987913,24.797478594012087,56900.0,56900.0,2746.0,10984000.0,1.0,0.04317327885263822,5.0,20.4202898240812,37.04420398432241,0.17606816861659008,0.24878664642358955,0.029792900000757072,1.0
Hybrid GWO-ABC,570,100.0,0.0,25.159042608125045,24.840957391874955,57000.0,57000.0,2751.0,11004000.0,1.0,0.04347879786286768,5.0,22.24068032405355,30.822131107968584,0.27568097504180444,0.2480227268038987,0.027941600004851352,1.0
Hybrid GWO-ABC,571,100.0,0.0,25.11550526280763,24.88449473719237,57100.0,57100.0,2756.0,11024000.0,1.0,0.04353734531741438,5.0,21.5305402375719,47.77422772579985,0.03162277660168379,0.26187629311648974,0.03475569999864092,1.0
Hybrid GWO-ABC,572,100.0,0.0,25.071815266977843,24.928184733022157,57200.0,57200.0,2761.0,11044000.0,1.0,0.043689995829787165,5.0,22.52597293015046,41.31075058358345,0.27018512172212594,0.2814874868150585,0.024002899997867644,1.0
Hybrid GWO-ABC,573,100.0,0.0,25.027198749689962,24.972801250310038,57300.0,57300.0,2766.0,11064000.0,1.0,0.04461651728788141,5.0,25.94655096239614,50.41727123815032,0.15811388300841897,0.29172607239845094,0.023656700002902653,1.0
Hybrid GWO-ABC,574,100.0,0.0,24.98371758731739,25.01628241268261,57400.0,57400.0,2771.0,11084000.0,1.0,0.04348116237257216,5.0,21.514072819033508,37.909262760348795,0.044721359549995794,0.2330303441263603,0.023775299996486865,1.0
Hybrid GWO-ABC,575,100.0,0.0,24.939235213331354,25.060764786668646,57500.0,57500.0,2774.0,11096000.0,1.0,0.044482373986035384,3.0,24.391360141655785,27.7285371380718,0.11045361017187261,0.25745010929410067,0.023029700001643505,1.0
Hybrid GWO-ABC,576,100.0,0.0,24.895707504133654,25.104292495866346,57600.0,57600.0,2779.0,11116000.0,1.0,0.04352770919770066,5.0,21.739244957669143,38.45576078910902,0.25099800796022265,0.2657884308441413,0.029647999996086583,1.0
Hybrid GWO-ABC,577,100.0,0.0,24.85151634891571,25.14848365108429,57700.0,57700.0,2782.0,11128000.0,1.0,0.04419115521794481,3.0,23.622064541824784,29.916996176784238,0.07071067811865474,0.25685299397648353,0.024184599998989142,1.0
Hybrid GWO-ABC,578,100.0,0.0,24.808894428371406,25.191105571628594,57800.0,57800.0,2788.0,11152000.0,1.0,0.04262192054430258,6.0,17.164696926334205,42.21737387367223,0.132664991614216,0.2709613759767686,0.024377900001127273,1.0
Hybrid GWO-ABC,579,100.0,0.0,24.765856753589755,25.234143246410245,57900.0,57900.0,2793.0,11172000.0,1.0,0.04303767478165099,5.0,19.427298628611084,39.887284321302175,0.1673320053068151,0.25306701452735864,0.022858500000438653,1.0
Hybrid GWO-ABC,580,100.0,0.0,24.722727521510443,25.277272478489557,58000.0,58000.0,2798.0,11192000.0,1.0,0.04312923207931263,5.0,20.254708107664634,30.515418784708032,0.07071067811865475,0.2112886998834321,0.024859199998900294,1.0
Hybrid GWO-ABC,581,100.0,0.0,24.67952038838559,25.32047961161441,58100.0,58100.0,2803.0,11212000.0,1.0,0.04320713312485225,5.0,20.490310932327954,38.65412151792251,0.24289915602982237,0.2635001412395336,0.02638429999933578,1.0
Hybrid GWO-ABC,582,100.0,0.0,24.63589450729293,25.36410549270707,58200.0,58200.0,2808.0,11232000.0,1.0,0.04362588109265886,5.0,22.101222987998113,45.344999066754774,0.1140175425099138,0.26934141714428717,0.022562999998626765,1.0
Hybrid GWO-ABC,583,100.0,0.0,24.59269634705267,25.40730365294733,58300.0,58300.0,2813.0,11252000.0,1.0,0.04319816024026224,5.0,20.36411028707667,34.705010925706404,0.1140175425099138,0.22970281672401505,0.02384650000021793,1.0
Hybrid GWO-ABC,584,100.0,0.0,24.54973397958294,25.45026602041706,58400.0,58400.0,2818.0,11272000.0,1.0,0.04296236746973037,5.0,18.94716821707325,35.33981198527048,0.07071067811865475,0.22431169642440618,0.0253316000016639,1.0
Hybrid GWO-ABC,585,100.0,0.0,24.505115656319237,25.494884343680763,58500.0,58500.0,2823.0,11292000.0,1.0,0.04461832326370185,5.0,26.089971805600605,29.035065916347502,0.21213203435596423,0.24139274730758997,0.024680399998032954,1.0
Hybrid GWO-ABC,586,100.0,0.0,24.461726793195353,25.538273206804647,58600.0,58600.0,2828.0,11312000.0,1.0,0.04338886312388368,5.0,20.622888658644406,40.77343355480291,0.12649110640673517,0.2539577821509161,0.02982740000152262,1.0
Hybrid GWO-ABC,587,100.0,0.0,24.418320151110883,25.581679848889117,58700.0,58700.0,2833.0,11332000.0,1.0,0.04340664208447009,5.0,21.834038914978027,26.28465423277932,0.17606816861659008,0.21796542797659332,0.02545079999981681,1.0
Hybrid GWO-ABC,588,100.0,0.0,24.375292578794973,25.624707421205027,58800.0,58800.0,2838.0,11352000.0,1.0,0.04302757231591059,5.0,19.30079841439289,40.2994346695789,0.09486832980505137,0.24466464994597212,0.028641099997912534,1.0
Hybrid GWO-ABC,589,100.0,0.0,24.331715827352514,25.668284172647486,58900.0,58900.0,2842.0,11368000.0,1.0,0.04357675144245832,4.0,21.660840899656865,37.85519211920203,0.12,0.26637777214852254,0.027721500002371613,1.0
Hybrid GWO-ABC,590,100.0,0.0,24.288832195002822,25.711167804997178,59000.0,59000.0,2847.0,11388000.0,1.0,0.04288363234969239,5.0,17.93150807175747,38.966574396218824,0.26267851073127396,0.26273164731589793,0.032313399999111425,1.0
Hybrid GWO-ABC,591,100.0,0.0,24.245010004242147,25.754989995757853,59100.0,59100.0,2852.0,11408000.0,1.0,0.043822190760675284,5.0,22.27296943539195,43.25107936272691,0.24083189157584592,0.2832856580486894,0.027765099999669474,1.0
Hybrid GWO-ABC,592,100.0,0.0,24.201454611937837,25.798545388062163,59200.0,59200.0,2857.0,11428000.0,1.0,0.04355539230430949,5.0,21.24432846145995,46.40688698760483,0.28809720581775866,0.2978405974537362,0.030297299999801908,1.0
Hybrid GWO-ABC,593,100.0,0.0,24.15760179603626,25.84239820396374,59300.0,59300.0,2861.0,11444000.0,1.0,0.04385281590157675,4.0,23.131213339035032,32.424327302462004,0.14696938456699069,0.2567804133420365,0.02572340000187978,1.0
Hybrid GWO-ABC,594,100.0,0.0,24.114167767791482,25.885832232208518,59400.0,59400.0,2866.0,11464000.0,1.0,0.04343402824477849,5.0,20.76680191632895,39.873725317472314,0.433589667773576,0.29632864653054586,0.03077320000011241,1.0
Hybrid GWO-ABC,595,100.0,0.0,24.071064731266453,25.928935268733547,59500.0,59500.0,2871.0,11484000.0,1.0,0.04310303652502867,5.0,19.72049412059048,36.33917916028303,0.2449489742783178,0.2549987472939071,0.028260200000659097,1.0
Hybrid GWO-ABC,596,100.0,0.0,24.027195628277916,25.972804371722084,59600.0,59600.0,2876.0,11504000.0,1.0,0.043869102988537634,5.0,23.60442537035614,45.917128253626444,0.15491933384829668,0.282031489607127,0.026665999997931067,1.0
Hybrid GWO-ABC,597,100.0,0.0,23.9827490015344,26.0172509984656,59700.0,59700.0,2881.0,11524000.0,1.0,0.04444662674351463,5.0,25.185609310035257,51.72425663257741,0.18165902124584948,0.3036301487544535,0.024435999999695923,1.0
Hybrid GWO-ABC,598,100.0,0.0,23.93812304534399,26.06187695465601,59800.0,59800.0,2884.0,11536000.0,1.0,0.0446259561904121,3.0,25.850632595650996,27.895566420329633,0.14352700094407322,0.26868895625404876,0.02493479999975534,1.0
Hybrid GWO-ABC,599,100.0,0.0,23.895485446237068,26.104514553762932,59900.0,59900.0,2889.0,11556000.0,1.0,0.04263759910692144,5.0,17.01132557355933,37.28553813097345,0.12649110640673517,0.23642426619465645,0.023973399998794775,1.0
Hybrid GWO-ABC,600,100.0,0.0,23.851885926681305,26.148114073318695,60000.0,60000.0,2894.0,11576000.0,1.0,0.043599519555762356,5.0,22.977714529915673,28.327224758372257,0.10954451150103321,0.21851917290451142,0.026983800002199132,1.0
Hybrid GWO-ABC,601,100.0,0.0,23.808881085835367,26.191118914164633,60100.0,60100.0,2899.0,11596000.0,1.0,0.043004840845938475,5.0,19.46151835223365,33.08715423227448,0.151657508881031,0.23241764233417436,0.02706870000110939,1.0
Hybrid GWO-ABC,602,100.0,0.0,23.764888208874797,26.235111791125203,60200.0,60200.0,2904.0,11616000.0,1.0,0.043992876960569305,5.0,23.031799358715297,50.37920741050134,0.19235384061671346,0.29337776062169474,0.028032800000801217,1.0
Hybrid GWO-ABC,603,100.0,0.0,23.721941218266025,26.278058781733975,60300.0,60300.0,2909.0,11636000.0,1.0,0.042946990608772495,5.0,18.855730139967157,34.71149516959387,0.2073644135332772,0.24387578652907604,0.03147449999960372,1.0
Hybrid GWO-ABC,604,100.0,0.0,23.679077468281356,26.320922531718644,60400.0,60400.0,2914.0,11656000.0,1.0,0.042863749984668686,5.0,18.456274694388554,34.0340828754526,0.18708286933869706,0.23790916083234684,0.029469400004018098,1.0
Hybrid GWO-ABC,605,100.0,0.0,23.63619676922741,26.36380323077259,60500.0,60500.0,2919.0,11676000.0,1.0,0.04288069905394565,5.0,18.40692183120914,32.07001829347796,0.08944271909999159,0.21710317441291102,0.030144900003506336,1.0
Hybrid GWO-ABC,606,100.0,0.0,23.59144252710716,26.40855747289284,60600.0,60600.0,2922.0,11688000.0,1.0,0.04475424212025203,3.0,26.28086076593774,22.225846448516005,0.12569805089976535,0.2489048922470048,0.028572700000950135,1.0
Hybrid GWO-ABC,607,100.0,0.0,23.548167202543183,26.451832797456817,60700.0,60700.0,2927.0,11708000.0,1.0,0.043275324563975204,5.0,20.841486722199324,35.12267588326059,0.2588435821108957,0.2574635110007245,0.03181670000049053,1.0
Hybrid GWO-ABC,608,100.0,0.0,23.504936289869796,26.495063710130204,60800.0,60800.0,2932.0,11728000.0,1.0,0.04323091267338697,5.0,19.992333427249303,44.526828645704555,0.2,0.276836714293622,0.026741800000309013,1.0
Hybrid GWO-ABC,609,100.0,0.0,23.461401226972328,26.538598773027672,60900.0,60900.0,2937.0,11748000.0,1.0,0.04353506289746889,5.0,21.53050465514112,43.22109550564903,0.216794833886788,0.2773983495276836,0.026952699998219032,1.0
Hybrid GWO-ABC,610,100.0,0.0,23.418128585593053,26.581871414406947,61000.0,61000.0,2942.0,11768000.0,1.0,0.043272641379275,5.0,20.81667450960078,36.38002603462261,0.03162277660168379,0.2277738164502008,0.029394700002740137,1.0
Hybrid GWO-ABC,611,100.0,0.0,23.37155104917414,26.62844895082586,61100.0,61100.0,2947.0,11788000.0,1.0,0.04657753641891205,5.0,31.28530207816802,54.565332878991796,0.18973665961010275,0.32605176433378963,0.031232399996952154,1.0
Hybrid GWO-ABC,612,100.0,0.0,23.328325183411792,26.671674816588208,61200.0,61200.0,2952.0,11808000.0,1.0,0.04322586576234855,5.0,20.31874258020307,34.584891185017106,0.13784048752090222,0.2373150664666049,0.028187999996589497,1.0
Hybrid GWO-ABC,613,100.0,0.0,23.284303793993026,26.715696206006974,61300.0,61300.0,2957.0,11828000.0,1.0,0.04402138941876643,5.0,23.55447921117957,32.91436601897645,0.17888543819998318,0.24560409986872578,0.025221300005796365,1.0
Hybrid GWO-ABC,614,100.0,0.0,23.239830958746374,26.760169041253626,61400.0,61400.0,2962.0,11848000.0,1.0,0.04447283524665124,5.0,25.50583685380202,34.42588974193449,0.15811388300841897,0.25161073784181387,0.026897800002188887,1.0
Hybrid GWO-ABC,615,100.0,0.0,23.194329614861264,26.805670385138736,61500.0,61500.0,2965.0,11860000.0,1.0,0.0455013438851104,3.0,28.140150787160305,46.81251257993703,0.1979898987322333,0.33926945189231217,0.03648799999791663,1.0
Hybrid GWO-ABC,616,100.0,0.0,23.148080808253418,26.851919191746582,61600.0,61600.0,2970.0,11880000.0,1.0,0.046248806607845694,5.0,31.902165963367036,49.96237501162861,0.2932575659723036,0.33593041106857924,0.027439900004537776,1.0
Hybrid GWO-ABC,617,100.0,0.0,23.104146603695575,26.895853396304425,61700.0,61700.0,2975.0,11900000.0,1.0,0.043934204557842804,5.0,23.03762739331708,41.684005110258965,0.2345207879911715,0.2784092250462968,0.03067190000001574,1.0
Hybrid GWO-ABC,618,100.0,0.0,23.06064042539615,26.93935957460385,61800.0,61800.0,2980.0,11920000.0,1.0,0.04350617829942394,5.0,21.050243222069007,43.31395142323392,0.13784048752090222,0.2621054632780902,0.027220899995882064,1.0
Hybrid GWO-ABC,619,100.0,0.0,23.0168097786559,26.9831902213441,61900.0,61900.0,2984.0,11936000.0,1.0,0.0438306467402505,4.0,23.246842235436528,28.86938398866331,0.11661903789690602,0.2414283815829402,0.030979499999375548,1.0
Hybrid GWO-ABC,620,100.0,0.0,22.97248661507895,27.02751338492105,62000.0,62000.0,2989.0,11956000.0,1.0,0.04432316357695143,5.0,24.140073827512488,39.63679395946526,0.09486832980505137,0.2495282890437599,0.03145349999977043,1.0
Hybrid GWO-ABC,621,100.0,0.0,22.92866843587958,27.07133156412042,62100.0,62100.0,2994.0,11976000.0,1.0,0.04381817919936992,5.0,23.38415602945892,35.862788885148504,0.14832396974191325,0.24690191971574887,0.030654099995444994,1.0
Hybrid GWO-ABC,622,100.0,0.0,22.885396190263545,27.114603809736455,62200.0,62200.0,2998.0,11992000.0,1.0,0.043272245616034155,4.0,20.43806561350689,31.720543434808313,0.1019803902718557,0.24205875667035157,0.03193009999813512,1.0
Hybrid GWO-ABC,623,100.0,0.0,22.842356770102008,27.157643229897992,62300.0,62300.0,3003.0,12012000.0,1.0,0.043039420161537834,5.0,19.229174430337434,33.089323161819024,0.1673320053068151,0.2337491965540608,0.029335699997318443,1.0
Hybrid GWO-ABC,624,100.0,0.0,22.799690017045144,27.200309982954856,62400.0,62400.0,3008.0,12032000.0,1.0,0.04266675305686363,5.0,17.189524340988783,40.66494860720127,0.24899799195977462,0.26554915804251866,0.02895610000268789,1.0
Hybrid GWO-ABC,625,100.0,0.0,22.756601779376286,27.243398220623714,62500.0,62500.0,3013.0,12052000.0,1.0,0.04308823766885794,5.0,19.482773462652233,35.25711447723403,0.3082207001484488,0.2625066030318531,0.029365800000960007,1.0
Hybrid GWO-ABC,626,100.0,0.0,22.713724167751057,27.286275832248943,62600.0,62600.0,3018.0,12072000.0,1.0,0.042877611625229406,5.0,18.471928415640317,31.347199335289066,0.07071067811865475,0.21228125379584759,0.02736179999919841,1.0
Hybrid GWO-ABC,627,100.0,0.0,22.670156510897595,27.329843489102405,62700.0,62700.0,3023.0,12092000.0,1.0,0.043567656853461756,5.0,22.201472838429588,38.52671285864939,0.151657508881031,0.25535134782161895,0.029730299997027032,1.0
Hybrid GWO-ABC,628,100.0,0.0,22.626671260761846,27.373328739238154,62800.0,62800.0,3028.0,12112000.0,1.0,0.043485250135749,5.0,22.002575376753754,39.51994573013821,0.10488088481701516,0.251269535815545,0.02733019999868702,1.0
Hybrid GWO-ABC,629,100.0,0.0,22.58125957538534,27.41874042461466,62900.0,62900.0,3033.0,12132000.0,1.0,0.045411685376507194,5.0,29.054998739977233,53.31669626943964,0.151657508881031,0.3101228352173977,0.028231700001924764,1.0
Hybrid GWO-ABC,630,100.0,0.0,22.537376492179707,27.462623507820293,63000.0,63000.0,3037.0,12148000.0,1.0,0.043883083205631834,4.0,22.466768695213233,39.01520847527275,0.0282842712474619,0.2598486224305657,0.024244000000180677,1.0
Hybrid GWO-ABC,631,100.0,0.0,22.493683424595194,27.506316575404806,63100.0,63100.0,3041.0,12164000.0,1.0,0.0436930675845133,4.0,22.418677726131847,30.53290489510787,0.07483314773547883,0.23971687981097778,0.031207799998810515,1.0
Hybrid GWO-ABC,632,100.0,0.0,22.449886835651043,27.550113164348957,63200.0,63200.0,3046.0,12184000.0,1.0,0.04379658894415073,5.0,23.3191731569517,45.809021227346854,0.08366600265340755,0.2714958135585343,0.027900399996724445,1.0
Hybrid GWO-ABC,633,100.0,0.0,22.406331659246284,27.593668340753716,63300.0,63300.0,3051.0,12204000.0,1.0,0.04355517640475881,5.0,21.653500543193967,40.968031447284304,0.32403703492039304,0.28844912963843605,0.026337800001783762,1.0
Hybrid GWO-ABC,634,100.0,0.0,22.363006284427012,27.636993715572988,63400.0,63400.0,3055.0,12220000.0,1.0,0.0433253748192719,4.0,21.057724151173616,27.889036534939798,0.0848528137423857,0.23021258120914173,0.02762549999897601,1.0
Hybrid GWO-ABC,635,100.0,0.0,22.319924024136274,27.680075975863726,63500.0,63500.0,3060.0,12240000.0,1.0,0.04308226029073836,5.0,19.6523775487878,33.91817813046097,0.27202941017470883,0.2533584789723713,0.025432199996430427,1.0
Hybrid GWO-ABC,636,100.0,0.0,22.276789753239772,27.723210246760228,63600.0,63600.0,3065.0,12260000.0,1.0,0.0431342708965019,5.0,20.08734980657515,36.20743597342984,0.3209361307176243,0.27009027682877523,0.027510400002938695,1.0
Hybrid GWO-ABC,637,100.0,0.0,22.233713152226603,27.766286847773397,63700.0,63700.0,3070.0,12280000.0,1.0,0.043076601013169125,5.0,19.307953282876095,38.17069247422069,0.3209361307176243,0.27469571109835667,0.023394700001517776,1.0
Hybrid GWO-ABC,638,100.0,0.0,22.190242127512388,27.809757872487612,63800.0,63800.0,3075.0,12300000.0,1.0,0.043471024714214934,5.0,21.35482012628104,36.02098983835246,0.161245154965971,0.24829375335791634,0.027303099996061064,1.0
Hybrid GWO-ABC,639,100.0,0.0,22.146241859449226,27.853758140550774,63900.0,63900.0,3080.0,12320000.0,1.0,0.044000268063161485,5.0,23.384198303532738,40.481501945879714,0.13038404810405296,0.2565899405790246,0.02454820000275504,1.0
Hybrid GWO-ABC,640,100.0,0.0,22.10280928281282,27.89719071718718,64000.0,64000.0,3085.0,12340000.0,1.0,0.04343257663640543,5.0,20.664155188381855,44.83393004137449,0.21908902300206642,0.28181554944574855,0.029042300004221033,1.0
Hybrid GWO-ABC,641,100.0,0.0,22.059730991740807,27.940269008259193,64100.0,64100.0,3090.0,12360000.0,1.0,0.043078291072014,5.0,19.2015474092975,45.46428215898959,0.30659419433511786,0.29540563647806667,0.025149600005534012,1.0
Hybrid GWO-ABC,642,100.0,0.0,22.01595346821697,27.98404653178303,64200.0,64200.0,3095.0,12380000.0,1.0,0.04377752352383624,5.0,22.471802070733467,47.48052651616638,0.3271085446759225,0.31175674696762706,0.02831280000100378,1.0
Hybrid GWO-ABC,643,100.0,0.0,21.971850577018223,28.028149422981777,64300.0,64300.0,3100.0,12400000.0,1.0,0.04410289119874733,5.0,23.077129841668203,50.074629629949115,0.2073644135332772,0.2997043897410272,0.0292494999957853,1.0
Hybrid GWO-ABC,644,100.0,0.0,21.928329155562594,28.071670844437406,64400.0,64400.0,3105.0,12420000.0,1.0,0.04352142145562965,5.0,21.408904710603693,26.684308167164424,0.08366600265340755,0.20839606395443788,0.03292119999969145,1.0
Hybrid GWO-ABC,645,100.0,0.0,21.885618912646333,28.114381087353667,64500.0,64500.0,3110.0,12440000.0,1.0,0.04271024291626091,5.0,17.865210718852136,33.348003565867245,0.1140175425099138,0.22637469950612232,0.028710600003250875,1.0
Hybrid GWO-ABC,646,100.0,0.0,21.84287327721978,28.15712672278022,64600.0,64600.0,3115.0,12460000.0,1.0,0.0427456354265523,5.0,17.963579909511466,34.943424257062155,0.151657508881031,0.2364282655573194,0.026484699999855366,1.0
Hybrid GWO-ABC,647,100.0,0.0,21.799776875220005,28.200223124779995,64700.0,64700.0,3120.0,12480000.0,1.0,0.043096401999775935,5.0,19.817393988447378,38.87346715299779,0.09486832980505137,0.24545466262020738,0.026782599998114165,1.0
Hybrid GWO-ABC,648,100.0,0.0,21.75693342653171,28.24306657346829,64800.0,64800.0,3125.0,12500000.0,1.0,0.04284344868829493,5.0,17.82215038307937,39.27722750206023,0.2664582518894846,0.268306460558953,0.02509029999782797,1.0
Hybrid GWO-ABC,649,100.0,0.0,21.71294362787663,28.28705637212337,64900.0,64900.0,3130.0,12520000.0,1.0,0.04398979865507968,5.0,23.766753874710624,32.60724261385086,0.1341640786499874,0.24047376449251123,0.02534709999599727,1.0
Hybrid GWO-ABC,650,100.0,0.0,21.66985691424914,28.33014308575086,65000.0,65000.0,3135.0,12540000.0,1.0,0.04308671362748839,5.0,19.41199917599252,36.111394869887846,0.29154759474226505,0.2651525131891275,0.024865799998224247,1.0
Hybrid GWO-ABC,651,100.0,0.0,21.626240059703242,28.373759940296758,65100.0,65100.0,3140.0,12560000.0,1.0,0.04361685454589903,5.0,22.841810627731956,41.79269004888538,0.1414213562373095,0.26863744168911063,0.027655400001094677,1.0
Hybrid GWO-ABC,652,100.0,0.0,21.582834585883383,28.417165414116617,65200.0,65200.0,3144.0,12576000.0,1.0,0.04340547381985971,4.0,20.790734654503684,32.14726680325768,0.1697056274847714,0.25822609534832075,0.027387000001908746,1.0
Hybrid GWO-ABC,653,100.0,0.0,21.538245062057012,28.461754937942988,65300.0,65300.0,3149.0,12596000.0,1.0,0.044589523826370936,5.0,25.740258029402327,52.95404815177166,0.08944271909999159,0.29816182266919633,0.029969399998662993,1.0
Hybrid GWO-ABC,654,100.0,0.0,21.494506190433103,28.505493809566897,65400.0,65400.0,3154.0,12616000.0,1.0,0.04373887162390844,5.0,22.222939725789907,48.036329464136415,0.15811388300841897,0.28973359210703076,0.02562430000398308,1.0
Hybrid GWO-ABC,655,100.0,0.0,21.450591868454957,28.549408131545043,65500.0,65500.0,3158.0,12632000.0,1.0,0.043914321978146376,4.0,23.612624457738193,30.571822811133885,0.06928203230275509,0.24463871760126812,0.0311848999990616,1.0
Hybrid GWO-ABC,656,100.0,0.0,21.40772186908792,28.59227813091208,65600.0,65600.0,3163.0,12652000.0,1.0,0.0428699993670385,5.0,18.297047715256934,34.302369541836605,0.22135943621178655,0.24790254112819815,0.02966599999490427,1.0
Hybrid GWO-ABC,657,100.0,0.0,21.36520620417559,28.63479379582441,65700.0,65700.0,3169.0,12676000.0,1.0,0.0425156649123295,6.0,17.345687171889374,38.51948092231347,0.1019803902718557,0.26105367145174013,0.0272629999963101,1.0
Hybrid GWO-ABC,658,100.0,0.0,21.322001381591956,28.677998618408044,65800.0,65800.0,3174.0,12696000.0,1.0,0.04320482258363256,5.0,20.22116347315271,38.24091479625079,0.17606816861659008,0.2578843143224474,0.030348100000992417,1.0
Hybrid GWO-ABC,659,100.0,0.0,21.27788334439796,28.72211665560204,65900.0,65900.0,3179.0,12716000.0,1.0,0.04411803719399643,5.0,23.5755820973923,41.474457563030704,0.21908902300206642,0.27860752314217285,0.0254170999978669,1.0
Hybrid GWO-ABC,660,100.0,0.0,21.23425570245562,28.76574429754438,66000.0,66000.0,3184.0,12736000.0,1.0,0.043627641942340034,5.0,21.093466799626682,50.499543269671776,0.19748417658131498,0.3013068851776708,0.023677500001213048,1.0
Hybrid GWO-ABC,661,100.0,0.0,21.19111536023188,28.80888463976812,66100.0,66100.0,3189.0,12756000.0,1.0,0.04314034222374019,5.0,20.299878497869322,35.79229704344029,0.1140175425099138,0.24108588214304427,0.029763400001684204,1.0
Hybrid GWO-ABC,662,100.0,0.0,21.147486672496285,28.852513327503715,66200.0,66200.0,3194.0,12776000.0,1.0,0.043628687735594696,5.0,22.267591279364705,36.696174781173674,0.1341640786499874,0.2478879236334101,0.032170400001632515,1.0
Hybrid GWO-ABC,663,100.0,0.0,21.103624011144458,28.896375988855542,66300.0,66300.0,3199.0,12796000.0,1.0,0.04386266135182737,5.0,23.370408434139105,42.96145730960788,0.18165902124584948,0.2814206174737268,0.030179999994288664,1.0
Hybrid GWO-ABC,664,100.0,0.0,21.059200815923308,28.940799184076692,66400.0,66400.0,3203.0,12812000.0,1.0,0.04442319522114957,4.0,26.038163835412387,21.424850883639554,0.0848528137423857,0.2245275008165822,0.031105800000659656,1.0
Hybrid GWO-ABC,665,100.0,0.0,21.015626870930657,28.984373129069343,66500.0,66500.0,3208.0,12832000.0,1.0,0.04357394499265155,5.0,22.565883623423613,32.40845690393165,0.07745966692414834,0.2306596646074303,0.029939899999590125,1.0
Hybrid GWO-ABC,666,100.0,0.0,20.9728866853501,29.0271133146499,66600.0,66600.0,3213.0,12852000.0,1.0,0.04274018558055559,5.0,18.12978568336608,32.6164428674099,0.21213203435596423,0.2419169671697214,0.03002589999960037,1.0
Hybrid GWO-ABC,667,100.0,0.0,20.930033965616865,29.069966034383135,66700.0,66700.0,3218.0,12872000.0,1.0,0.042852719733236455,5.0,18.344988714457966,39.66088677793727,0.19235384061671346,0.26191230446425345,0.028323899998213165,1.0
Hybrid GWO-ABC,668,100.0,0.0,20.886388799898423,29.113611200101577,66800.0,66800.0,3223.0,12892000.0,1.0,0.04364516571844135,5.0,21.680901221724856,32.431753905048936,0.20248456731316583,0.24810085489251488,0.02902919999905862,1.0
Hybrid GWO-ABC,669,100.0,0.0,20.843430357145504,29.156569642854496,66900.0,66900.0,3228.0,12912000.0,1.0,0.04295844275291927,5.0,18.37534642054972,43.82609372006218,0.19235384061671346,0.27556555934207755,0.029324799994356,1.0
Hybrid GWO-ABC,670,100.0,0.0,20.800319133168628,29.199680866831372,67000.0,67000.0,3233.0,12932000.0,1.0,0.043111223976875834,5.0,20.02720073957989,40.90755481015806,0.29832867780352595,0.2856797448249382,0.07917109999834793,1.0
Hybrid GWO-ABC,671,100.0,0.0,20.75446983670004,29.24553016329996,67100.0,67100.0,3235.0,12940000.0,1.0,0.04584929646858882,2.0,30.00983115791593,23.88528258895341,0.02,0.27279360275018294,0.02771289999509463,1.0
Hybrid GWO-ABC,672,100.0,0.0,20.711262750444515,29.288737249555485,67200.0,67200.0,3240.0,12960000.0,1.0,0.043207086255524274,5.0,19.975040360262003,34.20832079458451,0.30166206257996714,0.2653430744937997,0.02553310000075726,1.0
Hybrid GWO-ABC,673,100.0,0.0,20.667336351745853,29.332663648254147,67300.0,67300.0,3245.0,12980000.0,1.0,0.04392639869866244,5.0,23.584042332573397,35.57575969164366,0.20493901531919198,0.2630657508355544,0.02513829999952577,1.0
Hybrid GWO-ABC,674,100.0,0.0,20.623520899554254,29.376479100445746,67400.0,67400.0,3250.0,13000000.0,1.0,0.043815452191598325,5.0,22.646921522696765,39.49252972226796,0.16431676725154984,0.26188788150601466,0.023668699999689125,1.0
Hybrid GWO-ABC,675,100.0,0.0,20.5798719506383,29.4201280493617,67500.0,67500.0,3254.0,13016000.0,1.0,0.04364894891595483,4.0,21.97842832347824,32.8394967871753,0.10954451150103323,0.25685597123073844,0.023257799999555573,1.0
Hybrid GWO-ABC,676,100.0,0.0,20.536501695621286,29.463498304378714,67600.0,67600.0,3259.0,13036000.0,1.0,0.04337025501701319,5.0,21.28690691785721,38.27268408757057,0.2073644135332772,0.26745448351731,0.023003100002824795,1.0
Hybrid GWO-ABC,677,100.0,0.0,20.492808732342645,29.507191267657355,67700.0,67700.0,3264.0,13056000.0,1.0,0.04369296327864092,5.0,21.838362538840972,36.27660189109402,0.09486832980505137,0.2458072571799861,0.02691969999432331,1.0
Hybrid GWO-ABC,678,100.0,0.0,20.450014922534514,29.549985077465486,67800.0,67800.0,3269.0,13076000.0,1.0,0.0427938098081313,5.0,17.58765619693526,42.0754919659647,0.21213203435596423,0.27257620811887073,0.02576190000399947,1.0
Hybrid GWO-ABC,679,100.0,0.0,20.406903938746282,29.593096061253718,67900.0,67900.0,3274.0,13096000.0,1.0,0.04311098378823175,5.0,19.612479641424866,40.7404829991256,0.28460498941515416,0.2836245627507047,0.0244174000035855,1.0
Hybrid GWO-ABC,680,100.0,0.0,20.363549030500977,29.636450969499023,68000.0,68000.0,3279.0,13116000.0,1.0,0.04335490824530552,5.0,20.983122435834133,38.664631421285506,0.1341640786499874,0.25740657907670167,0.02267990000109421,1.0
Hybrid GWO-ABC,681,100.0,0.0,20.319562904822313,29.680437095177687,68100.0,68100.0,3284.0,13136000.0,1.0,0.04398612567866422,5.0,23.50487609876532,34.92330320404932,0.10954451150103321,0.2478741766431276,0.023411699999996927,1.0
Hybrid GWO-ABC,682,100.0,0.0,20.27647669452871,29.72352330547129,68200.0,68200.0,3289.0,13156000.0,1.0,0.04308621029360182,5.0,19.56787361687366,32.25268274996235,0.27018512172212594,0.2548632132339479,0.028044999999110587,1.0
Hybrid GWO-ABC,683,100.0,0.0,20.232414536779626,29.767585463220374,68300.0,68300.0,3293.0,13172000.0,1.0,0.04406215774908517,4.0,23.74516546358635,39.08296918740425,0.17204650534085253,0.2878918796617543,0.024152899997716304,1.0
Hybrid GWO-ABC,684,100.0,0.0,20.188850034515777,29.811149965484223,68400.0,68400.0,3298.0,13192000.0,1.0,0.043564502263848226,5.0,22.195259095378454,39.65638372157111,0.09486832980505137,0.2566917684390968,0.023271400001249276,1.0
Hybrid GWO-ABC,685,100.0,0.0,20.145368857197674,29.854631142802326,68500.0,68500.0,3303.0,13212000.0,1.0,0.04348117731810319,5.0,22.047514589969257,38.97058375063658,0.2792848008753788,0.2829422344618236,0.026425900003232528,1.0
Hybrid GWO-ABC,686,100.0,0.0,20.10208662213351,29.89791337786649,68600.0,68600.0,3308.0,13232000.0,1.0,0.043282235064165064,5.0,20.34193692131459,39.54801404391239,0.08366600265340755,0.2523184252155602,0.023479399998905137,1.0
Hybrid GWO-ABC,687,100.0,0.0,20.055790378582987,29.944209621417013,68700.0,68700.0,3310.0,13240000.0,1.0,0.046296243550521865,2.0,31.812260413766182,16.669846558179962,0.04,0.25904814544177673,0.02695569999923464,1.0
Hybrid GWO-ABC,688,100.0,0.0,20.012881912809394,29.987118087190606,68800.0,68800.0,3315.0,13260000.0,1.0,0.04290846577359275,5.0,18.784882088414843,31.163938719298734,0.2073644135332772,0.24103152970235125,0.023423900005582254,1.0
Hybrid GWO-ABC,689,100.0,0.0,19.96997177631924,30.03002822368076,68900.0,68900.0,3320.0,13280000.0,1.0,0.042910136490153405,5.0,18.254037755819855,39.553923547758274,0.1140175425099138,0.2526073655345827,0.02217160000145668,1.0
Hybrid GWO-ABC,690,100.0,0.0,19.926369745656334,30.073630254343666,69000.0,69000.0,3325.0,13300000.0,1.0,0.0436020306629068,5.0,22.62746648200395,40.01166537354676,0.15811388300841897,0.2699953377182537,0.023186300000816118,1.0
Hybrid GWO-ABC,691,100.0,0.0,19.882730696176825,30.117269303823175,69100.0,69100.0,3330.0,13320000.0,1.0,0.04363904947950914,5.0,22.278875731734143,31.91942308859459,0.27018512172212594,0.2589949110059748,0.023661899998842273,1.0
Hybrid GWO-ABC,692,100.0,0.0,19.839839454426695,30.160160545573305,69200.0,69200.0,3335.0,13340000.0,1.0,0.04289124175013015,5.0,18.60712409351962,40.7551439779116,0.29154759474226505,0.28430286491696505,0.02885460000106832,1.0
Hybrid GWO-ABC,693,100.0,0.0,19.796898817495762,30.203101182504238,69300.0,69300.0,3340.0,13360000.0,1.0,0.04294063693093264,5.0,18.55458734615632,41.489327344630816,0.08366600265340755,0.25541253301569794,0.02568279999832157,1.0
Hybrid GWO-ABC,694,100.0,0.0,19.75388194150553,30.24611805849447,69400.0,69400.0,3345.0,13380000.0,1.0,0.04301687599023296,5.0,19.211992962110056,33.296699884372046,0.2345207879911715,0.2537519567401865,0.023589399999764282,1.0
Hybrid GWO-ABC,695,100.0,0.0,19.71070980509667,30.28929019490333,69500.0,69500.0,3350.0,13400000.0,1.0,0.04317213640885953,5.0,19.49015890057774,45.493923366720196,0.18708286933869706,0.28521877687553304,0.023586499999510124,1.0
Hybrid GWO-ABC,696,100.0,0.0,19.6664530065204,30.3335469934796,69600.0,69600.0,3353.0,13412000.0,1.0,0.04425679857627074,3.0,24.29221907664871,24.03727466053587,0.07483314773547882,0.25201418888598054,0.028657199996814597,1.0
Hybrid GWO-ABC,697,100.0,0.0,19.623522482883036,30.376477517116964,69700.0,69700.0,3358.0,13432000.0,1.0,0.04293052363736294,5.0,18.70829103669129,36.93941946666762,0.30983866769659335,0.27587759036564674,0.025515399996947963,1.0
Hybrid GWO-ABC,698,100.0,0.0,19.580118284525117,30.419881715474883,69800.0,69800.0,3363.0,13452000.0,1.0,0.0434041983579192,5.0,21.47278824606749,38.451908982226406,0.161245154965971,0.2645912184929569,0.024406600001384504,1.0
Hybrid GWO-ABC,699,100.0,0.0,19.53721807618718,30.46278192381282,69900.0,69900.0,3368.0,13472000.0,1.0,0.04290020833793662,5.0,18.150086143608263,44.26252091404352,0.23021728866442676,0.28638365316458914,0.026843100000405684,1.0
Hybrid GWO-ABC,700,100.0,0.0,19.49376049800411,30.50623950199589,70000.0,70000.0,3373.0,13492000.0,1.0,0.0434575781830695,5.0,21.114877662407206,47.930799205738744,0.13784048752090222,0.2903672240915296,0.025475800001004245,1.0
Hybrid GWO-ABC,701,100.0,0.0,19.44934192897801,30.55065807102199,70100.0,70100.0,3377.0,13508000.0,1.0,0.04441856902609942,4.0,24.875220521333507,42.058232267130464,0.2244994432064365,0.31291457124100924,0.024823299994750414,1.0
Hybrid GWO-ABC,702,100.0,0.0,19.404880946138547,30.595119053861453,70200.0,70200.0,3382.0,13528000.0,1.0,0.04446098283946398,5.0,25.27023462065436,49.270433076415564,0.151657508881031,0.2950360663481913,0.02666979999776231,1.0
Hybrid GWO-ABC,703,100.0,0.0,19.360796678185206,30.639203321814794,70300.0,70300.0,3385.0,13540000.0,1.0,0.04408426795334108,3.0,23.447089717571284,30.50929225078471,0.14352700094407322,0.28010913268798093,0.025855300002149306,1.0
Hybrid GWO-ABC,704,100.0,0.0,19.317357808349595,30.682642191650405,70400.0,70400.0,3390.0,13560000.0,1.0,0.043438869835611627,5.0,21.126624699744777,41.22050144583968,0.08944271909999159,0.25907088477286017,0.02913809999881778,1.0
Hybrid GWO-ABC,705,100.0,0.0,19.274416442250686,30.725583557749314,70500.0,70500.0,3395.0,13580000.0,1.0,0.04294136609890842,5.0,19.188947011438017,30.330833598517767,0.14491376746189438,0.2304517903673044,0.032632900001772214,1.0
Hybrid GWO-ABC,706,100.0,0.0,19.229977618198138,30.770022381801862,70600.0,70600.0,3399.0,13596000.0,1.0,0.0444388240525484,4.0,26.164149709174925,27.995889335494446,0.0848528137423857,0.24942619510982175,0.02924689999781549,1.0
Hybrid GWO-ABC,707,100.0,0.0,19.18668993632144,30.81331006367856,70700.0,70700.0,3404.0,13616000.0,1.0,0.043287681876698514,5.0,19.990329326908203,29.82836050561044,0.17888543819998318,0.2361266665031653,0.03043860000616405,1.0
Hybrid GWO-ABC,708,100.0,0.0,19.143879232277452,30.856120767722548,70800.0,70800.0,3409.0,13636000.0,1.0,0.0428107040439869,5.0,18.295711743960712,35.88938673515612,0.14832396974191325,0.24707151425540813,0.029467700005625375,1.0
Hybrid GWO-ABC,709,100.0,0.0,19.100717232322133,30.899282767677867,70900.0,70900.0,3414.0,13656000.0,1.0,0.043161999955319885,5.0,19.514025051943012,40.33194899809577,0.2588435821108957,0.2806244255696249,0.03221940000366885,1.0
Hybrid GWO-ABC,710,100.0,0.0,19.056875236214914,30.943124763785086,71000.0,71000.0,3419.0,13676000.0,1.0,0.043841996107218506,5.0,22.814809646575572,39.47413507830426,0.14832396974191325,0.26221072929436473,0.02826210000057472,1.0
Hybrid GWO-ABC,711,100.0,0.0,19.01374925360378,30.98625074639622,71100.0,71100.0,3424.0,13696000.0,1.0,0.04312598261113365,5.0,19.58973035598534,43.06144202929395,0.1414213562373095,0.2720020415143123,0.028289699999731965,1.0
Hybrid GWO-ABC,712,100.0,0.0,18.970395032374444,31.029604967625556,71200.0,71200.0,3429.0,13716000.0,1.0,0.043354221229336076,5.0,20.685976002810378,37.239848258777606,0.20248456731316583,0.2652913195878732,0.025236500005121343,1.0
Hybrid GWO-ABC,713,100.0,0.0,18.927183964530137,31.072816035469863,71300.0,71300.0,3434.0,13736000.0,1.0,0.043211067844307394,5.0,19.842835932621185,45.206405954399706,0.07071067811865475,0.2689687100260519,0.026482000001124106,1.0
Hybrid GWO-ABC,714,100.0,0.0,18.88358618189189,31.11641381810811,71400.0,71400.0,3439.0,13756000.0,1.0,0.04359778263824765,5.0,22.409452499429957,44.031300240788696,0.08944271909999159,0.2732897139465293,0.02491580000059912,1.0
Hybrid GWO-ABC,715,100.0,0.0,18.84012815715332,31.15987184284668,71500.0,71500.0,3444.0,13776000.0,1.0,0.043458024738569634,5.0,21.952100730114687,36.75077836992813,0.30166206257996714,0.281745492328908,0.02445620000071358,1.0
Hybrid GWO-ABC,716,100.0,0.0,18.795826675634075,31.204173324365925,71600.0,71600.0,3448.0,13792000.0,1.0,0.044301481519244845,4.0,24.531230027877353,37.468276992823874,0.1414213562373095,0.28590870443467603,0.02383729999564821,1.0
Hybrid GWO-ABC,717,100.0,0.0,18.752579731638793,31.247420268361207,71700.0,71700.0,3453.0,13812000.0,1.0,0.04324694399528184,5.0,20.187813400941423,45.203985905602046,0.3271085446759225,0.3048090635385001,0.02467629999591736,1.0
Hybrid GWO-ABC,718,100.0,0.0,18.708685892175207,31.291314107824793,71800.0,71800.0,3457.0,13828000.0,1.0,0.04389383946358549,4.0,22.74841877378542,41.883102527057744,0.2712931993250107,0.3142744825263589,0.027506099999300204,1.0
Hybrid GWO-ABC,719,100.0,0.0,18.66386292063729,31.33613707936271,71900.0,71900.0,3462.0,13848000.0,1.0,0.04482297153791848,5.0,25.701056741871774,50.95965538585712,0.39496835316262996,0.3468588052109696,0.025761700002476573,1.0
Hybrid GWO-ABC,720,100.0,0.0,18.619555083885228,31.380444916114772,72000.0,72000.0,3466.0,13864000.0,1.0,0.04430783675206129,4.0,24.041731059063597,49.16721536389287,0.28705400188814645,0.33945191823335874,0.02258620000066003,1.0
Hybrid GWO-ABC,721,100.0,0.0,18.574684962448945,31.425315037551055,72100.0,72100.0,3470.0,13880000.0,1.0,0.04487012143628277,4.0,26.58412222133458,39.09330099164358,0.07483314773547883,0.28685397787344535,0.022902299999259412,1.0
Hybrid GWO-ABC,722,100.0,0.0,18.531985327885753,31.468014672114247,72200.0,72200.0,3475.0,13900000.0,1.0,0.042699634563192035,5.0,17.11553698506007,42.49132648029456,0.18165902124584948,0.2727702935272628,0.023249599995324388,1.0
Hybrid GWO-ABC,723,100.0,0.0,18.488938865535545,31.511061134464455,72300.0,72300.0,3480.0,13920000.0,1.0,0.04304646235020826,5.0,19.65644846593195,30.21411317349432,0.2,0.2412921448600802,0.02791300000535557,1.0
Hybrid GWO-ABC,724,100.0,0.0,18.445816303810258,31.554183696189742,72400.0,72400.0,3485.0,13940000.0,1.0,0.043122561725287056,5.0,19.340991673395894,34.16462737618158,0.216794833886788,0.25663219810957905,0.023871999997936655,1.0
Hybrid GWO-ABC,725,100.0,0.0,18.40300237215167,31.59699762784833,72500.0,72500.0,3490.0,13960000.0,1.0,0.042813931658589155,5.0,18.244076351218066,36.54781629825095,0.3741657386773941,0.28550902276788664,0.023542800001450814,1.0
Hybrid GWO-ABC,726,100.0,0.0,18.359959837056444,31.640040162943556,72600.0,72600.0,3495.0,13980000.0,1.0,0.04304253509522482,5.0,19.515096918006247,37.6285973070668,0.054772255750516606,0.24384054885523965,0.02434279999579303,1.0
Hybrid GWO-ABC,727,100.0,0.0,18.31619136064379,31.68380863935621,72700.0,72700.0,3500.0,14000000.0,1.0,0.04376847641265513,5.0,22.21074766601855,38.26306464452081,0.18439088914585774,0.26997711099604305,0.02352880000398727,1.0
Hybrid GWO-ABC,728,100.0,0.0,18.27300223648324,31.72699776351676,72800.0,72800.0,3505.0,14020000.0,1.0,0.04318912416054843,5.0,19.981570296734066,33.939961547617756,0.3478505426185217,0.27753745080611936,0.02303119999851333,1.0
Hybrid GWO-ABC,729,100.0,0.0,18.229849246230255,31.770150753769745,72900.0,72900.0,3510.0,14040000.0,1.0,0.04315299025298458,5.0,19.376970682333646,42.37981467147678,0.27018512172212594,0.2913844597104278,0.02412150000600377,1.0
Hybrid GWO-ABC,730,100.0,0.0,18.186774932556265,31.813225067443735,73000.0,73000.0,3515.0,14060000.0,1.0,0.043074313673990616,5.0,19.54563338597822,30.60969744178132,0.17606816861659008,0.24056324330216444,0.023336300000664778,1.0
Hybrid GWO-ABC,731,100.0,0.0,18.143468794831087,31.856531205168913,73100.0,73100.0,3519.0,14076000.0,1.0,0.04330613772517822,4.0,20.211513372826825,37.79101698241788,0.17204650534085253,0.2845112747146457,0.02449440000054892,1.0
Hybrid GWO-ABC,732,100.0,0.0,18.099465183613045,31.900534816386955,73200.0,73200.0,3524.0,14096000.0,1.0,0.04400361121804153,5.0,25.236176470942688,27.976719677164773,0.23021728866442676,0.25294736398925055,0.023184099998616148,1.0
Hybrid GWO-ABC,733,100.0,0.0,18.055975183514423,31.944024816485577,73300.0,73300.0,3529.0,14116000.0,1.0,0.043490000098621806,5.0,21.053745784119798,41.6310328785049,0.07071067811865475,0.2593976367388928,0.026578500001050998,1.0
Hybrid GWO-ABC,734,100.0,0.0,18.0128933233684,31.9871066766316,73400.0,73400.0,3534.0,14136000.0,1.0,0.04308186014602455,5.0,19.013500312055545,42.950202561216514,0.08366600265340755,0.2637102276078115,0.02467179999803193,1.0
Hybrid GWO-ABC,735,100.0,0.0,17.96958253941022,32.03041746058978,73500.0,73500.0,3539.0,14156000.0,1.0,0.04331078395818011,5.0,20.407941284159254,38.73060497156294,0.19235384061671346,0.27138452548274405,0.023629300005268306,1.0
Hybrid GWO-ABC,736,100.0,0.0,17.926237050765085,32.07376294923492,73600.0,73600.0,3544.0,14176000.0,1.0,0.043345488645133656,5.0,20.55586115453959,45.93561309660909,0.1673320053068151,0.29065157212797343,0.02318809999997029,1.0
Hybrid GWO-ABC,737,100.0,0.0,17.88292973144146,32.117070268558535,73700.0,73700.0,3549.0,14196000.0,1.0,0.04330731932362397,5.0,20.82265593718459,42.515718896434564,0.28809720581775866,0.29729525671262075,0.023520700000517536,1.0
Hybrid GWO-ABC,738,100.0,0.0,17.837750899761254,32.162249100238746,73800.0,73800.0,3552.0,14208000.0,1.0,0.04517883168020731,3.0,27.592188905151072,32.611569428459426,0.0787400787401181,0.2911745073606888,0.029094800003804266,1.0
Hybrid GWO-ABC,739,100.0,0.0,17.790937527461736,32.209062472538264,73900.0,73900.0,3554.0,14216000.0,1.0,0.04681337229951765,2.0,34.28038940215114,8.027335042889161,0.0,0.23690386539908026,0.02586640000663465,1.0
Hybrid GWO-ABC,740,100.0,0.0,17.746671386814114,32.253328613185886,74000.0,74000.0,3559.0,14236000.0,1.0,0.04426614064762191,5.0,24.45646558541918,50.67462096158473,0.19493588689617927,0.31655540017906175,0.02506330000323942,1.0
Hybrid GWO-ABC,741,100.0,0.0,17.70269532040152,32.29730467959848,74100.0,74100.0,3564.0,14256000.0,1.0,0.04397606641259344,5.0,24.03555109716094,41.465213075671954,0.07071067811865475,0.26270951473115933,0.023913100005302113,1.0
Hybrid GWO-ABC,742,100.0,0.0,17.658622171850535,32.34137782814946,74200.0,74200.0,3569.0,14276000.0,1.0,0.04407314855098576,5.0,23.57609791185635,49.66024617542948,0.18165902124584948,0.29941744265085696,0.027074899997387547,1.0
Hybrid GWO-ABC,743,100.0,0.0,17.615264100089867,32.38473589991013,74300.0,74300.0,3574.0,14296000.0,1.0,0.04335807176066808,5.0,21.470847956379647,32.008354968265316,0.2073644135332772,0.25150457925236186,0.024164499998732936,1.0
Hybrid GWO-ABC,744,100.0,0.0,17.57216866178858,32.42783133821142,74400.0,74400.0,3579.0,14316000.0,1.0,0.04309543830128604,5.0,19.09564316610303,38.233993744369194,0.29832867780352595,0.28113397895783154,0.023440000004484318,1.0
Hybrid GWO-ABC,745,100.0,0.0,17.52903830124454,32.47096169875546,74500.0,74500.0,3584.0,14336000.0,1.0,0.043130360544040514,5.0,19.02942322287182,45.684421879699954,0.1341640786499874,0.2792037031179865,0.02245789999869885,1.0
Hybrid GWO-ABC,746,100.0,0.0,17.48509668287685,32.51490331712315,74600.0,74600.0,3589.0,14356000.0,1.0,0.04394161836768973,5.0,23.802068966334488,34.092655756447286,0.08366600265340755,0.24615624104258166,0.023889099997177254,1.0
Hybrid GWO-ABC,747,100.0,0.0,17.440879576193765,32.559120423806235,74700.0,74700.0,3594.0,14376000.0,1.0,0.044217106683085206,5.0,23.023580663017235,43.91356410264595,0.044721359549995794,0.2703392865534743,0.02798839999741176,1.0
Hybrid GWO-ABC,748,100.0,0.0,17.397781391068655,32.602218608931345,74800.0,74800.0,3599.0,14396000.0,1.0,0.04309818512511043,5.0,20.110837436057494,32.911709753311,0.2683281572999748,0.26237776605645613,0.02430810000078054,1.0
Hybrid GWO-ABC,749,100.0,0.0,17.353770656651488,32.64622934334851,74900.0,74900.0,3604.0,14416000.0,1.0,0.044010734417167185,5.0,25.113899342424205,30.068875783209272,0.14832396974191325,0.24641478351226118,0.023862800000642892,1.0
Hybrid GWO-ABC,750,100.0,0.0,17.30971145449631,32.69028854550369,75000.0,75000.0,3609.0,14436000.0,1.0,0.04405920215517867,5.0,22.865733222768444,40.37632315458742,0.13784048752090222,0.2717305073506202,0.023794699998688884,1.0
Hybrid GWO-ABC,751,100.0,0.0,17.26668151676246,32.73331848323754,75100.0,75100.0,3614.0,14456000.0,1.0,0.043029937733848556,5.0,20.03151808397929,31.406173989651318,0.17888543819998318,0.24440882984237744,0.0237014000013005,1.0
Hybrid GWO-ABC,752,100.0,0.0,17.22394240163142,32.77605759836858,75200.0,75200.0,3619.0,14476000.0,1.0,0.04273911513104167,5.0,17.9740112982391,36.12582214455737,0.1224744871391589,0.246693462173752,0.02763470000354573,1.0
Hybrid GWO-ABC,753,100.0,0.0,17.18043047982329,32.819569520176714,75300.0,75300.0,3624.0,14496000.0,1.0,0.04351192180812902,5.0,21.50351147070992,34.347776001781725,0.07745966692414834,0.24222093596199756,0.024561799997172784,1.0
Hybrid GWO-ABC,754,100.0,0.0,17.136840311368186,32.86315968863181,75400.0,75400.0,3628.0,14512000.0,1.0,0.043590168455104106,4.0,21.61147416125192,30.63191509649743,0.14422205101855956,0.2608227343437448,0.024594200003775768,1.0
Hybrid GWO-ABC,755,100.0,0.0,17.093940428320025,32.906059571679975,75500.0,75500.0,3633.0,14532000.0,1.0,0.04289988304816106,5.0,19.14731647413867,32.892113441461696,0.1341640786499874,0.24123577748120428,0.024280100005853456,1.0
Hybrid GWO-ABC,756,100.0,0.0,17.050300349517528,32.94969965048247,75600.0,75600.0,3638.0,14552000.0,1.0,0.04364007880249687,5.0,21.708947565703998,44.96356524398139,0.27568097504180444,0.3061298267636478,0.02971879999677185,1.0
Hybrid GWO-ABC,757,100.0,0.0,17.006776857587777,32.99322314241222,75700.0,75700.0,3643.0,14572000.0,1.0,0.04352349192975069,5.0,22.265379509793544,39.0513795291265,0.282842712474619,0.290264599677186,0.02892730000166921,1.0
Hybrid GWO-ABC,758,100.0,0.0,16.962002145091123,33.03799785490888,75800.0,75800.0,3648.0,14592000.0,1.0,0.04477471249665399,5.0,26.512456572925853,53.802806029959,0.2345207879911715,0.33106795508519693,0.03032320000056643,1.0
Hybrid GWO-ABC,759,100.0,0.0,16.9182834810004,33.0817165189996,75900.0,75900.0,3653.0,14612000.0,1.0,0.043718664090722115,5.0,22.389876649321728,37.982511046250586,0.18973665961010275,0.2699857436077886,0.0297939999945811,1.0
Hybrid GWO-ABC,760,100.0,0.0,16.875620812265247,33.12437918773475,76000.0,76000.0,3658.0,14632000.0,1.0,0.04266266873515434,5.0,17.533966124993036,33.94850646414976,0.11832159566199232,0.2371963236864865,0.030791099998168647,1.0
Hybrid GWO-ABC,761,100.0,0.0,16.83075513549546,33.16924486450454,76100.0,76100.0,3663.0,14652000.0,1.0,0.044865676769788365,5.0,26.691197913455294,55.5412576854467,0.15811388300841897,0.328445265689377,0.03012239999952726,1.0
Hybrid GWO-ABC,762,100.0,0.0,16.78698279307214,33.21301720692786,76200.0,76200.0,3668.0,14672000.0,1.0,0.04377234242331696,5.0,22.62950052026817,43.656886459120656,0.2607680962081059,0.2994158624588849,0.023818000001483597,1.0
Hybrid GWO-ABC,763,100.0,0.0,16.742272816575984,33.25772718342402,76300.0,76300.0,3673.0,14692000.0,1.0,0.04470997649615782,5.0,26.415712888705755,50.80912509074682,0.10954451150103321,0.3085581446552301,0.025277799999457784,1.0
Hybrid GWO-ABC,764,100.0,0.0,16.69944112065403,33.30055887934597,76400.0,76400.0,3678.0,14712000.0,1.0,0.04283169592195435,5.0,18.398184061285146,33.986513707099796,0.33166247903553997,0.2720239656429685,0.02357550000306219,1.0
Hybrid GWO-ABC,765,100.0,0.0,16.656548053302302,33.3434519466977,76500.0,76500.0,3683.0,14732000.0,1.0,0.042893067351727154,5.0,18.36009226662018,38.98899736494529,0.24083189157584592,0.27439869451688315,0.0264787999985856,1.0
Hybrid GWO-ABC,766,100.0,0.0,16.613080113461884,33.38691988653812,76600.0,76600.0,3688.0,14752000.0,1.0,0.043467939840418524,5.0,21.97313766454747,33.34062442196256,0.18708286933869706,0.2563292032053597,0.022928400001546834,1.0
Hybrid GWO-ABC,767,100.0,0.0,16.57001788299526,33.42998211700474,76700.0,76700.0,3693.0,14772000.0,1.0,0.043062230466624385,5.0,19.346754096181147,37.23839527207223,0.1341640786499874,0.25518389563153343,0.023539500005426817,1.0
Hybrid GWO-ABC,768,100.0,0.0,16.52592365457764,33.47407634542236,76800.0,76800.0,3697.0,14788000.0,1.0,0.04409422841762023,4.0,24.440117488012035,26.648235532168528,0.04898979485566356,0.2401470121870661,0.02397460000065621,1.0
Hybrid GWO-ABC,769,100.0,0.0,16.482831539459855,33.51716846054015,76900.0,76900.0,3702.0,14808000.0,1.0,0.043092115117783436,5.0,19.33024692874105,39.55943598275157,0.24083189157584592,0.27898919389173626,0.023094200005289167,1.0
Hybrid GWO-ABC,770,100.0,0.0,16.43930373702769,33.560696262972314,77000.0,77000.0,3707.0,14828000.0,1.0,0.04352780243216614,5.0,21.769047470854133,28.65016163656862,0.03162277660168379,0.21816437532900682,0.02795709999918472,1.0
Hybrid GWO-ABC,771,100.0,0.0,16.396100592107715,33.603899407892285,77100.0,77100.0,3712.0,14848000.0,1.0,0.04320314491997479,5.0,20.03827235180766,39.5764051948899,0.24083189157584592,0.28067772663475843,0.024238900005002506,1.0
Hybrid GWO-ABC,772,100.0,0.0,16.352384037750838,33.64761596224916,77200.0,77200.0,3717.0,14868000.0,1.0,0.04371655435687671,5.0,22.098840979521462,37.62570842515311,0.11832159566199232,0.26100701763302736,0.02465919999667676,1.0
Hybrid GWO-ABC,773,100.0,0.0,16.308477289776807,33.6915227102232,77300.0,77300.0,3720.0,14880000.0,1.0,0.043906747974030935,3.0,22.201378523599118,35.62890201372989,0.03741657386773941,0.2832583977850544,0.023083200001565274,1.0
Hybrid GWO-ABC,774,100.0,0.0,16.264742230221774,33.73525776977823,77400.0,77400.0,3725.0,14900000.0,1.0,0.04373505955503276,5.0,23.201804119921164,32.01837774828401,0.19748417658131498,0.2576752519981512,0.029555100001743995,1.0
Hybrid GWO-ABC,775,100.0,0.0,16.22157417246756,33.778425827532445,77500.0,77500.0,3730.0,14920000.0,1.0,0.04316805775421528,5.0,20.2574472369965,35.5578211971759,0.06324555320336758,0.24238959574966387,0.027936999998928513,1.0
Hybrid GWO-ABC,776,100.0,0.0,16.178548585925054,33.82145141407494,77600.0,77600.0,3735.0,14940000.0,1.0,0.04302558654250532,5.0,19.491493908816302,36.315313036215564,0.24289915602982237,0.27014412510421226,0.030219700005545747,1.0
Hybrid GWO-ABC,777,100.0,0.0,16.134578166065314,33.86542183393469,77700.0,77700.0,3740.0,14960000.0,1.0,0.04397041985973971,5.0,23.158807252125154,51.483889751109984,0.08944271909999159,0.3015312841709014,0.02775860000110697,1.0
Hybrid GWO-ABC,778,100.0,0.0,16.09009238938695,33.90990761061305,77800.0,77800.0,3743.0,14972000.0,1.0,0.044485776678364175,3.0,25.354698073433042,24.912665959245516,0.11045361017187261,0.2677910169846283,0.03488699999434175,1.0
Hybrid GWO-ABC,779,100.0,0.0,16.04712895041559,33.95287104958441,77900.0,77900.0,3748.0,14992000.0,1.0,0.042963438971359125,5.0,19.313513258065733,33.919306034551695,0.1224744871391589,0.24485965291319672,0.029536599999119062,1.0
Hybrid GWO-ABC,780,100.0,0.0,16.003773150564726,33.996226849435274,78000.0,78000.0,3753.0,15012000.0,1.0,0.043355799850864685,5.0,20.72065098498661,39.022021799945556,0.14491376746189438,0.26737032058695004,0.025625700000091456,1.0
Hybrid GWO-ABC,781,100.0,0.0,15.959929038144319,34.04007096185568,78100.0,78100.0,3758.0,15032000.0,1.0,0.0438441124204072,5.0,22.627826288745283,46.97728900004222,0.2588435821108957,0.30868019321236967,0.024621000004117377,1.0
Hybrid GWO-ABC,782,100.0,0.0,15.916265261614567,34.08373473838543,78200.0,78200.0,3763.0,15052000.0,1.0,0.043663776529751175,5.0,21.90027159620215,49.476600818706075,0.08944271909999159,0.29516871155584995,0.023068900001817383,1.0
Hybrid GWO-ABC,783,100.0,0.0,15.872761555353554,34.127238444646444,78300.0,78300.0,3767.0,15068000.0,1.0,0.04350370626101352,4.0,21.218030317378453,41.34354930515627,0.10954451150103323,0.29148303124787994,0.023080399994796608,1.0
Hybrid GWO-ABC,784,100.0,0.0,15.829071592380563,34.170928407619435,78400.0,78400.0,3772.0,15088000.0,1.0,0.04368996297299077,5.0,21.68334931667793,42.9721751353494,0.03162277660168379,0.2607951524675187,0.022656300003291108,1.0
Hybrid GWO-ABC,785,100.0,0.0,15.785978897382405,34.21402110261759,78500.0,78500.0,3777.0,15108000.0,1.0,0.043092694998158265,5.0,19.412881733217194,37.006948273766895,0.16431676725154984,0.2622217814542312,0.024251499999081716,1.0
Hybrid GWO-ABC,786,100.0,0.0,15.73986388498576,34.26013611501424,78600.0,78600.0,3779.0,15116000.0,1.0,0.04611501239664406,2.0,30.269051550510337,21.123012446204694,0.0,0.271945267247056,0.023484899997129105,1.0
Hybrid GWO-ABC,787,100.0,0.0,15.696498652954467,34.30350134704553,78700.0,78700.0,3784.0,15136000.0,1.0,0.04336523203129339,5.0,20.39151383588932,42.64879108667044,0.24289915602982237,0.2939951718295982,0.02318579999700887,1.0
Hybrid GWO-ABC,788,100.0,0.0,15.653263238424334,34.34673676157567,78800.0,78800.0,3789.0,15156000.0,1.0,0.04323541453013391,5.0,19.954099694567418,43.096150321087165,0.2469817807045694,0.2956143119397122,0.028122499999881256,1.0
Hybrid GWO-ABC,789,100.0,0.0,15.610382826267745,34.389617173732255,78900.0,78900.0,3794.0,15176000.0,1.0,0.04288041215658822,5.0,18.36876217074933,37.036617601707896,0.22583179581272428,0.2700858118594087,0.023178900002676528,1.0
Hybrid GWO-ABC,790,100.0,0.0,15.56711051801747,34.43288948198253,79000.0,79000.0,3799.0,15196000.0,1.0,0.04327230825027506,5.0,21.030784244113754,34.37434747050974,0.2,0.2627566960171268,0.023173100002168212,1.0
Hybrid GWO-ABC,791,100.0,0.0,15.524160050116148,34.47583994988385,79100.0,79100.0,3804.0,15216000.0,1.0,0.0429504679013224,5.0,18.940089315813093,34.86556519396499,0.15811388300841897,0.2543449366521631,0.024259300000267103,1.0
Hybrid GWO-ABC,792,100.0,0.0,15.48055703600603,34.51944296399397,79200.0,79200.0,3809.0,15236000.0,1.0,0.043603014110118465,5.0,22.590119343830764,34.9181177032536,0.07071067811865475,0.24951871833763328,0.024658700000145473,1.0
Hybrid GWO-ABC,793,100.0,0.0,15.43633010509574,34.56366989490426,79300.0,79300.0,3814.0,15256000.0,1.0,0.0442269309102894,5.0,26.575697418166882,18.244630996608613,0.2345207879911715,0.22999725890315967,0.029133800002455246,1.0
Hybrid GWO-ABC,794,100.0,0.0,15.393361163277472,34.606638836722524,79400.0,79400.0,3819.0,15276000.0,1.0,0.042968941818267936,5.0,19.179403145285683,28.904742398942904,0.17320508075688773,0.2387879217770782,0.025928699993528426,1.0
Hybrid GWO-ABC,795,100.0,0.0,15.349147772279835,34.650852227720165,79500.0,79500.0,3824.0,15296000.0,1.0,0.04421339099763699,5.0,24.06594936366805,42.164852673974096,0.10488088481701516,0.28146680732205037,0.024365100005525164,1.0
Hybrid GWO-ABC,796,100.0,0.0,15.305653597453388,34.694346402546614,79600.0,79600.0,3828.0,15312000.0,1.0,0.04349417482644746,4.0,21.8719608423613,33.65818083885023,0.14696938456699069,0.27606277784500666,0.03179959999397397,1.0
Hybrid GWO-ABC,797,100.0,0.0,15.261666435838412,34.738333564161586,79700.0,79700.0,3833.0,15332000.0,1.0,0.04398716161497518,5.0,22.591620805017595,48.67462165646267,0.03162277660168379,0.28733374069387907,0.03211849999934202,1.0
Hybrid GWO-ABC,798,100.0,0.0,15.218167627585379,34.78183237241462,79800.0,79800.0,3838.0,15352000.0,1.0,0.04349880825303387,5.0,20.771961958181894,39.931025118298784,0.15811388300841897,0.27598112721754353,0.0289928999991389,1.0
Hybrid GWO-ABC,799,100.0,0.0,15.174481657615983,34.825518342384015,79900.0,79900.0,3843.0,15372000.0,1.0,0.043685969969395444,5.0,21.979763593516317,49.426473830081044,0.054772255750516606,0.2928948966789728,0.02762559999973746,1.0
Hybrid GWO-ABC,800,100.0,0.0,15.130457290690318,34.869542709309684,80000.0,80000.0,3847.0,15388000.0,1.0,0.04402436692566525,4.0,23.558033862075376,33.32180384214096,0.1414213562373095,0.2766707607396986,0.029695500001253095,1.0
Hybrid GWO-ABC,801,100.0,0.0,15.085295361745239,34.91470463825476,80100.0,80100.0,3852.0,15408000.0,1.0,0.04516192894507931,5.0,28.765756730158888,52.86670719326808,0.216794833886788,0.33341638225249454,0.030718400004843716,1.0
Hybrid GWO-ABC,802,100.0,0.0,15.042373274968035,34.957626725031965,80200.0,80200.0,3857.0,15428000.0,1.0,0.042922086777203106,5.0,18.244897777200865,40.24179711006192,0.3361547262794322,0.29707097244829117,0.02947880000283476,1.0
Hybrid GWO-ABC,803,100.0,0.0,14.998596868740016,35.001403131259984,80300.0,80300.0,3861.0,15444000.0,1.0,0.04377640622801948,4.0,22.33740460567095,33.85920027232568,0.1414213562373095,0.2767253407335765,0.027107399997476023,1.0
Hybrid GWO-ABC,804,100.0,0.0,14.954765277226773,35.04523472277323,80400.0,80400.0,3866.0,15464000.0,1.0,0.043831591513242785,5.0,23.163085324951037,35.132006948030366,0.23874672772626643,0.2772788354527866,0.026247900001180824,1.0
Hybrid GWO-ABC,805,100.0,0.0,14.910180815224694,35.08981918477531,80500.0,80500.0,3871.0,15484000.0,1.0,0.04458446200207966,5.0,26.38611001554561,45.728788663820794,0.17606816861659008,0.30145481891298326,0.023871400000643916,1.0
Hybrid GWO-ABC,806,100.0,0.0,14.866930085598563,35.13306991440144,80600.0,80600.0,3876.0,15504000.0,1.0,0.043250729626130635,5.0,20.474867670266487,35.25622340142779,0.10488088481701516,0.2519968713848144,0.027917300001718104,1.0
Hybrid GWO-ABC,807,100.0,0.0,14.82395820517922,35.176041794820776,80700.0,80700.0,3881.0,15524000.0,1.0,0.04297188041934241,5.0,18.804070515653994,36.841903944358826,0.18708286933869706,0.26596843332413467,0.028630799999518786,1.0
Hybrid GWO-ABC,808,100.0,0.0,14.780822353818929,35.21917764618107,80800.0,80800.0,3886.0,15544000.0,1.0,0.043135851360291966,5.0,20.234419524401062,38.5019199874274,0.10488088481701516,0.26186080159119296,0.022848200002044905,1.0
Hybrid GWO-ABC,809,100.0,0.0,14.736912228042604,35.263087771957395,80900.0,80900.0,3891.0,15564000.0,1.0,0.043910125776324804,5.0,23.15387022330763,48.462090301157886,0.054772255750516606,0.2914378132349297,0.024400099995546043,1.0
Hybrid GWO-ABC,810,100.0,0.0,14.69375100305805,35.306248996941946,81000.0,81000.0,3896.0,15584000.0,1.0,0.043161224984553215,5.0,19.57759115666316,33.934869101033044,0.12649110640673517,0.24979190136432622,0.026448900003742892,1.0
Hybrid GWO-ABC,811,100.0,0.0,14.65047391062373,35.34952608937627,81100.0,81100.0,3901.0,15604000.0,1.0,0.04327709243432132,5.0,20.64037585904444,28.617797501014515,0.19493588689617927,0.24577258701943544,0.028619499993510544,1.0
Hybrid GWO-ABC,812,100.0,0.0,14.607055996156607,35.3929440038434,81200.0,81200.0,3906.0,15624000.0,1.0,0.04341791446712229,5.0,21.197080957654165,33.1687674674096,0.17606816861659008,0.25864106667428005,0.02405259999795817,1.0
Hybrid GWO-ABC,813,100.0,0.0,14.56318415533932,35.43681584466068,81300.0,81300.0,3911.0,15644000.0,1.0,0.04387184081728712,5.0,22.71844996298767,44.2320393338205,0.10488088481701516,0.28403761687677426,0.02667690000089351,1.0
Hybrid GWO-ABC,814,100.0,0.0,14.520058679485999,35.479941320514,81400.0,81400.0,3916.0,15664000.0,1.0,0.04312547585332105,5.0,19.17504987884069,35.08329670480147,0.21213203435596423,0.26144150953449685,0.026193999998213258,1.0
Hybrid GWO-ABC,815,100.0,0.0,14.476340220042083,35.52365977995792,81500.0,81500.0,3921.0,15684000.0,1.0,0.04371845944391595,5.0,23.584743677322052,22.93990052519777,0.216794833886788,0.2379816312204635,0.02786049999849638,1.0
Hybrid GWO-ABC,816,100.0,0.0,14.433344032747973,35.566655967252025,81600.0,81600.0,3926.0,15704000.0,1.0,0.04299618729410959,5.0,19.46972123380829,38.89600356564159,0.28809720581775866,0.2903643778545574,0.02567569999519037,1.0
Hybrid GWO-ABC,817,100.0,0.0,14.389142204270053,35.61085779572995,81700.0,81700.0,3931.0,15724000.0,1.0,0.0442018284779202,5.0,24.096876648266996,35.03021353198003,0.10954451150103321,0.2620655309189416,0.028246599998965394,1.0
Hybrid GWO-ABC,818,100.0,0.0,14.345665954383799,35.6543340456162,81800.0,81800.0,3936.0,15744000.0,1.0,0.04347624988625398,5.0,21.299582246998547,40.334949595483806,0.2607680962081059,0.295357474231338,0.024013199996261392,1.0
Hybrid GWO-ABC,819,100.0,0.0,14.302508315208117,35.697491684791885,81900.0,81900.0,3941.0,15764000.0,1.0,0.04315763917568205,5.0,18.98013209938491,47.22780134363169,0.13038404810405296,0.2928601735266183,0.03127360000507906,1.0
Hybrid GWO-ABC,820,100.0,0.0,14.257338498449505,35.742661501550494,82000.0,82000.0,3946.0,15784000.0,1.0,0.04516981675861231,5.0,28.386311898872286,46.40999792292695,0.161245154965971,0.3158774792659397,0.03072289999545319,1.0
Hybrid GWO-ABC,821,100.0,0.0,14.212498758152845,35.78750124184715,82100.0,82100.0,3951.0,15804000.0,1.0,0.04483974029665916,5.0,26.55628817397049,55.08705255410429,0.13038404810405296,0.3321570523939805,0.022967400000197813,1.0
Hybrid GWO-ABC,822,100.0,0.0,14.16928788135363,35.83071211864637,82200.0,82200.0,3956.0,15824000.0,1.0,0.04321087679921476,5.0,20.01407168091997,43.81681486988562,0.28809720581775866,0.3087114678466937,0.027214900001126807,1.0
Hybrid GWO-ABC,823,100.0,0.0,14.125897759845842,35.87410224015416,82300.0,82300.0,3961.0,15844000.0,1.0,0.0433901215077892,5.0,21.550821211189124,43.063688032762144,0.3209361307176243,0.3139306891013567,0.02403509999567177,1.0
Hybrid GWO-ABC,824,100.0,0.0,14.081672859114915,35.91832714088508,82400.0,82400.0,3965.0,15860000.0,1.0,0.04422490073092611,4.0,24.32786453766647,48.33752639805837,0.4108527716834828,0.3594725580539961,0.02870930000062799,1.0
Hybrid GWO-ABC,825,100.0,0.0,14.037990800076416,35.962009199923585,82500.0,82500.0,3970.0,15880000.0,1.0,0.04368205903849898,5.0,22.5825041270053,31.53193110934803,0.23237900077244503,0.2610655429249032,0.024825000000419095,1.0
Hybrid GWO-ABC,826,100.0,0.0,13.994494694736012,36.00550530526399,82600.0,82600.0,3975.0,15900000.0,1.0,0.043496105340404156,5.0,22.02748840262538,36.22262807229448,0.08366600265340755,0.25730830241144625,0.02438360000087414,1.0
Hybrid GWO-ABC,827,100.0,0.0,13.951399191140348,36.04860080885965,82700.0,82700.0,3980.0,15920000.0,1.0,0.04309550359566394,5.0,20.048104942828804,34.934473467201386,0.054772255750516606,0.2447573431383227,0.02548189999652095,1.0
Hybrid GWO-ABC,828,100.0,0.0,13.908619134515932,36.09138086548407,82800.0,82800.0,3985.0,15940000.0,1.0,0.04278005662441586,5.0,17.97775237501339,31.709794463432168,0.18973665961010275,0.2505421550412393,0.027679900005750824,1.0
Hybrid GWO-ABC,829,100.0,0.0,13.865355671099282,36.13464432890072,82900.0,82900.0,3990.0,15960000.0,1.0,0.04326346341665044,5.0,20.367016739769984,37.35363031208474,0.1140175425099138,0.26225649337504875,0.025004100003570784,1.0
Hybrid GWO-ABC,830,100.0,0.0,13.821965278895048,36.17803472110495,83000.0,83000.0,3995.0,15980000.0,1.0,0.04339039220423402,5.0,20.744393870256687,34.203952310799664,0.16431676725154984,0.2609322745447301,0.023579199994856026,1.0
Hybrid GWO-ABC,831,100.0,0.0,13.778399878892532,36.22160012110747,83100.0,83100.0,4000.0,16000000.0,1.0,0.04356540000251563,5.0,21.592415093996653,32.35678965879941,0.08366600265340755,0.2449514844770038,0.025837099994532764,1.0
Hybrid GWO-ABC,832,100.0,0.0,13.735754091024933,36.26424590897507,83200.0,83200.0,4005.0,16020000.0,1.0,0.04264578786759898,5.0,17.439483774430254,34.067614227922896,0.1224744871391589,0.24744970947308975,0.023659599995880853,1.0
Hybrid GWO-ABC,833,100.0,0.0,13.69256114223324,36.30743885776676,83300.0,83300.0,4010.0,16040000.0,1.0,0.04319294879169355,5.0,20.297617397188,26.642712462620203,0.15491933384829668,0.23501016865052787,0.029158200006349944,1.0
Hybrid GWO-ABC,834,100.0,0.0,13.649536984398843,36.35046301560116,83400.0,83400.0,4015.0,16060000.0,1.0,0.04302415783439706,5.0,19.325739399463092,39.25694228021615,0.20248456731316583,0.2802168664294946,0.024167799994756933,1.0
Hybrid GWO-ABC,835,100.0,0.0,13.606323489113079,36.39367651088692,83500.0,83500.0,4020.0,16080000.0,1.0,0.043213495285764125,5.0,20.32866612640851,41.92345924651897,0.2345207879911715,0.29588223241517425,0.024125299998559058,1.0
Hybrid GWO-ABC,836,100.0,0.0,13.563040166715444,36.436959833284554,83600.0,83600.0,4025.0,16100000.0,1.0,0.04328332239763455,5.0,20.485352458398108,29.024216795379324,0.1673320053068151,0.24539577000452048,0.023668699999689125,1.0
Hybrid GWO-ABC,837,100.0,0.0,13.519543982359437,36.48045601764056,83700.0,83700.0,4030.0,16120000.0,1.0,0.043496184356007106,5.0,21.228765958034884,39.92101893681097,0.170293863659264,0.2740464579877987,0.02312059999530902,1.0
Hybrid GWO-ABC,838,100.0,0.0,13.476674460100266,36.52332553989973,83800.0,83800.0,4035.0,16140000.0,1.0,0.04286952225917062,5.0,18.24012701618239,41.247377235152875,0.27202941017470883,0.29561398462208394,0.02539260000048671,1.0
Hybrid GWO-ABC,839,100.0,0.0,13.432211644259976,36.56778835574002,83900.0,83900.0,4040.0,16160000.0,1.0,0.04446281584029066,5.0,24.931554950950986,51.37912395029936,0.10488088481701516,0.31607020764924776,0.028271900002437178,1.0
Hybrid GWO-ABC,840,100.0,0.0,13.388518954686095,36.61148104531391,84000.0,84000.0,4045.0,16180000.0,1.0,0.04369268957388073,5.0,21.32923490505282,50.62651133034177,0.1140175425099138,0.30784745832401267,0.02707169999484904,1.0
Hybrid GWO-ABC,841,100.0,0.0,13.345119130088815,36.65488086991118,84100.0,84100.0,4050.0,16200000.0,1.0,0.0433998245972802,5.0,20.926794014578114,33.63892067479723,0.1224744871391589,0.25548513841505016,0.023803899995982647,1.0
Hybrid GWO-ABC,842,100.0,0.0,13.30204238422571,36.69795761577429,84200.0,84200.0,4055.0,16220000.0,1.0,0.043076745863105614,5.0,19.576408565856184,35.72274810746205,0.19235384061671346,0.2697430725770939,0.026980100003129337,1.0
Hybrid GWO-ABC,843,100.0,0.0,13.259014260219404,36.7409857397806,84300.0,84300.0,4060.0,16240000.0,1.0,0.04302812400630529,5.0,19.471582548525237,39.122067655281306,0.28809720581775866,0.2933228271798438,0.02296760000172071,1.0
Hybrid GWO-ABC,844,100.0,0.0,13.215222460149626,36.784777539850374,84400.0,84400.0,4065.0,16260000.0,1.0,0.04379180006977812,5.0,23.256457750360106,44.15132015185045,0.1224744871391589,0.29348755825049666,0.025270599995565135,1.0
Hybrid GWO-ABC,845,100.0,0.0,13.171023650587028,36.82897634941297,84500.0,84500.0,4068.0,16272000.0,1.0,0.04419880956259803,3.0,23.99470274251761,37.858277956299986,0.09273618495495703,0.3122917775073649,0.026112299994565547,1.0
Hybrid GWO-ABC,846,100.0,0.0,13.127440547620251,36.87255945237975,84600.0,84600.0,4073.0,16292000.0,1.0,0.043583102966776366,5.0,21.472830457155943,48.53628466188814,0.216794833886788,0.31120700180967864,0.02333360000193352,1.0
Hybrid GWO-ABC,847,100.0,0.0,13.084030197796425,36.91596980220358,84700.0,84700.0,4078.0,16312000.0,1.0,0.04341034982382652,5.0,21.455147458251165,26.851493023316824,0.29154759474226505,0.2617784058663073,0.02656600000045728,1.0
Hybrid GWO-ABC,848,100.0,0.0,13.041000157120896,36.9589998428791,84800.0,84800.0,4083.0,16332000.0,1.0,0.043030040675528625,5.0,19.64484236319933,39.74399565235201,0.09486832980505137,0.2693951686602052,0.023712999995041173,1.0
Hybrid GWO-ABC,849,100.0,0.0,12.997670717267727,37.002329282732276,84900.0,84900.0,4088.0,16352000.0,1.0,0.04332943985316895,5.0,20.93607546470608,36.658473156957164,0.044721359549995794,0.25445205000292603,0.022994200000539422,1.0
Hybrid GWO-ABC,850,100.0,0.0,12.954863489872317,37.04513651012768,85000.0,85000.0,4093.0,16372000.0,1.0,0.04280722739541076,5.0,17.884778003013153,42.28179220125543,0.2073644135332772,0.29083783996963275,0.02348119999805931,1.0
Hybrid GWO-ABC,851,100.0,0.0,12.911347665339486,37.088652334660516,85100.0,85100.0,4098.0,16392000.0,1.0,0.04351582453283065,5.0,22.152962671540454,37.210042516571825,0.09486832980505137,0.26726111685653337,0.023368000001937617,1.0
Hybrid GWO-ABC,852,100.0,0.0,12.86773283307063,37.13226716692937,85200.0,85200.0,4103.0,16412000.0,1.0,0.04361483226885632,5.0,22.577590215267453,28.387607824053685,0.16431676725154984,0.2509927572459924,0.02675420000014128,1.0
Hybrid GWO-ABC,853,100.0,0.0,12.824873489285586,37.17512651071441,85300.0,85300.0,4108.0,16432000.0,1.0,0.04285934378504308,5.0,18.889133815720406,27.139709218049983,0.16431676725154984,0.23906483556642583,0.024258800003735814,1.0
Hybrid GWO-ABC,854,100.0,0.0,12.780992243229143,37.21900775677086,85400.0,85400.0,4113.0,16452000.0,1.0,0.0438812460564435,5.0,24.496564991742453,28.73244948106057,0.06324555320336758,0.24112038710828373,0.022317700000712648,1.0
Hybrid GWO-ABC,855,100.0,0.0,12.737643109714535,37.26235689028547,85500.0,85500.0,4118.0,16472000.0,1.0,0.04334913351460834,5.0,21.05536274914983,31.291111545574534,0.15811388300841897,0.2564616850599673,0.02404969999770401,1.0
Hybrid GWO-ABC,856,100.0,0.0,12.69389021692604,37.306109783073964,85600.0,85600.0,4121.0,16484000.0,1.0,0.043752892788495146,3.0,21.672022854038577,33.64920087056888,0.09899494936611665,0.29665322099570873,0.022768499999074265,1.0
Hybrid GWO-ABC,857,100.0,0.0,12.64966680751918,37.35033319248082,85700.0,85700.0,4124.0,16496000.0,1.0,0.044223409406859204,3.0,23.840234009300865,39.78199843798769,0.028284271247461898,0.31052581532008094,0.026683700001740362,1.0
Hybrid GWO-ABC,858,100.0,0.0,12.606563873328318,37.39343612667168,85800.0,85800.0,4129.0,16516000.0,1.0,0.04310293419086264,5.0,19.597518139464583,39.27119825194801,0.27018512172212594,0.2959121158714194,0.022858099997392856,1.0
Hybrid GWO-ABC,859,100.0,0.0,12.563508620456945,37.43649137954306,85900.0,85900.0,4134.0,16536000.0,1.0,0.043055252871372574,5.0,18.841835747725085,39.81926892224268,0.27018512172212594,0.296083101599358,0.023227899997436907,1.0
Hybrid GWO-ABC,860,100.0,0.0,12.52005023683132,37.479949763168676,86000.0,86000.0,4139.0,16556000.0,1.0,0.04345838362562482,5.0,21.465269798574543,45.70246399413742,0.1,0.29499457152274633,0.022661799994239118,1.0
Hybrid GWO-ABC,861,100.0,0.0,12.475656599446639,37.52434340055336,86100.0,86100.0,4144.0,16576000.0,1.0,0.044393637384681384,5.0,24.931334820870635,47.84092837833727,0.07071067811865475,0.30573029777818533,0.02293649999774061,1.0
Hybrid GWO-ABC,862,100.0,0.0,12.431950750036936,37.56804924996307,86200.0,86200.0,4149.0,16596000.0,1.0,0.04370584940970268,5.0,22.143678649046763,41.36637686316776,0.3646916505762094,0.3221162720582646,0.031166500004474074,1.0
Hybrid GWO-ABC,863,100.0,0.0,12.388627556278044,37.611372443721955,86300.0,86300.0,4154.0,16616000.0,1.0,0.043323193758892486,5.0,20.931325078462184,33.124267689565066,0.27018512172212594,0.2799458583961665,0.024036500006332062,1.0
Hybrid GWO-ABC,864,100.0,0.0,12.344864739182734,37.65513526081727,86400.0,86400.0,4159.0,16636000.0,1.0,0.043762817095309714,5.0,21.91000758730909,46.86151574958549,0.27748873851023215,0.3194731914453131,0.02252299999963725,1.0
Hybrid GWO-ABC,865,100.0,0.0,12.30091265456951,37.69908734543049,86500.0,86500.0,4163.0,16652000.0,1.0,0.043952084613223974,4.0,23.801783771355435,31.959906161183227,0.1854723699099141,0.2910847689226017,0.023268600001756568,1.0
Hybrid GWO-ABC,866,100.0,0.0,12.257592104024607,37.74240789597539,86600.0,86600.0,4168.0,16672000.0,1.0,0.04332055054490347,5.0,20.544049151284614,29.755101529917987,0.2949576240750525,0.27356684573293144,0.023965600004885346,1.0
Hybrid GWO-ABC,867,100.0,0.0,12.214798806860324,37.78520119313968,86700.0,86700.0,4173.0,16692000.0,1.0,0.04279329716428215,5.0,18.08806518449874,33.41758882892344,0.2664582518894846,0.27575040639406284,0.02208980000432348,1.0
Hybrid GWO-ABC,868,100.0,0.0,12.171452931096766,37.828547068903234,86800.0,86800.0,4178.0,16712000.0,1.0,0.043345875763558084,5.0,21.054237776840818,39.214605044910314,0.08944271909999159,0.2741621223511982,0.02305490000435384,1.0
Hybrid GWO-ABC,869,100.0,0.0,12.1283202293759,37.8716797706241,86900.0,86900.0,4183.0,16732000.0,1.0,0.04313270172086625,5.0,20.05955068099979,36.53831356372619,0.21213203435596423,0.28083800337397885,0.023424599996360485,1.0
Hybrid GWO-ABC,870,100.0,0.0,12.085121263431759,37.91487873656824,87000.0,87000.0,4187.0,16748000.0,1.0,0.043198965944140966,4.0,20.132261098237645,27.847402890001792,0.13564659966250536,0.2635847561295256,0.023378099998808466,1.0
Hybrid GWO-ABC,871,100.0,0.0,12.041798480464914,37.95820151953509,87100.0,87100.0,4192.0,16768000.0,1.0,0.043322782966845,5.0,21.089986208539287,30.91412583317763,0.1414213562373095,0.2563116106769463,0.02280859999882523,1.0
Hybrid GWO-ABC,872,100.0,0.0,11.998133910316334,38.001866089683666,87200.0,87200.0,4197.0,16788000.0,1.0,0.043664570148580495,5.0,21.986124699678054,27.84715577332899,0.12649110640673517,0.24662026277997062,0.02625840000109747,1.0
Hybrid GWO-ABC,873,100.0,0.0,11.954631129946836,38.04536887005317,87300.0,87300.0,4202.0,16808000.0,1.0,0.043502780369497174,5.0,21.323665311826907,36.875451091097645,0.21213203435596423,0.2868463668951141,0.02585430000181077,1.0
Hybrid GWO-ABC,874,100.0,0.0,11.910839098709067,38.08916090129093,87400.0,87400.0,4207.0,16828000.0,1.0,0.043792031237769535,5.0,23.452239795746166,41.98019506365221,0.10488088481701516,0.291341124171753,0.023860599998442922,1.0
Hybrid GWO-ABC,875,100.0,0.0,11.867544451157316,38.132455548842685,87500.0,87500.0,4211.0,16844000.0,1.0,0.04329464755175039,4.0,20.599039727120644,32.41991280489802,0.1019803902718557,0.27504084646970883,0.023039299994707108,1.0
Hybrid GWO-ABC,876,100.0,0.0,11.824004815485496,38.175995184514505,87600.0,87600.0,4216.0,16864000.0,1.0,0.043539635671820065,5.0,20.85935698139697,46.77532698276465,0.2449489742783178,0.31158175243948066,0.02339909999864176,1.0
Hybrid GWO-ABC,877,100.0,0.0,11.78070076452649,38.219299235473514,87700.0,87700.0,4221.0,16884000.0,1.0,0.0433040509590068,5.0,20.349534272358504,43.7166480026072,0.2345207879911715,0.30901437801997783,0.02642980000382522,1.0
Hybrid GWO-ABC,878,100.0,0.0,11.736943606758878,38.26305639324112,87800.0,87800.0,4226.0,16904000.0,1.0,0.04375715776761169,5.0,22.14474047348299,46.98255962801842,0.17888543819998318,0.2979399972239606,0.02454810000199359,1.0
Hybrid GWO-ABC,879,100.0,0.0,11.692570456897178,38.30742954310282,87900.0,87900.0,4231.0,16924000.0,1.0,0.044373149861700156,5.0,24.889761738590124,51.18116110385258,0.14832396974191325,0.3199086713045432,0.023402099999657366,1.0
Hybrid GWO-ABC,880,100.0,0.0,11.64865563657547,38.35134436342453,88000.0,88000.0,4235.0,16940000.0,1.0,0.04391482032170835,4.0,22.88352780183791,44.60168827758745,0.30331501776206204,0.3460869450981448,0.02350999999907799,1.0
Hybrid GWO-ABC,881,100.0,0.0,11.604649901899855,38.395350098100145,88100.0,88100.0,4240.0,16960000.0,1.0,0.04400573467561486,5.0,22.81582032795847,49.207253216761465,0.2073644135332772,0.3166627077133066,0.02482379999855766,1.0
Hybrid GWO-ABC,882,100.0,0.0,11.558291609870613,38.441708390129385,88200.0,88200.0,4242.0,16968000.0,1.0,0.046358292029241355,2.0,31.814165984683257,17.254740776722436,0.02,0.2763584547602999,0.024300199998833705,1.0
Hybrid GWO-ABC,883,100.0,0.0,11.515537307683932,38.48446269231607,88300.0,88300.0,4247.0,16988000.0,1.0,0.042754302186681414,5.0,17.59563191087435,40.665007924942074,0.16431676725154984,0.28060131066503025,0.025424400002520997,1.0
Hybrid GWO-ABC,884,100.0,0.0,11.47061185026957,38.52938814973043,88400.0,88400.0,4250.0,17000000.0,1.0,0.0449254574143616,3.0,26.14016975,47.89370156725486,0.05099019513592785,0.34319592380102637,0.02397700000437908,1.0
Hybrid GWO-ABC,885,100.0,0.0,11.422044174233816,38.57795582576618,88500.0,88500.0,4253.0,17012000.0,1.0,0.04856767603575385,3.0,36.20252198049431,47.98713898173892,0.05099019513592785,0.35988374808695,0.023580199995194562,1.0
Hybrid GWO-ABC,886,100.0,0.0,11.378374976938137,38.62162502306187,88600.0,88600.0,4258.0,17032000.0,1.0,0.04366919729567975,5.0,22.684386153698956,36.88433458941696,0.31622776601683794,0.3028577622483305,0.023916900005133357,1.0
Hybrid GWO-ABC,887,100.0,0.0,11.334325984163883,38.66567401583612,88700.0,88700.0,4261.0,17044000.0,1.0,0.044048992774254,3.0,22.741936872391932,28.84155052390882,0.09273618495495703,0.2848195979800013,0.028589999994437676,1.0
Hybrid GWO-ABC,888,100.0,0.0,11.291264516832307,38.70873548316769,88800.0,88800.0,4266.0,17064000.0,1.0,0.0430614673315759,5.0,20.479965083258772,31.402133856629302,0.19235384061671346,0.26271226190978614,0.023253299994394183,1.0
Hybrid GWO-ABC,889,100.0,0.0,11.248247876500029,38.75175212349997,88900.0,88900.0,4271.0,17084000.0,1.0,0.04301664033227759,5.0,19.400043635035868,37.28388259594137,0.10488088481701516,0.26617459535727606,0.02306220000173198,1.0
Hybrid GWO-ABC,890,100.0,0.0,11.205184105177816,38.794815894822186,89000.0,89000.0,4276.0,17104000.0,1.0,0.043063771322213285,5.0,19.946832031348745,26.24232938738378,0.2549509756796392,0.25491895899643724,0.022847400003229268,1.0
Hybrid GWO-ABC,891,100.0,0.0,11.160861582933679,38.83913841706632,89100.0,89100.0,4281.0,17124000.0,1.0,0.04432252224413702,5.0,24.767785945280632,28.105715323074953,0.1140175425099138,0.25093388575722225,0.025869900004181545,1.0
Hybrid GWO-ABC,892,100.0,0.0,11.117491690105595,38.882508309894405,89200.0,89200.0,4286.0,17144000.0,1.0,0.04336989282808368,5.0,21.03644774063966,38.13000462590981,0.08366600265340755,0.2614553451389157,0.02429590000247117,1.0
Hybrid GWO-ABC,893,100.0,0.0,11.074442732305279,38.92555726769472,89300.0,89300.0,4291.0,17164000.0,1.0,0.043048957800316145,5.0,19.25489014516825,29.596617769671354,0.19235384061671346,0.255539833671226,0.023119700003007893,1.0
Hybrid GWO-ABC,894,100.0,0.0,11.031739803692865,38.968260196307135,89400.0,89400.0,4296.0,17184000.0,1.0,0.04270292861241387,5.0,17.29871244283614,34.60747079074397,0.21447610589527216,0.27073326321590424,0.02443860000494169,1.0
Hybrid GWO-ABC,895,100.0,0.0,10.988528355303039,39.01147164469696,89500.0,89500.0,4301.0,17204000.0,1.0,0.043211448389826046,5.0,20.16773182891752,43.108480983686334,0.2449489742783178,0.30848554604201983,0.02218670000002021,1.0
Hybrid GWO-ABC,896,100.0,0.0,10.944844349002786,39.055155650997214,89600.0,89600.0,4306.0,17224000.0,1.0,0.043684006300253486,5.0,23.045755931192318,25.18081460831833,0.14832396974191325,0.2437622775437191,0.024866899999324232,1.0
Hybrid GWO-ABC,897,100.0,0.0,10.901359769824856,39.09864023017514,89700.0,89700.0,4311.0,17244000.0,1.0,0.043484579177929916,5.0,22.037027945206226,39.590432815627544,0.23874672772626643,0.30019587800281833,0.021924799999396782,1.0
Hybrid GWO-ABC,898,100.0,0.0,10.857613444272765,39.142386555727235,89800.0,89800.0,4316.0,17264000.0,1.0,0.04374632555209068,5.0,22.814734448417934,46.99189762876307,0.1224744871391589,0.30853878906722826,0.02194710000185296,1.0
Hybrid GWO-ABC,899,100.0,0.0,10.813903765517221,39.186096234482775,89900.0,89900.0,4321.0,17284000.0,1.0,0.04370967875554399,5.0,22.900377412818752,42.905008637882915,0.151657508881031,0.3004611888803978,0.02299650000350084,1.0
Hybrid GWO-ABC,900,100.0,0.0,10.770593327812776,39.229406672187224,90000.0,90000.0,4326.0,17304000.0,1.0,0.04331043770444509,5.0,20.21848463270196,44.791609515788124,0.07071067811865475,0.28146448785534034,0.02303090000350494,1.0
Hybrid GWO-ABC,901,100.0,0.0,10.727206265055115,39.272793734944884,90100.0,90100.0,4330.0,17320000.0,1.0,0.043387062757661354,4.0,20.703981880182393,35.52701264745252,0.1414213562373095,0.2919788477017569,0.02572379999764962,1.0
Hybrid GWO-ABC,902,100.0,0.0,10.684021983362642,39.31597801663736,90200.0,90200.0,4335.0,17340000.0,1.0,0.043184281692472126,5.0,20.124049763700498,36.79098618552795,0.2280350850198276,0.2873230872859805,0.024326400001882575,1.0
Hybrid GWO-ABC,903,100.0,0.0,10.640170080213359,39.35982991978664,90300.0,90300.0,4340.0,17360000.0,1.0,0.043851903149283444,5.0,22.934325311485487,46.52988035128905,0.3563705936241092,0.3323637321669697,0.02416589999484131,1.0
Hybrid GWO-ABC,904,100.0,0.0,10.595686761600238,39.404313238399766,90400.0,90400.0,4345.0,17380000.0,1.0,0.04448331861312127,5.0,25.20114830041041,52.823136577045446,0.18708286933869706,0.3318669714856643,0.022777999998652376,1.0
Hybrid GWO-ABC,905,100.0,0.0,10.55262154645795,39.44737845354205,90500.0,90500.0,4350.0,17400000.0,1.0,0.04306521514228834,5.0,18.94554114676858,42.63999649117401,0.34351128074635334,0.3077044647448896,0.025267999997595325,1.0
Hybrid GWO-ABC,906,100.0,0.0,10.509683988171838,39.49031601182816,90600.0,90600.0,4355.0,17420000.0,1.0,0.0429375582861109,5.0,18.847996623486605,36.3166361804414,0.08366600265340755,0.25855325293241616,0.025316000006569084,1.0
Hybrid GWO-ABC,907,100.0,0.0,10.464269342003972,39.53573065799603,90700.0,90700.0,4360.0,17440000.0,1.0,0.045414646167866835,5.0,28.10137339176918,47.505565343879155,0.10954451150103321,0.3177919798982386,0.02317629999743076,1.0
Hybrid GWO-ABC,908,100.0,0.0,10.420400189668262,39.579599810331736,90800.0,90800.0,4364.0,17456000.0,1.0,0.043869152335709316,4.0,23.117899462339135,25.80233593096346,0.16248076809271922,0.2669797013401449,0.02376390000426909,1.0
Hybrid GWO-ABC,909,100.0,0.0,10.376751221574745,39.62324877842526,90900.0,90900.0,4369.0,17476000.0,1.0,0.04364896809351748,5.0,21.683587002433146,41.03800575860579,0.15811388300841897,0.28705278243600774,0.022560099998372607,1.0
Hybrid GWO-ABC,910,100.0,0.0,10.333002739813741,39.66699726018626,91000.0,91000.0,4374.0,17496000.0,1.0,0.04374848176100343,5.0,22.438652589834817,42.17890412101675,0.25099800796022265,0.29956699079624743,0.022256000003835652,1.0
Hybrid GWO-ABC,911,100.0,0.0,10.28998033265713,39.71001966734287,91100.0,91100.0,4379.0,17516000.0,1.0,0.04302240715661121,5.0,18.793420381412904,40.0826731733085,0.2588435821108957,0.2955359718695897,0.027416799995990004,1.0
Hybrid GWO-ABC,912,100.0,0.0,10.24669016166821,39.75330983833179,91200.0,91200.0,4384.0,17536000.0,1.0,0.04329017098891974,5.0,20.20321697414648,42.489307483099104,0.20493901531919198,0.29819904407736436,0.023254100000485778,1.0
Hybrid GWO-ABC,913,100.0,0.0,10.203075202238454,39.79692479776155,91300.0,91300.0,4389.0,17556000.0,1.0,0.043614959429756794,5.0,22.69537534325827,30.05825582636005,0.2588435821108957,0.27261947978028267,0.02327960000548046,1.0
Hybrid GWO-ABC,914,100.0,0.0,10.159684159694343,39.84031584030566,91400.0,91400.0,4394.0,17576000.0,1.0,0.04339104254411019,5.0,20.981349837587448,28.776729560400668,0.2073644135332772,0.2576142018386916,0.02409780000016326,1.0
Hybrid GWO-ABC,915,100.0,0.0,10.115011170481038,39.88498882951896,91500.0,91500.0,4399.0,17596000.0,1.0,0.044672989213305314,5.0,26.09778775302751,53.18865787517156,0.06324555320336758,0.31469703503877844,0.022767900001781527,1.0
Hybrid GWO-ABC,916,100.0,0.0,10.07141532917725,39.92858467082275,91600.0,91600.0,4404.0,17616000.0,1.0,0.04359584130378735,5.0,22.01698263296157,32.26142789565613,0.1673320053068151,0.26277014026633694,0.026385700002720114,1.0
Hybrid GWO-ABC,917,100.0,0.0,10.028019696523868,39.97198030347613,91700.0,91700.0,4409.0,17636000.0,1.0,0.04339563265338242,5.0,20.44928335320799,42.8661251948462,0.28809720581775866,0.31294870691957977,0.023782099997333717,1.0
Hybrid GWO-ABC,918,100.0,0.0,9.984815066569302,40.015184933430696,91800.0,91800.0,4414.0,17656000.0,1.0,0.04320462995456609,5.0,20.253347143995832,38.43742908486485,0.25298221281347033,0.29461220822307044,0.02432779999799095,1.0
Hybrid GWO-ABC,919,100.0,0.0,9.941795457974344,40.058204542025656,91900.0,91900.0,4419.0,17676000.0,1.0,0.04301960859495857,5.0,19.70147016326234,35.76213191910336,0.20493901531919198,0.2777127025934889,0.02305210000486113,1.0
Hybrid GWO-ABC,920,100.0,0.0,9.898213066170387,40.101786933829615,92000.0,92000.0,4424.0,17696000.0,1.0,0.043582391803957066,5.0,21.586922836322533,47.70684474732384,0.1341640786499874,0.30964057619187674,0.023010299999441486,1.0
Hybrid GWO-ABC,921,100.0,0.0,9.855072496531397,40.1449275034686,92100.0,92100.0,4429.0,17716000.0,1.0,0.04314056963898949,5.0,19.746040209427246,35.73693767815485,0.24083189157584592,0.2837856297754685,0.02756950000184588,1.0
Hybrid GWO-ABC,922,100.0,0.0,9.808612184546531,40.19138781545347,92200.0,92200.0,4434.0,17736000.0,1.0,0.04646031198486611,5.0,30.040389483963327,43.87896194411693,0.2,0.3188189347119739,0.024413200000708457,1.0
Hybrid GWO-ABC,923,100.0,0.0,9.764968977332863,40.23503102266714,92300.0,92300.0,4439.0,17756000.0,1.0,0.04364320721366788,5.0,21.63099463127307,40.76316586870769,0.151657508881031,0.28364761653094767,0.023890899996331427,1.0
Hybrid GWO-ABC,924,100.0,0.0,9.721474536113337,40.278525463886666,92400.0,92400.0,4444.0,17776000.0,1.0,0.043494441219525726,5.0,21.938499122255273,44.63862883389378,0.151657508881031,0.30442706250518425,0.02299759999732487,1.0
Hybrid GWO-ABC,925,100.0,0.0,9.67728736016657,40.322712639833426,92500.0,92500.0,4449.0,17796000.0,1.0,0.044187175946767354,5.0,23.94288548779084,45.56535209383108,0.4449719092257398,0.3558854393803905,0.02279380000254605,1.0
Hybrid GWO-ABC,926,100.0,0.0,9.634687380499761,40.36531261950024,92600.0,92600.0,4454.0,17816000.0,1.0,0.04259997966680906,5.0,16.656398955928225,36.41752814099336,0.18973665961010275,0.273158756482876,0.023564200004329905,1.0
Hybrid GWO-ABC,927,100.0,0.0,9.589424491374835,40.410575508625165,92700.0,92700.0,4457.0,17828000.0,1.0,0.04526288912492582,3.0,28.0052718905973,41.306660384521585,0.014142135623730949,0.32748123069399226,0.02922699999908218,1.0
Hybrid GWO-ABC,928,100.0,0.0,9.545296967435327,40.45470303256467,92800.0,92800.0,4462.0,17848000.0,1.0,0.04412752393950825,5.0,24.036180638390277,31.095110352780182,0.17320508075688773,0.2702964234048516,0.02468669999507256,1.0
Hybrid GWO-ABC,929,100.0,0.0,9.501600948859409,40.498399051140595,92900.0,92900.0,4466.0,17864000.0,1.0,0.043696018575918316,4.0,22.537250678428077,27.675570301035116,0.1019803902718557,0.265682554074048,0.02250060000369558,1.0
Hybrid GWO-ABC,930,100.0,0.0,9.458755088749946,40.541244911250054,93000.0,93000.0,4471.0,17884000.0,1.0,0.042845860109462564,5.0,17.987318049358887,39.64680078699805,0.31937438845342625,0.30451424745187644,0.02276469999924302,1.0
Hybrid GWO-ABC,931,100.0,0.0,9.415167689457745,40.584832310542254,93100.0,93100.0,4476.0,17904000.0,1.0,0.04358739929220157,5.0,21.291861717943892,49.13506611467375,0.17320508075688773,0.3205659053875741,0.02684459999727551,1.0
Hybrid GWO-ABC,932,100.0,0.0,9.371218128819415,40.628781871180585,93200.0,93200.0,4481.0,17924000.0,1.0,0.04394956063833,5.0,23.59580300500526,26.670114984980263,0.18708286933869706,0.25850050877769426,0.023359099999652244,1.0
Hybrid GWO-ABC,933,100.0,0.0,9.32696909497771,40.67303090502229,93300.0,93300.0,4486.0,17944000.0,1.0,0.0442490338417052,5.0,24.555000716929047,35.654751929456836,0.10488088481701516,0.27729439369907155,0.023584299997310154,1.0
Hybrid GWO-ABC,934,100.0,0.0,9.28292145273463,40.71707854726537,93400.0,93400.0,4491.0,17964000.0,1.0,0.04404764224307911,5.0,24.392263230622792,39.52130775090588,0.12649110640673517,0.2739845000580909,0.02303129999927478,1.0
Hybrid GWO-ABC,935,100.0,0.0,9.238484000990002,40.76151599901,93500.0,93500.0,4494.0,17976000.0,1.0,0.044437451744627765,3.0,25.417741369132905,20.70483402840264,0.07483314773547882,0.26516065426976737,0.02284759999747621,1.0
Hybrid GWO-ABC,936,100.0,0.0,9.195382708872247,40.804617291127755,93600.0,93600.0,4499.0,17996000.0,1.0,0.04310129211775582,5.0,19.841749287903056,26.130712553354762,0.30166206257996714,0.26417105160881216,0.0273250000027474,1.0
Hybrid GWO-ABC,937,100.0,0.0,9.151878550058466,40.84812144994153,93700.0,93700.0,4504.0,18016000.0,1.0,0.043504158813780336,5.0,21.924551725667783,34.853600603254904,0.20976176963403032,0.28303600384193994,0.02543300000252202,1.0
Hybrid GWO-ABC,938,100.0,0.0,9.109166442474486,40.89083355752551,93800.0,93800.0,4509.0,18036000.0,1.0,0.042712107583980696,5.0,17.971836922485565,34.15866690749118,0.17606816861659008,0.26745459715110453,0.02292210000450723,1.0
Hybrid GWO-ABC,939,100.0,0.0,9.066083071986874,40.933916928013126,93900.0,93900.0,4514.0,18056000.0,1.0,0.04308337048761146,5.0,19.0331788075349,39.57809845079676,0.3082207001484488,0.30706195141018955,0.02232279999589082,1.0
Hybrid GWO-ABC,940,100.0,0.0,9.022922758989509,40.97707724101049,94000.0,94000.0,4519.0,18076000.0,1.0,0.043160312997365224,5.0,19.281741973369186,45.49602299887112,0.1140175425099138,0.2907699164885324,0.02228789999935543,1.0
Hybrid GWO-ABC,941,100.0,0.0,8.979233597234057,41.02076640276594,94100.0,94100.0,4524.0,18096000.0,1.0,0.04368916175545223,5.0,21.361951973293912,47.45743423068289,0.23021728866442676,0.3058184061026403,0.027721899998141453,1.0
Hybrid GWO-ABC,942,100.0,0.0,8.93529930540486,41.06470069459514,94200.0,94200.0,4529.0,18116000.0,1.0,0.04393429182919739,5.0,23.813874955014704,30.61171978525269,0.19493588689617927,0.27057724222627444,0.02723360000527464,1.0
Hybrid GWO-ABC,943,100.0,0.0,8.891938430371646,41.108061569628354,94300.0,94300.0,4534.0,18136000.0,1.0,0.04336087503321373,5.0,21.562968695774668,32.330457212763726,0.1414213562373095,0.2632171702899221,0.023522300005424768,1.0
Hybrid GWO-ABC,944,100.0,0.0,8.848288227821563,41.15171177217844,94400.0,94400.0,4539.0,18156000.0,1.0,0.043650202550082895,5.0,21.740193303041327,47.695410652803524,0.044721359549995794,0.29804051103178275,0.02307689999724971,1.0
Hybrid GWO-ABC,945,100.0,0.0,8.805366711490256,41.19463328850974,94500.0,94500.0,4544.0,18176000.0,1.0,0.042921516331306364,5.0,19.008777721228956,35.49881603705811,0.21213203435596423,0.2794505407859674,0.022752900003979448,1.0
Hybrid GWO-ABC,946,100.0,0.0,8.761734383060324,41.23826561693968,94600.0,94600.0,4549.0,18196000.0,1.0,0.0436323284299327,5.0,21.781120596222113,47.43651759814873,0.30166206257996714,0.33674273181978537,0.029400500003248453,1.0
Hybrid GWO-ABC,947,100.0,0.0,8.717762140957683,41.28223785904232,94700.0,94700.0,4554.0,18216000.0,1.0,0.04397224210264028,5.0,23.4628063537572,49.086522250805125,0.2863564212655271,0.3319380627103338,0.024016800001845695,1.0
Hybrid GWO-ABC,948,100.0,0.0,8.674487439515003,41.325512560484995,94800.0,94800.0,4559.0,18236000.0,1.0,0.0432747014426802,5.0,19.717188423827913,45.61340167801509,0.2664582518894846,0.31411130115154867,0.025260599999455735,1.0
Hybrid GWO-ABC,949,100.0,0.0,8.630904514630405,41.3690954853696,94900.0,94900.0,4564.0,18256000.0,1.0,0.04358292488459803,5.0,22.375085023534655,35.06328505257067,0.17888543819998318,0.27807608066146794,0.02540180000505643,1.0
Hybrid GWO-ABC,950,100.0,0.0,8.58717216127371,41.41282783872629,95000.0,95000.0,4569.0,18276000.0,1.0,0.04373235335669534,5.0,22.024488585807358,35.08799640855979,0.19235384061671346,0.28153388517189837,0.02357330000086222,1.0
Hybrid GWO-ABC,951,100.0,0.0,8.543128120943912,41.45687187905609,95100.0,95100.0,4574.0,18296000.0,1.0,0.044044040329797696,5.0,24.298712163567618,40.8007534929813,0.1341640786499874,0.2804984647638632,0.02610119999735616,1.0
Hybrid GWO-ABC,952,100.0,0.0,8.499286160940674,41.50071383905933,95200.0,95200.0,4579.0,18316000.0,1.0,0.043841960003238256,5.0,22.824751075480467,39.34774115797807,0.08944271909999159,0.2770025676153517,0.02372289999766508,1.0
Hybrid GWO-ABC,953,100.0,0.0,8.455525565926472,41.54447443407353,95300.0,95300.0,4584.0,18336000.0,1.0,0.04376059501420215,5.0,22.182742010776632,44.380832793649724,0.10488088481701516,0.29280401043407533,0.024639299997943453,1.0
Hybrid GWO-ABC,954,100.0,0.0,8.412433827591178,41.58756617240882,95400.0,95400.0,4589.0,18356000.0,1.0,0.04309173833529378,5.0,19.834938777882318,36.01231383199147,0.09486832980505137,0.2633515862440818,0.02298249999876134,1.0
Hybrid GWO-ABC,955,100.0,0.0,8.369156869599353,41.63084313040065,95500.0,95500.0,4594.0,18376000.0,1.0,0.04327695799182507,5.0,20.290753112331828,40.33050167260351,0.16431676725154984,0.2877007864975255,0.0248312999974587,1.0
Hybrid GWO-ABC,956,100.0,0.0,8.326009177114491,41.67399082288551,95600.0,95600.0,4599.0,18396000.0,1.0,0.04314769248486172,5.0,19.621728663823298,42.718421890073834,0.044721359549995794,0.2769040570761476,0.023180099997262005,1.0
Hybrid GWO-ABC,957,100.0,0.0,8.282252847300294,41.71774715269971,95700.0,95700.0,4604.0,18416000.0,1.0,0.043756329814197414,5.0,23.184647184031963,29.62066249389243,0.08944271909999159,0.25046132583879493,0.023985300002095755,1.0
Hybrid GWO-ABC,958,100.0,0.0,8.239209115508435,41.76079088449156,95800.0,95800.0,4609.0,18436000.0,1.0,0.043043731791858164,5.0,18.675375758873923,40.91997405265384,0.24289915602982237,0.29365618249497655,0.022640099996351637,1.0
Hybrid GWO-ABC,959,100.0,0.0,8.196346416206563,41.803653583793434,95900.0,95900.0,4614.0,18456000.0,1.0,0.04286269930187281,5.0,18.391829524933154,34.006149573195856,0.2073644135332772,0.27231228596940094,0.02367729999969015,1.0
Hybrid GWO-ABC,960,100.0,0.0,8.153474549699766,41.846525450300234,96000.0,96000.0,4619.0,18476000.0,1.0,0.04287186650679686,5.0,18.913083961390996,36.76138052001347,0.18439088914585774,0.278508088244717,0.027016500003810506,1.0
Hybrid GWO-ABC,961,100.0,0.0,8.11043460845064,41.88956539154936,96100.0,96100.0,4624.0,18496000.0,1.0,0.043039941249125135,5.0,19.249083142071285,39.91236660346578,0.18165902124584948,0.2881765593557639,0.02300499999546446,1.0
Hybrid GWO-ABC,962,100.0,0.0,8.066816226458517,41.93318377354149,96200.0,96200.0,4629.0,18516000.0,1.0,0.043618381992123645,5.0,23.02059893751442,31.96007945118099,0.22135943621178655,0.27826915277605857,0.02350540000043111,1.0
Hybrid GWO-ABC,963,100.0,0.0,8.0216785406248,41.9783214593752,96300.0,96300.0,4634.0,18536000.0,1.0,0.045137685833717356,5.0,26.46295615184058,46.066318499844,0.19235384061671346,0.3265682707011455,0.02348310000525089,1.0
Hybrid GWO-ABC,964,100.0,0.0,7.97777204363072,42.02222795636928,96400.0,96400.0,4639.0,18556000.0,1.0,0.04390649699407945,5.0,24.685025985450036,31.654088435705468,0.2345207879911715,0.28413138413164296,0.02297320000070613,1.0
Hybrid GWO-ABC,965,100.0,0.0,7.933791196035491,42.06620880396451,96500.0,96500.0,4642.0,18568000.0,1.0,0.04398084759522902,3.0,22.449144729338062,31.49384952659258,0.09899494936611665,0.2990980839826661,0.027658899998641573,1.0
Hybrid GWO-ABC,966,100.0,0.0,7.8902927215611545,42.10970727843885,96600.0,96600.0,4647.0,18588000.0,1.0,0.043498474474336746,5.0,21.450633182349957,38.89520600308235,0.2588435821108957,0.3044137371062914,0.023931999996420927,1.0
Hybrid GWO-ABC,967,100.0,0.0,7.845376740129433,42.15462325987057,96700.0,96700.0,4650.0,18600000.0,1.0,0.044915981431721264,3.0,27.374681035416508,20.016511251538766,0.08602325267042626,0.2722516683903087,0.023461599994334392,1.0
Hybrid GWO-ABC,968,100.0,0.0,7.801077741759274,42.19892225824073,96800.0,96800.0,4655.0,18620000.0,1.0,0.04429899837015938,5.0,24.587792448239558,31.24812982483915,0.151657508881031,0.27154066021733536,0.02501040000061039,1.0
Hybrid GWO-ABC,969,100.0,0.0,7.7578073209293095,42.24219267907069,96900.0,96900.0,4660.0,18640000.0,1.0,0.04327042082996435,5.0,20.28480448149493,43.25331540444108,0.25099800796022265,0.31512076860252547,0.0234065999975428,1.0
Hybrid GWO-ABC,970,100.0,0.0,7.713412781216234,42.286587218783765,97000.0,97000.0,4665.0,18660000.0,1.0,0.04439453971307561,5.0,24.77171810324099,48.82117927084393,0.1224744871391589,0.30221804727234464,0.026750700002594385,1.0
Hybrid GWO-ABC,971,100.0,0.0,7.669853129588077,42.33014687041192,97100.0,97100.0,4670.0,18680000.0,1.0,0.04355965162815689,5.0,22.698885842054203,35.44517876665032,0.14832396974191325,0.27792939461547084,0.023037000006297603,1.0
Hybrid GWO-ABC,972,100.0,0.0,7.626762907345668,42.373237092654335,97200.0,97200.0,4675.0,18700000.0,1.0,0.04309022224240877,5.0,19.902723112404352,30.39974310394221,0.30659419433511786,0.27983955669237925,0.024236600002041087,1.0
Hybrid GWO-ABC,973,100.0,0.0,7.583523449735825,42.41647655026418,97300.0,97300.0,4680.0,18720000.0,1.0,0.04323945760984316,5.0,20.157160524127153,44.3396638212081,0.09486832980505137,0.2934984866451696,0.02395999999862397,1.0
Hybrid GWO-ABC,974,100.0,0.0,7.540683839462089,42.45931616053791,97400.0,97400.0,4685.0,18740000.0,1.0,0.042839610273736284,5.0,18.683571252759,32.19555556988155,0.151657508881031,0.2606086664820225,0.023109100002329797,1.0
Hybrid GWO-ABC,975,100.0,0.0,7.497399888702658,42.50260011129734,97500.0,97500.0,4690.0,18760000.0,1.0,0.04328395075943092,5.0,20.859412465666498,27.689376344132068,0.18439088914585774,0.25622556496439464,0.02760409999609692,1.0
Hybrid GWO-ABC,976,100.0,0.0,7.453480126407402,42.5465198735926,97600.0,97600.0,4695.0,18780000.0,1.0,0.04391976229525607,5.0,23.056007711393846,37.605701926153685,0.07745966692414834,0.267502077346269,0.02319250000437023,1.0
Hybrid GWO-ABC,977,100.0,0.0,7.410923212265663,42.589076787734335,97700.0,97700.0,4700.0,18800000.0,1.0,0.04255691414173857,5.0,16.809240208994222,35.31570568238524,0.1140175425099138,0.2613881489617907,0.022685999996610917,1.0
Hybrid GWO-ABC,978,100.0,0.0,7.367958848924894,42.63204115107511,97800.0,97800.0,4705.0,18820000.0,1.0,0.042964363340769474,5.0,18.79792719867786,40.51278067651663,0.054772255750516606,0.27365820430584903,0.024358499998925254,1.0
Hybrid GWO-ABC,979,100.0,0.0,7.324660722288925,42.675339277711075,97900.0,97900.0,4710.0,18840000.0,1.0,0.04329812663596844,5.0,20.1123077600326,46.22732153778378,0.216794833886788,0.31399548715967196,0.023098599995137192,1.0
Hybrid GWO-ABC,980,100.0,0.0,7.281349164190039,42.71865083580996,98000.0,98000.0,4715.0,18860000.0,1.0,0.043311558098886316,5.0,20.654991203913077,42.4673334130841,0.18165902124584948,0.30363599944968833,0.025964599997678306,1.0
Hybrid GWO-ABC,981,100.0,0.0,7.238419502351709,42.76158049764829,98100.0,98100.0,4720.0,18880000.0,1.0,0.04292966183832991,5.0,18.300644641460796,36.734379002172524,0.20248456731316583,0.27766315139703424,0.023381200000585523,1.0
Hybrid GWO-ABC,982,100.0,0.0,7.194240240940065,42.80575975905994,98200.0,98200.0,4725.0,18900000.0,1.0,0.04417926141164408,5.0,24.409077741323006,51.434798039049134,0.08366600265340755,0.32018787496495343,0.022674500003631692,1.0
Hybrid GWO-ABC,983,100.0,0.0,7.151143504915442,42.84885649508456,98300.0,98300.0,4730.0,18920000.0,1.0,0.04309673602462283,5.0,19.690891441421744,36.69263236864269,0.23664319132398465,0.2866181610918753,0.022860600001877174,1.0
Hybrid GWO-ABC,984,100.0,0.0,7.10760586350097,42.89239413649903,98400.0,98400.0,4734.0,18936000.0,1.0,0.04353764141447236,4.0,20.91315132134684,38.650517589440554,0.0938083151964686,0.3007693948805203,0.023495900000853,1.0
Hybrid GWO-ABC,985,100.0,0.0,7.06389719529509,42.93610280470491,98500.0,98500.0,4738.0,18952000.0,1.0,0.0437086682058796,4.0,22.410290288189753,30.06713842906504,0.2683281572999748,0.30340617988828456,0.02340879999974277,1.0
Hybrid GWO-ABC,986,100.0,0.0,7.0195830921058855,42.98041690789412,98600.0,98600.0,4743.0,18972000.0,1.0,0.0443141031892047,5.0,24.09725064729925,42.849415354693306,0.3361547262794322,0.3376140253310166,0.022738899999239948,1.0
Hybrid GWO-ABC,987,100.0,0.0,6.9749708016328205,43.02502919836718,98700.0,98700.0,4746.0,18984000.0,1.0,0.04461229047306503,3.0,25.845325542245956,23.248886166803782,0.08602325267042626,0.2830111864611538,0.024133699997037183,1.0
Hybrid GWO-ABC,988,100.0,0.0,6.931982618463387,43.06801738153661,98800.0,98800.0,4751.0,19004000.0,1.0,0.04298818316943365,5.0,19.361722044096847,30.192234272463885,0.18708286933869706,0.2658900330699171,0.022875599999679253,1.0
Hybrid GWO-ABC,989,100.0,0.0,6.889068049226098,43.1109319507739,98900.0,98900.0,4756.0,19024000.0,1.0,0.04291456923728898,5.0,18.981554478664897,34.42794436200261,0.20976176963403032,0.281900485638767,0.02319619999616407,1.0
Hybrid GWO-ABC,990,100.0,0.0,6.845065746416454,43.15493425358355,99000.0,99000.0,4761.0,19044000.0,1.0,0.0440023028096439,5.0,23.962659662449163,47.387749074131804,0.2073644135332772,0.3312231030875181,0.030367699997441377,1.0
Hybrid GWO-ABC,991,100.0,0.0,6.802266255477682,43.19773374452232,99100.0,99100.0,4766.0,19064000.0,1.0,0.04279949093877189,5.0,18.141302198259076,37.68613954778419,0.161245154965971,0.2843402200004837,0.02374029999919003,1.0
Hybrid GWO-ABC,992,100.0,0.0,6.758774834484669,43.24122516551533,99200.0,99200.0,4771.0,19084000.0,1.0,0.043491420993013286,5.0,21.60125785146987,42.673200045169146,0.2863564212655271,0.3260690610678943,0.027424499996413942,1.0
Hybrid GWO-ABC,993,100.0,0.0,6.713663536922983,43.28633646307702,99300.0,99300.0,4776.0,19104000.0,1.0,0.04511129756168586,5.0,27.676579438865023,56.32023399198151,0.151657508881031,0.3498811034123552,0.023835300002247095,1.0
Hybrid GWO-ABC,994,100.0,0.0,6.670661966672011,43.329338033327986,99400.0,99400.0,4781.0,19124000.0,1.0,0.043001570250972065,5.0,18.680364267021652,42.58554419312385,0.18439088914585774,0.3057260406767502,0.024405700001807418,1.0
Hybrid GWO-ABC,995,100.0,0.0,6.627786818097217,43.37221318190278,99500.0,99500.0,4786.0,19144000.0,1.0,0.0428751485747938,5.0,18.37822783225092,32.43140390991611,0.2607680962081059,0.28463347690766677,0.024533800002245698,1.0
Hybrid GWO-ABC,996,100.0,0.0,6.584299946401938,43.41570005359806,99600.0,99600.0,4791.0,19164000.0,1.0,0.043486871695279206,5.0,22.430797169314324,30.294630002707514,0.14832396974191325,0.26991194486554304,0.02492540000093868,1.0
Hybrid GWO-ABC,997,100.0,0.0,6.541464545632283,43.45853545436772,99700.0,99700.0,4796.0,19184000.0,1.0,0.042835400769654974,5.0,18.695051750220944,34.05970366577825,0.06324555320336758,0.2611131923437434,0.022942000003240537,1.0
Hybrid GWO-ABC,998,100.0,0.0,6.49768908648602,43.50231091351398,99800.0,99800.0,4801.0,19204000.0,1.0,0.04377545914626246,5.0,23.505633877121575,37.12114878037481,0.1414213562373095,0.2932876663724119,0.022857200005091727,1.0
Hybrid GWO-ABC,999,100.0,0.0,6.454130312888666,43.545869687111335,99900.0,99900.0,4806.0,19224000.0,1.0,0.04355877359735416,5.0,21.473593741990626,45.406086602300846,0.1140175425099138,0.30705053606153526,0.02635789999476401,1.0
Hybrid GWO-ABC,1000,100.0,0.0,6.411398874611528,43.58860112538847,100000.0,100000.0,4811.0,19244000.0,1.0,0.04273143827713799,5.0,18.053687520464344,30.604866795212285,0.18165902124584948,0.26777384999727855,0.024880299999495037,1.0
Hybrid GWO-ABC,1001,100.0,0.0,6.367910970538038,43.632089029461966,100100.0,100100.0,4816.0,19264000.0,1.0,0.04348790407349057,5.0,22.278535972338553,31.440371670634807,0.2607680962081059,0.29163692208425995,0.02415879999898607,1.0
Hybrid GWO-ABC,1002,100.0,0.0,6.324652934306989,43.67534706569301,100200.0,100200.0,4821.0,19284000.0,1.0,0.04325803623104907,5.0,20.017606543712862,45.597523803349546,0.19235384061671346,0.3195061129435572,0.02755530000285944,1.0
Hybrid GWO-ABC,1003,100.0,0.0,6.281005020656416,43.718994979343584,100300.0,100300.0,4826.0,19304000.0,1.0,0.04364791365057297,5.0,22.1114068602221,26.903625254022785,0.14832396974191325,0.2609106468178584,0.02434989999892423,1.0
Hybrid GWO-ABC,1004,100.0,0.0,6.238014832849956,43.761985167150044,100400.0,100400.0,4831.0,19324000.0,1.0,0.0429901878064598,5.0,18.45461507505595,39.45325800919146,0.3209361307176243,0.31012515393739604,0.029371000004175585,1.0
Hybrid GWO-ABC,1005,100.0,0.0,6.194579114528012,43.80542088547199,100500.0,100500.0,4836.0,19344000.0,1.0,0.04343571832194382,5.0,20.63036226087821,37.90536136242523,0.21213203435596423,0.3025627273079401,0.0251261000012164,1.0
Hybrid GWO-ABC,1006,100.0,0.0,6.151429585848016,43.848570414151986,100600.0,100600.0,4841.0,19364000.0,1.0,0.04314952867999633,5.0,19.75019719101222,41.25153828021227,0.151657508881031,0.30338886871113835,0.027362599998014048,1.0
Hybrid GWO-ABC,1007,100.0,0.0,6.106938156449899,43.8930618435501,100700.0,100700.0,4846.0,19384000.0,1.0,0.0444914293981169,5.0,25.05870961502293,53.40384373153579,0.21447610589527216,0.33978759575977485,0.02810000000317814,1.0
Hybrid GWO-ABC,1008,100.0,0.0,6.062941291861673,43.93705870813832,100800.0,100800.0,4851.0,19404000.0,1.0,0.043996864588225826,5.0,23.579203693387313,46.80700464330926,0.2280350850198276,0.3181908179603297,0.025045000002137385,1.0
Hybrid GWO-ABC,1009,100.0,0.0,6.019842660346697,43.9801573396533,100900.0,100900.0,4855.0,19420000.0,1.0,0.04309863151497595,4.0,19.586058248331888,31.36954039149198,0.07483314773547883,0.2763998729683887,0.03425229999993462,1.0
Hybrid GWO-ABC,1010,100.0,0.0,5.976239571542977,44.023760428457024,101000.0,101000.0,4860.0,19440000.0,1.0,0.04360308880371999,5.0,21.51581139105357,40.90351111258874,0.27568097504180444,0.3207869777875533,0.0242288000008557,1.0
Hybrid GWO-ABC,1011,100.0,0.0,5.93292014978847,44.06707985021153,101100.0,101100.0,4865.0,19460000.0,1.0,0.043319421754507204,5.0,19.931099273924616,46.52979493622034,0.2073644135332772,0.32098432404085087,0.027631799996015616,1.0
Hybrid GWO-ABC,1012,100.0,0.0,5.8883193131104,44.1116806868896,101200.0,101200.0,4868.0,19472000.0,1.0,0.04460083667806991,3.0,25.063489031040305,44.93112189350083,0.13490737563232041,0.3555663477942497,0.02614750000066124,1.0
Hybrid GWO-ABC,1013,100.0,0.0,5.841764915889904,44.158235084110096,101300.0,101300.0,4870.0,19480000.0,1.0,0.046554397220496035,2.0,31.658876615994167,20.720938967550723,0.04,0.3064317745100205,0.027813499997137114,1.0
Hybrid GWO-ABC,1014,100.0,0.0,5.798181875257816,44.20181812474218,101400.0,101400.0,4875.0,19500000.0,1.0,0.043583040632087844,5.0,21.77041698060187,31.454990719419293,0.151657508881031,0.27504172881718425,0.023353800002951175,1.0
Hybrid GWO-ABC,1015,100.0,0.0,5.7550491241312205,44.24495087586878,101500.0,101500.0,4880.0,19520000.0,1.0,0.04313275112659554,5.0,20.241716834469948,31.590747325997,0.1224744871391589,0.2681958787562297,0.0263654999944265,1.0
Hybrid GWO-ABC,1016,100.0,0.0,5.712292525709564,44.287707474290436,101600.0,101600.0,4885.0,19540000.0,1.0,0.04275659842165691,5.0,18.26724606357425,33.75414988171086,0.17606816861659008,0.27881002491402507,0.023771099993609823,1.0
Hybrid GWO-ABC,1017,100.0,0.0,5.669556506665023,44.330443493334975,101700.0,101700.0,4890.0,19560000.0,1.0,0.04273601904454072,5.0,18.082742871942877,35.06152299452707,0.10488088481701516,0.27233906666239943,0.03216930000053253,1.0
Hybrid GWO-ABC,1018,100.0,0.0,5.626473615854516,44.373526384145485,101800.0,101800.0,4895.0,19580000.0,1.0,0.0430828908105072,5.0,19.579679368992977,29.389240385583996,0.15491933384829668,0.2655745176870996,0.02640800000517629,1.0
Hybrid GWO-ABC,1019,100.0,0.0,5.582932680302347,44.41706731969765,101900.0,101900.0,4900.0,19600000.0,1.0,0.043540935552168314,5.0,21.032610896657935,45.8949521049628,0.14491376746189438,0.3169325112834624,0.024218000005930662,1.0
Hybrid GWO-ABC,1020,100.0,0.0,5.539339308191771,44.46066069180823,102000.0,102000.0,4905.0,19620000.0,1.0,0.04359337211057657,5.0,23.01083037729275,26.396539326928725,0.10954451150103321,0.2574518341035945,0.028112699998018797,1.0
Hybrid GWO-ABC,1021,100.0,0.0,5.495879082264648,44.50412091773535,102100.0,102100.0,4910.0,19640000.0,1.0,0.04346022592712284,5.0,21.112970200720426,34.451453832561995,0.17606816861659008,0.28929075821361544,0.02474179999990156,1.0
Hybrid GWO-ABC,1022,100.0,0.0,5.4520369120458625,44.54796308795414,102200.0,102200.0,4915.0,19660000.0,1.0,0.04384217021878545,5.0,23.715278472253015,34.036983091555705,0.13784048752090222,0.28812780238343855,0.029741800004558172,1.0
Hybrid GWO-ABC,1023,100.0,0.0,5.408242673334457,44.591757326665544,102300.0,102300.0,4920.0,19680000.0,1.0,0.04379423871140542,5.0,22.52038160809375,46.128425272864646,0.17320508075688773,0.32963666207171627,0.024704099996597506,1.0
Hybrid GWO-ABC,1024,100.0,0.0,5.3654815126324715,44.63451848736753,102400.0,102400.0,4925.0,19700000.0,1.0,0.042761160701985546,5.0,17.983671281788464,30.807013114095646,0.19493588689617927,0.2745928919423204,0.028076200003852136,1.0
Hybrid GWO-ABC,1025,100.0,0.0,5.322055596892646,44.677944403107354,102500.0,102500.0,4930.0,19720000.0,1.0,0.04342591573982535,5.0,20.749967893161998,43.240480808623296,0.161245154965971,0.3151217005540278,0.02382660000148462,1.0
Hybrid GWO-ABC,1026,100.0,0.0,5.2773052461782415,44.722694753821756,102600.0,102600.0,4934.0,19736000.0,1.0,0.044750350714404696,4.0,26.112425493344954,52.67932463398095,0.0282842712474619,0.3495113221363461,0.027278000001388136,1.0
Hybrid GWO-ABC,1027,100.0,0.0,5.232974125533279,44.76702587446672,102700.0,102700.0,4939.0,19756000.0,1.0,0.04433112064496214,5.0,24.472628612054383,51.45632153498509,0.1140175425099138,0.3394567905182773,0.023216499997943174,1.0
Hybrid GWO-ABC,1028,100.0,0.0,5.189978095708204,44.810021904291794,102800.0,102800.0,4944.0,19776000.0,1.0,0.04299602982507533,5.0,19.026436273202165,39.27089681994603,0.2549509756796392,0.31433267100181145,0.02725740000460064,1.0
Hybrid GWO-ABC,1029,100.0,0.0,5.144965969131329,44.85503403086867,102900.0,102900.0,4949.0,19796000.0,1.0,0.04501212657687503,5.0,27.38088800447929,51.32655241282026,0.1140175425099138,0.3433907000462178,0.023764800003846176,1.0
Hybrid GWO-ABC,1030,100.0,0.0,5.101305506276451,44.898694493723546,103000.0,103000.0,4954.0,19816000.0,1.0,0.04366046285487801,5.0,22.394578487228,39.175187735588224,0.27202941017470883,0.3224452689994084,0.02492809999966994,1.0
Hybrid GWO-ABC,1031,100.0,0.0,5.057375509296334,44.942624490703665,103100.0,103100.0,4959.0,19836000.0,1.0,0.04392999698011657,5.0,22.805421494177825,46.675884107709486,0.21213203435596423,0.3171413272604022,0.024776399994152598,1.0
Hybrid GWO-ABC,1032,100.0,0.0,5.0140434877204,44.9859565122796,103200.0,103200.0,4964.0,19856000.0,1.0,0.0433320215759343,5.0,20.797759974187215,30.092686072132505,0.09486832980505137,0.26570005975115746,0.026471399993170053,1.0
Hybrid GWO-ABC,1033,100.0,0.0,4.9703119400776306,45.02968805992237,103300.0,103300.0,4969.0,19876000.0,1.0,0.04373154764276954,5.0,21.892015107230318,37.612127055094504,0.08366600265340755,0.28203357997684225,0.025965399996493943,1.0
Hybrid GWO-ABC,1034,100.0,0.0,4.926971597949086,45.073028402050916,103400.0,103400.0,4974.0,19896000.0,1.0,0.04334034212854476,5.0,20.955833708109758,36.12692962408957,0.161245154965971,0.29437861735246423,0.0238035999936983,1.0
Hybrid GWO-ABC,1035,100.0,0.0,4.883136381203188,45.11686361879681,103500.0,103500.0,4979.0,19916000.0,1.0,0.04383521674589819,5.0,23.12038095414966,44.04990389088283,0.07071067811865475,0.3107022234954474,0.02358020000247052,1.0
Hybrid GWO-ABC,1036,100.0,0.0,4.839988121509672,45.16001187849033,103600.0,103600.0,4984.0,19936000.0,1.0,0.04314825969351599,5.0,20.59943346600167,28.36819340468361,0.17888543819998318,0.2739968186889954,0.026326700004574377,1.0
Hybrid GWO-ABC,1037,100.0,0.0,4.796615877063142,45.20338412293686,103700.0,103700.0,4989.0,19956000.0,1.0,0.04337224444652943,5.0,21.55040054252937,24.9147587547529,0.2449489742783178,0.27549886008447366,0.02430649999587331,1.0
Hybrid GWO-ABC,1038,100.0,0.0,4.75362726070648,45.24637273929352,103800.0,103800.0,4994.0,19976000.0,1.0,0.04298861635666196,5.0,19.206818183756642,32.64040021010594,0.170293863659264,0.284305780620661,0.024227399997471366,1.0
Hybrid GWO-ABC,1039,100.0,0.0,4.7105738868836635,45.289426113116335,103900.0,103900.0,4999.0,19996000.0,1.0,0.04305337382281671,5.0,19.890390926734796,29.040290218082077,0.19493588689617927,0.2785684762190803,0.02425710000534309,1.0
Hybrid GWO-ABC,1040,100.0,0.0,4.667664302564193,45.33233569743581,104000.0,104000.0,5004.0,20016000.0,1.0,0.042909584319470895,5.0,18.354169745640668,39.36988490544799,0.18708286933869706,0.3069411277959392,0.02431549999892013,1.0
Hybrid GWO-ABC,1041,100.0,0.0,4.623290567560657,45.37670943243934,104100.0,104100.0,5007.0,20028000.0,1.0,0.044373735003535586,3.0,24.66858996216836,38.77912723160631,0.03741657386773941,0.33736094877210554,0.024001900004805066,1.0
Hybrid GWO-ABC,1042,100.0,0.0,4.579903430372276,45.420096569627724,104200.0,104200.0,5012.0,20048000.0,1.0,0.04338713718838072,5.0,20.727332418428087,36.588536968602924,0.17320508075688773,0.301140491310523,0.023358300000836607,1.0
Hybrid GWO-ABC,1043,100.0,0.0,4.536322363079166,45.463677636920835,104300.0,104300.0,5017.0,20068000.0,1.0,0.04358106729311029,5.0,21.260859421210075,41.13815624019803,0.10954451150103321,0.3029753107532054,0.0235296999962884,1.0
Hybrid GWO-ABC,1044,100.0,0.0,4.492716446656252,45.50728355334375,104400.0,104400.0,5021.0,20084000.0,1.0,0.04360591642291389,4.0,22.18064622534889,24.61804334466245,0.1019803902718557,0.2779528518202257,0.023741299999528565,1.0
Hybrid GWO-ABC,1045,100.0,0.0,4.448328713167549,45.55167128683245,104500.0,104500.0,5026.0,20104000.0,1.0,0.04438773348870306,5.0,24.802051020504102,51.498073231392425,0.1140175425099138,0.3266811475563061,0.027293099999951664,1.0
Hybrid GWO-ABC,1046,100.0,0.0,4.404864233727926,45.59513576627207,104600.0,104600.0,5031.0,20124000.0,1.0,0.04346447943962328,5.0,20.8067784477278,48.380143661095865,0.08366600265340755,0.3241890760011128,0.02299730000231648,1.0
Hybrid GWO-ABC,1047,100.0,0.0,4.361208154666186,45.63879184533381,104700.0,104700.0,5036.0,20144000.0,1.0,0.04365607906173974,5.0,21.7489270022116,44.28868468688019,0.47116875957558985,0.3705838974014988,0.025657899997895584,1.0
Hybrid GWO-ABC,1048,100.0,0.0,4.318127590200751,45.68187240979925,104800.0,104800.0,5041.0,20164000.0,1.0,0.04308056446543507,5.0,19.43488625631781,43.8870641749819,0.3146426544510455,0.34300584816377033,0.02472960000159219,1.0
Hybrid GWO-ABC,1049,100.0,0.0,4.273171924214105,45.726828075785896,104900.0,104900.0,5045.0,20180000.0,1.0,0.04495566598664613,4.0,25.35755166283243,40.33412060540567,0.0632455532033676,0.32609734208449837,0.023738500000035856,1.0
Hybrid GWO-ABC,1050,100.0,0.0,4.229703516193688,45.77029648380631,105000.0,105000.0,5050.0,20200000.0,1.0,0.04346840802041729,5.0,22.103197643940433,33.33224694363845,0.13038404810405296,0.288254139592139,0.028235999998287298,1.0
Hybrid GWO-ABC,1051,100.0,0.0,4.185975189178435,45.814024810821564,105100.0,105100.0,5055.0,20220000.0,1.0,0.043728327015252866,5.0,22.58898229613387,31.125538836741033,0.10954451150103321,0.2812124086242766,0.02357960000517778,1.0
Hybrid GWO-ABC,1052,100.0,0.0,4.142535656704375,45.857464343295625,105200.0,105200.0,5060.0,20240000.0,1.0,0.04343953247405974,5.0,21.57734893064301,35.627587865659244,0.06324555320336758,0.28088196402394683,0.023590600001625717,1.0
Hybrid GWO-ABC,1053,100.0,0.0,4.0997338482877215,45.90026615171228,105300.0,105300.0,5065.0,20260000.0,1.0,0.042801808416653486,5.0,17.96359349761893,35.48830725089327,0.223606797749979,0.300944233343968,0.025630100004491396,1.0
Hybrid GWO-ABC,1054,100.0,0.0,4.056192442839132,45.943807557160866,105400.0,105400.0,5070.0,20280000.0,1.0,0.04354140544858964,5.0,21.702743660202447,36.37478660038853,0.23021728866442676,0.31543255320488284,0.024204900000768248,1.0
Hybrid GWO-ABC,1055,100.0,0.0,4.012101541241358,45.98789845875864,105500.0,105500.0,5075.0,20300000.0,1.0,0.04409090159777396,5.0,24.03472906735487,38.159180710832615,0.15811388300841897,0.31574080394838255,0.026941799995256588,1.0
Hybrid GWO-ABC,1056,100.0,0.0,3.969069250414108,46.03093074958589,105600.0,105600.0,5080.0,20320000.0,1.0,0.04303229082725002,5.0,19.163984408158647,36.379416459901506,0.3420526275297414,0.32747240724287374,0.02435469999909401,1.0
Hybrid GWO-ABC,1057,100.0,0.0,3.924651338200107,46.07534866179989,105700.0,105700.0,5085.0,20340000.0,1.0,0.04441791221400093,5.0,24.385293394026537,49.941077019121956,0.10954451150103321,0.33111375211906996,0.02438790000451263,1.0
Hybrid GWO-ABC,1058,100.0,0.0,3.8811004910749007,46.1188995089251,105800.0,105800.0,5090.0,20360000.0,1.0,0.04355084712520618,5.0,21.185683103906904,36.19640234903341,0.19493588689617927,0.29646243319855603,0.022969399993598927,1.0
Hybrid GWO-ABC,1059,100.0,0.0,3.837918088780598,46.1620819112194,105900.0,105900.0,5095.0,20380000.0,1.0,0.04318240229430259,5.0,20.788806686208027,30.273690106727543,0.08944271909999159,0.27204342409553045,0.025453300004301127,1.0
Hybrid GWO-ABC,1060,100.0,0.0,3.7945301071057917,46.20546989289421,106000.0,106000.0,5100.0,20400000.0,1.0,0.0433879816748064,5.0,21.49389354738123,37.35039522366078,0.18165902124584948,0.3101363549565656,0.02376879999792436,1.0
Hybrid GWO-ABC,1061,100.0,0.0,3.7499426035589773,46.25005739644102,106100.0,106100.0,5105.0,20420000.0,1.0,0.0445875035468144,5.0,25.211464799974404,46.88751084232119,0.25298221281347033,0.3491039663234443,0.02337450000050012,1.0
Hybrid GWO-ABC,1062,100.0,0.0,3.706589531711731,46.29341046828827,106200.0,106200.0,5110.0,20440000.0,1.0,0.04335307184724657,5.0,21.14839694406938,36.830538355299694,0.18973665961010275,0.31025864575626405,0.023307499999646097,1.0
Hybrid GWO-ABC,1063,100.0,0.0,3.660731280438962,46.33926871956104,106300.0,106300.0,5114.0,20456000.0,1.0,0.04585825127276877,4.0,29.250009172217023,51.21225182353997,0.0282842712474619,0.36627135423569696,0.023495900000853,1.0
Hybrid GWO-ABC,1064,100.0,0.0,3.6167791772929974,46.383220822707,106400.0,106400.0,5117.0,20468000.0,1.0,0.04395210314596465,3.0,22.37305705836713,37.11973362347968,0.18384776310850234,0.35512942725379043,0.023654300006455742,1.0
Hybrid GWO-ABC,1065,100.0,0.0,3.5738570632197493,46.42614293678025,106500.0,106500.0,5122.0,20488000.0,1.0,0.042922114073248085,5.0,18.334190043231942,37.268397480904525,0.24899799195977462,0.31671642128011895,0.027452200003608596,1.0
Hybrid GWO-ABC,1066,100.0,0.0,3.530642100685757,46.46935789931425,106600.0,106600.0,5127.0,20508000.0,1.0,0.043214962533992374,5.0,20.41106597093044,31.995027569971864,0.1140175425099138,0.2840983348439406,0.023860199995397124,1.0
Hybrid GWO-ABC,1067,100.0,0.0,3.4838287283862406,46.51617127161376,106700.0,106700.0,5129.0,20516000.0,1.0,0.04681337229951632,2.0,34.28038940215114,8.027335042889161,0.0,0.283446007935967,0.023293099999136757,1.0
Hybrid GWO-ABC,1068,100.0,0.0,3.4397251329762484,46.56027486702375,106800.0,106800.0,5134.0,20536000.0,1.0,0.0441035954099922,5.0,24.44322018436005,43.30871248100597,0.216794833886788,0.32256335889628185,0.023090499998943415,1.0
Hybrid GWO-ABC,1069,100.0,0.0,3.3964741169806643,46.60352588301934,106900.0,106900.0,5139.0,20556000.0,1.0,0.04325101599558412,5.0,20.451088856072392,37.84841918518904,0.10488088481701516,0.2987096908947552,0.022587799998291302,1.0
Hybrid GWO-ABC,1070,100.0,0.0,3.3532227106878505,46.64677728931215,107000.0,107000.0,5144.0,20576000.0,1.0,0.043251406292813765,5.0,21.099210737418343,33.64503580885717,0.14491376746189438,0.2948530809171197,0.023196299996925518,1.0
Hybrid GWO-ABC,1071,100.0,0.0,3.3094529899043157,46.690547010095685,107100.0,107100.0,5149.0,20596000.0,1.0,0.043769720783534805,5.0,23.541225998176923,27.13483101185188,0.10954451150103321,0.27535162519326384,0.023088399997504894,1.0
Hybrid GWO-ABC,1072,100.0,0.0,3.266103917087543,46.73389608291246,107200.0,107200.0,5154.0,20616000.0,1.0,0.043349072816772694,5.0,20.594690194359224,44.26776517057173,0.10488088481701516,0.31611417442273165,0.022996799998509232,1.0
Hybrid GWO-ABC,1073,100.0,0.0,3.2219300985301174,46.778069901469884,107300.0,107300.0,5159.0,20636000.0,1.0,0.04417381855742564,5.0,23.843348893880275,50.74314095952859,0.1414213562373095,0.34467019403194527,0.022887099999934435,1.0
Hybrid GWO-ABC,1074,100.0,0.0,3.1790746256986324,46.82092537430137,107400.0,107400.0,5164.0,20656000.0,1.0,0.04285547283148494,5.0,18.23541635638493,31.83654988797888,0.27018512172212594,0.30504958996222786,0.030104299999948125,1.0
Hybrid GWO-ABC,1075,100.0,0.0,3.136042526099938,46.863957473900065,107500.0,107500.0,5169.0,20676000.0,1.0,0.04303209959869436,5.0,20.260844568381494,25.430103153249824,0.15811388300841897,0.27274844666166775,0.024782299995422363,1.0
Hybrid GWO-ABC,1076,100.0,0.0,3.0929867004024176,46.90701329959758,107600.0,107600.0,5174.0,20696000.0,1.0,0.04305582569752042,5.0,19.32303576852811,32.93468478018129,0.17606816861659008,0.29752304492408155,0.023498900001868606,1.0
Hybrid GWO-ABC,1077,100.0,0.0,3.0502824509369826,46.94971754906302,107700.0,107700.0,5179.0,20716000.0,1.0,0.04270424946543505,5.0,17.77238237143605,34.312767561548185,0.19235384061671346,0.3014042134025997,0.023784200006048195,1.0
Hybrid GWO-ABC,1078,100.0,0.0,3.005929225044374,46.994070774955624,107800.0,107800.0,5183.0,20732000.0,1.0,0.044353225892608705,4.0,24.56165707919205,37.518154811618714,0.0848528137423857,0.33048926815037216,0.02243580000504153,1.0
Hybrid GWO-ABC,1079,100.0,0.0,2.962918900183647,47.037081099816355,107900.0,107900.0,5188.0,20752000.0,1.0,0.04301032486072698,5.0,19.03853418629814,34.79643808555465,0.03162277660168379,0.28247302549649583,0.026649699997506104,1.0
Hybrid GWO-ABC,1080,100.0,0.0,2.9193917731382144,47.080608226861784,108000.0,108000.0,5193.0,20772000.0,1.0,0.04352712704543249,5.0,21.27320653082063,47.43111218728565,0.054772255750516606,0.328224909402555,0.023106699998606928,1.0
Hybrid GWO-ABC,1081,100.0,0.0,2.874925624712349,47.12507437528765,108100.0,108100.0,5198.0,20792000.0,1.0,0.04446614842586527,5.0,25.455695840010854,45.317544931422816,0.19493588689617927,0.3376475307180679,0.023487799997383263,1.0
Hybrid GWO-ABC,1082,100.0,0.0,2.830191138301987,47.169808861698016,108200.0,108200.0,5203.0,20812000.0,1.0,0.04473448641036226,5.0,26.739964729140993,48.67769447444347,0.044721359549995794,0.3418980068839732,0.02528790000360459,1.0
Hybrid GWO-ABC,1083,100.0,0.0,2.7869461417574453,47.21305385824255,108300.0,108300.0,5208.0,20832000.0,1.0,0.043244996544541614,5.0,20.080649090787023,40.06751475160759,0.08944271909999159,0.3023467068331303,0.026909899999736808,1.0
Hybrid GWO-ABC,1084,100.0,0.0,2.742905610046293,47.25709438995371,108400.0,108400.0,5213.0,20852000.0,1.0,0.0440405317111523,5.0,23.92818179707933,46.544687369270825,0.433589667773576,0.38836286605444564,0.026803799999470357,1.0
Hybrid GWO-ABC,1085,100.0,0.0,2.699750129573536,47.30024987042646,108500.0,108500.0,5218.0,20872000.0,1.0,0.043155480472756746,5.0,19.59125538146182,37.12484065538074,0.27748873851023215,0.3292944387378727,0.02328529999795137,1.0
Hybrid GWO-ABC,1086,100.0,0.0,2.656209084968741,47.343790915031256,108600.0,108600.0,5223.0,20892000.0,1.0,0.04354104460479524,5.0,21.741432077015958,36.269280685881306,0.29154759474226505,0.3140809934132122,0.02329240000108257,1.0
Hybrid GWO-ABC,1087,100.0,0.0,2.613200161469318,47.386799838530685,108700.0,108700.0,5228.0,20912000.0,1.0,0.04300892349942309,5.0,19.500467047860706,35.69567392645469,0.1,0.29766163839744075,0.02285919999849284,1.0
Hybrid GWO-ABC,1088,100.0,0.0,2.5702600498493755,47.429739950150626,108800.0,108800.0,5233.0,20932000.0,1.0,0.04294011161994238,5.0,18.379978498806103,43.902460627954085,0.1414213562373095,0.32172610023744663,0.023838599998271093,1.0
Hybrid GWO-ABC,1089,100.0,0.0,2.526595916202297,47.4734040837977,108900.0,108900.0,5238.0,20952000.0,1.0,0.04366413364707844,5.0,22.835202338530234,26.288153779811246,0.23021728866442676,0.2963823164227174,0.028406799996446352,1.0
Hybrid GWO-ABC,1090,100.0,0.0,2.4822537058403378,47.517746294159664,109000.0,109000.0,5243.0,20972000.0,1.0,0.04434221036195929,5.0,24.399315027384546,50.5884215551885,0.19493588689617927,0.3389223863314997,0.024360799994610716,1.0
Hybrid GWO-ABC,1091,100.0,0.0,2.4389373530143206,47.56106264698568,109100.0,109100.0,5248.0,20992000.0,1.0,0.0433163528260172,5.0,20.73493896587859,41.33003723488303,0.10488088481701516,0.3160309131754834,0.02333830000134185,1.0
Hybrid GWO-ABC,1092,100.0,0.0,2.395815401234147,47.604184598765855,109200.0,109200.0,5253.0,21012000.0,1.0,0.04312195178017353,5.0,20.142489233353533,31.320560494592314,0.27018512172212594,0.31067368798761896,0.02369580000231508,1.0
Hybrid GWO-ABC,1093,100.0,0.0,2.3527470208022576,47.647252979197745,109300.0,109300.0,5258.0,21032000.0,1.0,0.04306838043188943,5.0,19.62168668475245,40.22023818364558,0.1414213562373095,0.31888364746016357,0.02264380000269739,1.0
Hybrid GWO-ABC,1094,100.0,0.0,2.309055611350483,47.69094438864952,109400.0,109400.0,5263.0,21052000.0,1.0,0.04369140945177463,5.0,23.0012800421291,28.46910078410527,0.17888543819998318,0.2902196465139589,0.02845320000051288,1.0
Hybrid GWO-ABC,1095,100.0,0.0,2.265376271576663,47.73462372842334,109500.0,109500.0,5268.0,21072000.0,1.0,0.04367933977381977,5.0,21.978853079906113,44.783144182820834,0.17606816861659008,0.31598022552585925,0.02400859999761451,1.0
Hybrid GWO-ABC,1096,100.0,0.0,2.2209776189310313,47.77902238106897,109600.0,109600.0,5271.0,21084000.0,1.0,0.04439865264563192,3.0,24.85508307528503,22.794154925064074,0.028284271247461898,0.2982947969773494,0.02561979999882169,1.0
Hybrid GWO-ABC,1097,100.0,0.0,2.1771480329592876,47.82285196704071,109700.0,109700.0,5276.0,21104000.0,1.0,0.04382958597174369,5.0,22.99179691674169,46.47375787123355,0.08366600265340755,0.33701510078008273,0.023649100003240164,1.0
Hybrid GWO-ABC,1098,100.0,0.0,2.133957096168789,47.866042903831215,109800.0,109800.0,5281.0,21124000.0,1.0,0.04319093679049857,5.0,20.41073479442665,29.05224089946207,0.18165902124584948,0.29218884694382835,0.02333099999668775,1.0
Hybrid GWO-ABC,1099,100.0,0.0,2.0906090272557516,47.90939097274425,109900.0,109900.0,5286.0,21144000.0,1.0,0.04334806891303744,5.0,20.33967683144466,46.14057162691274,0.07071067811865475,0.314720133149635,0.023005800001556054,1.0
Hybrid GWO-ABC,1100,100.0,0.0,2.0472152671112362,47.952784732888766,110000.0,110000.0,5291.0,21164000.0,1.0,0.04339376014451535,5.0,21.48823195532236,37.580389335432876,0.1140175425099138,0.31154502258962946,0.02333580000413349,1.0
Hybrid GWO-ABC,1101,100.0,0.0,2.003463887638708,47.99653611236129,110100.0,110100.0,5296.0,21184000.0,1.0,0.043751379472528384,5.0,22.639639755363962,35.59291945307838,0.23021728866442676,0.3285029712230131,0.023097199999028817,1.0
Hybrid GWO-ABC,1102,100.0,0.0,1.9585287983566881,48.04147120164331,110200.0,110200.0,5301.0,21204000.0,1.0,0.044935089282019725,5.0,25.82109488018811,48.22022996960121,0.10488088481701516,0.33815496541974127,0.02232880000519799,1.0
Hybrid GWO-ABC,1103,100.0,0.0,1.9149089534414985,48.0850910465585,110300.0,110300.0,5306.0,21224000.0,1.0,0.043619844915189665,5.0,22.778398303467508,36.51295432051955,0.151657508881031,0.31495204050961834,0.02250840000488097,1.0
Hybrid GWO-ABC,1104,100.0,0.0,1.8704016828787045,48.12959831712129,110400.0,110400.0,5311.0,21244000.0,1.0,0.04450727056279402,5.0,25.302009486352677,53.31640601215763,0.18708286933869706,0.3542982438179737,0.026857299999392126,1.0
Hybrid GWO-ABC,1105,100.0,0.0,1.827320507770723,48.17267949222928,110500.0,110500.0,5316.0,21264000.0,1.0,0.04308117510798137,5.0,19.276692132258535,36.43890846373465,0.13038404810405296,0.2939610367860822,0.023254899999301415,1.0
Hybrid GWO-ABC,1106,100.0,0.0,1.783438135420332,48.21656186457967,110600.0,110600.0,5321.0,21284000.0,1.0,0.04388237235039116,5.0,23.140246327943338,44.567230646505905,0.18708286933869706,0.3123280256339307,0.023325000001932494,1.0
Hybrid GWO-ABC,1107,100.0,0.0,1.7400940429941245,48.25990595700588,110700.0,110700.0,5326.0,21304000.0,1.0,0.0433440924262074,5.0,20.735602890227053,37.18676458288254,0.2073644135332772,0.30787231141906485,0.02322410000488162,1.0
Hybrid GWO-ABC,1108,100.0,0.0,1.6962869097082782,48.30371309029172,110800.0,110800.0,5331.0,21324000.0,1.0,0.04380713328584629,5.0,23.181142782157096,38.31341861676923,0.08944271909999159,0.29451356736892104,0.02263900000252761,1.0
Hybrid GWO-ABC,1109,100.0,0.0,1.6530693243625438,48.34693067563746,110900.0,110900.0,5336.0,21344000.0,1.0,0.04321758534573439,5.0,19.843592410919843,44.45436380561856,0.08366600265340755,0.3192921888801573,0.026180300003034063,1.0
Hybrid GWO-ABC,1110,100.0,0.0,1.6091025249655402,48.39089747503446,111000.0,111000.0,5340.0,21360000.0,1.0,0.04396679939700365,4.0,23.687727045444475,37.53137489488897,0.2039607805437114,0.34840766957109215,0.023564000002807006,1.0
Hybrid GWO-ABC,1111,100.0,0.0,1.5660432266353688,48.43395677336463,111100.0,111100.0,5345.0,21380000.0,1.0,0.043059298330171414,5.0,19.77989251740194,36.31658010656518,0.1140175425099138,0.30347988469131526,0.03432040000188863,1.0
Hybrid GWO-ABC,1112,100.0,0.0,1.5229717648189343,48.477028235181066,111200.0,111200.0,5350.0,21400000.0,1.0,0.04307146181643451,5.0,20.387397100230473,31.105853034274965,0.08944271909999159,0.2860605571370417,0.024176400002033915,1.0
Hybrid GWO-ABC,1113,100.0,0.0,1.4799368722970343,48.52006312770297,111300.0,111300.0,5355.0,21420000.0,1.0,0.04303489252189996,5.0,18.80551573512324,34.837582550611835,0.22135943621178655,0.2983926936482747,0.02629249999881722,1.0
Hybrid GWO-ABC,1114,100.0,0.0,1.4371453337771878,48.56285466622281,111400.0,111400.0,5360.0,21440000.0,1.0,0.04279153851984652,5.0,17.78803707339299,42.023554734000754,0.1140175425099138,0.32143884212493906,0.02389720000064699,1.0
Hybrid GWO-ABC,1115,100.0,0.0,1.3918343702659262,48.608165629734074,111500.0,111500.0,5365.0,21460000.0,1.0,0.045310963511261626,5.0,27.437299217306297,50.810311342267504,0.1140175425099138,0.35064478597721604,0.026364799996372312,1.0
Hybrid GWO-ABC,1116,100.0,0.0,1.3462277483912837,48.653772251608714,111600.0,111600.0,5370.0,21480000.0,1.0,0.04560662187464248,5.0,28.22663535765936,49.90110152165841,0.2345207879911715,0.3537740841058028,0.023019599997496698,1.0
Hybrid GWO-ABC,1117,100.0,0.0,1.3020881076754394,48.69791189232456,111700.0,111700.0,5375.0,21500000.0,1.0,0.04413964071584431,5.0,24.999382573054145,34.66081295006951,0.19235384061671346,0.32595220129033586,0.023036999999021646,1.0
Hybrid GWO-ABC,1118,100.0,0.0,1.257527059554196,48.7424729404458,111800.0,111800.0,5380.0,21520000.0,1.0,0.044561048121243285,5.0,26.619321833953677,25.975144084935515,0.1224744871391589,0.2931510388938123,0.023768200000631623,1.0
Hybrid GWO-ABC,1119,100.0,0.0,1.213893681432904,48.78610631856709,111900.0,111900.0,5385.0,21540000.0,1.0,0.04363337812129209,5.0,21.699210224544615,32.70442462733452,0.22135943621178655,0.302338150214497,0.025689200003398582,1.0
Hybrid GWO-ABC,1120,100.0,0.0,1.1702158013162265,48.829784198683775,112000.0,112000.0,5390.0,21560000.0,1.0,0.0436778801166775,5.0,23.249586574729523,37.98615741637122,0.08366600265340755,0.3187173830868175,0.02314479999768082,1.0
Hybrid GWO-ABC,1121,100.0,0.0,1.1268376833277665,48.873162316672236,112100.0,112100.0,5395.0,21580000.0,1.0,0.04337811798846003,5.0,20.847363206580752,38.14630943072405,0.07071067811865475,0.3141119782868772,0.023010000004433095,1.0
Hybrid GWO-ABC,1122,100.0,0.0,1.0838843269516478,48.91611567304835,112200.0,112200.0,5400.0,21600000.0,1.0,0.042953356376118634,5.0,19.205631973301312,37.233866580385545,0.33166247903553997,0.3434869005910066,0.022713399994245265,1.0
Hybrid GWO-ABC,1123,100.0,0.0,1.040476355420599,48.9595236445794,112300.0,112300.0,5405.0,21620000.0,1.0,0.04340797153104892,5.0,20.30600646110303,42.111421084986176,0.2449489742783178,0.31882120937830505,0.025795899993681815,1.0
Hybrid GWO-ABC,1124,100.0,0.0,0.996264441389865,49.00373555861014,112400.0,112400.0,5410.0,21640000.0,1.0,0.04421191403073388,5.0,23.280711432184763,45.829946913335235,0.09486832980505137,0.33522140079547214,0.023389800000586547,1.0
Hybrid GWO-ABC,1125,100.0,0.0,0.9519384441859736,49.04806155581402,112500.0,112500.0,5415.0,21660000.0,1.0,0.04432599720389141,5.0,24.44775110381179,52.29608669090216,0.20248456731316583,0.3569820786339529,0.023854700004449114,1.0
Hybrid GWO-ABC,1126,100.0,0.0,0.9091653870823015,49.090834612917696,112600.0,112600.0,5420.0,21680000.0,1.0,0.042773057103672074,5.0,18.064895159690455,29.03650959572853,0.13038404810405296,0.28658042641062725,0.0222665000037523,1.0
Hybrid GWO-ABC,1127,100.0,0.0,0.8651429636151389,49.13485703638486,112700.0,112700.0,5425.0,21700000.0,1.0,0.044022423467162675,5.0,23.315560074453746,52.569394986231394,0.1341640786499874,0.356125399300785,0.022901299998920877,1.0
Hybrid GWO-ABC,1128,100.0,0.0,0.8220761291666696,49.17792387083333,112800.0,112800.0,5430.0,21720000.0,1.0,0.04306683444846926,5.0,19.812810443531763,32.441689435479056,0.13038404810405296,0.3057925084351628,0.024466499999107327,1.0
Hybrid GWO-ABC,1129,100.0,0.0,0.776904913430722,49.22309508656928,112900.0,112900.0,5433.0,21732000.0,1.0,0.04517121573594762,3.0,28.41652945258105,15.223689999955704,0.08602325267042626,0.30643552231919474,0.022577299998374656,1.0
Hybrid GWO-ABC,1130,100.0,0.0,0.7337688690767327,49.266231130923266,113000.0,113000.0,5438.0,21752000.0,1.0,0.04313604435398932,5.0,20.531398396550593,31.21780910245115,0.10954451150103321,0.30333782304226814,0.022944299998926,1.0
Hybrid GWO-ABC,1131,100.0,0.0,0.6905721826311264,49.30942781736887,113100.0,113100.0,5443.0,21772000.0,1.0,0.04319668644560626,5.0,19.83927424861125,44.22149952397789,0.13784048752090222,0.3291689303963858,0.023533399995358195,1.0
Hybrid GWO-ABC,1132,99.0,1.0,0.6478654155178941,49.35213458448211,113200.0,113199.0,5448.0,21792000.0,0.9999911660777385,0.04270676711323229,5.0,19.863745256220724,34.893358747345694,0.14832396974191325,0.32377153893595234,0.022559900004125666,0.99
Hybrid GWO-ABC,1133,99.0,1.0,0.6047524789598554,49.39524752104015,113299.0,113298.0,5453.0,21812000.0,0.9999911737967678,0.04311293655803872,5.0,21.694360336768618,37.68690298008431,0.0670025210172808,0.3254219087820596,0.02618849999998929,1.0
Hybrid GWO-ABC,1134,98.0,2.0,0.5621906906567009,49.4378093093433,113398.0,113396.0,5458.0,21832000.0,0.9999823630046385,0.04256178830315449,5.0,20.817892466576954,47.7408600335617,0.11248008813798022,0.3543489016579646,0.024730600001930725,0.98989898989899
Hybrid GWO-ABC,1135,98.0,2.0,0.5188136570976386,49.48118634290236,113496.0,113494.0,5463.0,21852000.0,0.9999823782335941,0.043377033559062306,5.0,23.913943392538723,35.18394373269163,0.28607848507910577,0.3545014673308674,0.023866899995482527,1.0
Hybrid GWO-ABC,1136,97.0,3.0,0.4758601262012183,49.52413987379878,113594.0,113591.0,5468.0,21872000.0,0.9999735901544096,0.04295353089642029,5.0,23.999713155002315,47.32754651724845,0.16952293597791987,0.3416074411093336,0.024089300000923686,0.9897959183673469
Hybrid GWO-ABC,1137,96.0,4.0,0.4338106804824902,49.56618931951751,113691.0,113687.0,5473.0,21892000.0,0.9999648169160268,0.042049445718728096,5.0,21.945951638567706,44.380832793649724,0.12456748426386158,0.3386060371933757,0.02312800000072457,0.9896907216494846
Hybrid GWO-ABC,1138,96.0,4.0,0.39118571865606017,49.60881428134394,113787.0,113783.0,5478.0,21912000.0,0.9999648465993479,0.04262496182643005,5.0,24.40278159050202,48.45877733633201,0.16601434844280447,0.359685232576553,0.028732300001138356,1.0
Hybrid GWO-ABC,1139,96.0,4.0,0.34744701391648486,49.65255298608351,113883.0,113879.0,5483.0,21932000.0,0.9999648762326248,0.04373870473957531,5.0,29.520153422175373,53.74819404629592,0.2429563289518875,0.38670345365542846,0.02521569999953499,1.0
Hybrid GWO-ABC,1140,90.0,10.0,0.30779205139397514,49.692207948606026,113979.0,113930.0,5486.0,21944000.0,0.9995700962457996,0.03965496252250972,5.0,23.990045717512178,34.964151741881324,0.12058163440406484,10.328253843274341,0.02363070000137668,0.53125
Hybrid GWO-ABC,1141,86.0,14.0,0.26537374418874604,49.73462625581126,114069.0,114016.0,5491.0,21964000.0,0.9995353689433588,0.0424183072052291,5.0,38.679339606334395,52.19505014528856,0.2810913475705226,0.42336208136941444,0.023761099997500423,0.9555555555555556
Hybrid GWO-ABC,1142,77.0,23.0,0.23227107904333344,49.767728920956664,114155.0,114016.0,5491.0,21964000.0,0.9987823573211861,0.0331026651454126,4.0,30.463564795585864,22.583619884354835,0.09588617733994559,10.315752226645518,0.022840699995867908,0.0
Hybrid GWO-ABC,1143,68.0,32.0,0.1988877915692159,49.80111220843079,114232.0,114084.0,5495.0,21980000.0,0.9987043910637999,0.033383287474117534,4.0,35.49679510865999,53.06943076388572,0.32519439027399777,0.4237595783124932,0.02671389999886742,0.8831168831168831
Hybrid GWO-ABC,1144,60.0,40.0,0.16597504584201908,49.83402495415798,114300.0,114144.0,5497.0,21988000.0,0.9986351706036746,0.032912745727196824,2.0,47.67149873512383,62.72022654626309,0.0,0.38387987067989715,0.022426700001233257,0.8823529411764706
Hybrid GWO-ABC,1145,54.0,46.0,0.13704342208049852,49.862956577919505,114360.0,114198.0,5499.0,21996000.0,0.9985834207764953,0.02893162376152056,2.0,45.449756260413054,62.72022654626309,0.0,0.38172913066462927,0.02157209999859333,0.9
Hybrid GWO-ABC,1146,50.0,50.0,0.11188042273525547,49.888119577264746,114414.0,114248.0,5501.0,22004000.0,0.9985491286031429,0.025162999345243048,2.0,38.658230319925515,56.77023506755072,0.0,0.3710285766112435,0.021563200003583916,0.9259259259259259
Hybrid GWO-ABC,1147,44.0,56.0,0.08976640142396072,49.91023359857604,114464.0,114292.0,5503.0,22012000.0,0.9984973441431367,0.02211402131129475,2.0,42.56291747026757,61.42840657691799,0.0,0.3980372056080612,0.022037499998987187,0.88
Hybrid GWO-ABC,1148,34.0,66.0,0.06844050119148327,49.93155949880852,114508.0,114326.0,5505.0,22020000.0,0.9984105913997275,0.02132590023247745,2.0,56.04376331663928,55.47936635295922,0.18181818181818182,0.38788288628817635,0.025574400002369657,0.7727272727272727
Hybrid GWO-ABC,1149,25.0,75.0,0.05403112515561718,49.94596887484438,114542.0,114351.0,5507.0,22028000.0,0.9983324893925373,0.014409376035866096,2.0,48.219633313718084,55.47936635295922,0.0,0.3942635661213662,0.020556100003886968,0.7352941176470589
Hybrid GWO-ABC,1150,21.0,79.0,0.04287746180604805,49.95712253819395,114567.0,114372.0,5508.0,22032000.0,0.998297939197151,0.011153663349569125,1.0,42.081532369504195,57.007801670843506,0.0,0.4066681103763496,0.02084599999943748,0.84
Hybrid GWO-ABC,1151,17.0,83.0,0.03419778193526498,49.96580221806474,114588.0,114389.0,5509.0,22036000.0,0.9982633434565574,0.008679679870783073,1.0,42.57616066992404,62.52268758970457,0.0,0.3984799399238621,0.02054859999770997,0.8095238095238095
Hybrid GWO-ABC,1152,15.0,85.0,0.026551935173430283,49.97344806482657,114605.0,114404.0,5510.0,22040000.0,0.9982461498189433,0.007645846761834697,1.0,32.74478242076093,59.93904765101437,0.0,0.3585131427403223,0.02006960000289837,0.8823529411764706
Hybrid GWO-ABC,1153,13.0,87.0,0.020370443374659063,49.97962955662534,114620.0,114417.0,5511.0,22044000.0,0.9982289303786425,0.00618149179877122,1.0,28.44781717838576,50.19434023873136,0.0,0.324304084931178,0.019933399998990353,0.8666666666666667
Hybrid GWO-ABC,1154,10.0,90.0,0.015555009854246087,49.984444990145754,114633.0,114427.0,5512.0,22048000.0,0.9982029607530117,0.004815433520412976,1.0,31.248523921705427,62.52268758970457,0.0,0.36366902756456776,0.02352930000051856,0.7692307692307693
Hybrid GWO-ABC,1155,10.0,90.0,0.011354124384251487,49.988645875615745,114643.0,114437.0,5513.0,22052000.0,0.9982031175039034,0.0042008854699946,1.0,12.386816715251104,53.78067565827367,0.0,0.36495261063699846,0.020011000000522472,1.0
Hybrid GWO-ABC,1156,8.0,92.0,0.007665002922302147,49.9923349970777,114653.0,114445.0,5514.0,22056000.0,0.9981858302879122,0.00368912146194934,1.0,15.248396962967288,49.96869339923984,0.0,0.3730044347369957,0.019236500003898982,0.8
Hybrid GWO-ABC,1157,6.0,94.0,0.004801674177101655,49.9951983258229,114661.0,114451.0,5515.0,22060000.0,0.9981685141416873,0.0028633287452004916,1.0,13.570953451387476,59.93904765101437,0.0,0.38005529668691795,0.019773699998040684,0.75
Hybrid GWO-ABC,1158,6.0,94.0,0.0023213662666276905,49.99767863373337,114667.0,114457.0,5516.0,22064000.0,0.998168609974971,0.0024803079104739646,1.0,9.758318640039926,57.17805704764476,0.0,0.3982404370417306,0.020130500000959728,1.0
Hybrid GWO-ABC,1159,3.0,97.0,0.000512511955861063,49.99948748804414,114673.0,114457.0,5516.0,22064000.0,0.998116383106747,0.0018088543107666274,1.0,9.546551903875164,59.93904765101437,0.0,10.40516581020696,0.020484799999394454,0.0
Hybrid GWO-ABC,1160,0.0,100.0,0.0,50.0,114676.0,114457.0,5516.0,22064000.0,0.9980902717220691,0.000512511955861063,1.0,14.26252975979812,62.52268758970457,0.0,10.466490454802278,0.019136700000672136,0.0
