algorithm,run,seed,factor,value,fnd,hnd,lnd,fnd_censored,hnd_censored,lnd_censored,rounds_simulated,node_rounds,residual_energy_cp,energy_consumed_cp,residual_energy_end,energy_consumed_end,packets_generated,throughput_packets,bs_packets,throughput_bits,pdr,avg_cluster_distance,avg_ch_bs_distance,avg_ch_count,cluster_imbalance,final_fitness,runtime,runtime_per_round,evaluations,wall_time
ABC,0,42,abc_colony,10,1134.0,1146.0,1158.0,False,False,False,1158,114487.0,28.19129188761401,21.80870811238599,0.0,50.0,114587,114454,5458,21832000.0,0.9988393098693569,21.794214292264595,37.329463870018735,4.76,0.16511816808837698,0.24793669176065913,98.71971709999707,85.25018747840852,361841,100.16594780000014
ABC,1,43,abc_colony,10,1122.0,1131.0,1162.0,False,False,False,1162,113167.0,28.04835117549667,21.95164882450333,0.0,50.0,113267,113031,5370,21480000.0,0.9979164275561284,23.078635712904607,38.16366341195739,4.826,0.1632934101582202,0.23232374682961604,98.69165369995608,84.93257633386926,363679,100.20524789999763
ABC,2,44,abc_colony,10,1140.0,1149.0,1158.0,False,False,False,1158,114813.0,28.249457951908447,21.750542048091553,0.0,50.0,114913,114763,5608,22432000.0,0.998694664659351,21.24627452718039,39.33881993099106,4.862,0.1543341529312861,0.25956480218584016,98.55867510002645,85.11111839380523,361512,100.02471069999956
ABC,3,45,abc_colony,10,1128.0,1137.0,1163.0,False,False,False,1163,113726.0,28.105178500858255,21.894821499141745,0.0,50.0,113826,113651,5329,21316000.0,0.9984625656704093,22.572160558545132,36.78900347752616,4.722,0.16153081545037687,0.2453264240532207,103.13749979990462,88.68228701625505,363597,104.58760540000003
ABC,4,46,abc_colony,10,1133.0,1143.0,1158.0,False,False,False,1158,114195.0,28.20028290676153,21.79971709323847,0.0,50.0,114295,114059,5342,21368000.0,0.9979351677676189,21.808518024324353,35.92425097246511,4.782,0.17540408909080846,0.27166708730939154,100.83727599998747,87.07882210707035,361780,102.233546200001
Hybrid GWO-ABC,0,42,abc_colony,10,1136.0,1146.0,1158.0,False,False,False,1158,114517.0,28.206537943489128,21.793462056510872,0.0,50.0,114617,114475,5521,22084000.0,0.9987610912866328,21.742275723884887,37.2261203945028,4.83,0.1621862307839672,0.24270132494856264,133.98536629997034,115.70411597579476,506955,135.25764340000023
Hybrid GWO-ABC,1,43,abc_colony,10,1120.0,1129.0,1162.0,False,False,False,1162,113001.0,28.020268452522274,21.979731547477726,0.0,50.0,113101,112997,5283,21132000.0,0.9990804679003722,23.251441397279365,38.11691610740648,4.782,0.14737794993356607,0.2294495269069064,129.58182150010907,111.51619750439679,508989,130.803168800001
Hybrid GWO-ABC,2,44,abc_colony,10,1138.0,1148.0,1158.0,False,False,False,1158,114727.0,28.245920985845583,21.754079014154417,0.0,50.0,114827,114543,5590,22360000.0,0.9975267141003422,21.293161681352778,39.31399649638061,4.89,0.1422263217070677,0.25488313988780104,122.26924299991879,105.5865656303271,506607,123.57583489999888
Hybrid GWO-ABC,3,45,abc_colony,10,1126.0,1137.0,1154.0,False,False,False,1154,113694.0,28.114544181056335,21.885455818943665,0.0,50.0,113794,113425,5329,21316000.0,0.9967572982758318,22.515890226750926,36.67353332355133,4.742,0.15273698200625757,0.24312649619557974,132.04623640004138,114.42481490471523,505563,133.35042919999978
Hybrid GWO-ABC,4,46,abc_colony,10,1128.0,1141.0,1163.0,False,False,False,1163,114251.0,28.203159219534502,21.796840780465498,0.0,50.0,114351,114130,5346,21384000.0,0.9980673540240138,21.82904929179216,35.56284304474634,4.826,0.15627336468562228,0.26584984218225033,126.7643794000287,108.99774668962056,509283,128.0532321000028
ABC,0,42,abc_colony,20,1138.0,1147.0,1159.0,False,False,False,1159,114641.0,28.228662846299308,21.771337153700692,0.0,50.0,114741,114637,5512,22048000.0,0.9990936108278645,21.55646997001877,37.31883359325321,4.788,0.16442685636740959,0.24472622041270561,125.7283986000366,108.48006781711527,723004,127.18181340000228
ABC,1,43,abc_colony,20,1111.0,1131.0,1167.0,False,False,False,1167,113217.0,28.04736901300312,21.95263098699688,0.0,50.0,113317,113133,5369,21476000.0,0.9983762365752712,23.0847771715484,38.02775011915061,4.826,0.14653479217524254,0.22810226722442395,128.54839000001812,110.15286203943283,729088,130.00408740000057
ABC,2,44,abc_colony,20,1134.0,1147.0,1173.0,False,False,False,1173,114743.0,28.250699932935106,21.749300067064894,0.0,50.0,114843,114701,5594,22376000.0,0.9987635293400555,21.223038569919876,39.27932503971907,4.856,0.14911993058553236,0.2553690592610006,128.5781895999571,109.61482489339907,731625,130.1145213000018
ABC,3,45,abc_colony,20,1124.0,1138.0,1166.0,False,False,False,1166,113877.0,28.13977686263858,21.86022313736142,0.0,50.0,113977,113877,5371,21484000.0,0.9991226300042991,22.316009666425064,36.84882639544165,4.754,0.15838563382409768,0.24293228243094034,123.72514959997352,106.11076295023457,728102,125.10458490000019
ABC,4,46,abc_colony,20,1115.0,1140.0,1166.0,False,False,False,1166,114118.0,28.20807017579358,21.79192982420642,0.0,50.0,114218,114118,5294,21176000.0,0.9991244812551436,21.74173731101898,35.86225758761546,4.758,0.16597878476714378,0.27016448267560395,122.8222201000026,105.33638087478782,727627,124.1786147999992
Hybrid GWO-ABC,0,42,abc_colony,20,1132.0,1146.0,1160.0,False,False,False,1160,114576.0,28.2100360217735,21.7899639782265,0.0,50.0,114676,114457,5516,22064000.0,0.9980902717220691,21.717517709296864,37.211609458693694,4.83,0.15128512308458247,0.23957350571580852,144.00080410002556,124.13862422415997,727486,145.2691691
Hybrid GWO-ABC,1,43,abc_colony,20,1122.0,1132.0,1177.0,False,False,False,1177,113376.0,28.034513729496283,21.965486270503717,0.0,50.0,113476,113288,5431,21724000.0,0.9983432620113504,23.179428194142286,38.073941812802076,4.816,0.1458399736625261,0.22824062097097988,143.19572900009734,121.66162192021865,739009,144.45264010000028
Hybrid GWO-ABC,2,44,abc_colony,20,1140.0,1148.0,1157.0,False,False,False,1157,114723.0,28.25158652514701,21.74841347485299,0.0,50.0,114823,114549,5616,22464000.0,0.9976137185058742,21.22537864279103,39.44597635824858,4.876,0.1437741169789475,0.25556488082877593,144.15259329992477,124.59169688843974,725295,145.44936600000074
Hybrid GWO-ABC,3,45,abc_colony,20,1127.0,1136.0,1152.0,False,False,False,1152,113655.0,28.0952086334834,21.9047913665166,0.0,50.0,113755,113592,5329,21316000.0,0.9985670959518262,22.675276011138166,36.627835965502285,4.734,0.14623509491062808,0.24244890284035706,138.31360160007898,120.06389027784634,723385,139.48371229999975
Hybrid GWO-ABC,4,46,abc_colony,20,1131.0,1141.0,1164.0,False,False,False,1164,114151.0,28.201672134665444,21.798327865334556,0.0,50.0,114251,114089,5330,21320000.0,0.998582069303551,21.779004353247235,35.60349362983361,4.786,0.1535214295995837,0.2664357420739245,142.08861220004837,122.06925446739551,730682,143.2544357000006
ABC,0,42,abc_colony,30,1138.0,1146.0,1161.0,False,False,False,1161,114569.0,28.226095048394303,21.773904951605697,0.0,50.0,114669,114566,5491,21964000.0,0.999101762464136,21.57944613742621,37.252838785697925,4.816,0.15484480468678694,0.24224494908437316,136.15535089994228,117.27420404818456,1084227,137.6449021999979
ABC,1,43,abc_colony,30,1115.0,1130.0,1169.0,False,False,False,1169,113122.0,28.041634075144447,21.958365924855553,0.0,50.0,113222,113061,5373,21492000.0,0.9985780148734344,23.08201732717677,37.93489097306217,4.82,0.13838268244355226,0.22726862909092482,131.07825220004088,112.12853053895712,1092400,132.379706300002
ABC,2,44,abc_colony,30,1136.0,1147.0,1162.0,False,False,False,1162,114708.0,28.24160670140343,21.75839329859657,0.0,50.0,114808,114705,5595,22380000.0,0.9991028499756115,21.265311017769914,39.31819765655388,4.868,0.14477140280160522,0.2541488547567734,133.74869660002878,115.10214853702993,1084688,135.13529989999734
ABC,3,45,abc_colony,30,1123.0,1136.0,1161.0,False,False,False,1161,113600.0,28.114732866372965,21.885267133627035,0.0,50.0,113700,113471,5277,21108000.0,0.997985927880387,22.506058175308464,36.683778561636764,4.722,0.15533232809540787,0.24386945071552657,134.9706393999768,116.25378070626769,1085188,136.3205975000019
ABC,4,46,abc_colony,30,1129.0,1140.0,1155.0,False,False,False,1155,114007.0,28.19867853459332,21.80132146540668,0.0,50.0,114107,113982,5232,20928000.0,0.9989045369696864,21.802683479381272,35.664483373194585,4.742,0.1581124146949549,0.26874511450473915,130.90466080000988,113.33736865801721,1078991,132.2037203
Hybrid GWO-ABC,0,42,abc_colony,30,1132.0,1147.0,1157.0,False,False,False,1157,114605.0,28.228481545990963,21.771518454009037,0.0,50.0,114705,114503,5526,22104000.0,0.9982389608125191,21.595142430121168,37.17220720613048,4.848,0.1541630061890559,0.2408130566899908,147.41903059996184,127.41489248052018,870838,148.70748710000044
Hybrid GWO-ABC,1,43,abc_colony,30,1120.0,1132.0,1154.0,False,False,False,1154,113129.0,28.051929384923476,21.948070615076524,0.0,50.0,113229,112769,5357,21428000.0,0.9959374365224457,23.031799848643793,37.934764074481485,4.862,0.14042362837102332,0.2261453778718648,146.64899239999068,127.07884956671636,869137,147.88442660000146
Hybrid GWO-ABC,2,44,abc_colony,30,1140.0,1150.0,1160.0,False,False,False,1160,114826.0,28.244991539683156,21.755008460316844,0.0,50.0,114926,114627,5606,22424000.0,0.9973983258792615,21.284321190224748,39.24448694056211,4.87,0.14167276750424268,0.2527507167606202,152.35511190002944,131.34061370692194,872519,153.6285179000006
Hybrid GWO-ABC,3,45,abc_colony,30,1119.0,1138.0,1152.0,False,False,False,1152,113660.0,28.1336469802886,21.8663530197114,0.0,50.0,113760,113560,5336,21344000.0,0.9982419127988749,22.407069894795196,36.7692674159492,4.816,0.15295743273164375,0.24100867310102975,155.37438180006575,134.8735953125571,867649,156.67867209999895
Hybrid GWO-ABC,4,46,abc_colony,30,1130.0,1142.0,1155.0,False,False,False,1155,114143.0,28.201042979237666,21.798957020762334,0.0,50.0,114243,114100,5321,21284000.0,0.9987482821704612,21.828313276393775,35.59398603070104,4.806,0.1571579379096264,0.26686130680571557,150.1157737000285,129.97036683985152,869821,151.3136682000004
ABC,0,42,abc_colony,40,1139.0,1148.0,1157.0,False,False,False,1157,114688.0,28.22644774877978,21.77355225122022,0.0,50.0,114788,114543,5539,22156000.0,0.9978656305537165,21.55999706633705,37.293700820117536,4.816,0.15627206025256832,0.2420509388558534,142.95769949999885,123.55894511668008,1436656,144.2701210999985
ABC,1,43,abc_colony,40,1120.0,1129.0,1162.0,False,False,False,1162,113111.0,28.0219875544524,21.9780124455476,0.0,50.0,113211,113111,5350,21400000.0,0.9991166936075117,23.222809542261007,38.00614745276836,4.792,0.14686565942205237,0.22923578155866886,150.20310519997292,129.26256901890957,1443298,151.5252987999993
ABC,2,44,abc_colony,40,1140.0,1148.0,1167.0,False,False,False,1167,114800.0,28.249346917283287,21.750653082716713,0.0,50.0,114900,114797,5633,22532000.0,0.9991035683202785,21.255929249309716,39.28653591894471,4.894,0.14448583791033054,0.25374579918485846,151.67915619997802,129.97357000855015,1449000,153.06818699999712
ABC,3,45,abc_colony,40,1126.0,1137.0,1170.0,False,False,False,1170,113810.0,28.13409785376854,21.86590214623146,0.0,50.0,113910,113810,5366,21464000.0,0.9991221139496094,22.382704504918568,36.62546000334267,4.794,0.14390327066414338,0.24046401272499834,149.38804870003514,127.68209290601294,1453225,150.81616499999654
ABC,4,46,abc_colony,40,1133.0,1141.0,1160.0,False,False,False,1160,114172.0,28.20097863395635,21.79902136604365,0.0,50.0,114272,114167,5353,21412000.0,0.9990811397367684,21.763629899088066,35.766961442133905,4.762,0.16037535630488772,0.26922210732203883,154.61731229999714,133.29078646551477,1440514,156.12906590000057
Hybrid GWO-ABC,0,42,abc_colony,40,1138.0,1147.0,1161.0,False,False,False,1161,114678.0,28.233982151274397,21.766017848725603,0.0,50.0,114778,114599,5543,22172000.0,0.9984404676854449,21.52310424991545,37.35814158469248,4.834,0.15202294020628704,0.2393322126528674,153.8193107000152,132.4886397071621,1089998,154.98766700000124
Hybrid GWO-ABC,1,43,abc_colony,40,1110.0,1131.0,1159.0,False,False,False,1159,113106.0,28.03024376906181,21.96975623093819,0.0,50.0,113206,113105,5366,21464000.0,0.9991078211402222,23.218246762725116,37.96988520646275,4.818,0.12992662866583632,0.225215097913332,161.57137710003735,139.4058473684533,1088696,162.84536590000062
Hybrid GWO-ABC,2,44,abc_colony,40,1140.0,1147.0,1159.0,False,False,False,1159,114667.0,28.2363039346156,21.7636960653844,0.0,50.0,114767,114651,5613,22452000.0,0.9989892564935914,21.384111590248526,39.32834517182769,4.888,0.14437027036493424,0.25363456543640794,159.4867075000766,137.6071678171498,1087648,160.7854668
Hybrid GWO-ABC,3,45,abc_colony,40,1129.0,1138.0,1160.0,False,False,False,1160,113881.0,28.11941745506074,21.88058254493926,0.0,50.0,113981,113879,5399,21596000.0,0.9991051140102297,22.489032897627673,36.70067700073576,4.758,0.14392972861683234,0.2405435655579791,163.48925819989745,140.93901568956676,1089692,164.78792030000113
Hybrid GWO-ABC,4,46,abc_colony,40,1131.0,1140.0,1157.0,False,False,False,1157,114053.0,28.188627128261363,21.811372871738637,0.0,50.0,114153,113915,5244,20976000.0,0.9979150788853556,21.900661961881212,35.779388678432355,4.748,0.15904395001041133,0.2689380286523175,161.43015419997027,139.52476594638745,1086933,162.65808929999912
ABC,0,42,area,100,1138.0,1147.0,1159.0,False,False,False,1159,114641.0,28.228662846299308,21.771337153700692,0.0,50.0,114741,114637,5512,22048000.0,0.9990936108278645,21.55646997001877,37.31883359325321,4.788,0.16442685636740959,0.24472622041270561,114.89330010002595,99.13140647111817,723004,116.11680460000207
ABC,1,43,area,100,1111.0,1131.0,1167.0,False,False,False,1167,113217.0,28.04736901300312,21.95263098699688,0.0,50.0,113317,113133,5369,21476000.0,0.9983762365752712,23.0847771715484,38.02775011915061,4.826,0.14653479217524254,0.22810226722442395,109.54862039992804,93.87199691510543,729088,110.7961510999994
ABC,2,44,area,100,1134.0,1147.0,1173.0,False,False,False,1173,114743.0,28.250699932935106,21.749300067064894,0.0,50.0,114843,114701,5594,22376000.0,0.9987635293400555,21.223038569919876,39.27932503971907,4.856,0.14911993058553236,0.2553690592610006,105.48482320000403,89.92738550724981,731625,106.76779280000119
ABC,3,45,area,100,1124.0,1138.0,1166.0,False,False,False,1166,113877.0,28.13977686263858,21.86022313736142,0.0,50.0,113977,113877,5371,21484000.0,0.9991226300042991,22.316009666425064,36.84882639544165,4.754,0.15838563382409768,0.24293228243094034,112.34759189996839,96.352994768412,728102,113.64199989999906
ABC,4,46,area,100,1115.0,1140.0,1166.0,False,False,False,1166,114118.0,28.20807017579358,21.79192982420642,0.0,50.0,114218,114118,5294,21176000.0,0.9991244812551436,21.74173731101898,35.86225758761546,4.758,0.16597878476714378,0.27016448267560395,111.89582259997042,95.96554253856812,727627,113.20235109999703
GWO,0,42,area,100,1135.0,1146.0,1163.0,False,False,False,1163,114574.0,28.219625932753207,21.780374067246793,0.0,50.0,114674,114504,5517,22068000.0,0.9985175366691665,21.62509786352292,37.218260811017245,4.824,0.1785993634314824,0.24448074393931807,62.76515609983471,53.968319948267165,721060,64.12654620000103
GWO,1,43,area,100,1119.0,1130.0,1173.0,False,False,False,1173,113242.0,28.045338016193128,21.954661983806872,0.0,50.0,113342,113240,5379,21516000.0,0.9991000688182669,23.08919381305912,38.12453213972811,4.824,0.1690189329347242,0.23095116178115566,61.81574329995783,52.69884339297343,727260,63.151738500004285
GWO,2,44,area,100,1138.0,1148.0,1164.0,False,False,False,1164,114759.0,28.227595401241214,21.772404598758786,0.0,50.0,114859,114689,5643,22572000.0,0.9985199244290827,21.417307034674337,39.34434610490987,4.916,0.16781366050125382,0.25704315007139383,61.70482330010418,53.011016580845514,721680,63.07924490000005
GWO,3,45,area,100,1128.0,1137.0,1167.0,False,False,False,1167,113764.0,28.12604089530666,21.87395910469334,0.0,50.0,113864,113681,5359,21436000.0,0.9983928195039696,22.43283159058315,36.80596944892267,4.81,0.1771822091743212,0.24339101270258692,64.39287949984282,55.17813153371279,723540,65.77847749999637
GWO,4,46,area,100,1129.0,1142.0,1161.0,False,False,False,1161,114211.0,28.23274317458141,21.76725682541859,0.0,50.0,114311,114065,5341,21364000.0,0.9978479761352801,21.576614613167642,35.76515530097565,4.828,0.17677680616615998,0.2685769523850194,62.42293379997864,53.76652351419349,719820,63.748131000000285
Hybrid GWO-ABC,0,42,area,100,1132.0,1146.0,1160.0,False,False,False,1160,114576.0,28.2100360217735,21.7899639782265,0.0,50.0,114676,114457,5516,22064000.0,0.9980902717220691,21.717517709296864,37.211609458693694,4.83,0.15128512308458247,0.23957350571580852,141.16105509996487,121.69056474134902,727486,142.41439059999902
Hybrid GWO-ABC,1,43,area,100,1122.0,1132.0,1177.0,False,False,False,1177,113376.0,28.034513729496283,21.965486270503717,0.0,50.0,113476,113288,5431,21724000.0,0.9983432620113504,23.179428194142286,38.073941812802076,4.816,0.1458399736625261,0.22824062097097988,145.17937949998668,123.34696644009064,739009,146.47761600000013
Hybrid GWO-ABC,2,44,area,100,1140.0,1148.0,1157.0,False,False,False,1157,114723.0,28.25158652514701,21.74841347485299,0.0,50.0,114823,114549,5616,22464000.0,0.9976137185058742,21.22537864279103,39.44597635824858,4.876,0.1437741169789475,0.25556488082877593,139.54000679993624,120.60501884177721,725295,140.7923178000019
Hybrid GWO-ABC,3,45,area,100,1127.0,1136.0,1152.0,False,False,False,1152,113655.0,28.0952086334834,21.9047913665166,0.0,50.0,113755,113592,5329,21316000.0,0.9985670959518262,22.675276011138166,36.627835965502285,4.734,0.14623509491062808,0.24244890284035706,138.33908200001315,120.08600868056698,723385,139.5739588999968
Hybrid GWO-ABC,4,46,area,100,1131.0,1141.0,1164.0,False,False,False,1164,114151.0,28.201672134665444,21.798327865334556,0.0,50.0,114251,114089,5330,21320000.0,0.998582069303551,21.779004353247235,35.60349362983361,4.786,0.1535214295995837,0.2664357420739245,138.7408389998709,119.19316065281005,730682,139.9477465000018
LEACH,0,42,area,100,887.0,1108.0,1297.0,False,False,False,1297,110318.0,27.447991395230233,22.552008604769767,0.0,50.0,110418,109533,6751,27004000.0,0.9919850024452534,26.547949468793895,37.580062012514986,5.0,0.46099739253260624,1.2866845539151486,0.06496810001408448,0.050091056294590965,0,2.706502699998964
LEACH,1,43,area,100,877.0,1095.0,1242.0,False,False,False,1242,109647.0,27.374957924647834,22.625042075352166,0.0,50.0,109747,108726,6826,27304000.0,0.9906967844223532,27.389386354704342,38.61342291403188,5.0,0.44051288481262335,1.4095189180429162,0.05584149981586961,0.04496094993226216,0,2.518706700000621
LEACH,2,44,area,100,931.0,1099.0,1268.0,False,False,False,1268,110154.0,27.393252366663823,22.606747633336177,0.0,50.0,110254,108913,7190,28760000.0,0.9878371759754748,26.815667152289567,39.70173121213674,5.0,0.44268873116875845,1.1196981600891,0.055911400202603545,0.04409416419763686,0,2.381876100000227
LEACH,3,45,area,100,875.0,1102.0,1304.0,False,False,False,1304,110464.0,27.613280994834977,22.386719005165023,0.0,50.0,110564,109190,6982,27928000.0,0.9875728085090988,26.063174115998045,36.90028256524682,5.0,0.4517740808823693,1.3988825190404226,0.047934699898178224,0.036759739185719495,0,2.253521799997543
LEACH,4,46,area,100,849.0,1119.0,1365.0,False,False,False,1365,111369.0,27.682337551449596,22.317662448550404,0.0,50.0,111469,110208,7366,29464000.0,0.9886874377629655,25.357728958997214,35.827171155165864,5.0,0.45780510057702767,1.346818178995587,0.06001869989268016,0.043969743511121,0,2.56025039999804
ABC,0,42,area,150,1063.0,1067.0,1081.0,False,False,False,1081,106779.0,26.691400200603784,23.308599799396216,0.0,50.0,106879,106768,5135,20540000.0,0.9989614423787647,32.137562036046816,55.18910495088301,4.834,0.16155556279984223,0.21226008517303357,105.66933359995528,97.75146493982912,674046,106.97872500000085
ABC,1,43,area,150,1044.0,1050.0,1081.0,False,False,False,1081,105108.0,26.335421126092978,23.664578873907022,0.0,50.0,105208,105108,5112,20448000.0,0.9990495019390161,34.12019649856446,56.02125170650837,4.872,0.13921171343094157,0.19757130487896796,98.89912199999162,91.4885494912041,674424,99.99603500000012
ABC,2,44,area,150,1065.0,1073.0,1085.0,False,False,False,1085,107229.0,26.770422473763478,23.229577526236522,0.0,50.0,107329,107133,5240,20960000.0,0.9981738393164942,31.50187023460285,58.384725871198874,4.906,0.14139502080488012,0.22224284762192403,102.45242070000313,94.42619419355127,676618,103.675987300001
ABC,3,45,area,150,1053.0,1060.0,1074.0,False,False,False,1074,105998.0,26.45131486568483,23.54868513431517,0.0,50.0,106098,105921,5070,20280000.0,0.998331731041113,33.49931411977846,54.22131705712958,4.764,0.15196972273984016,0.20949941112825582,103.93280790001882,96.77170195532479,670130,105.12944729999799
ABC,4,46,area,150,1050.0,1064.0,1096.0,False,False,False,1096,106601.0,26.631282445512408,23.368717554487592,0.0,50.0,106701,106587,5078,20312000.0,0.9989315938932156,32.56218960057947,52.573994725488916,4.798,0.15860966430568435,0.2237135669337199,104.40539150002951,95.26039370440648,683519,105.61124460000065
GWO,0,42,area,150,1062.0,1068.0,1083.0,False,False,False,1083,106812.0,26.671404370701936,23.328595629298064,0.0,50.0,106912,106771,5161,20644000.0,0.9986811583358276,32.205673385609444,55.324022423066054,4.838,0.17732351271110094,0.2127866884661804,59.42277490010747,54.8686748846791,671460,60.68423949999851
GWO,1,43,area,150,1041.0,1048.0,1072.0,False,False,False,1072,104878.0,26.32623568373197,23.67376431626803,0.0,50.0,104978,104874,5066,20264000.0,0.9990093162376878,34.13903481653684,56.16088592492469,4.848,0.15898920809074404,0.20177216218641342,59.97262719995342,55.94461492532969,664640,61.24932719999924
GWO,2,44,area,150,1065.0,1075.0,1086.0,False,False,False,1086,107377.0,26.747463624238186,23.252536375761814,0.0,50.0,107477,107265,5306,21224000.0,0.9980274849502684,31.58759908203338,58.60611819648216,4.934,0.1592288365254146,0.22325789660594297,60.723341899989464,55.914679465920315,673320,62.035107799994876
GWO,3,45,area,150,1052.0,1061.0,1070.0,False,False,False,1070,106033.0,26.451720415183996,23.548279584816004,0.0,50.0,106133,105923,5125,20500000.0,0.9980213505695684,33.5056371743597,54.31748189194728,4.834,0.1663332306818413,0.2089073506974608,58.281828999919526,54.46899906534535,663400,59.552189500005625
GWO,4,46,area,150,1059.0,1065.0,1090.0,False,False,False,1090,106667.0,26.623098174779606,23.376901825220394,0.0,50.0,106767,106615,5112,20448000.0,0.9985763391310049,32.548092631996546,52.629225838168104,4.808,0.17046511065618303,0.22385176128005202,61.22150880009576,56.16652183495024,675800,62.51361100000213
Hybrid GWO-ABC,0,42,area,150,1063.0,1068.0,1082.0,False,False,False,1082,106918.0,26.680801429889716,23.319198570110284,0.0,50.0,107018,106849,5185,20740000.0,0.998420826403035,32.22117868706173,55.300108668655355,4.842,0.1556015350770858,0.210220171655016,128.48191290000614,118.74483632163229,678324,129.66171410000243
Hybrid GWO-ABC,1,43,area,150,1042.0,1051.0,1068.0,False,False,False,1068,105086.0,26.363719633599466,23.636280366400534,0.0,50.0,105186,104972,5112,20448000.0,0.9979655087178902,33.94376256784716,56.22799673735383,4.886,0.13215453697501828,0.19663607879921927,127.17405659998258,119.07683202245559,669618,128.27822820000074
Hybrid GWO-ABC,2,44,area,150,1064.0,1073.0,1088.0,False,False,False,1088,107287.0,26.736214371351505,23.263785628648495,0.0,50.0,107387,107238,5271,21084000.0,0.9986124949947387,31.70024913488941,58.40229472640023,4.892,0.13279508664058426,0.2205053171018223,128.40528940003423,118.01956746326675,681911,129.537900000003
Hybrid GWO-ABC,3,45,area,150,1053.0,1061.0,1072.0,False,False,False,1072,106078.0,26.526103563397793,23.473896436602207,0.0,50.0,106178,106038,5111,20444000.0,0.9986814594360414,33.117617412002424,54.166708455377666,4.814,0.1424606028749941,0.20723318400485316,123.3102961000186,115.02826128733079,672190,124.40770849999899
Hybrid GWO-ABC,4,46,area,150,1054.0,1063.0,1089.0,False,False,False,1089,106478.0,26.667195957345527,23.332804042654473,0.0,50.0,106578,106419,5080,20320000.0,0.998508134887125,32.37997962060266,52.67465327483707,4.822,0.15226456793947518,0.22256715313248293,124.4731209000347,114.30038650140928,683122,125.58723370000007
LEACH,0,42,area,150,826.0,962.0,1067.0,False,False,False,1067,96491.0,24.12872393010691,25.87127606989309,0.0,50.0,96591,95602,5556,22224000.0,0.9897609508132228,39.82192420319084,56.37009301877249,5.0,0.46099739253260624,1.256672671038606,0.04685169986623805,0.0439097468287142,0,2.0903574000039953
LEACH,1,43,area,150,822.0,954.0,1093.0,False,False,False,1093,95084.0,23.675513915848633,26.324486084151367,0.0,50.0,95184,94310,5952,23808000.0,0.9908177845015969,41.084079532056506,57.92013437104782,5.0,0.44051288481262335,1.3850825970980323,0.02655810006399406,0.02429835321499914,0,1.7087536999970325
LEACH,2,44,area,150,796.0,958.0,1058.0,False,False,False,1058,95284.0,23.8868387061734,26.1131612938266,0.0,50.0,95384,94475,5941,23764000.0,0.9904700998070955,40.22350072843435,59.55259681820512,5.0,0.44268873116875845,1.0870371634307825,0.034002100030193105,0.032138090765777984,0,1.6392732999956934
LEACH,3,45,area,150,834.0,976.0,1090.0,False,False,False,1090,96919.0,24.725853152160305,25.274146847839695,0.0,50.0,97019,95869,5901,23604000.0,0.988146651686783,39.09476117399707,55.35042384787023,5.0,0.4517740808823693,1.369389906700684,0.03884069995547179,0.035633669683919074,0,1.91737429999921
LEACH,4,46,area,150,830.0,997.0,1125.0,False,False,False,1125,98412.0,24.84121626893107,25.15878373106893,0.0,50.0,98512,97572,6008,24032000.0,0.9904580152671756,38.036593438495814,53.74075673274879,5.0,0.45780510057702767,1.3051265195097426,0.05478080001921626,0.04869404446152556,0,2.314292099996237
ABC,0,42,area,200,694.0,897.0,952.0,False,False,False,952,88786.0,23.940317468451443,26.059682531548557,0.0,50.0,88886,88781,4041,16164000.0,0.9988187116081273,43.67910898476116,70.2357273252469,4.754,0.15813090664497423,0.20182301583735876,93.06529119999323,97.75765882352229,594009,94.16089950000242
ABC,1,43,area,200,523.0,915.0,929.0,False,False,False,929,87096.0,22.70994386652499,27.29005613347501,0.0,50.0,87196,87076,4237,16948000.0,0.9986237900821139,45.765770226143545,68.54052086265887,4.898,0.12535950705337612,0.1869819975455642,86.4601025000411,93.06792518841884,578598,87.4652238000017
ABC,2,44,area,200,717.0,894.0,943.0,False,False,False,943,88241.0,23.871473288114057,26.128526711885943,0.0,50.0,88341,88208,4224,16896000.0,0.9984944702912577,43.02682893526328,75.38438610116133,4.878,0.14437119431526338,0.21115744471307726,89.2771324999776,94.67352332977475,587791,90.3589273999969
ABC,3,45,area,200,498.0,918.0,929.0,False,False,False,929,86053.0,22.859214188373116,27.140785811626884,0.0,50.0,86153,86043,4008,16032000.0,0.9987232017457315,45.28215550352348,66.89221779667115,4.712,0.14591126313226402,0.20136587102865758,88.06593689999863,94.79648751345385,579097,89.10159340000246
ABC,4,46,area,200,635.0,928.0,977.0,False,False,False,977,89516.0,23.27581288232136,26.72418711767864,0.0,50.0,89616,89515,4133,16532000.0,0.9988729691126584,44.82590687590838,64.09792102031041,4.646,0.16266473526252123,0.21372419574583693,95.36884729997473,97.61396857725151,609722,96.4688997000012
GWO,0,42,area,200,719.0,894.0,940.0,False,False,False,940,87422.0,23.860363691714433,26.139636308285567,0.0,50.0,87522,87408,3988,15952000.0,0.9986974703503119,43.69908517699933,70.23205022718129,4.752,0.1754077531297003,0.2023718524380617,50.78330809992622,54.024795850985335,582800,51.944827799998166
GWO,1,43,area,200,535.0,911.0,931.0,False,False,False,931,86752.0,22.666890635351464,27.333109364648536,0.0,50.0,86852,86746,4192,16768000.0,0.9987795329986644,45.88218148165819,68.63125391211233,4.91,0.15042735159858855,0.1880880824359554,52.97666399991431,56.90296885060613,577220,54.13104129999556
GWO,2,44,area,200,780.0,916.0,961.0,False,False,False,961,90745.0,24.386349468049904,25.613650531950096,0.0,50.0,90845,90708,4363,17452000.0,0.9984919368154549,42.136709075532146,76.24086965024983,4.912,0.16197449272496978,0.2093956586190995,53.05830180001067,55.21155234132223,595820,54.1919734999974
GWO,3,45,area,200,497.0,912.0,922.0,False,False,False,922,85360.0,22.52181170699618,27.47818829300382,0.0,50.0,85460,85355,3932,15728000.0,0.9987713550198923,46.057778156493605,66.84460587906132,4.692,0.17122549108762455,0.20383654997469972,49.417938000071445,53.598631236520006,571640,50.51116750000074
GWO,4,46,area,200,672.0,925.0,963.0,False,False,False,963,89991.0,23.623950858906184,26.376049141093816,0.0,50.0,90091,89989,4138,16552000.0,0.9988678114351045,43.98035538237496,64.92330757998793,4.76,0.17614428842972166,0.2105664214064421,51.468107899949246,53.44559491168146,597060,52.5674125000005
Hybrid GWO-ABC,0,42,area,200,635.0,878.0,938.0,False,False,False,938,87038.0,23.429691272555353,26.570308727444647,0.0,50.0,87138,87033,3899,15596000.0,0.9987950148041038,44.36746127855148,69.40836058712816,4.718,0.1552682775093797,0.20426327261193294,108.1523159999524,115.30097654579149,588521,109.11120250000022
Hybrid GWO-ABC,1,43,area,200,536.0,912.0,930.0,False,False,False,930,86791.0,22.76446954498675,27.23553045501325,0.0,50.0,86891,86780,4207,16828000.0,0.9987225374319549,45.530820962163766,68.47172939699583,4.914,0.10378514910621343,0.18150233995335266,106.05474140005026,114.03735634414006,581954,107.00708400000076
Hybrid GWO-ABC,2,44,area,200,635.0,913.0,925.0,False,False,False,925,85060.0,23.234263341337265,26.765736658662735,0.0,50.0,85160,84996,3996,15984000.0,0.9980742132456553,44.52804012310981,74.95226935123537,4.802,0.1389259052256249,0.21316978210390178,106.48235330000898,115.11605762163133,579395,107.46012920000067
Hybrid GWO-ABC,3,45,area,200,484.0,914.0,933.0,False,False,False,933,85474.0,22.54632038972998,27.45367961027002,0.0,50.0,85574,85472,4003,16012000.0,0.9988080491738145,45.73031455912424,66.34952741344361,4.776,0.13548743261783466,0.19976785897550656,105.89985249996971,113.50466505891715,584619,106.8669888000004
Hybrid GWO-ABC,4,46,area,200,655.0,931.0,948.0,False,False,False,948,89651.0,23.375652532971635,26.624347467028365,0.0,50.0,89751,89646,4127,16508000.0,0.998830096600595,44.762533500541814,64.15531390194828,4.708,0.14669915006442916,0.20792878387766536,107.91903199993976,113.83864135014743,594500,108.89993239999967
LEACH,0,42,area,200,474.0,771.0,1090.0,False,False,False,1090,76439.0,16.464518675019477,33.53548132498052,0.0,50.0,76539,76064,5154,20616000.0,0.9937940135094527,53.08938117861914,75.13017846065861,4.996,0.4604582274878984,1.2597954328349479,0.04143540000222856,0.038014128442411525,0,1.827342900003714
LEACH,1,43,area,200,417.0,768.0,1027.0,False,False,False,1027,74039.0,15.144813349132,34.855186650868,0.0,50.0,74139,73764,5733,22932000.0,0.994941933395379,54.72535445909778,77.01487414108622,4.978,0.438395476131537,1.415166503442972,0.03308390008896822,0.03221411887922904,0,1.6580822999967495
LEACH,2,44,area,200,497.0,756.0,1019.0,False,False,False,1019,74440.0,15.578928975568859,34.42107102443114,0.0,50.0,74540,73971,5498,21992000.0,0.9923665146230212,53.631868637383704,79.40346242427348,5.0,0.4427231317743862,1.0893500347175713,0.044499500043457374,0.043669774331165236,0,1.867189500000677
LEACH,3,45,area,200,489.0,817.0,990.0,False,False,False,990,78965.0,18.31862191811551,31.68137808188449,0.0,50.0,79065,78512,5549,22196000.0,0.9930057547587428,52.12736027131551,73.77800074760944,4.998,0.4515382573225374,1.3716412984528765,0.07520289987587603,0.0759625251271475,0,1.8118794999973034
LEACH,4,46,area,200,587.0,815.0,1077.0,False,False,False,1077,80797.0,18.467159299916734,31.532840700083266,0.0,50.0,80897,80225,5515,22060000.0,0.9916931406603459,50.71545791799443,71.65434231033173,5.0,0.45780510057702767,1.302468018036992,0.040697199932765216,0.037787557969141336,0,1.9262299999973038
ABC,0,42,area,50,1189.0,1200.0,1210.0,False,False,False,1210,119901.0,29.16504604024388,20.83495395975612,0.0,50.0,120001,119763,5729,22916000.0,0.9980166831943067,10.815189624252088,18.814846244835383,4.814,0.16159034390221133,0.31426500685390246,126.6181437000123,104.6430939669523,755047,128.03944740000225
ABC,1,43,area,50,1182.0,1195.0,1206.0,False,False,False,1206,119372.0,29.10144865476655,20.89855134523345,0.0,50.0,119472,119107,5513,22052000.0,0.9969448908530869,11.763467682125597,19.132741546691292,4.736,0.1544692287586091,0.3057418187317563,122.31053180001618,101.418351409632,753741,123.8255730000019
ABC,2,44,area,50,1187.0,1201.0,1211.0,False,False,False,1211,119988.0,29.173546382461364,20.826453617538636,0.0,50.0,120088,119978,5871,23484000.0,0.9990840050629538,10.669942554109515,19.77037851963927,4.868,0.14679649568782685,0.3218808922811922,126.47651860001497,104.4397345995169,755727,128.0028525000016
ABC,3,45,area,50,1183.0,1198.0,1208.0,False,False,False,1208,119619.0,29.138056895519053,20.861943104480947,0.0,50.0,119719,119398,5565,22260000.0,0.9973187213391358,11.197777287877464,18.50685395115831,4.752,0.16239636502396476,0.3169242202180851,127.00345869994635,105.13531349333307,754555,128.44045870000264
ABC,4,46,area,50,1187.0,1197.0,1213.0,False,False,False,1213,119710.0,29.14590657656105,20.85409342343895,0.0,50.0,119810,119694,5547,22188000.0,0.999031800350555,10.990952078796555,18.0260590182595,4.702,0.15895644514082638,0.3312531818708453,120.92668480000066,99.69223808738718,756876,122.28794600000037
GWO,0,42,area,50,1174.0,1199.0,1214.0,False,False,False,1214,119883.0,29.169189048660446,20.830810951339554,0.0,50.0,119983,119790,5769,23076000.0,0.9983914387871615,10.828677250112559,18.79151127989751,4.868,0.17768166120917026,0.3133200772773175,68.43640430003143,56.37265593083313,752680,69.91076270000485
GWO,1,43,area,50,1174.0,1194.0,1220.0,False,False,False,1220,119429.0,29.106940199790067,20.893059800209933,0.0,50.0,119529,119344,5609,22436000.0,0.9984522584477408,11.735717906294484,19.28614125162615,4.792,0.17647360714544327,0.30820553871774836,68.54426750008133,56.1838258197388,756400,70.013208999997
GWO,2,44,area,50,1191.0,1200.0,1213.0,False,False,False,1213,119992.0,29.178924689875327,20.821075310124673,0.0,50.0,120092,119887,5881,23524000.0,0.9982929753855377,10.642492229769953,19.77425592578612,4.902,0.1699383812020232,0.3237623881636055,65.69240690003062,54.15697188790653,752060,67.13113700000395
GWO,3,45,area,50,1184.0,1196.0,1209.0,False,False,False,1209,119540.0,29.12333288023991,20.87666711976009,0.0,50.0,119640,119474,5558,22232000.0,0.9986125041792043,11.376046502849789,18.585953106945432,4.71,0.18041690560723328,0.32050035349599454,66.46712199992908,54.97694127372132,749580,67.90305710000393
GWO,4,46,area,50,1182.0,1198.0,1212.0,False,False,False,1212,119699.0,29.156997094735466,20.843002905264534,0.0,50.0,119799,119401,5531,22124000.0,0.9966777685957312,10.930233674431244,18.06996172813995,4.79,0.18200970489751342,0.3304458188452407,67.19492290016206,55.44135552818651,751440,68.65262270000676
Hybrid GWO-ABC,0,42,area,50,1175.0,1200.0,1212.0,False,False,False,1212,119924.0,29.170439558578586,20.829560441421414,0.0,50.0,120024,119867,5800,23200000.0,0.9986919282810105,10.82380939745523,18.769368362467798,4.872,0.15769043729466864,0.31176216255017,149.32202639997558,123.20299207918778,760449,150.66341079999984
Hybrid GWO-ABC,1,43,area,50,1168.0,1193.0,1219.0,False,False,False,1219,119299.0,29.102166437311467,20.897833562688533,0.0,50.0,119399,119254,5509,22036000.0,0.9987855844688817,11.739083294493481,19.200708487991527,4.744,0.15467904566725532,0.30542283118024377,153.43505100009133,125.86960705503802,765969,154.81624290000036
Hybrid GWO-ABC,2,44,area,50,1192.0,1202.0,1210.0,False,False,False,1210,119997.0,29.17574951468622,20.82425048531378,0.0,50.0,120097,119801,5845,23380000.0,0.9975353256117971,10.687050807883173,19.725953362840954,4.9,0.1432752094473247,0.320620474693861,147.32242999998198,121.7540743801504,758662,148.6981081999984
Hybrid GWO-ABC,3,45,area,50,1183.0,1197.0,1208.0,False,False,False,1208,119592.0,29.12961840085227,20.87038159914773,0.0,50.0,119692,119295,5547,22188000.0,0.9966831534271297,11.33298780541633,18.423023602542816,4.74,0.15420477633421376,0.31574554455560655,147.91585839996696,122.44690264897928,758331,149.20733979999932
Hybrid GWO-ABC,4,46,area,50,1184.0,1197.0,1209.0,False,False,False,1209,119627.0,29.156913162672552,20.843086837327448,0.0,50.0,119727,119475,5469,21876000.0,0.9978952116064046,10.934984917670844,17.982755565309745,4.78,0.16276933661244458,0.3305655429234525,148.29654120003397,122.66049727049956,759005,149.62836419999803
LEACH,0,42,area,50,925.0,1181.0,1618.0,False,False,False,1618,120070.0,29.00744384914651,20.99255615085349,0.0,50.0,120170,118622,8419,33676000.0,0.9871182491470417,13.273974734396948,18.790031006257493,5.0,0.46099739253260624,1.3571374637534181,0.10854589984955965,0.06708646467834342,0,3.215699599997606
LEACH,1,43,area,50,928.0,1181.0,1571.0,False,False,False,1571,119955.0,29.040701618330782,20.959298381669218,0.0,50.0,120055,118494,8529,34116000.0,0.986997626088043,13.694693177352171,19.30671145701594,5.0,0.44051288481262335,1.4824279924560306,0.08836299995164154,0.05624633988010283,0,2.6161309000017354
LEACH,2,44,area,50,963.0,1189.0,1493.0,False,False,False,1493,119865.0,29.01042097419203,20.98957902580797,0.0,50.0,119965,118841,8384,33536000.0,0.9906306005918393,13.407833576144784,19.85086560606837,5.0,0.44268873116875845,1.1863614712034938,0.09775909997551935,0.06547829871099756,0,3.008477800001856
LEACH,3,45,area,50,914.0,1187.0,1520.0,False,False,False,1520,120010.0,29.078810225152505,20.921189774847495,0.0,50.0,120110,118819,8544,34176000.0,0.9892515194405128,13.031587057999023,18.45014128262341,5.0,0.4517740808823693,1.4698125846217187,0.040435600123601034,0.026602368502369102,0,2.2949308999959612
LEACH,4,46,area,50,861.0,1203.0,1596.0,False,False,False,1596,120327.0,29.097086477427823,20.902913522572177,0.0,50.0,120427,119045,8543,34172000.0,0.9885241681682679,12.678864479498607,17.913585577582932,5.0,0.45780510057702767,1.407127576414317,0.06882029986445559,0.04312048863687694,0,2.9596347999977297
ABC,0,42,bs_position,"(0,0)",1111.0,1121.0,1130.0,False,False,False,1130,111959.0,27.68235382764999,22.31764617235001,0.0,50.0,112059,111776,5605,22420000.0,0.9974745446595097,21.195052225433482,71.42140227126283,4.998,0.13074247663001257,0.2134597754653414,112.25954549996459,99.34473053094212,704288,113.59118909999961
ABC,1,43,bs_position,"(0,0)",1093.0,1103.0,1120.0,False,False,False,1120,110287.0,27.43641176671547,22.56358823328453,0.0,50.0,110387,110120,5415,21660000.0,0.9975812369210143,22.657832768720603,73.68355796252803,4.952,0.14874381888515625,0.22706055794348548,109.06283960004657,97.37753535718444,699218,110.26121150000108
ABC,2,44,bs_position,"(0,0)",1111.0,1118.0,1126.0,False,False,False,1126,111716.0,27.641183473920606,22.358816526079394,0.0,50.0,111816,111471,5589,22356000.0,0.9969145739429062,20.858851762971717,74.755074761783,5.006,0.11954692213889402,0.21828374492431787,113.07565429996612,100.42242833034291,701231,114.41995899999893
ABC,3,45,bs_position,"(0,0)",1105.0,1116.0,1124.0,False,False,False,1124,111446.0,27.609152735083732,22.390847264916268,0.0,50.0,111546,111217,5566,22264000.0,0.9970505441701182,21.450557227551105,73.86432475923843,5.01,0.14869747374905568,0.22122675849135026,116.9470088000744,104.04538149472812,700626,118.46081160000176
ABC,4,46,bs_position,"(0,0)",1114.0,1124.0,1133.0,False,False,False,1133,112327.0,27.76269093801535,22.23730906198465,0.0,50.0,112427,112022,5590,22360000.0,0.9963976624832114,21.24834662970625,67.66291412586143,4.972,0.14531962157907014,0.23758824892000757,117.74334670001917,103.92175348633643,705721,119.082527999999
GWO,0,42,bs_position,"(0,0)",1109.0,1120.0,1131.0,False,False,False,1131,111882.0,27.669873786496687,22.330126213503313,0.0,50.0,111982,111587,5577,22308000.0,0.996472647389759,21.3275306749959,70.9266495597138,4.99,0.16268032503277674,0.21716212615465486,58.933294700153056,52.10724553506017,701220,60.24092689999816
GWO,1,43,bs_position,"(0,0)",1094.0,1102.0,1119.0,False,False,False,1119,110262.0,27.400454393156334,22.599545606843666,0.0,50.0,110362,110194,5430,21720000.0,0.9984777369021945,22.95008212303745,73.21507534261397,4.95,0.17149609993791468,0.22960897452028237,56.73271519995615,50.69947739048806,693780,57.97580949999974
GWO,2,44,bs_position,"(0,0)",1107.0,1119.0,1128.0,False,False,False,1128,111721.0,27.63650146440746,22.36349853559254,0.0,50.0,111821,111407,5583,22332000.0,0.9962976542867619,20.92471919558867,74.29921636609348,5.002,0.15687246454989429,0.2210226753483787,59.16502680026315,52.45126489385031,699360,60.42510770000081
GWO,3,45,bs_position,"(0,0)",1104.0,1114.0,1126.0,False,False,False,1126,111338.0,27.593218722789427,22.406781277210573,0.0,50.0,111438,111183,5560,22240000.0,0.9977117320842083,21.65292994711385,73.29795260949915,5.006,0.18707684378446535,0.22735508268221094,58.4869168999503,51.942199733526024,698120,59.73704759999964
GWO,4,46,bs_position,"(0,0)",1115.0,1124.0,1134.0,False,False,False,1134,112312.0,27.75956545106693,22.24043454893307,0.0,50.0,112412,112112,5593,22372000.0,0.9973312457744725,21.32913172385789,67.26867586870112,4.99,0.17982299631600765,0.24039528052343023,58.55770659983682,51.63818924147868,703080,59.89895550000074
Hybrid GWO-ABC,0,42,bs_position,"(0,0)",1112.0,1119.0,1129.0,False,False,False,1129,111887.0,27.67213125257025,22.32786874742975,0.0,50.0,111987,111692,5592,22368000.0,0.9973657656692294,21.26873173615327,71.44382583076018,4.998,0.12082624933214361,0.2138489908027111,139.23519169991414,123.32612196626584,706260,140.52696910000304
Hybrid GWO-ABC,1,43,bs_position,"(0,0)",1085.0,1102.0,1116.0,False,False,False,1116,110229.0,27.40415288203158,22.59584711796842,0.0,50.0,110329,110116,5418,21672000.0,0.9980694105810802,22.84735792738221,73.77522325928786,4.954,0.13877961753288257,0.22490067519386725,134.6365658000177,120.64208405019508,700113,135.89528380000047
Hybrid GWO-ABC,2,44,bs_position,"(0,0)",1110.0,1118.0,1128.0,False,False,False,1128,111717.0,27.62787164334261,22.37212835665739,0.0,50.0,111817,111332,5563,22252000.0,0.9956625557831099,21.02010869424727,74.55360740121588,4.994,0.10447069229875937,0.21707182477532633,139.69947930001217,123.84705611703207,704717,140.89018809999834
Hybrid GWO-ABC,3,45,bs_position,"(0,0)",1103.0,1114.0,1125.0,False,False,False,1125,111313.0,27.566111719314282,22.433888280685718,0.0,50.0,111413,111197,5558,22232000.0,0.9980612675361044,21.739261156281348,74.29393336189882,4.992,0.12547195357023463,0.2216373317962592,138.6497456999823,123.24421839998428,704103,139.98984179999752
Hybrid GWO-ABC,4,46,bs_position,"(0,0)",1113.0,1122.0,1129.0,False,False,False,1129,112016.0,27.719894419378313,22.280105580621687,0.0,50.0,112116,111676,5495,21980000.0,0.9960754932391451,21.626354431924526,67.61362019528735,4.932,0.1449432754749946,0.23872918328808196,143.8331756999869,127.3987384410867,707151,145.11986289999913
LEACH,0,42,bs_position,"(0,0)",870.0,1075.0,1464.0,False,False,False,1464,107359.0,26.72617453970296,23.27382546029704,0.0,50.0,107459,106203,6902,27608000.0,0.9883118212527569,26.547949468793895,75.41835529519338,5.0,0.46099739253260624,1.27691684326323,0.05247859984956449,0.03584603814860962,0,2.2032964000027278
LEACH,1,43,bs_position,"(0,0)",864.0,1051.0,1329.0,False,False,False,1329,106058.0,26.48683209319894,23.51316790680106,0.0,50.0,106158,105199,6988,27952000.0,0.9909662955217694,27.389386354704342,77.72420910884169,5.0,0.44051288481262335,1.4181571537654765,0.051458000220009126,0.03871933801355088,0,2.142426799997338
LEACH,2,44,bs_position,"(0,0)",900.0,1061.0,1370.0,False,False,False,1370,106473.0,26.578889591148904,23.421110408851096,0.0,50.0,106573,105375,7205,28820000.0,0.9887588788905257,26.815667152289567,77.94067322932342,5.0,0.44268873116875845,1.0996132698476608,0.0488414001010824,0.035650657008089344,0,1.9458063000056427
LEACH,3,45,bs_position,"(0,0)",874.0,1059.0,1401.0,False,False,False,1401,107062.0,26.78275280714507,23.21724719285493,0.0,50.0,107162,106003,7455,29820000.0,0.9891845990183087,26.063174115998045,77.97128467208806,5.0,0.4517740808823693,1.3951407393388577,0.043812300071294885,0.031272162791787926,0,1.8263249999945401
LEACH,4,46,bs_position,"(0,0)",830.0,1091.0,1352.0,False,False,False,1352,108339.0,27.018727078914345,22.981272921085655,0.0,50.0,108439,107518,7313,29252000.0,0.991506745728013,25.357728958997214,71.50140682068077,5.0,0.45780510057702767,1.334917192062714,0.04122369986725971,0.03049090226868322,0,1.715079900001001
ABC,0,42,bs_position,"(50,100)",1127.0,1135.0,1146.0,False,False,False,1146,113456.0,28.042002794635938,21.957997205364062,0.0,50.0,113556,113422,5600,22400000.0,0.9988199654795872,21.272334070200895,54.900263021940425,4.968,0.15174759551128936,0.2264499187619519,115.65937149999081,100.92440794065516,714313,116.95188190000044
ABC,1,43,bs_position,"(50,100)",1119.0,1126.0,1143.0,False,False,False,1143,112618.0,27.857563484181124,22.142436515818876,0.0,50.0,112718,112560,5559,22236000.0,0.9985982717933249,22.65562585572319,57.03630802875566,4.944,0.14907733669037174,0.21773796759519598,116.01372629999241,101.49932309710623,713155,117.34997310000108
ABC,2,44,bs_position,"(50,100)",1128.0,1137.0,1147.0,False,False,False,1147,113645.0,28.049244584800498,21.950755415199502,0.0,50.0,113745,113460,5584,22336000.0,0.9974943953580377,21.189725139924974,54.55913109536064,4.952,0.1445824801695653,0.23024318390546122,116.30440750003982,101.39878596341745,714269,117.76403609999761
ABC,3,45,bs_position,"(50,100)",1116.0,1124.0,1137.0,False,False,False,1137,112458.0,27.866153099034882,22.133846900965118,0.0,50.0,112558,112437,5327,21308000.0,0.9989249986673537,22.79836087370041,52.36103780792212,4.802,0.15132882043173396,0.2234144699257106,115.74142759997267,101.79545083550806,708938,117.10238649999883
ABC,4,46,bs_position,"(50,100)",1117.0,1129.0,1145.0,False,False,False,1145,112924.0,27.912087741047447,22.087912258952553,0.0,50.0,113024,112813,5506,22024000.0,0.9981331398640997,21.70409664327116,60.56504217472537,4.918,0.1533763834451255,0.26369662156495516,113.66548569993392,99.27116655016063,713912,114.97359660000075
GWO,0,42,bs_position,"(50,100)",1128.0,1136.0,1154.0,False,False,False,1154,113570.0,28.04565534146527,21.95434465853473,0.0,50.0,113670,113404,5641,22564000.0,0.9976598926717691,21.217955295067103,54.892575539038354,4.986,0.17296987379455886,0.22736484122021408,61.85108950000722,53.59713128250193,715480,63.18249719999585
GWO,1,43,bs_position,"(50,100)",1115.0,1126.0,1136.0,False,False,False,1136,112499.0,27.83618353439912,22.16381646560088,0.0,50.0,112599,112421,5533,22132000.0,0.9984191689091377,22.80952090409014,56.6741115994148,4.942,0.1692112004286164,0.2209402923171977,60.86316789992998,53.57673230627639,704320,62.19539349999832
GWO,2,44,bs_position,"(50,100)",1128.0,1135.0,1147.0,False,False,False,1147,113481.0,28.013815644770084,21.986184355229916,0.0,50.0,113581,113217,5536,22144000.0,0.9967952386402655,21.46331485994725,54.40087683024486,4.894,0.16751005096442997,0.23469573567610427,61.61709280002833,53.72022040107091,711140,62.92877939999744
GWO,3,45,bs_position,"(50,100)",1108.0,1125.0,1140.0,False,False,False,1140,112464.0,27.87709372681114,22.12290627318886,0.0,50.0,112564,112378,5322,21288000.0,0.998347606694858,22.739032674145513,52.215442678522685,4.82,0.16367966238231937,0.22491316310826906,57.888187000098696,50.77911140359535,706800,59.17790430000605
GWO,4,46,bs_position,"(50,100)",1120.0,1130.0,1140.0,False,False,False,1140,112868.0,27.916317453048492,22.083682546951508,0.0,50.0,112968,112743,5506,22024000.0,0.9980082855321861,21.65976306319087,60.53220166407354,4.918,0.18321947215383513,0.2671097216356265,59.066959500116354,51.81312236852312,706800,60.32768039999792
Hybrid GWO-ABC,0,42,bs_position,"(50,100)",1124.0,1132.0,1145.0,False,False,False,1145,113196.0,27.996224206057214,22.003775793942786,0.0,50.0,113296,113038,5522,22088000.0,0.9977227792684649,21.606476749858977,54.98735946032019,4.902,0.14269958942191843,0.2260143037640429,138.1902090999356,120.69013895190882,717697,139.40148189999672
Hybrid GWO-ABC,1,43,bs_position,"(50,100)",1116.0,1125.0,1146.0,False,False,False,1146,112567.0,27.84720752900534,22.15279247099466,0.0,50.0,112667,112495,5554,22216000.0,0.9984733772977002,22.742797622522666,57.04651385895853,4.932,0.13279230176160065,0.21550046210181723,136.84960879992286,119.41501640481926,718341,138.05872980000277
Hybrid GWO-ABC,2,44,bs_position,"(50,100)",1123.0,1134.0,1146.0,False,False,False,1146,113371.0,27.988196964696865,22.011803035303135,0.0,50.0,113471,113149,5507,22028000.0,0.9971622705360841,21.614987574148856,54.690839492049065,4.884,0.1323775365823469,0.23037011987693615,137.18664540002283,119.70911465970578,717500,138.40751199999795
Hybrid GWO-ABC,3,45,bs_position,"(50,100)",1115.0,1124.0,1134.0,False,False,False,1134,112337.0,27.839663446043673,22.160336553956327,0.0,50.0,112437,112091,5318,21272000.0,0.9969227211682987,22.973266516089737,52.73759879247626,4.788,0.13277798586646547,0.22058635620040012,137.32568530000935,121.0984879188795,711056,138.48987979999947
Hybrid GWO-ABC,4,46,bs_position,"(50,100)",1112.0,1128.0,1140.0,False,False,False,1140,112764.0,27.883610012690536,22.116389987309464,0.0,50.0,112864,112544,5457,21828000.0,0.9971647292316416,21.945830557445174,60.68496460958049,4.872,0.14738943841295146,0.2649802353774602,139.55764489996727,122.41898675435726,715060,140.72344569999768
LEACH,0,42,bs_position,"(50,100)",885.0,1093.0,1386.0,False,False,False,1386,109201.0,27.17709724952451,22.82290275047549,0.0,50.0,109301,108176,6791,27164000.0,0.9897073219824155,26.547949468793895,57.883706161248305,5.0,0.46099739253260624,1.2793151222306904,0.06980779992591124,0.05036637801292297,0,2.690717199999199
LEACH,1,43,bs_position,"(50,100)",864.0,1089.0,1305.0,False,False,False,1305,108454.0,27.05267619197211,22.94732380802789,0.0,50.0,108554,107263,6951,27804000.0,0.9881073014352304,27.389386354704342,59.70420576771915,5.0,0.44051288481262335,1.4071475139442957,0.05956699978560209,0.04564521056367976,0,2.52513639999961
LEACH,2,44,bs_position,"(50,100)",912.0,1094.0,1360.0,False,False,False,1360,109035.0,27.128024983719637,22.871975016280363,0.0,50.0,109135,108022,7383,29532000.0,0.9898016218445045,26.815667152289567,57.683585634512255,5.0,0.44268873116875845,1.1060141552489784,0.048198399927059654,0.035439999946367394,0,2.321873400003824
LEACH,3,45,bs_position,"(50,100)",875.0,1097.0,1324.0,False,False,False,1324,109351.0,27.33357470629383,22.66642529370617,0.0,50.0,109451,107928,7004,28016000.0,0.9860850974408639,26.063174115998045,55.1589191459076,5.0,0.4517740808823693,1.38683652589465,0.06697719980729744,0.050587008917898364,0,2.704518200000166
LEACH,4,46,bs_position,"(50,100)",830.0,1103.0,1402.0,False,False,False,1402,109802.0,27.291364311738235,22.708635688261765,0.0,50.0,109902,108369,7508,30032000.0,0.9860512092591581,25.357728958997214,63.23359365400198,5.0,0.45780510057702767,1.3537987052103027,0.05943499997374602,0.04239300996700857,0,2.577321499993559
ABC,0,42,bs_position,"(50,150)",1055.0,1069.0,1079.0,False,False,False,1079,106835.0,26.60426069254405,23.39573930745595,0.0,50.0,106935,106657,5333,21332000.0,0.997400289895731,21.44407677435266,97.506358823279,5.002,0.13199451918986452,0.2235414490206131,102.13878169998134,94.66059471731357,672534,103.33562470000106
ABC,1,43,bs_position,"(50,150)",1040.0,1051.0,1068.0,False,False,False,1068,105090.0,26.296823824421033,23.703176175578967,0.0,50.0,105190,105005,5169,20676000.0,0.9982412776879932,22.97452541468495,98.87344083629357,4.962,0.14436299541851294,0.22938423891507997,107.49152879997928,100.64749887638509,666987,108.71817839999858
ABC,2,44,bs_position,"(50,150)",1058.0,1072.0,1081.0,False,False,False,1081,107019.0,26.651292675412563,23.348707324587437,0.0,50.0,107119,106778,5346,21384000.0,0.9968166245017224,21.051315447940453,96.5153984246634,4.998,0.1226547019103643,0.23111746917147924,109.86198250002053,101.62995605922343,673901,111.19541570000001
ABC,3,45,bs_position,"(50,150)",1053.0,1067.0,1078.0,False,False,False,1078,106624.0,26.579598478028995,23.420401521971005,0.0,50.0,106724,106357,5304,21216000.0,0.9965612233424535,22.068291795051607,95.41255629745251,4.996,0.12002829645600287,0.21966591771596816,104.92879809992883,97.33654740253138,672838,106.12243739999758
ABC,4,46,bs_position,"(50,150)",1040.0,1050.0,1062.0,False,False,False,1062,105019.0,26.223019487427795,23.776980512572205,0.0,50.0,105119,104828,5221,20884000.0,0.9972317088252362,21.493858783339217,105.08449397544956,5.002,0.13607097967843954,0.24141732229053622,105.08515660000558,98.95024161959094,661764,106.32652009999947
GWO,0,42,bs_position,"(50,150)",1055.0,1068.0,1083.0,False,False,False,1083,106811.0,26.602168546210695,23.397831453789305,0.0,50.0,106911,106663,5339,21356000.0,0.9976803135318162,21.471595152676855,97.34977145531941,5.0,0.16431443227317977,0.2277115289811357,57.15217359986127,52.77209011990884,671460,58.356740999995964
GWO,1,43,bs_position,"(50,150)",1042.0,1053.0,1072.0,False,False,False,1072,105257.0,26.305876830776146,23.694123169223854,0.0,50.0,105357,105138,5184,20736000.0,0.9979213531136991,23.16043410496761,98.29799535954727,4.95,0.17387532773343237,0.23243236949322102,55.01499160014646,51.319954850882894,664640,56.25361700000212
GWO,2,44,bs_position,"(50,150)",1058.0,1072.0,1081.0,False,False,False,1081,106999.0,26.645146422084892,23.354853577915108,0.0,50.0,107099,106688,5335,21340000.0,0.9961624291543338,21.246366306210074,96.12476574139141,4.992,0.1552009629850893,0.23020524921752553,56.698065200063866,52.44964403336158,670220,57.93086299999413
GWO,3,45,bs_position,"(50,150)",1055.0,1066.0,1079.0,False,False,False,1079,106630.0,26.57019146760282,23.42980853239718,0.0,50.0,106730,106480,5320,21280000.0,0.9976576407757893,22.13651715035593,95.22819460581516,4.992,0.1580772398535574,0.22611877593698454,54.81165469998814,50.79856784058215,668980,56.02902170000016
GWO,4,46,bs_position,"(50,150)",1039.0,1051.0,1065.0,False,False,False,1065,105055.0,26.21993327421329,23.78006672578671,0.0,50.0,105155,104837,5217,20868000.0,0.9969758927297798,21.49289199059312,104.97259803895562,4.988,0.1625465899837441,0.2447302281438218,54.44500830011384,51.12207352123365,660300,55.65222129999893
Hybrid GWO-ABC,0,42,bs_position,"(50,150)",1056.0,1069.0,1080.0,False,False,False,1080,106795.0,26.61005030871327,23.38994969128673,0.0,50.0,106895,106688,5327,21308000.0,0.9980635202769073,21.4847198672061,97.52611509728847,4.994,0.10920871260042415,0.22098668609395877,123.32579159991292,114.19054777769715,674904,124.43735450000167
Hybrid GWO-ABC,1,43,bs_position,"(50,150)",1038.0,1051.0,1072.0,False,False,False,1072,105158.0,26.287584298065546,23.712415701934454,0.0,50.0,105258,105112,5154,20616000.0,0.9986129320336696,23.185387100643318,98.68977266228049,4.938,0.13657521925235586,0.228210818108966,136.34113919998344,127.18389850744724,672393,137.5222206000035
Hybrid GWO-ABC,2,44,bs_position,"(50,150)",1060.0,1071.0,1082.0,False,False,False,1082,106994.0,26.631509951553944,23.368490048446056,0.0,50.0,107094,106686,5342,21368000.0,0.9961902627598185,21.1408139991332,96.70078149589216,5.0,0.10308415069102775,0.22759609570511777,131.35458160004055,121.39979815160864,675911,132.5795676000016
Hybrid GWO-ABC,3,45,bs_position,"(50,150)",1056.0,1067.0,1079.0,False,False,False,1079,106652.0,26.575459715373473,23.424540284626527,0.0,50.0,106752,106439,5308,21232000.0,0.9970679706235012,22.078063310800236,95.42131404854848,4.99,0.10145085298753019,0.21865324682040682,127.98027509999156,118.61007886931563,675497,129.11752729999716
Hybrid GWO-ABC,4,46,bs_position,"(50,150)",1039.0,1051.0,1061.0,False,False,False,1061,104975.0,26.216988136651377,23.783011863348623,0.0,50.0,105075,104772,5212,20848000.0,0.9971163454675231,21.56041544366254,105.05679789732237,4.988,0.12345512327919228,0.24096758380183583,128.78847159996803,121.38404486330634,664034,129.96557799999937
LEACH,0,42,bs_position,"(50,150)",826.0,1008.0,1312.0,False,False,False,1312,101878.0,25.420744566636863,24.579255433363137,0.0,50.0,101978,100599,6709,26836000.0,0.9864774755339387,26.547949468793895,102.59438164075698,5.0,0.46099739253260624,1.2867757701781473,0.06100780006090645,0.046499847607398205,0,2.2467078999980004
LEACH,1,43,bs_position,"(50,150)",775.0,990.0,1279.0,False,False,False,1279,100296.0,24.95883691026684,25.04116308973316,0.0,50.0,100396,99241,6990,27960000.0,0.988495557591936,27.389386354704342,104.75349513447186,5.0,0.44051288481262335,1.4227643497925284,0.06174680012190947,0.048277404317364714,0,2.51969619999727
LEACH,2,44,bs_position,"(50,150)",818.0,996.0,1297.0,False,False,False,1297,100862.0,25.27877328727815,24.72122671272185,0.0,50.0,100962,99977,7332,29328000.0,0.9902438541233335,26.815667152289567,102.13163587434966,5.0,0.44268873116875845,1.1088443538049975,0.061013299935439136,0.0470418657944789,0,2.47601399999985
LEACH,3,45,bs_position,"(50,150)",846.0,1003.0,1280.0,False,False,False,1280,101733.0,25.449289390053057,24.550710609946943,0.0,50.0,101833,100768,6909,27636000.0,0.9895417006274979,26.063174115998045,100.65100150517826,5.0,0.4517740808823693,1.4000828174246351,0.0543084000601084,0.042428437546959685,0,2.4047970000028727
LEACH,4,46,bs_position,"(50,150)",802.0,987.0,1323.0,False,False,False,1323,100247.0,25.04497798986653,24.95502201013347,0.0,50.0,100347,99285,7486,29944000.0,0.9894167239678316,25.357728958997214,109.68827922327796,5.0,0.45780510057702767,1.345177292850706,0.05134029994223965,0.038805971233741236,0,2.1811405000044033
ABC,0,42,bs_position,"(50,50)",1138.0,1147.0,1159.0,False,False,False,1159,114641.0,28.228662846299308,21.771337153700692,0.0,50.0,114741,114637,5512,22048000.0,0.9990936108278645,21.55646997001877,37.31883359325321,4.788,0.16442685636740959,0.24472622041270561,118.05430070006332,101.8587581536353,723004,119.3827581000005
ABC,1,43,bs_position,"(50,50)",1111.0,1131.0,1167.0,False,False,False,1167,113217.0,28.04736901300312,21.95263098699688,0.0,50.0,113317,113133,5369,21476000.0,0.9983762365752712,23.0847771715484,38.02775011915061,4.826,0.14653479217524254,0.22810226722442395,119.019237000055,101.98734961444302,729088,120.43738210000083
ABC,2,44,bs_position,"(50,50)",1134.0,1147.0,1173.0,False,False,False,1173,114743.0,28.250699932935106,21.749300067064894,0.0,50.0,114843,114701,5594,22376000.0,0.9987635293400555,21.223038569919876,39.27932503971907,4.856,0.14911993058553236,0.2553690592610006,118.0972671999989,100.67968218243725,731625,119.48166019999917
ABC,3,45,bs_position,"(50,50)",1124.0,1138.0,1166.0,False,False,False,1166,113877.0,28.13977686263858,21.86022313736142,0.0,50.0,113977,113877,5371,21484000.0,0.9991226300042991,22.316009666425064,36.84882639544165,4.754,0.15838563382409768,0.24293228243094034,119.29937900002187,102.31507632934981,728102,120.71989350000149
ABC,4,46,bs_position,"(50,50)",1115.0,1140.0,1166.0,False,False,False,1166,114118.0,28.20807017579358,21.79192982420642,0.0,50.0,114218,114118,5294,21176000.0,0.9991244812551436,21.74173731101898,35.86225758761546,4.758,0.16597878476714378,0.27016448267560395,118.8276894000519,101.9105397942126,727627,120.1931078000016
GWO,0,42,bs_position,"(50,50)",1135.0,1146.0,1163.0,False,False,False,1163,114574.0,28.219625932753207,21.780374067246793,0.0,50.0,114674,114504,5517,22068000.0,0.9985175366691665,21.62509786352292,37.218260811017245,4.824,0.1785993634314824,0.24448074393931807,64.0847383999062,55.10295649175082,721060,65.41890579999745
GWO,1,43,bs_position,"(50,50)",1119.0,1130.0,1173.0,False,False,False,1173,113242.0,28.045338016193128,21.954661983806872,0.0,50.0,113342,113240,5379,21516000.0,0.9991000688182669,23.08919381305912,38.12453213972811,4.824,0.1690189329347242,0.23095116178115566,60.5152000000453,51.59011082697809,727260,61.917589299999236
GWO,2,44,bs_position,"(50,50)",1138.0,1148.0,1164.0,False,False,False,1164,114759.0,28.227595401241214,21.772404598758786,0.0,50.0,114859,114689,5643,22572000.0,0.9985199244290827,21.417307034674337,39.34434610490987,4.916,0.16781366050125382,0.25704315007139383,59.4959845998892,51.11338883151993,721680,60.807469300001685
GWO,3,45,bs_position,"(50,50)",1128.0,1137.0,1167.0,False,False,False,1167,113764.0,28.12604089530666,21.87395910469334,0.0,50.0,113864,113681,5359,21436000.0,0.9983928195039696,22.43283159058315,36.80596944892267,4.81,0.1771822091743212,0.24339101270258692,62.19909259980341,53.29827986272785,723540,63.51794119999977
GWO,4,46,bs_position,"(50,50)",1129.0,1142.0,1161.0,False,False,False,1161,114211.0,28.23274317458141,21.76725682541859,0.0,50.0,114311,114065,5341,21364000.0,0.9978479761352801,21.576614613167642,35.76515530097565,4.828,0.17677680616615998,0.2685769523850194,59.412678799992136,51.17371128336963,719820,60.81634629999462
Hybrid GWO-ABC,0,42,bs_position,"(50,50)",1132.0,1146.0,1160.0,False,False,False,1160,114576.0,28.2100360217735,21.7899639782265,0.0,50.0,114676,114457,5516,22064000.0,0.9980902717220691,21.717517709296864,37.211609458693694,4.83,0.15128512308458247,0.23957350571580852,139.3258808999417,120.10851801719112,727486,140.59194849999767
Hybrid GWO-ABC,1,43,bs_position,"(50,50)",1122.0,1132.0,1177.0,False,False,False,1177,113376.0,28.034513729496283,21.965486270503717,0.0,50.0,113476,113288,5431,21724000.0,0.9983432620113504,23.179428194142286,38.073941812802076,4.816,0.1458399736625261,0.22824062097097988,139.98286999999254,118.93192013593249,739009,141.20243069999924
Hybrid GWO-ABC,2,44,bs_position,"(50,50)",1140.0,1148.0,1157.0,False,False,False,1157,114723.0,28.25158652514701,21.74841347485299,0.0,50.0,114823,114549,5616,22464000.0,0.9976137185058742,21.22537864279103,39.44597635824858,4.876,0.1437741169789475,0.25556488082877593,140.17398709999543,121.15297070008248,725295,141.43071659999987
Hybrid GWO-ABC,3,45,bs_position,"(50,50)",1127.0,1136.0,1152.0,False,False,False,1152,113655.0,28.0952086334834,21.9047913665166,0.0,50.0,113755,113592,5329,21316000.0,0.9985670959518262,22.675276011138166,36.627835965502285,4.734,0.14623509491062808,0.24244890284035706,139.1850679000745,120.8203714410369,723385,140.4074787999998
Hybrid GWO-ABC,4,46,bs_position,"(50,50)",1131.0,1141.0,1164.0,False,False,False,1164,114151.0,28.201672134665444,21.798327865334556,0.0,50.0,114251,114089,5330,21320000.0,0.998582069303551,21.779004353247235,35.60349362983361,4.786,0.1535214295995837,0.2664357420739245,140.18591960000413,120.43463883161867,730682,141.42244810000193
LEACH,0,42,bs_position,"(50,50)",887.0,1108.0,1297.0,False,False,False,1297,110318.0,27.447991395230233,22.552008604769767,0.0,50.0,110418,109533,6751,27004000.0,0.9919850024452534,26.547949468793895,37.580062012514986,5.0,0.46099739253260624,1.2866845539151486,0.0669027998810634,0.05158272928378057,0,2.5747648000033223
LEACH,1,43,bs_position,"(50,50)",877.0,1095.0,1242.0,False,False,False,1242,109647.0,27.374957924647834,22.625042075352166,0.0,50.0,109747,108726,6826,27304000.0,0.9906967844223532,27.389386354704342,38.61342291403188,5.0,0.44051288481262335,1.4095189180429162,0.06020639993948862,0.048475362270119664,0,2.641017699999793
LEACH,2,44,bs_position,"(50,50)",931.0,1099.0,1268.0,False,False,False,1268,110154.0,27.393252366663823,22.606747633336177,0.0,50.0,110254,108913,7190,28760000.0,0.9878371759754748,26.815667152289567,39.70173121213674,5.0,0.44268873116875845,1.1196981600891,0.07523900000524009,0.059336750792776095,0,2.4429512999995495
LEACH,3,45,bs_position,"(50,50)",875.0,1102.0,1304.0,False,False,False,1304,110464.0,27.613280994834977,22.386719005165023,0.0,50.0,110564,109190,6982,27928000.0,0.9875728085090988,26.063174115998045,36.90028256524682,5.0,0.4517740808823693,1.3988825190404226,0.04741859983187169,0.03636395692628197,0,2.216449300001841
LEACH,4,46,bs_position,"(50,50)",849.0,1119.0,1365.0,False,False,False,1365,111369.0,27.682337551449596,22.317662448550404,0.0,50.0,111469,110208,7366,29464000.0,0.9886874377629655,25.357728958997214,35.827171155165864,5.0,0.45780510057702767,1.346818178995587,0.057404300052439794,0.04205443227284967,0,2.3583515000063926
ABC,0,42,ch_energy_threshold,0.0,600.0,1216.0,1285.0,False,False,False,1285,114448.0,28.311644569854703,21.688355430145297,0.0,50.0,114548,114397,5762,23048000.0,0.9986817753256276,21.432709663120875,26.79912830194536,4.992,0.09511882777343186,0.21144496848835423,129.16686990001836,100.51896490273802,800325,130.67133620000095
ABC,1,43,ch_energy_threshold,0.0,686.0,1203.0,1328.0,False,False,False,1328,113637.0,28.201991738086694,21.798008261913306,0.0,50.0,113737,113636,5730,22920000.0,0.9991119864248221,22.292689480554014,26.90925448069386,4.98,0.0775380935251118,0.19674947400643172,125.55211760008024,94.54225722897608,828041,127.07313530000101
ABC,2,44,ch_energy_threshold,0.0,679.0,1211.0,1284.0,False,False,False,1284,114659.0,28.344622764694986,21.655377235305014,0.0,50.0,114759,114658,5777,23108000.0,0.9991198947359249,21.069051603235575,30.136181911400428,4.988,0.0939671079846613,0.2290090039551527,116.84422969990192,91.0001788940046,799408,118.26430540000001
ABC,3,45,ch_energy_threshold,0.0,660.0,1206.0,1305.0,False,False,False,1305,113900.0,28.219538369387404,21.780461630612596,0.0,50.0,114000,113900,5751,23004000.0,0.9991228070175439,22.032601356009632,25.940462099769583,4.966,0.09754588974346787,0.20781463882046677,116.21171790003791,89.05112482761525,813253,117.58618700000079
ABC,4,46,ch_energy_threshold,0.0,701.0,1232.0,1292.0,False,False,False,1292,114475.0,28.30463123937139,21.69536876062861,0.0,50.0,114575,114396,5747,22988000.0,0.9984377045603317,21.47121337461313,25.06845742374021,4.982,0.10268280519656417,0.2331572462841603,114.31298639994202,88.4775436532059,804912,115.69863269999769
GWO,0,42,ch_energy_threshold,0.0,613.0,1172.0,1301.0,False,False,False,1301,114041.0,28.297719460864407,21.702280539135593,0.0,50.0,114141,114024,5712,22848000.0,0.9989749520330118,21.524922870188213,27.39189748232666,5.0,0.12168907995831503,0.21575443871317557,69.98961879996932,53.796786164465274,806620,71.5306047999984
GWO,1,43,ch_energy_threshold,0.0,732.0,1194.0,1326.0,False,False,False,1326,113357.0,28.185504805889884,21.814495194110116,0.0,50.0,113457,113357,5714,22856000.0,0.9991186088121491,22.420628905957706,27.641939992318694,4.986,0.09796358874174287,0.20027550823397808,69.90984650007158,52.72235784319124,822120,71.42937820000225
GWO,2,44,ch_energy_threshold,0.0,642.0,1208.0,1278.0,False,False,False,1278,114641.0,28.330426444406875,21.669573555593125,0.0,50.0,114741,114638,5831,23324000.0,0.9991023261083658,21.179119330737283,30.674103325212414,5.006,0.12466727805004905,0.23401407282249026,71.88934670000162,56.251444992176545,792360,73.39032769999903
GWO,3,45,ch_energy_threshold,0.0,654.0,1190.0,1308.0,False,False,False,1308,113581.0,28.23100237865433,21.76899762134567,0.0,50.0,113681,113579,5754,23016000.0,0.9991027524388421,21.941880019167115,26.145861645053586,4.996,0.12499943181389248,0.21142598164474755,69.7957771999063,53.36068593265007,810960,71.25717530000111
GWO,4,46,ch_energy_threshold,0.0,652.0,1194.0,1311.0,False,False,False,1311,114390.0,28.297304919302796,21.702695080697204,0.0,50.0,114490,114344,5832,23328000.0,0.9987247794567211,21.495333874671196,25.33715306530286,5.024,0.12565970102177476,0.2367964523533819,71.62389849993633,54.633027078517415,812820,73.16827629999898
Hybrid GWO-ABC,0,42,ch_energy_threshold,0.0,559.0,1205.0,1291.0,False,False,False,1291,114423.0,28.314361828957498,21.685638171042502,0.0,50.0,114523,114394,5762,23048000.0,0.9988735887114378,21.434855970399703,26.638620724732274,5.0,0.06627073394886537,0.2066181961301437,152.16492859987193,117.8659400463764,804981,153.5089674999981
Hybrid GWO-ABC,1,43,ch_energy_threshold,0.0,674.0,1206.0,1322.0,False,False,False,1322,113686.0,28.217681144022592,21.782318855977408,0.0,50.0,113786,113685,5740,22960000.0,0.999112368832721,22.16796022909531,27.00939841134356,4.998,0.04883418212838882,0.19188873559599293,153.61799450004764,116.20120612711622,825323,154.96158780000042
Hybrid GWO-ABC,2,44,ch_energy_threshold,0.0,657.0,1217.0,1275.0,False,False,False,1275,114769.0,28.337903639971408,21.662096360028592,0.0,50.0,114869,114756,5798,23192000.0,0.9990162707083722,21.18511254504187,29.9317611931422,4.996,0.060268562630897166,0.22371548618954795,154.61951100009173,121.2702047059543,794364,156.0350404000019
Hybrid GWO-ABC,3,45,ch_energy_threshold,0.0,666.0,1208.0,1303.0,False,False,False,1303,113877.0,28.206767256209435,21.793232743790565,0.0,50.0,113977,113877,5758,23032000.0,0.9991226300042991,22.16259815561378,25.596435807707216,4.992,0.06603228312567402,0.20228923923515668,156.30348660001982,119.95662824253249,812775,157.68265099999917
Hybrid GWO-ABC,4,46,ch_energy_threshold,0.0,665.0,1240.0,1297.0,False,False,False,1297,114439.0,28.298097053725517,21.701902946274483,0.0,50.0,114539,114411,5784,23136000.0,0.9988824767109893,21.576930790937382,24.799491142287515,5.012,0.06945661779286386,0.22758720749030914,151.8467911000189,117.0753979182875,809286,153.21248619999824
ABC,0,42,ch_energy_threshold,0.5,1059.0,1141.0,1209.0,False,False,False,1209,114577.0,28.32287613259163,21.67712386740837,0.0,50.0,114677,114572,5742,22968000.0,0.9990843848374129,21.30304600390337,27.378471230226904,4.994,0.09621777293214538,0.21182829778138088,111.30413100002625,92.06297022334677,752919,112.61957999999868
ABC,1,43,ch_energy_threshold,0.5,1049.0,1132.0,1312.0,False,False,False,1312,113858.0,28.202868113297537,21.797131886702463,0.0,50.0,113958,113858,5786,23144000.0,0.999122483722073,22.29332177214254,26.9886058824625,4.982,0.07752929159921297,0.19682481381805084,113.98977479988025,86.88245030478677,819053,115.36410369999794
ABC,2,44,ch_energy_threshold,0.5,1058.0,1142.0,1234.0,False,False,False,1234,114774.0,28.344687794758972,21.655312205241028,0.0,50.0,114874,114770,5764,23056000.0,0.999094660236433,21.048135366776695,30.30128195512449,4.99,0.09524780905767755,0.2291697118309116,109.4294236999558,88.67862536463193,768272,110.74745580000308
ABC,3,45,ch_energy_threshold,0.5,1054.0,1135.0,1215.0,False,False,False,1215,114016.0,28.234160737782044,21.765839262217956,0.0,50.0,114116,114008,5691,22764000.0,0.9990535945879632,21.909542673780596,26.25946973168359,4.966,0.09642329521889292,0.20783940026220907,107.35057490003965,88.35438263377749,757059,108.62569540000186
ABC,4,46,ch_energy_threshold,0.5,1058.0,1138.0,1227.0,False,False,False,1227,114591.0,28.32174239351813,21.67825760648187,0.0,50.0,114691,114587,5774,23096000.0,0.999093215683881,21.31170212369563,25.24746408276033,4.984,0.10412601857926722,0.2333208193710562,109.44873369989,89.20027196405053,764500,110.77281500000026
GWO,0,42,ch_energy_threshold,0.5,1069.0,1138.0,1223.0,False,False,False,1223,114559.0,28.309843032920554,21.690156967079446,0.0,50.0,114659,114559,5773,23092000.0,0.9991278486643003,21.413906348787613,27.72495682317883,5.0,0.12439844293841446,0.21605704671383888,67.45392090000678,55.154473344241026,758260,68.86868210000102
GWO,1,43,ch_energy_threshold,0.5,1058.0,1129.0,1259.0,False,False,False,1259,113633.0,28.186005936184316,21.813994063815684,0.0,50.0,113733,113627,5718,22872000.0,0.9990679925791107,22.424587906609172,27.62524293160179,4.986,0.09776159713745648,0.2002673960875486,67.5968501000898,53.69090556003955,780580,69.05558500000188
GWO,2,44,ch_energy_threshold,0.5,1072.0,1141.0,1231.0,False,False,False,1231,114648.0,28.337782593499888,21.662217406500112,0.0,50.0,114748,114644,5778,23112000.0,0.9990936661205424,21.09584056820513,30.903731559067968,5.01,0.1237210285401375,0.23407291644767497,65.62737319990265,53.31224467904358,763220,67.06204640000215
GWO,3,45,ch_energy_threshold,0.5,1057.0,1131.0,1232.0,False,False,False,1232,113968.0,28.220242041599693,21.779757958400307,0.0,50.0,114068,113968,5730,22920000.0,0.9991233299435425,22.056135002832896,26.279297028653097,4.998,0.12295096999418573,0.2114477113761721,64.18396200005373,52.09737175329036,763840,65.60796210000262
GWO,4,46,ch_energy_threshold,0.5,1059.0,1138.0,1227.0,False,False,False,1227,114643.0,28.309035725522932,21.690964274477068,0.0,50.0,114743,114643,5823,23292000.0,0.9991284871408278,21.381296590144114,25.75618318355109,5.034,0.12676211651937314,0.2373194763288612,66.93267450010171,54.54985696829805,760740,68.33584469999914
Hybrid GWO-ABC,0,42,ch_energy_threshold,0.5,1069.0,1140.0,1204.0,False,False,False,1204,114527.0,28.32206866199842,21.67793133800158,0.0,50.0,114627,114522,5743,22972000.0,0.9990839854484546,21.335936999940202,27.342228351507114,5.0,0.06656181194570188,0.20716710704410515,143.94842179995976,119.55848986707622,750672,145.2477469000005
Hybrid GWO-ABC,1,43,ch_energy_threshold,0.5,1054.0,1134.0,1282.0,False,False,False,1282,113861.0,28.220080042228037,21.779919957771963,0.0,50.0,113961,113859,5756,23024000.0,0.9991049569589596,22.154426309457964,27.12921982914176,4.998,0.04956854352548025,0.19199102360289924,152.4148349001007,118.88832675514874,800917,153.80140169999868
Hybrid GWO-ABC,2,44,ch_energy_threshold,0.5,1063.0,1143.0,1222.0,False,False,False,1222,114865.0,28.343571966451233,21.656428033548767,0.0,50.0,114965,114864,5754,23016000.0,0.9991214717522724,21.114087053852256,30.214128240592302,4.994,0.05858169707070533,0.22365674987999073,145.69079150001926,119.22323363340365,761561,146.9637874
Hybrid GWO-ABC,3,45,ch_energy_threshold,0.5,1061.0,1131.0,1216.0,False,False,False,1216,113960.0,28.22310545818712,21.77689454181288,0.0,50.0,114060,113954,5709,22836000.0,0.9990706645625109,22.03937689841561,26.014464061819556,4.994,0.06695737945130728,0.20260409964710044,140.24941960006254,115.33669375005142,758635,141.60802080000212
Hybrid GWO-ABC,4,46,ch_energy_threshold,0.5,1060.0,1137.0,1227.0,False,False,False,1227,114570.0,28.309917984809026,21.690082015190974,0.0,50.0,114670,114559,5766,23064000.0,0.999032004883579,21.461101169626428,25.1958768212461,5.004,0.07006772058093466,0.22755352469380585,146.6754307999472,119.53987840256497,765491,148.02595569999903
ABC,0,42,ch_energy_threshold,1.0,1138.0,1147.0,1159.0,False,False,False,1159,114641.0,28.228662846299308,21.771337153700692,0.0,50.0,114741,114637,5512,22048000.0,0.9990936108278645,21.55646997001877,37.31883359325321,4.788,0.16442685636740959,0.24472622041270561,104.57924810001714,90.23231069889313,723004,105.83808780000254
ABC,1,43,ch_energy_threshold,1.0,1111.0,1131.0,1167.0,False,False,False,1167,113217.0,28.04736901300312,21.95263098699688,0.0,50.0,113317,113133,5369,21476000.0,0.9983762365752712,23.0847771715484,38.02775011915061,4.826,0.14653479217524254,0.22810226722442395,107.07389459994738,91.75140925445362,729088,108.33511540000109
ABC,2,44,ch_energy_threshold,1.0,1134.0,1147.0,1173.0,False,False,False,1173,114743.0,28.250699932935106,21.749300067064894,0.0,50.0,114843,114701,5594,22376000.0,0.9987635293400555,21.223038569919876,39.27932503971907,4.856,0.14911993058553236,0.2553690592610006,105.48417660007544,89.92683427116405,731625,106.70045350000146
ABC,3,45,ch_energy_threshold,1.0,1124.0,1138.0,1166.0,False,False,False,1166,113877.0,28.13977686263858,21.86022313736142,0.0,50.0,113977,113877,5371,21484000.0,0.9991226300042991,22.316009666425064,36.84882639544165,4.754,0.15838563382409768,0.24293228243094034,107.90739369990843,92.54493456252867,728102,109.15218130000358
ABC,4,46,ch_energy_threshold,1.0,1115.0,1140.0,1166.0,False,False,False,1166,114118.0,28.20807017579358,21.79192982420642,0.0,50.0,114218,114118,5294,21176000.0,0.9991244812551436,21.74173731101898,35.86225758761546,4.758,0.16597878476714378,0.27016448267560395,107.81789129987737,92.46817435667013,727627,109.07316210000135
GWO,0,42,ch_energy_threshold,1.0,1135.0,1146.0,1163.0,False,False,False,1163,114574.0,28.219625932753207,21.780374067246793,0.0,50.0,114674,114504,5517,22068000.0,0.9985175366691665,21.62509786352292,37.218260811017245,4.824,0.1785993634314824,0.24448074393931807,61.19905400007701,52.62171453145057,721060,62.5260574999993
GWO,1,43,ch_energy_threshold,1.0,1119.0,1130.0,1173.0,False,False,False,1173,113242.0,28.045338016193128,21.954661983806872,0.0,50.0,113342,113240,5379,21516000.0,0.9991000688182669,23.08919381305912,38.12453213972811,4.824,0.1690189329347242,0.23095116178115566,62.84145859989076,53.57328098882417,727260,64.1493890999991
GWO,2,44,ch_energy_threshold,1.0,1138.0,1148.0,1164.0,False,False,False,1164,114759.0,28.227595401241214,21.772404598758786,0.0,50.0,114859,114689,5643,22572000.0,0.9985199244290827,21.417307034674337,39.34434610490987,4.916,0.16781366050125382,0.25704315007139383,55.907655700117175,48.03063204477421,721680,57.08402270000079
GWO,3,45,ch_energy_threshold,1.0,1128.0,1137.0,1167.0,False,False,False,1167,113764.0,28.12604089530666,21.87395910469334,0.0,50.0,113864,113681,5359,21436000.0,0.9983928195039696,22.43283159058315,36.80596944892267,4.81,0.1771822091743212,0.24339101270258692,61.33424870012095,52.55719682958094,723540,62.609026999998605
GWO,4,46,ch_energy_threshold,1.0,1129.0,1142.0,1161.0,False,False,False,1161,114211.0,28.23274317458141,21.76725682541859,0.0,50.0,114311,114065,5341,21364000.0,0.9978479761352801,21.576614613167642,35.76515530097565,4.828,0.17677680616615998,0.2685769523850194,60.636725400159776,52.22801498721772,719820,61.903261200001
Hybrid GWO-ABC,0,42,ch_energy_threshold,1.0,1132.0,1146.0,1160.0,False,False,False,1160,114576.0,28.2100360217735,21.7899639782265,0.0,50.0,114676,114457,5516,22064000.0,0.9980902717220691,21.717517709296864,37.211609458693694,4.83,0.15128512308458247,0.23957350571580852,138.8454885000283,119.69438663795543,727486,140.03539380000075
Hybrid GWO-ABC,1,43,ch_energy_threshold,1.0,1122.0,1132.0,1177.0,False,False,False,1177,113376.0,28.034513729496283,21.965486270503717,0.0,50.0,113476,113288,5431,21724000.0,0.9983432620113504,23.179428194142286,38.073941812802076,4.816,0.1458399736625261,0.22824062097097988,144.49731280012566,122.76747051837354,739009,145.78156500000114
Hybrid GWO-ABC,2,44,ch_energy_threshold,1.0,1140.0,1148.0,1157.0,False,False,False,1157,114723.0,28.25158652514701,21.74841347485299,0.0,50.0,114823,114549,5616,22464000.0,0.9976137185058742,21.22537864279103,39.44597635824858,4.876,0.1437741169789475,0.25556488082877593,139.59355199999118,120.65129818495348,725295,140.8271354999997
Hybrid GWO-ABC,3,45,ch_energy_threshold,1.0,1127.0,1136.0,1152.0,False,False,False,1152,113655.0,28.0952086334834,21.9047913665166,0.0,50.0,113755,113592,5329,21316000.0,0.9985670959518262,22.675276011138166,36.627835965502285,4.734,0.14623509491062808,0.24244890284035706,147.01657589991373,127.61855546867511,723385,148.48517169999832
Hybrid GWO-ABC,4,46,ch_energy_threshold,1.0,1131.0,1141.0,1164.0,False,False,False,1164,114151.0,28.201672134665444,21.798327865334556,0.0,50.0,114251,114089,5330,21320000.0,0.998582069303551,21.779004353247235,35.60349362983361,4.786,0.1535214295995837,0.2664357420739245,150.64512429997922,129.42020987970724,730682,151.92845309999757
ABC,0,42,ch_percentage,0.03,1080.0,1098.0,1117.0,False,False,False,1117,109721.0,27.30175918102726,22.69824081897274,0.0,50.0,109821,109703,3160,12640000.0,0.9989255242622085,27.95307589688904,36.37090895748571,2.886,0.0906988155991755,0.24615568138534677,108.82444259998738,97.42564243508271,700580,110.05731229999947
ABC,1,43,ch_percentage,0.03,1046.0,1083.0,1133.0,False,False,False,1133,108462.0,27.084180217704052,22.915819782295948,0.0,50.0,108562,108457,3132,12528000.0,0.9990328107440909,29.589407376276583,37.189577307285376,2.882,0.08978800731039507,0.23298086669988277,116.06283250006527,102.438510591408,711150,117.49490949999745
ABC,2,44,ch_percentage,0.03,1068.0,1094.0,1115.0,False,False,False,1115,109417.0,27.241507222725833,22.758492777274167,0.0,50.0,109517,109417,3196,12784000.0,0.9990868997507236,28.293460752101183,38.71698394989362,2.914,0.09638603108609246,0.26425591700955997,107.16308970001774,96.11039434979169,699362,108.34334089999902
ABC,3,45,ch_percentage,0.03,1064.0,1092.0,1110.0,False,False,False,1110,109165.0,27.240825044331974,22.759174955668026,0.0,50.0,109265,109149,3098,12392000.0,0.998938360865785,28.45363626121897,35.766299634911604,2.866,0.08340637815390455,0.2426359316626682,111.96446429995558,100.86888675671673,696604,113.31700880000062
ABC,4,46,ch_percentage,0.03,1072.0,1094.0,1124.0,False,False,False,1124,109500.0,27.332431250309956,22.667568749690044,0.0,50.0,109600,109492,3090,12360000.0,0.999014598540146,27.7359007263865,34.77084441533666,2.844,0.08761398490961363,0.27089503133101006,114.85601609994046,102.18506770457337,705420,116.05864920000022
GWO,0,42,ch_percentage,0.03,1064.0,1096.0,1112.0,False,False,False,1112,109609.0,27.278811962374615,22.721188037625385,0.0,50.0,109709,109479,3181,12724000.0,0.997903544832238,28.09385975852964,36.508055460852944,2.906,0.11163356925261611,0.2499424290258694,59.63098080010241,53.62498273390504,689440,60.866223199998785
GWO,1,43,ch_percentage,0.03,1062.0,1079.0,1138.0,False,False,False,1138,108182.0,27.000827433511773,22.999172566488227,0.0,50.0,108282,108180,3141,12564000.0,0.9990580151825789,30.033758042928117,37.0823207355924,2.874,0.11311641354693089,0.23744921361920643,56.29260090005846,49.466257381422196,705560,57.581560999999056
GWO,2,44,ch_percentage,0.03,1079.0,1097.0,1108.0,False,False,False,1108,109516.0,27.23420908702723,22.76579091297277,0.0,50.0,109616,109402,3235,12940000.0,0.9980477302583565,28.342607525595792,38.8925040518054,2.954,0.12060852666832082,0.2673160185319283,59.151411700040626,53.38575063180562,686960,60.40751660000387
GWO,3,45,ch_percentage,0.03,1057.0,1091.0,1110.0,False,False,False,1110,109105.0,27.199102938210086,22.800897061789914,0.0,50.0,109205,109097,3139,12556000.0,0.9990110342933016,28.709863665021338,35.861525349779576,2.888,0.09835102516992208,0.24407622888672695,60.48820390000765,54.49387738739428,688200,61.771938800004136
GWO,4,46,ch_percentage,0.03,1075.0,1093.0,1119.0,False,False,False,1119,109366.0,27.329371440014388,22.670628559985612,0.0,50.0,109466,109361,3094,12376000.0,0.9990407980560174,27.78196899593369,35.01753074390435,2.872,0.1152244760071496,0.27520058997472135,55.86167939992447,49.92107184979845,693780,57.06578040000022
Hybrid GWO-ABC,0,42,ch_percentage,0.03,1068.0,1096.0,1114.0,False,False,False,1114,109657.0,27.324670324986542,22.675329675013458,0.0,50.0,109757,109652,3164,12656000.0,0.9990433411991946,27.8548468881788,36.255290752205674,2.894,0.08510775650272447,0.24508221011319328,128.95655909998095,115.75992737879798,700415,130.11411489999955
Hybrid GWO-ABC,1,43,ch_percentage,0.03,1070.0,1083.0,1119.0,False,False,False,1119,108435.0,27.108159512721762,22.891840487278238,0.0,50.0,108535,108430,3133,12532000.0,0.999032570138665,29.42252764892868,36.99352985948461,2.878,0.085636891972834,0.2313202490759247,131.7843397998986,117.76974066121412,703731,132.9471330999986
Hybrid GWO-ABC,2,44,ch_percentage,0.03,1067.0,1095.0,1109.0,False,False,False,1109,109442.0,27.239280449849325,22.760719550150675,0.0,50.0,109542,109389,3205,12820000.0,0.9986032754559895,28.305891637644525,38.69901301829866,2.936,0.09477113615253793,0.2631031944337026,130.16582830001062,117.372252750235,697382,131.31762170000002
Hybrid GWO-ABC,3,45,ch_percentage,0.03,1077.0,1093.0,1124.0,False,False,False,1124,109266.0,27.208223178512814,22.791776821487186,0.0,50.0,109366,109263,3149,12596000.0,0.9990582082182763,28.671950966774478,35.64459213622543,2.876,0.07911757178404503,0.24161939773782026,130.99694030006867,116.54532055166251,706599,132.15016869999818
Hybrid GWO-ABC,4,46,ch_percentage,0.03,1054.0,1094.0,1135.0,False,False,False,1135,109528.0,27.325075627209234,22.674924372790766,0.0,50.0,109628,109521,3099,12396000.0,0.9990239719779619,27.818604195241512,34.787882364545645,2.852,0.08863275307254774,0.2711397559199119,144.79068280001593,127.5688835242431,713971,146.0862382000014
LEACH,0,42,ch_percentage,0.03,925.0,1055.0,1220.0,False,False,False,1220,106485.0,26.410673403683884,23.589326596316116,0.0,50.0,106585,105471,8743,34972000.0,0.989548247877281,34.24108670682501,37.8735191974083,3.012,0.34012879299993715,1.6325250382720142,0.045129399972211104,0.036991311452632056,0,2.1488549999994575
LEACH,1,43,ch_percentage,0.03,927.0,1065.0,1221.0,False,False,False,1221,106222.0,26.366707109553204,23.633292890446796,0.0,50.0,106322,104956,10093,40372000.0,0.9871522356614811,35.21667499355521,38.66000072533392,3.004,0.3367237947228141,1.8412080224545078,0.06069439993734704,0.04970876325745049,0,2.4584748999986914
LEACH,2,44,ch_percentage,0.03,891.0,1062.0,1311.0,False,False,False,1311,106458.0,26.451924473104558,23.548075526895442,0.0,50.0,106558,105315,10544,42176000.0,0.9883349912723587,34.76625418497052,39.59345369736324,2.994,0.3218368423151017,1.7876901752729986,0.06413419992895797,0.04892006096793133,0,2.589414099995338
LEACH,3,45,ch_percentage,0.03,878.0,1074.0,1249.0,False,False,False,1249,107805.0,26.880863746057617,23.119136253942383,0.0,50.0,107905,106296,10601,42404000.0,0.9850887354617488,33.256080850208875,36.83068081547135,2.986,0.35361122374001364,1.92786759425508,0.06434549992263783,0.051517614029333726,0,2.5463989000054426
LEACH,4,46,ch_percentage,0.03,836.0,1098.0,1259.0,False,False,False,1259,108624.0,26.9173448658531,23.0826551341469,0.0,50.0,108724,107307,10279,41116000.0,0.9869669990066591,32.131976787341564,35.78664079228119,2.996,0.35165363874660793,1.553470891566914,0.062975400040159,0.05002017477375616,0,2.1415663000007044
ABC,0,42,ch_percentage,0.05,1138.0,1147.0,1159.0,False,False,False,1159,114641.0,28.228662846299308,21.771337153700692,0.0,50.0,114741,114637,5512,22048000.0,0.9990936108278645,21.55646997001877,37.31883359325321,4.788,0.16442685636740959,0.24472622041270561,124.77600320001875,107.65832890424396,723004,126.25670280000122
ABC,1,43,ch_percentage,0.05,1111.0,1131.0,1167.0,False,False,False,1167,113217.0,28.04736901300312,21.95263098699688,0.0,50.0,113317,113133,5369,21476000.0,0.9983762365752712,23.0847771715484,38.02775011915061,4.826,0.14653479217524254,0.22810226722442395,121.15440850007144,103.81697386467133,729088,122.53958369999964
ABC,2,44,ch_percentage,0.05,1134.0,1147.0,1173.0,False,False,False,1173,114743.0,28.250699932935106,21.749300067064894,0.0,50.0,114843,114701,5594,22376000.0,0.9987635293400555,21.223038569919876,39.27932503971907,4.856,0.14911993058553236,0.2553690592610006,118.35743590008497,100.90147988072034,731625,119.90984249999747
ABC,3,45,ch_percentage,0.05,1124.0,1138.0,1166.0,False,False,False,1166,113877.0,28.13977686263858,21.86022313736142,0.0,50.0,113977,113877,5371,21484000.0,0.9991226300042991,22.316009666425064,36.84882639544165,4.754,0.15838563382409768,0.24293228243094034,118.12368590003462,101.30676320757686,728102,119.48561540000082
ABC,4,46,ch_percentage,0.05,1115.0,1140.0,1166.0,False,False,False,1166,114118.0,28.20807017579358,21.79192982420642,0.0,50.0,114218,114118,5294,21176000.0,0.9991244812551436,21.74173731101898,35.86225758761546,4.758,0.16597878476714378,0.27016448267560395,120.58304739998857,103.41599262434697,727627,121.94232890000058
GWO,0,42,ch_percentage,0.05,1135.0,1146.0,1163.0,False,False,False,1163,114574.0,28.219625932753207,21.780374067246793,0.0,50.0,114674,114504,5517,22068000.0,0.9985175366691665,21.62509786352292,37.218260811017245,4.824,0.1785993634314824,0.24448074393931807,61.650720799814735,53.01007807378739,721060,62.974153600000136
GWO,1,43,ch_percentage,0.05,1119.0,1130.0,1173.0,False,False,False,1173,113242.0,28.045338016193128,21.954661983806872,0.0,50.0,113342,113240,5379,21516000.0,0.9991000688182669,23.08919381305912,38.12453213972811,4.824,0.1690189329347242,0.23095116178115566,61.62063600003603,52.532511508982125,727260,63.01129970000329
GWO,2,44,ch_percentage,0.05,1138.0,1148.0,1164.0,False,False,False,1164,114759.0,28.227595401241214,21.772404598758786,0.0,50.0,114859,114689,5643,22572000.0,0.9985199244290827,21.417307034674337,39.34434610490987,4.916,0.16781366050125382,0.25704315007139383,61.13258100011444,52.5193994846344,721680,62.42085560000123
GWO,3,45,ch_percentage,0.05,1128.0,1137.0,1167.0,False,False,False,1167,113764.0,28.12604089530666,21.87395910469334,0.0,50.0,113864,113681,5359,21436000.0,0.9983928195039696,22.43283159058315,36.80596944892267,4.81,0.1771822091743212,0.24339101270258692,63.787206699977105,54.65913170520746,723540,65.15885549999803
GWO,4,46,ch_percentage,0.05,1129.0,1142.0,1161.0,False,False,False,1161,114211.0,28.23274317458141,21.76725682541859,0.0,50.0,114311,114065,5341,21364000.0,0.9978479761352801,21.576614613167642,35.76515530097565,4.828,0.17677680616615998,0.2685769523850194,59.71824669990747,51.436904995613666,719820,61.00518700000248
Hybrid GWO-ABC,0,42,ch_percentage,0.05,1132.0,1146.0,1160.0,False,False,False,1160,114576.0,28.2100360217735,21.7899639782265,0.0,50.0,114676,114457,5516,22064000.0,0.9980902717220691,21.717517709296864,37.211609458693694,4.83,0.15128512308458247,0.23957350571580852,158.99334389999785,137.06322749999816,727486,160.39966239999922
Hybrid GWO-ABC,1,43,ch_percentage,0.05,1122.0,1132.0,1177.0,False,False,False,1177,113376.0,28.034513729496283,21.965486270503717,0.0,50.0,113476,113288,5431,21724000.0,0.9983432620113504,23.179428194142286,38.073941812802076,4.816,0.1458399736625261,0.22824062097097988,182.20229629997993,154.8022908241121,739009,183.78326020000168
Hybrid GWO-ABC,2,44,ch_percentage,0.05,1140.0,1148.0,1157.0,False,False,False,1157,114723.0,28.25158652514701,21.74841347485299,0.0,50.0,114823,114549,5616,22464000.0,0.9976137185058742,21.22537864279103,39.44597635824858,4.876,0.1437741169789475,0.25556488082877593,219.53385260004507,189.74403854800784,725295,221.41333179999856
Hybrid GWO-ABC,3,45,ch_percentage,0.05,1127.0,1136.0,1152.0,False,False,False,1152,113655.0,28.0952086334834,21.9047913665166,0.0,50.0,113755,113592,5329,21316000.0,0.9985670959518262,22.675276011138166,36.627835965502285,4.734,0.14623509491062808,0.24244890284035706,219.61621079999168,190.63907187499277,723385,221.51112889999786
Hybrid GWO-ABC,4,46,ch_percentage,0.05,1131.0,1141.0,1164.0,False,False,False,1164,114151.0,28.201672134665444,21.798327865334556,0.0,50.0,114251,114089,5330,21320000.0,0.998582069303551,21.779004353247235,35.60349362983361,4.786,0.1535214295995837,0.2664357420739245,221.0717148999356,189.92415369410276,730682,222.93656429999828
LEACH,0,42,ch_percentage,0.05,887.0,1108.0,1297.0,False,False,False,1297,110318.0,27.447991395230233,22.552008604769767,0.0,50.0,110418,109533,6751,27004000.0,0.9919850024452534,26.547949468793895,37.580062012514986,5.0,0.46099739253260624,1.2866845539151486,0.06733819999499246,0.051918427135691954,0,2.299988700004178
LEACH,1,43,ch_percentage,0.05,877.0,1095.0,1242.0,False,False,False,1242,109647.0,27.374957924647834,22.625042075352166,0.0,50.0,109747,108726,6826,27304000.0,0.9906967844223532,27.389386354704342,38.61342291403188,5.0,0.44051288481262335,1.4095189180429162,0.061178800046036486,0.049258293112750796,0,2.4694202999962727
LEACH,2,44,ch_percentage,0.05,931.0,1099.0,1268.0,False,False,False,1268,110154.0,27.393252366663823,22.606747633336177,0.0,50.0,110254,108913,7190,28760000.0,0.9878371759754748,26.815667152289567,39.70173121213674,5.0,0.44268873116875845,1.1196981600891,0.05894940016878536,0.04649006322459413,0,2.522766000001866
LEACH,3,45,ch_percentage,0.05,875.0,1102.0,1304.0,False,False,False,1304,110464.0,27.613280994834977,22.386719005165023,0.0,50.0,110564,109190,6982,27928000.0,0.9875728085090988,26.063174115998045,36.90028256524682,5.0,0.4517740808823693,1.3988825190404226,0.059038500068709254,0.04527492336557458,0,2.4481262999979663
LEACH,4,46,ch_percentage,0.05,849.0,1119.0,1365.0,False,False,False,1365,111369.0,27.682337551449596,22.317662448550404,0.0,50.0,111469,110208,7366,29464000.0,0.9886874377629655,25.357728958997214,35.827171155165864,5.0,0.45780510057702767,1.346818178995587,0.06301860000530723,0.04616747253136061,0,2.544613500002015
ABC,0,42,ch_percentage,0.08,1172.0,1180.0,1198.0,False,False,False,1198,117944.0,28.827079978584962,21.172920021415038,0.0,50.0,118044,117830,8977,35908000.0,0.9981871166683609,17.290936966106784,37.34926455062876,7.634,0.20913120634426574,0.2411855855937273,121.18991600013032,101.16019699510043,745012,122.55512680000174
ABC,1,43,ch_percentage,0.08,1160.0,1166.0,1183.0,False,False,False,1183,116600.0,28.646082824788095,21.353917175211905,0.0,50.0,116700,116442,8397,33588000.0,0.9977892030848329,18.796113063844235,38.35856393523923,7.326,0.211148724397247,0.23398662197976786,123.42842060001567,104.3350977176802,736864,124.88418929999898
ABC,2,44,ch_percentage,0.08,1179.0,1185.0,1195.0,False,False,False,1195,118391.0,28.894103736457527,21.105896263542473,0.0,50.0,118491,118242,9290,37160000.0,0.9978985745752842,16.40690056300877,39.308624746421245,7.828,0.17046571613678582,0.2421524069455557,123.02344430001176,102.94848895398474,741641,124.47882900000332
ABC,3,45,ch_percentage,0.08,1166.0,1175.0,1188.0,False,False,False,1188,117456.0,28.780492006300065,21.219507993699935,0.0,50.0,117556,117251,8773,35092000.0,0.9974054918506924,17.73889539893716,37.13680035390593,7.574,0.21121121411443608,0.23955331026139698,120.3559167999847,101.3096942760814,738758,121.72871329999907
ABC,4,46,ch_percentage,0.08,1177.0,1183.0,1192.0,False,False,False,1192,118209.0,28.886285786440496,21.113714213559504,0.0,50.0,118309,118034,9015,36060000.0,0.9976755783583666,16.859160309819853,36.03368402393548,7.748,0.22161111735012887,0.25910550084116324,119.72678769996855,100.44193598990651,739477,120.996178100002
GWO,0,42,ch_percentage,0.08,1174.0,1180.0,1222.0,False,False,False,1222,117980.0,28.845464604808704,21.154535395191296,0.0,50.0,118080,117890,9136,36544000.0,0.998390921409214,17.204751253238843,37.3379725276598,7.764,0.21485748499746393,0.23669230306841507,68.12302950003505,55.747159983662065,757640,69.58738679999806
GWO,1,43,ch_percentage,0.08,1155.0,1163.0,1191.0,False,False,False,1191,116303.0,28.582989053774284,21.417010946225716,0.0,50.0,116403,116106,8109,32436000.0,0.9974485193680576,19.28751831136813,38.20632057017199,7.126,0.2099840140136843,0.23544788179283274,65.99432230005186,55.410849958062016,738420,67.4143064000018
GWO,2,44,ch_percentage,0.08,1176.0,1185.0,1194.0,False,False,False,1194,118358.0,28.893632776541118,21.106367223458882,0.0,50.0,118458,118165,9294,37176000.0,0.9975265494943355,16.481063329882915,39.231086960553704,7.894,0.1867118810264082,0.24233034481113103,66.32641989997501,55.54976541036433,740280,67.7666825999986
GWO,3,45,ch_percentage,0.08,1166.0,1173.0,1194.0,False,False,False,1194,117295.0,28.772161048689835,21.227838951310165,0.0,50.0,117395,117182,8588,34352000.0,0.9981856126751565,17.813805251604947,37.02678473744997,7.558,0.2183235778876441,0.23852243503270987,69.33456140002818,58.06914690119613,740280,70.76907689999643
GWO,4,46,ch_percentage,0.08,1177.0,1184.0,1193.0,False,False,False,1193,118378.0,28.891720892091683,21.108279107908317,0.0,50.0,118478,118250,9182,36728000.0,0.9980755920930469,16.79077476782617,36.11821272296141,7.746,0.21607754612028152,0.25477669016102966,64.44323749998148,54.01780176025271,739660,65.83386240000254
Hybrid GWO-ABC,0,42,ch_percentage,0.08,1173.0,1181.0,1198.0,False,False,False,1198,118024.0,28.830621821522247,21.169378178477753,0.0,50.0,118124,117774,9055,36220000.0,0.9970370119535403,17.304745484947567,37.280366564129544,7.68,0.1925655210169662,0.23495452232622852,225.80614150008114,188.48592779639495,749852,227.7621352999995
Hybrid GWO-ABC,1,43,ch_percentage,0.08,1157.0,1164.0,1178.0,False,False,False,1178,116357.0,28.612126331672087,21.387873668327913,0.0,50.0,116457,116194,8189,32756000.0,0.9977416557184197,19.094355106499126,38.20622926254571,7.26,0.1943254442798294,0.23094359679991994,221.55883880008696,188.08050831925888,738632,223.4672118999988
Hybrid GWO-ABC,2,44,ch_percentage,0.08,1178.0,1184.0,1199.0,False,False,False,1199,118301.0,28.888710178822148,21.111289821177852,0.0,50.0,118401,118132,9237,36948000.0,0.9977280597292253,16.522631524218735,39.22430824151256,7.864,0.16337940347025673,0.241471619389063,225.1067161000392,187.7453845705081,749488,227.05468090000068
Hybrid GWO-ABC,3,45,ch_percentage,0.08,1166.0,1172.0,1194.0,False,False,False,1194,117234.0,28.759943899230954,21.240056100769046,0.0,50.0,117334,117177,8523,34092000.0,0.9986619394207987,17.902190200860684,37.0710320910969,7.502,0.19706917985706893,0.23813726930543028,222.7990553999116,186.5988738692727,748250,224.7519614999983
Hybrid GWO-ABC,4,46,ch_percentage,0.08,1174.0,1181.0,1190.0,False,False,False,1190,118068.0,28.870300545452523,21.129699454547477,0.0,50.0,118168,117881,8891,35564000.0,0.9975712544851398,17.008782213354966,35.993666316515736,7.672,0.19492284932985654,0.2556173862202787,222.94542000001456,187.34909243698704,744144,224.85928710000007
LEACH,0,42,ch_percentage,0.08,971.0,1151.0,1332.0,False,False,False,1332,115660.0,28.49153638183283,21.50846361816717,0.0,50.0,115760,114773,9766,39064000.0,0.9914737387698687,20.055725431550545,37.65578124294382,7.998,0.5263938621934151,0.9925465890171759,0.06327809993672417,0.04750608103357671,0,2.6457455000054324
LEACH,1,43,ch_percentage,0.08,974.0,1145.0,1353.0,False,False,False,1353,114730.0,28.44751001974113,21.55248998025887,0.0,50.0,114830,113963,9777,39108000.0,0.9924497082643908,20.64614159968845,38.27277132645297,7.992,0.5075723692597702,0.9180037096743012,0.06384729990531923,0.047189430824330546,0,2.6763189999983297
LEACH,2,44,ch_percentage,0.08,992.0,1146.0,1345.0,False,False,False,1345,115251.0,28.43449961544142,21.56550038455858,0.0,50.0,115351,114631,9836,39344000.0,0.993758181550225,20.356902707973102,39.667852792520705,8.012,0.5261369381858384,1.1089660599287845,0.06743570012622513,0.05013806700834582,0,2.70689780000248
LEACH,3,45,ch_percentage,0.08,948.0,1134.0,1409.0,False,False,False,1409,115311.0,28.501890923073592,21.498109076926408,0.0,50.0,115411,114382,9802,39208000.0,0.9910840387831316,20.17186926444949,36.916070533176374,7.99,0.5086055894296326,1.3262280892320846,0.059645700071996544,0.04233193759545532,0,2.688779299998714
LEACH,4,46,ch_percentage,0.08,899.0,1149.0,1450.0,False,False,False,1450,115934.0,28.59383229468725,21.40616770531275,0.0,50.0,116034,115230,9989,39956000.0,0.9930709964320803,19.405999180308562,36.065864658866644,8.032,0.5120903170926235,1.3136940007305515,0.07174900004611118,0.04948206899731805,0,2.9111091000013403
ABC,0,42,ch_percentage,0.1,1190.0,1196.0,1218.0,False,False,False,1218,119604.0,29.118486146065035,20.881513853934965,0.0,50.0,119704,119457,11435,45740000.0,0.9979365768896612,15.361099089658353,37.19591175383731,9.56,0.2295776717407274,0.23622892705607756,128.00476960002197,105.09422791463216,756066,129.41529509999964
ABC,1,43,ch_percentage,0.1,1175.0,1180.0,1201.0,False,False,False,1201,117957.0,28.899156593301957,21.100843406698043,0.0,50.0,118057,117773,10112,40448000.0,0.9975943823746156,17.09040735067308,38.38197699590017,8.942,0.23922883743357937,0.23570167440294745,128.5763933999806,107.05777968358083,747737,130.0060228000002
ABC,2,44,ch_percentage,0.1,1194.0,1200.0,1208.0,False,False,False,1208,119849.0,29.14736392370452,20.85263607629548,0.0,50.0,119949,119701,11649,46596000.0,0.9979324546265497,14.773601078535128,39.12962983158325,9.732,0.20507500198083334,0.2412196388967595,123.68345260003844,102.3869640728795,748395,125.0779392000004
ABC,3,45,ch_percentage,0.1,1181.0,1189.0,1208.0,False,False,False,1208,118871.0,29.04531218269477,20.95468781730523,0.0,50.0,118971,118687,10732,42928000.0,0.9976128636390381,16.019038397809993,37.15979319618564,9.322,0.24680558871143063,0.24009382939814475,125.5750795000713,103.95288038085373,750753,127.00088890000188
ABC,4,46,ch_percentage,0.1,1191.0,1198.0,1206.0,False,False,False,1206,119737.0,29.155048912805412,20.844951087194588,0.0,50.0,119837,119625,11385,45540000.0,0.9982309303470548,15.147858279649906,35.98230551287569,9.656,0.24823534831650237,0.2571295967373771,125.19383070002004,103.80914651742955,747217,126.67642440000054
GWO,0,42,ch_percentage,0.1,1189.0,1196.0,1208.0,False,False,False,1208,119536.0,29.12129714393016,20.87870285606984,0.0,50.0,119636,119333,11335,45340000.0,0.9974673175298405,15.383138228575001,37.23106556606044,9.62,0.2312974178515193,0.23655763998240548,69.30535970010533,57.37198650670971,748960,70.73799760000111
GWO,1,43,ch_percentage,0.1,1169.0,1176.0,1195.0,False,False,False,1195,117538.0,28.867394023888238,21.132605976111762,0.0,50.0,117638,117258,9566,38264000.0,0.9967697512708479,17.299098985789488,38.36251667234844,8.676,0.22897605367421175,0.2367224637869139,65.44616669999232,54.76666669455424,740900,66.83807320000051
GWO,2,44,ch_percentage,0.1,1194.0,1199.0,1208.0,False,False,False,1208,119827.0,29.156487840724697,20.843512159275303,0.0,50.0,119927,119643,11665,46660000.0,0.997631892734747,14.74506513584847,39.22315831538292,9.844,0.2126330877738378,0.23911696774680474,63.124345800082665,52.255253145763795,748960,64.43637160000071
GWO,3,45,ch_percentage,0.1,1180.0,1188.0,1203.0,False,False,False,1203,118744.0,29.01933721041181,20.98066278958819,0.0,50.0,118844,118459,10491,41964000.0,0.9967604590892262,16.175189690832024,37.13809446554586,9.114,0.2386646845453106,0.2403183295925927,66.36508590012818,55.166322443996826,745860,67.77580630000011
GWO,4,46,ch_percentage,0.1,1190.0,1198.0,1205.0,False,False,False,1205,119674.0,29.13576281239366,20.86423718760634,0.0,50.0,119774,119471,11253,45012000.0,0.9974702356103996,15.273217067579939,35.99100995829779,9.514,0.23979047497733816,0.2563021067428001,67.88578409994807,56.336750290413335,747100,69.36713379999856
Hybrid GWO-ABC,0,42,ch_percentage,0.1,1187.0,1194.0,1215.0,False,False,False,1215,119432.0,29.096918519924238,20.903081480075762,0.0,50.0,119532,119286,11163,44652000.0,0.99794197369742,15.53329167365353,37.25187849766358,9.454,0.2064946930914678,0.23430198189224163,214.1678149000545,176.26980650210248,759987,216.0229572999997
Hybrid GWO-ABC,1,43,ch_percentage,0.1,1171.0,1177.0,1190.0,False,False,False,1190,117639.0,28.883521886027893,21.116478113972107,0.0,50.0,117739,117455,9735,38940000.0,0.9975878850678195,17.235464659689903,38.26893574116456,8.76,0.22063966816741554,0.2351141909280543,205.3067801000616,172.5267059664383,745867,207.10171289999926
Hybrid GWO-ABC,2,44,ch_percentage,0.1,1193.0,1199.0,1204.0,False,False,False,1204,119784.0,29.149064625271723,20.850935374728277,0.0,50.0,119884,119600,11628,46512000.0,0.9976310433418971,14.81148593557336,39.07709233312776,9.778,0.18373084795022548,0.23691522200267515,183.61764190010217,152.5063470931081,750897,185.21176430000196
Hybrid GWO-ABC,3,45,ch_percentage,0.1,1180.0,1187.0,1203.0,False,False,False,1203,118671.0,29.010257540743137,20.989742459256863,0.0,50.0,118771,118468,10383,41532000.0,0.9974488721994427,16.263710885082087,36.948819389767976,9.048,0.21930558711453405,0.24040358612094875,145.3864705000451,120.85325893603084,753044,146.6508427000008
Hybrid GWO-ABC,4,46,ch_percentage,0.1,1191.0,1197.0,1208.0,False,False,False,1208,119672.0,29.133884752600444,20.866115247399556,0.0,50.0,119772,119516,11283,45132000.0,0.9978626056173396,15.299649987042924,35.992036809272776,9.508,0.2246925439779736,0.25456374839568074,144.44105539994416,119.57041009929152,754458,145.72174839999934
LEACH,0,42,ch_percentage,0.1,995.0,1175.0,1432.0,False,False,False,1432,117822.0,28.906914476506753,21.093085523493247,0.0,50.0,117922,117217,12314,49256000.0,0.9940214718203558,17.55400412460061,37.63311765951693,10.0,0.552637124445199,0.8298023073937668,0.05609979994915193,0.03917583795331839,0,2.7514931999976397
LEACH,1,43,ch_percentage,0.1,1020.0,1163.0,1438.0,False,False,False,1438,117126.0,28.797555501272186,21.202444498727814,0.0,50.0,117226,116586,12165,48660000.0,0.9945404603074404,18.54589498451662,38.45216098012858,10.0,0.5349821379872369,0.9156264469009384,0.07270999989123084,0.05056328226093938,0,3.0619635000039125
LEACH,2,44,ch_percentage,0.1,1003.0,1174.0,1362.0,False,False,False,1362,117674.0,28.84867962101,21.15132037899,0.0,50.0,117774,116981,12119,48476000.0,0.9932667651603919,17.78874610858939,39.63227814536678,10.0,0.5473935330169352,0.9827999591703293,0.06005530012771487,0.04409346558569374,0,2.763311300004716
LEACH,3,45,ch_percentage,0.1,1016.0,1158.0,1457.0,False,False,False,1457,117561.0,28.895713530965,21.104286469035,0.0,50.0,117661,116832,12219,48876000.0,0.992954334911313,17.82631894901779,37.02267883945685,10.0,0.5431705871229822,0.9247395198570862,0.07022850009525428,0.04820075504135503,0,2.9986791999981506
LEACH,4,46,ch_percentage,0.1,965.0,1169.0,1491.0,False,False,False,1491,118181.0,29.008200144297117,20.991799855702883,0.0,50.0,118281,117671,12340,49360000.0,0.994842789628089,16.80655325048401,36.0334226722695,10.0,0.5394587188743161,0.6851053257274644,0.07027859988011187,0.04713521118719777,0,3.0230577000038465
GWO,0,42,gwo_population,10,1136.0,1147.0,1161.0,False,False,False,1161,114615.0,28.224814606708794,21.775185393291206,0.0,50.0,114715,114395,5549,22196000.0,0.9972104781414811,21.58543240743762,37.371657407155716,4.878,0.19214191537056893,0.24695333130280772,43.716672800073866,37.65432627052012,359910,45.05477520000568
GWO,1,43,gwo_population,10,1121.0,1132.0,1168.0,False,False,False,1168,113198.0,28.026618629751734,21.973381370248266,0.0,50.0,113298,113024,5367,21468000.0,0.9975815989690904,23.20889925452171,38.23694503823445,4.816,0.18945968619744163,0.23526719220289913,44.19768270010536,37.84048176378884,362080,45.44100980000076
GWO,2,44,gwo_population,10,1142.0,1149.0,1163.0,False,False,False,1163,114883.0,28.280753713825003,21.719246286174997,0.0,50.0,114983,114718,5662,22648000.0,0.9976953114808276,20.98506088309353,39.48678436275851,4.922,0.17871662044553097,0.2577639225402938,44.68495010015613,38.42214110073614,360530,45.97966099999758
GWO,3,45,gwo_population,10,1126.0,1136.0,1176.0,False,False,False,1176,113750.0,28.119581520446935,21.880418479553065,0.0,50.0,113850,113604,5349,21396000.0,0.9978392621870883,22.43917907517221,36.835650722624294,4.77,0.18057491745801907,0.24656557533769055,46.017429600186006,39.130467347096946,364560,47.287127400006284
GWO,4,46,gwo_population,10,1129.0,1140.0,1162.0,False,False,False,1162,114151.0,28.2162519950096,21.7837480049904,0.0,50.0,114251,114075,5340,21360000.0,0.9984595320828702,21.663842680832335,35.96152942438581,4.808,0.19113117579241679,0.2705899479964768,46.374803099977726,39.909469104972224,360220,47.66956729999947
Hybrid GWO-ABC,0,42,gwo_population,10,1134.0,1146.0,1157.0,False,False,False,1157,114520.0,28.205879855077136,21.794120144922864,0.0,50.0,114620,114424,5492,21968000.0,0.9982900017448961,21.758938102378423,37.11782545571345,4.796,0.14902201344820593,0.23999509484207188,135.16540280002664,116.8240300778104,545467,136.50285190000068
Hybrid GWO-ABC,1,43,gwo_population,10,1125.0,1133.0,1157.0,False,False,False,1157,113318.0,28.04153663915198,21.95846336084802,0.0,50.0,113418,113213,5417,21668000.0,0.9981925267594209,23.102492518869685,37.9470325339659,4.85,0.13767274036060245,0.22446321507580017,133.19045149999874,115.1170713050983,545982,134.5480635999993
Hybrid GWO-ABC,2,44,gwo_population,10,1139.0,1148.0,1159.0,False,False,False,1159,114705.0,28.252525572551214,21.747474427448786,0.0,50.0,114805,114611,5614,22456000.0,0.9983101781281303,21.246605514212387,39.36393755526712,4.896,0.14164248600944065,0.25331219802746885,135.34033940003428,116.77337308027117,546211,136.66127779999806
Hybrid GWO-ABC,3,45,gwo_population,10,1125.0,1137.0,1161.0,False,False,False,1161,113771.0,28.13313430205023,21.86686569794977,0.0,50.0,113871,113703,5378,21512000.0,0.9985246463102985,22.387309759560452,36.695099059433744,4.814,0.14906998189902232,0.24039422283078374,135.53881950001232,116.7431692506566,548193,136.85841620000065
Hybrid GWO-ABC,4,46,gwo_population,10,1127.0,1142.0,1163.0,False,False,False,1163,114269.0,28.20500123531175,21.79499876468825,0.0,50.0,114369,114169,5400,21600000.0,0.9982512743837928,21.792650424512015,35.71146595949254,4.808,0.16134444668688785,0.26731743449627243,137.9127161999968,118.58359088563783,548618,139.20468139999866
GWO,0,42,gwo_population,20,1135.0,1146.0,1163.0,False,False,False,1163,114574.0,28.219625932753207,21.780374067246793,0.0,50.0,114674,114504,5517,22068000.0,0.9985175366691665,21.62509786352292,37.218260811017245,4.824,0.1785993634314824,0.24448074393931807,58.84695030007424,50.59926938957372,721060,60.15272299999924
GWO,1,43,gwo_population,20,1119.0,1130.0,1173.0,False,False,False,1173,113242.0,28.045338016193128,21.954661983806872,0.0,50.0,113342,113240,5379,21516000.0,0.9991000688182669,23.08919381305912,38.12453213972811,4.824,0.1690189329347242,0.23095116178115566,60.80477030012844,51.83697382790148,727260,62.27794939999876
GWO,2,44,gwo_population,20,1138.0,1148.0,1164.0,False,False,False,1164,114759.0,28.227595401241214,21.772404598758786,0.0,50.0,114859,114689,5643,22572000.0,0.9985199244290827,21.417307034674337,39.34434610490987,4.916,0.16781366050125382,0.25704315007139383,60.93845870010409,52.35262774923032,721680,62.335674299996754
GWO,3,45,gwo_population,20,1128.0,1137.0,1167.0,False,False,False,1167,113764.0,28.12604089530666,21.87395910469334,0.0,50.0,113864,113681,5359,21436000.0,0.9983928195039696,22.43283159058315,36.80596944892267,4.81,0.1771822091743212,0.24339101270258692,59.901218299914035,51.32923590395376,723540,61.24982660000387
GWO,4,46,gwo_population,20,1129.0,1142.0,1161.0,False,False,False,1161,114211.0,28.23274317458141,21.76725682541859,0.0,50.0,114311,114065,5341,21364000.0,0.9978479761352801,21.576614613167642,35.76515530097565,4.828,0.17677680616615998,0.2685769523850194,59.40120279995608,51.163826701081895,719820,60.80348519999825
Hybrid GWO-ABC,0,42,gwo_population,20,1132.0,1146.0,1160.0,False,False,False,1160,114576.0,28.2100360217735,21.7899639782265,0.0,50.0,114676,114457,5516,22064000.0,0.9980902717220691,21.717517709296864,37.211609458693694,4.83,0.15128512308458247,0.23957350571580852,144.97621359997356,124.97949448273583,727486,146.31194450000112
Hybrid GWO-ABC,1,43,gwo_population,20,1122.0,1132.0,1177.0,False,False,False,1177,113376.0,28.034513729496283,21.965486270503717,0.0,50.0,113476,113288,5431,21724000.0,0.9983432620113504,23.179428194142286,38.073941812802076,4.816,0.1458399736625261,0.22824062097097988,147.75334259994997,125.53385097701782,739009,149.13151049999942
Hybrid GWO-ABC,2,44,gwo_population,20,1140.0,1148.0,1157.0,False,False,False,1157,114723.0,28.25158652514701,21.74841347485299,0.0,50.0,114823,114549,5616,22464000.0,0.9976137185058742,21.22537864279103,39.44597635824858,4.876,0.1437741169789475,0.25556488082877593,142.79581439998583,123.41902713914074,725295,144.08772240000326
Hybrid GWO-ABC,3,45,gwo_population,20,1127.0,1136.0,1152.0,False,False,False,1152,113655.0,28.0952086334834,21.9047913665166,0.0,50.0,113755,113592,5329,21316000.0,0.9985670959518262,22.675276011138166,36.627835965502285,4.734,0.14623509491062808,0.24244890284035706,143.90380400000868,124.91649652778531,723385,145.16892310000185
Hybrid GWO-ABC,4,46,gwo_population,20,1131.0,1141.0,1164.0,False,False,False,1164,114151.0,28.201672134665444,21.798327865334556,0.0,50.0,114251,114089,5330,21320000.0,0.998582069303551,21.779004353247235,35.60349362983361,4.786,0.1535214295995837,0.2664357420739245,143.15999750008996,122.98968857396045,730682,144.41115799999898
GWO,0,42,gwo_population,30,1137.0,1146.0,1160.0,False,False,False,1160,114525.0,28.229998762906373,21.770001237093627,0.0,50.0,114625,114483,5498,21992000.0,0.9987611777535441,21.56213263177738,37.23116615992423,4.874,0.17548128978231034,0.24280738577820188,80.60559540012764,69.48758224148935,1078800,82.14743029999954
GWO,1,43,gwo_population,30,1117.0,1131.0,1166.0,False,False,False,1166,113215.0,28.025226419276425,21.974773580723575,0.0,50.0,113315,113185,5359,21436000.0,0.9988527555928165,23.18803889445412,38.17210045811563,4.804,0.17044275436800957,0.23191928203229945,81.47433879972232,69.87507615756631,1084380,82.84194659999775
GWO,2,44,gwo_population,30,1139.0,1148.0,1163.0,False,False,False,1163,114782.0,28.256634890307446,21.743365109692554,0.0,50.0,114882,114668,5632,22528000.0,0.9981372190595568,21.184311685539186,39.47639700629344,4.926,0.16310312696311394,0.25564536676813115,81.59110830011196,70.15572510757691,1081590,83.03055640000093
GWO,3,45,gwo_population,30,1124.0,1137.0,1175.0,False,False,False,1175,113719.0,28.11847219491934,21.88152780508066,0.0,50.0,113819,113356,5311,21244000.0,0.9959321378680185,22.50993882174835,36.76502841823475,4.764,0.16997936216975187,0.2441356018990251,83.91560190005839,71.4175335319646,1092750,85.34259399999428
GWO,4,46,gwo_population,30,1133.0,1143.0,1159.0,False,False,False,1159,114262.0,28.228535675615994,21.771464324384006,0.0,50.0,114362,114257,5353,21412000.0,0.9990818628565432,21.59807230048516,35.83750189113326,4.814,0.1783111862324648,0.2699090510304385,79.87452869997651,68.91676333043702,1077870,81.26518520000536
Hybrid GWO-ABC,0,42,gwo_population,30,1133.0,1145.0,1162.0,False,False,False,1162,114453.0,28.204936525176574,21.795063474823426,0.0,50.0,114553,114388,5495,21980000.0,0.9985596186917846,21.73621316563849,37.19812750761745,4.82,0.15308118131533974,0.24078733702277283,156.66743649997807,134.8256768502393,909452,157.94798159999846
Hybrid GWO-ABC,1,43,gwo_population,30,1111.0,1131.0,1176.0,False,False,False,1176,113291.0,28.043350944107587,21.956649055892413,0.0,50.0,113391,113284,5403,21612000.0,0.9990563624979055,23.09539251063326,38.01638185335096,4.838,0.13700320564349858,0.2262092775681337,155.19725180003297,131.97045221091238,921282,156.51805160000004
Hybrid GWO-ABC,2,44,gwo_population,30,1140.0,1147.0,1160.0,False,False,False,1160,114689.0,28.241091821715152,21.758908178284848,0.0,50.0,114789,114687,5616,22464000.0,0.999111413114497,21.296387600973066,39.374231257792275,4.894,0.1432835577765669,0.2534475463895926,149.4622299000548,128.84674991384034,907423,150.68449630000032
Hybrid GWO-ABC,3,45,gwo_population,30,1128.0,1136.0,1160.0,False,False,False,1160,113678.0,28.121687034528172,21.878312965471828,0.0,50.0,113778,113610,5321,21284000.0,0.9985234403839055,22.45651665316621,36.69880372034219,4.798,0.1538727721896077,0.24234746255248416,155.52643259997058,134.0745108620436,908572,156.8235670000031
Hybrid GWO-ABC,4,46,gwo_population,30,1128.0,1142.0,1157.0,False,False,False,1157,114089.0,28.20812121826973,21.79187878173027,0.0,50.0,114189,113963,5296,21184000.0,0.9980208251232605,21.757074618238047,35.607959189156574,4.796,0.15684402089097352,0.2673417428382245,153.98523989996102,133.09009498700175,906185,155.28124170000228
GWO,0,42,gwo_population,40,1134.0,1146.0,1157.0,False,False,False,1157,114428.0,28.208434324678322,21.791565675321678,0.0,50.0,114528,114389,5486,21944000.0,0.99878632299525,21.726077546275054,37.205407977236874,4.812,0.1669922812420799,0.24385914134149356,95.4142121999248,82.4669076922427,1434680,96.79338520000601
GWO,1,43,gwo_population,40,1121.0,1131.0,1160.0,False,False,False,1160,113182.0,28.00657030368352,21.99342969631648,0.0,50.0,113282,113178,5351,21404000.0,0.9990819371126922,23.337234594947507,38.22774290263768,4.76,0.15739478080436958,0.23240773339567786,96.6470401998231,83.31641396536473,1438400,98.0629592999976
GWO,2,44,gwo_population,40,1137.0,1149.0,1158.0,False,False,False,1158,114797.0,28.25044544825209,21.74955455174791,0.0,50.0,114897,114628,5629,22516000.0,0.9976587726398426,21.27240184027264,39.2679772079031,4.908,0.1575696195372262,0.2552923367603048,94.99560029990243,82.03419715017482,1435920,96.47273280000081
GWO,3,45,gwo_population,40,1128.0,1137.0,1164.0,False,False,False,1164,113717.0,28.13213840607946,21.86786159392054,0.0,50.0,113817,113563,5300,21200000.0,0.9977683474349175,22.4127699565261,36.7416202463474,4.748,0.1667566550020577,0.24514803818342126,94.1918110998813,80.92079991398738,1443360,95.58115220000036
GWO,4,46,gwo_population,40,1133.0,1143.0,1169.0,False,False,False,1169,114269.0,28.222251131869434,21.777748868130566,0.0,50.0,114369,114221,5370,21480000.0,0.9987059430440067,21.62779224081732,35.806743495782065,4.814,0.17233221221497597,0.26866081415408694,96.46661670016329,82.52063019688904,1449560,97.89605750000192
Hybrid GWO-ABC,0,42,gwo_population,40,1137.0,1146.0,1163.0,False,False,False,1163,114619.0,28.222483571944352,21.777516428055648,0.0,50.0,114719,114548,5540,22160000.0,0.998509401232577,21.63704171351911,37.15290328025082,4.824,0.1493945119485229,0.239372012024001,164.39742829999886,141.35634419604372,1090823,165.68862179999996
Hybrid GWO-ABC,1,43,gwo_population,40,1118.0,1131.0,1156.0,False,False,False,1156,113155.0,28.04715747694129,21.95284252305871,0.0,50.0,113255,113088,5351,21404000.0,0.9985254514149485,23.09465478446001,37.93162564725699,4.808,0.13589470424682304,0.2267290688041798,159.7497957999658,138.19186487886316,1084960,161.00509779999993
Hybrid GWO-ABC,2,44,gwo_population,40,1138.0,1148.0,1162.0,False,False,False,1162,114735.0,28.24904142442211,21.75095857557789,0.0,50.0,114835,114641,5591,22364000.0,0.9983106195846214,21.257088726393096,39.297036839764694,4.868,0.14080781848201848,0.2543704484719822,159.955541400097,137.65537125653785,1089829,161.38299299999926
Hybrid GWO-ABC,3,45,gwo_population,40,1126.0,1136.0,1155.0,False,False,False,1155,113629.0,28.112674595359984,21.887325404640016,0.0,50.0,113729,113507,5323,21292000.0,0.9980479912775105,22.55520785900983,36.64223505660416,4.754,0.15142018825111245,0.2426959252141243,160.27152940003361,138.763228917778,1084080,161.6541720999994
Hybrid GWO-ABC,4,46,gwo_population,40,1129.0,1142.0,1154.0,False,False,False,1154,114160.0,28.1948598659812,21.8051401340188,0.0,50.0,114260,114048,5312,21248000.0,0.9981445825310695,21.870661741437807,35.64837256325046,4.774,0.15330465590861014,0.2673414759682159,155.93853789996137,135.12871568454193,1083049,157.149301999998
ABC,0,42,initial_energy,0.25,563.0,574.0,585.0,False,False,False,585,57308.0,3.221495095551908,21.77850490444809,0.0,25.0,57408,57214,2764,11056000.0,0.9966206800445931,21.58549597154207,37.30697156511366,4.812,0.15791101944433125,0.2600431200050123,58.52585709997584,100.04420017089886,364575,59.20824370000264
ABC,1,43,initial_energy,0.25,558.0,568.0,590.0,False,False,False,590,56800.0,3.0736137620518087,21.92638623794819,0.0,25.0,56900,56749,2770,11080000.0,0.9973462214411247,22.88608015907148,38.11188606135764,4.872,0.14586598099345457,0.24335975552233977,56.07796670000971,95.04740118645714,368078,56.74566919999779
ABC,2,44,initial_energy,0.25,567.0,577.0,585.0,False,False,False,585,57517.0,3.2879216530820514,21.71207834691795,0.0,25.0,57617,57375,2840,11360000.0,0.9957998507384973,20.930451400646426,39.389066101987474,4.922,0.14066520557027232,0.2713920420187973,55.928381399997306,95.60407076922617,364357,56.62743709999995
ABC,3,45,initial_energy,0.25,558.0,570.0,582.0,False,False,False,582,56983.0,3.125019492633551,21.87498050736645,0.0,25.0,57083,56975,2738,10952000.0,0.9981080181490111,22.443850386136724,36.809988088676995,4.794,0.147947684528919,0.2612204884374184,55.96134700001494,96.15351718215625,362862,56.66913559999739
ABC,4,46,initial_energy,0.25,564.0,573.0,584.0,False,False,False,584,57268.0,3.22811971714047,21.77188028285953,0.0,25.0,57368,57196,2750,11000000.0,0.997001812857342,21.557209258161965,35.9136041716261,4.792,0.16669420306521418,0.28512596081284064,57.897195500056114,99.13903339050704,363746,58.592949099998805
GWO,0,42,initial_energy,0.25,563.0,575.0,585.0,False,False,False,585,57389.0,3.259011959538922,21.740988040461076,0.0,25.0,57489,57321,2815,11260000.0,0.997077701821218,21.330936290057544,37.40436841637738,4.882,0.18089531774545725,0.2623198505738592,31.906450800008315,54.54094153847575,362700,32.5877971000009
GWO,1,43,initial_energy,0.25,558.0,567.0,609.0,False,False,False,609,56808.0,3.0647151097500163,21.935284890249985,0.0,25.0,56908,56762,2789,11156000.0,0.9974344556125676,22.946699541167675,38.120417158048205,4.866,0.16846300377998022,0.24785566720525665,32.95625760003895,54.11536551730534,377580,33.67652090000047
GWO,2,44,initial_energy,0.25,566.0,576.0,592.0,False,False,False,592,57476.0,3.290273886698704,21.709726113301297,0.0,25.0,57576,57420,2858,11432000.0,0.9972905377240517,20.945507258419,39.272755003977245,4.948,0.16119958697407338,0.2743935102157474,32.920360500051174,55.608717060897256,367040,33.626152199998614
GWO,3,45,initial_energy,0.25,561.0,570.0,587.0,False,False,False,587,57021.0,3.1472721755695687,21.85272782443043,0.0,25.0,57121,57014,2758,11032000.0,0.9981267834946868,22.258624381322836,37.00549716307767,4.826,0.17578093022240437,0.26437334939891355,31.451234999942244,53.57961669496123,363940,32.15036810000311
GWO,4,46,initial_energy,0.25,559.0,572.0,592.0,False,False,False,592,57253.0,3.2250674854932173,21.774932514506784,0.0,25.0,57353,57251,2793,11172000.0,0.9982215402855997,21.613076896929496,35.73538250836958,4.858,0.1771510068706164,0.28299871583558117,32.11508590000449,54.248455912169746,367040,32.81170359999669
Hybrid GWO-ABC,0,42,initial_energy,0.25,564.0,574.0,585.0,False,False,False,585,57363.0,3.2452542843828533,21.754745715617148,0.0,25.0,57463,57345,2829,11316000.0,0.9979465047073769,21.472291433383155,37.26735327749829,4.902,0.1456255527866561,0.25496575205109967,66.3893619999617,113.4860888888234,366403,66.98724789999687
Hybrid GWO-ABC,1,43,initial_energy,0.25,561.0,567.0,589.0,False,False,False,589,56788.0,3.0592386590540444,21.940761340945954,0.0,25.0,56888,56690,2752,11008000.0,0.9965194768668261,22.978699042667163,38.00902597972448,4.836,0.13442785374054358,0.24288838762333953,67.70335610001712,114.94627521225317,369303,68.32232400000066
Hybrid GWO-ABC,2,44,initial_energy,0.25,566.0,574.0,586.0,False,False,False,586,57388.0,3.2479478358979463,21.752052164102054,0.0,25.0,57488,57291,2829,11316000.0,0.9965731978847759,21.295858638371698,39.32449567096631,4.91,0.13602324310984762,0.27118902586364574,66.95571050000581,114.25889163823517,366924,67.56290870000157
Hybrid GWO-ABC,3,45,initial_energy,0.25,562.0,570.0,581.0,False,False,False,581,56959.0,3.1131197720736337,21.886880227926365,0.0,25.0,57059,56950,2752,11008000.0,0.9980896966298043,22.56643878548106,36.61328244102572,4.826,0.13716028847645606,0.2584453994933207,66.17368270000225,113.8961836488851,364041,66.78108200000133
Hybrid GWO-ABC,4,46,initial_energy,0.25,561.0,572.0,586.0,False,False,False,586,57229.0,3.2293319427391944,21.770668057260806,0.0,25.0,57329,57126,2759,11036000.0,0.9964590346944827,21.607383245004087,35.79292638025551,4.834,0.16005538548749623,0.2836703836379102,66.14485159996912,112.87517337878688,367289,66.74435149999772
LEACH,0,42,initial_energy,0.25,428.0,557.0,657.0,False,False,False,657,55129.0,2.7117931890782483,22.28820681092175,0.0,25.0,55229,54102,3419,13676000.0,0.9795940538485216,26.866834971825654,37.79903930014455,4.946,0.45697895805321725,1.5674095157536563,0.030697399874043185,0.04672359189352083,0,1.3013916999989306
LEACH,1,43,initial_energy,0.25,425.0,559.0,657.0,False,False,False,657,54976.0,2.587104399759189,22.412895600240812,0.0,25.0,55076,54053,3656,14624000.0,0.98142566635195,27.509429388576805,38.78170698106852,4.97,0.43946450653024716,1.6081452766439703,0.028712500003166497,0.04370243531684398,0,0.9664954000036232
LEACH,2,44,initial_energy,0.25,411.0,558.0,669.0,False,False,False,669,55171.0,2.5764189506680624,22.423581049331936,0.0,25.0,55271,54107,3471,13884000.0,0.978940131352789,26.94904541748346,39.79683940520486,4.97,0.4406385094954387,1.2787248353195046,0.02879850000317674,0.04304708520654221,0,1.1591473000007682
LEACH,3,45,initial_energy,0.25,412.0,563.0,663.0,False,False,False,663,55434.0,2.870727208133748,22.129272791866253,0.0,25.0,55534,54390,3503,14012000.0,0.9794000072027946,26.305077651533704,37.05778465543215,4.958,0.4492897007629235,1.5978603269738743,0.02637870001490228,0.03978687785053134,0,1.2234637000001385
LEACH,4,46,initial_energy,0.25,410.0,557.0,706.0,False,False,False,706,55700.0,2.951017421210906,22.048982578789094,0.0,25.0,55800,54383,3645,14580000.0,0.9746057347670251,25.637190066413357,36.04645186361056,4.952,0.4521206187261837,1.667250561468933,0.024137000094924588,0.034188385403575904,0,1.2345518999936758
ABC,0,42,initial_energy,0.5,1138.0,1147.0,1159.0,False,False,False,1159,114641.0,28.228662846299308,21.771337153700692,0.0,50.0,114741,114637,5512,22048000.0,0.9990936108278645,21.55646997001877,37.31883359325321,4.788,0.16442685636740959,0.24472622041270561,115.88314509996417,99.98545737701826,723004,117.17676040000151
ABC,1,43,initial_energy,0.5,1111.0,1131.0,1167.0,False,False,False,1167,113217.0,28.04736901300312,21.95263098699688,0.0,50.0,113317,113133,5369,21476000.0,0.9983762365752712,23.0847771715484,38.02775011915061,4.826,0.14653479217524254,0.22810226722442395,114.08358900000894,97.75800257070175,729088,115.39871660000063
ABC,2,44,initial_energy,0.5,1134.0,1147.0,1173.0,False,False,False,1173,114743.0,28.250699932935106,21.749300067064894,0.0,50.0,114843,114701,5594,22376000.0,0.9987635293400555,21.223038569919876,39.27932503971907,4.856,0.14911993058553236,0.2553690592610006,114.82706810001037,97.89178866156041,731625,116.15584540000054
ABC,3,45,initial_energy,0.5,1124.0,1138.0,1166.0,False,False,False,1166,113877.0,28.13977686263858,21.86022313736142,0.0,50.0,113977,113877,5371,21484000.0,0.9991226300042991,22.316009666425064,36.84882639544165,4.754,0.15838563382409768,0.24293228243094034,112.21710750000784,96.24108704974944,728102,113.51981940000042
ABC,4,46,initial_energy,0.5,1115.0,1140.0,1166.0,False,False,False,1166,114118.0,28.20807017579358,21.79192982420642,0.0,50.0,114218,114118,5294,21176000.0,0.9991244812551436,21.74173731101898,35.86225758761546,4.758,0.16597878476714378,0.27016448267560395,116.30124279999654,99.74377598627491,727627,117.64716970000154
GWO,0,42,initial_energy,0.5,1135.0,1146.0,1163.0,False,False,False,1163,114574.0,28.219625932753207,21.780374067246793,0.0,50.0,114674,114504,5517,22068000.0,0.9985175366691665,21.62509786352292,37.218260811017245,4.824,0.1785993634314824,0.24448074393931807,61.45812790004129,52.84447798799767,721060,62.80364520000148
GWO,1,43,initial_energy,0.5,1119.0,1130.0,1173.0,False,False,False,1173,113242.0,28.045338016193128,21.954661983806872,0.0,50.0,113342,113240,5379,21516000.0,0.9991000688182669,23.08919381305912,38.12453213972811,4.824,0.1690189329347242,0.23095116178115566,62.999950999939756,53.70839812441582,727260,64.38284669999848
GWO,2,44,initial_energy,0.5,1138.0,1148.0,1164.0,False,False,False,1164,114759.0,28.227595401241214,21.772404598758786,0.0,50.0,114859,114689,5643,22572000.0,0.9985199244290827,21.417307034674337,39.34434610490987,4.916,0.16781366050125382,0.25704315007139383,62.13201600003231,53.37802061858446,721680,63.47603930000332
GWO,3,45,initial_energy,0.5,1128.0,1137.0,1167.0,False,False,False,1167,113764.0,28.12604089530666,21.87395910469334,0.0,50.0,113864,113681,5359,21436000.0,0.9983928195039696,22.43283159058315,36.80596944892267,4.81,0.1771822091743212,0.24339101270258692,62.23759360008262,53.331271293986816,723540,63.60390799999732
GWO,4,46,initial_energy,0.5,1129.0,1142.0,1161.0,False,False,False,1161,114211.0,28.23274317458141,21.76725682541859,0.0,50.0,114311,114065,5341,21364000.0,0.9978479761352801,21.576614613167642,35.76515530097565,4.828,0.17677680616615998,0.2685769523850194,60.29226189977635,51.931319465784966,719820,61.606291500000225
Hybrid GWO-ABC,0,42,initial_energy,0.5,1132.0,1146.0,1160.0,False,False,False,1160,114576.0,28.2100360217735,21.7899639782265,0.0,50.0,114676,114457,5516,22064000.0,0.9980902717220691,21.717517709296864,37.211609458693694,4.83,0.15128512308458247,0.23957350571580852,133.58342680001806,115.15812655173971,727486,134.78392579999854
Hybrid GWO-ABC,1,43,initial_energy,0.5,1122.0,1132.0,1177.0,False,False,False,1177,113376.0,28.034513729496283,21.965486270503717,0.0,50.0,113476,113288,5431,21724000.0,0.9983432620113504,23.179428194142286,38.073941812802076,4.816,0.1458399736625261,0.22824062097097988,135.62203089992545,115.22687417155943,739009,136.83000130000073
Hybrid GWO-ABC,2,44,initial_energy,0.5,1140.0,1148.0,1157.0,False,False,False,1157,114723.0,28.25158652514701,21.74841347485299,0.0,50.0,114823,114549,5616,22464000.0,0.9976137185058742,21.22537864279103,39.44597635824858,4.876,0.1437741169789475,0.25556488082877593,132.49025709999478,114.51189031978805,725295,133.68983420000222
Hybrid GWO-ABC,3,45,initial_energy,0.5,1127.0,1136.0,1152.0,False,False,False,1152,113655.0,28.0952086334834,21.9047913665166,0.0,50.0,113755,113592,5329,21316000.0,0.9985670959518262,22.675276011138166,36.627835965502285,4.734,0.14623509491062808,0.24244890284035706,134.51679369999692,116.76805008680289,723385,135.7070827000025
Hybrid GWO-ABC,4,46,initial_energy,0.5,1131.0,1141.0,1164.0,False,False,False,1164,114151.0,28.201672134665444,21.798327865334556,0.0,50.0,114251,114089,5330,21320000.0,0.998582069303551,21.779004353247235,35.60349362983361,4.786,0.1535214295995837,0.2664357420739245,136.5336659999739,117.29696391750335,730682,137.75439349999942
LEACH,0,42,initial_energy,0.5,887.0,1108.0,1297.0,False,False,False,1297,110318.0,27.447991395230233,22.552008604769767,0.0,50.0,110418,109533,6751,27004000.0,0.9919850024452534,26.547949468793895,37.580062012514986,5.0,0.46099739253260624,1.2866845539151486,0.06144050011062063,0.04737124141142686,0,2.509987599994929
LEACH,1,43,initial_energy,0.5,877.0,1095.0,1242.0,False,False,False,1242,109647.0,27.374957924647834,22.625042075352166,0.0,50.0,109747,108726,6826,27304000.0,0.9906967844223532,27.389386354704342,38.61342291403188,5.0,0.44051288481262335,1.4095189180429162,0.04497200008336222,0.036209339841676506,0,1.9709795000017039
LEACH,2,44,initial_energy,0.5,931.0,1099.0,1268.0,False,False,False,1268,110154.0,27.393252366663823,22.606747633336177,0.0,50.0,110254,108913,7190,28760000.0,0.9878371759754748,26.815667152289567,39.70173121213674,5.0,0.44268873116875845,1.1196981600891,0.061977700068382546,0.048878312356768566,0,2.5415898999999627
LEACH,3,45,initial_energy,0.5,875.0,1102.0,1304.0,False,False,False,1304,110464.0,27.613280994834977,22.386719005165023,0.0,50.0,110564,109190,6982,27928000.0,0.9875728085090988,26.063174115998045,36.90028256524682,5.0,0.4517740808823693,1.3988825190404226,0.06408770009875298,0.0491470092781848,0,2.5867658000061056
LEACH,4,46,initial_energy,0.5,849.0,1119.0,1365.0,False,False,False,1365,111369.0,27.682337551449596,22.317662448550404,0.0,50.0,111469,110208,7366,29464000.0,0.9886874377629655,25.357728958997214,35.827171155165864,5.0,0.45780510057702767,1.346818178995587,0.059695100178942084,0.04373267412376709,0,2.594546700005594
ABC,0,42,initial_energy,1.0,2000.0,2000.0,2000.0,True,True,True,2000,200000.0,78.21522074552543,21.78477925447457,12.583555338015355,87.41644466198464,200000,200000,9411,37644000.0,1.0,21.63522892300199,37.256630468114835,4.78,0.16200724809183925,0.23593544928804955,195.282138400009,97.6410692000045,1249331,197.797225899998
ABC,1,43,initial_energy,1.0,2000.0,2000.0,2000.0,True,True,True,2000,200000.0,78.06175384889137,21.93824615110863,11.350804556617938,88.64919544338207,200000,200000,9070,36280000.0,1.0,22.956497868353726,38.0498514622796,4.81,0.15834074411253413,0.2244199037694311,203.66267459990559,101.83133729995279,1250878,205.9740602999991
ABC,2,44,initial_energy,1.0,2000.0,2000.0,2000.0,True,True,True,2000,200000.0,78.24762820516047,21.752371794839533,12.842621523530033,87.15737847646997,200000,200000,9682,38728000.0,1.0,21.249013552993322,39.30748469461074,4.86,0.15168192302916497,0.2496368585379587,197.00910389998535,98.50455194999267,1248775,199.25937409999824
ABC,3,45,initial_energy,1.0,2000.0,2000.0,2000.0,True,True,True,2000,200000.0,78.13369723629077,21.86630276370923,11.901239772219556,88.09876022778045,200000,200000,9067,36268000.0,1.0,22.347337740713602,36.63591496714208,4.758,0.15685334315228647,0.23428979359776292,198.8066934999115,99.40334674995574,1251074,201.1837431999993
ABC,4,46,initial_energy,1.0,2000.0,2000.0,2000.0,True,True,True,2000,200000.0,78.20256743021301,21.79743256978699,12.024581547675073,87.97541845232493,200000,200000,8877,35508000.0,1.0,21.75598709384748,35.83495498403431,4.746,0.17441374904190923,0.26372556909542866,195.91199129999222,97.95599564999611,1250984,198.2109167000017
GWO,0,42,initial_energy,1.0,2000.0,2000.0,2000.0,True,True,True,2000,200000.0,78.19165773655567,21.80834226344433,12.511499316782267,87.48850068321774,200000,200000,9389,37556000.0,1.0,21.827705496378044,37.2594375472457,4.818,0.17835510853269476,0.23931959439497696,105.48839949996182,52.74419974998091,1240000,107.68753679999645
GWO,1,43,initial_energy,1.0,2000.0,2000.0,2000.0,True,True,True,2000,200000.0,78.03293975645707,21.96706024354293,11.31211951637401,88.68788048362599,200000,200000,9087,36348000.0,1.0,23.140672347639637,38.09110442571869,4.81,0.1684961439763589,0.22580992366033603,105.79699560015433,52.898497800077166,1240000,108.07350600000063
GWO,2,44,initial_energy,1.0,2000.0,2000.0,2000.0,True,True,True,2000,200000.0,78.24608526613628,21.753914733863724,12.844712965131839,87.15528703486817,200000,200000,9751,39004000.0,1.0,21.282194271737612,39.45836025422616,4.918,0.17121734548123985,0.2506657255386061,106.81286119995639,53.406430599978194,1240000,109.1112409999987
GWO,3,45,initial_energy,1.0,2000.0,2000.0,2000.0,True,True,True,2000,200000.0,78.10704710397836,21.89295289602164,11.86508367388007,88.13491632611994,200000,200000,9145,36580000.0,1.0,22.572590332545303,36.68469004115127,4.784,0.1754401754362651,0.23679837546708665,105.76879829999234,52.88439914999617,1240000,107.99425009999686
GWO,4,46,initial_energy,1.0,2000.0,2000.0,2000.0,True,True,True,2000,200000.0,78.16471836678396,21.83528163321604,11.92495893983994,88.07504106016006,200000,200000,8778,35112000.0,1.0,22.07820774372782,35.745162642550035,4.73,0.18478494820427843,0.26508292414897006,107.56523069994728,53.78261534997364,1240000,109.87413270000252
Hybrid GWO-ABC,0,42,initial_energy,1.0,2000.0,2000.0,2000.0,True,True,True,2000,200000.0,78.22070776335036,21.77929223664964,12.61183806620027,87.38816193379972,200000,200000,9461,37844000.0,1.0,21.633508822534402,37.20046718273222,4.826,0.1612053813329898,0.23548017786889766,238.3730698999716,119.1865349499858,1256135,240.54188529999738
Hybrid GWO-ABC,1,43,initial_energy,1.0,2000.0,2000.0,2000.0,True,True,True,2000,200000.0,77.9967265044552,22.003273495544803,11.255555050413905,88.7444449495861,200000,200000,9047,36188000.0,1.0,23.46569991070715,38.000865459725816,4.76,0.14266110480329736,0.22352639051617332,236.55112070002724,118.27556035001362,1257094,238.6475741000031
Hybrid GWO-ABC,2,44,initial_energy,1.0,2000.0,2000.0,2000.0,True,True,True,2000,200000.0,78.24130401156334,21.758695988436656,12.829719155809906,87.17028084419009,200000,200000,9681,38724000.0,1.0,21.33203130676581,39.247655918703444,4.868,0.14387841369999005,0.24767611535875575,233.3637885999742,116.6818942999871,1255356,235.44915290000063
Hybrid GWO-ABC,3,45,initial_energy,1.0,2000.0,2000.0,2000.0,True,True,True,2000,200000.0,78.1074383387408,21.892561661259194,11.84949315685324,88.15050684314676,200000,200000,9052,36208000.0,1.0,22.58299366705529,36.69397111718651,4.752,0.15284945620325174,0.23447849480572017,235.48568210009762,117.74284105004881,1257301,237.6050933000006
Hybrid GWO-ABC,4,46,initial_energy,1.0,2000.0,2000.0,2000.0,True,True,True,2000,200000.0,78.21761723634906,21.782382763650944,12.180638577572708,87.81936142242729,200000,200000,9032,36128000.0,1.0,21.68085305668471,35.868609209384424,4.812,0.16334487376484208,0.2608794610373321,233.69710010004928,116.84855005002464,1256973,235.7980419000014
LEACH,0,42,initial_energy,1.0,1827.0,2000.0,2000.0,False,True,True,2000,199115.0,77.44799139523025,22.552008604769753,10.446363720086671,89.55363627991333,199129,198869,11155,44620000.0,0.9986943137363217,26.547949468793895,37.580062012514986,5.0,0.46099739253260624,1.2809801790506272,0.08514369997283211,0.042571849986416055,0,3.6594169000018155
LEACH,1,43,initial_energy,1.0,1858.0,2000.0,2000.0,False,True,True,2000,199359.0,77.37495792464783,22.62504207535217,9.78468450856405,90.21531549143594,199372,199006,11361,45444000.0,0.9981642357000983,27.389386354704342,38.61342291403188,5.0,0.44051288481262335,1.404746915503454,0.09719380017486401,0.048596900087432005,0,4.108519099994737
LEACH,2,44,initial_energy,1.0,1855.0,2000.0,2000.0,False,True,True,2000,199547.0,77.39325236666389,22.606747633336113,10.016548443681693,89.9834515563183,199555,199423,11766,47064000.0,0.9993385282253013,26.815667152289567,39.70173121213674,5.0,0.44268873116875845,1.1146412621462867,0.09772999995038845,0.04886499997519422,0,4.080034500002512
LEACH,3,45,initial_energy,1.0,1864.0,2000.0,2000.0,False,True,True,2000,199049.0,77.61328099483505,22.38671900516495,10.474637277456528,89.52536272254348,199064,198616,10850,43400000.0,0.9977494675079371,26.063174115998045,36.90028256524682,5.0,0.4517740808823693,1.393813288350393,0.09724709964211797,0.04862354982105899,0,4.123435300003621
LEACH,4,46,initial_energy,1.0,1743.0,2000.0,2000.0,False,True,True,2000,198760.0,77.68233755144958,22.317662448550422,11.364677392950211,88.63532260704979,198776,198491,11718,46872000.0,0.9985662252988289,25.357728958997214,35.827171155165864,5.0,0.45780510057702767,1.340941142411808,0.08186379987455439,0.040931899937277194,0,3.881814899999881
ABC,0,42,iterations,10,1132.0,1143.0,1155.0,False,False,False,1155,114235.0,28.157015688228203,21.842984311771797,0.0,50.0,114335,114138,5333,21332000.0,0.9982769930467486,22.039549579836436,37.42571646778762,4.67,0.1820033601362077,0.2511453631372143,37.49979699995674,32.46735670991926,244507,38.78372849999869
ABC,1,43,iterations,10,1114.0,1131.0,1156.0,False,False,False,1156,113133.0,28.027648771164127,21.972351228835873,0.0,50.0,113233,113106,5289,21156000.0,0.9988784188354984,23.166858452555264,38.407012960949935,4.736,0.18461407066518268,0.237826283837529,39.236759299976256,33.94183330447773,245032,40.61548499999844
ABC,2,44,iterations,10,1137.0,1147.0,1163.0,False,False,False,1163,114621.0,28.22204846433055,21.77795153566945,0.0,50.0,114721,114538,5539,22156000.0,0.9984048256204182,21.417453824933933,39.49371942125728,4.848,0.1718118196963166,0.2624028336584591,38.421235500019975,33.036315993138416,246250,39.843411099998775
ABC,3,45,iterations,10,1125.0,1138.0,1174.0,False,False,False,1174,113825.0,28.082667014444617,21.917332985555383,0.0,50.0,113925,113802,5328,21312000.0,0.9989203423304805,22.67002617140282,37.0444164934629,4.65,0.18824677556870614,0.2518807396215268,39.28969109998434,33.466517120940665,248774,40.692698999999266
ABC,4,46,iterations,10,1112.0,1140.0,1160.0,False,False,False,1160,113961.0,28.140152414979763,21.859847585020237,0.0,50.0,114061,113852,5169,20676000.0,0.9981676471361816,22.147508287580823,36.048016043486086,4.576,0.18504484550432193,0.278995656990189,39.33356039995124,33.908241724095895,245544,40.687137700002495
GWO,0,42,iterations,10,1137.0,1147.0,1158.0,False,False,False,1158,114559.0,28.20016575992101,21.79983424007899,0.0,50.0,114659,114398,5506,22024000.0,0.9977236850138236,21.74516763969294,37.46926192369865,4.794,0.1935196494308625,0.248239650037969,23.722020799927122,20.485337478348118,254760,25.06135660000291
GWO,1,43,iterations,10,1115.0,1130.0,1170.0,False,False,False,1170,113146.0,28.016935058030963,21.983064941969037,0.0,50.0,113246,113145,5355,21420000.0,0.9991081362697137,23.28142375846732,38.249361018859084,4.786,0.1848635510688995,0.2358656966348438,23.469985199844814,20.059816410123773,257400,24.904407599999104
GWO,2,44,iterations,10,1138.0,1150.0,1159.0,False,False,False,1159,114815.0,28.248997693792095,21.751002306207905,0.0,50.0,114915,114676,5625,22500000.0,0.9979202018883523,21.257649075324466,39.51881526551345,4.9,0.17994366740696435,0.25957182843121923,22.50127110008907,19.414384038040613,254980,23.82540109999536
GWO,3,45,iterations,10,1127.0,1137.0,1162.0,False,False,False,1162,113692.0,28.098598562720355,21.901401437279645,0.0,50.0,113792,113434,5302,21208000.0,0.9968539088863893,22.628908047010253,36.919803002967825,4.73,0.18874759296959404,0.24736261806428955,22.175783900012902,19.08415137694742,255640,23.45186570000078
GWO,4,46,iterations,10,1128.0,1142.0,1156.0,False,False,False,1156,114204.0,28.2169243124125,21.7830756875875,0.0,50.0,114304,114136,5334,21336000.0,0.998530235162374,21.67033229084398,36.016226685281744,4.814,0.19904921401985662,0.27189537600894415,23.135192399975494,20.013142214511674,254320,24.458211899996968
Hybrid GWO-ABC,0,42,iterations,10,1135.0,1146.0,1158.0,False,False,False,1158,114607.0,28.235497082854653,21.764502917145347,0.0,50.0,114707,114549,5501,22004000.0,0.9986225775236036,21.49322209822313,37.23565536664459,4.822,0.16590781256954995,0.24213244772795342,51.678774800027895,44.62761208983411,250296,52.97504000000117
Hybrid GWO-ABC,1,43,iterations,10,1121.0,1131.0,1175.0,False,False,False,1175,113232.0,28.045516331929832,21.954483668070168,0.0,50.0,113332,113044,5360,21440000.0,0.9974587936328663,23.07629313614624,38.18049413396897,4.824,0.15948329325814195,0.23030676558267885,47.08587670002089,40.073086553209265,254530,48.36819999999716
Hybrid GWO-ABC,2,44,iterations,10,1139.0,1148.0,1170.0,False,False,False,1170,114708.0,28.24024738686123,21.75975261313877,0.0,50.0,114808,114602,5597,22388000.0,0.9982056999512229,21.32068226156944,39.36333687693031,4.872,0.1590028845881215,0.2559823573790679,49.76000260006549,42.529916752192726,252822,51.0147008999993
Hybrid GWO-ABC,3,45,iterations,10,1129.0,1138.0,1179.0,False,False,False,1179,113905.0,28.126905927479424,21.873094072520576,0.0,50.0,114005,113831,5402,21608000.0,0.9984737511512652,22.446174439880497,36.63564118143492,4.784,0.16541644174901401,0.24415808037419312,47.646452300043165,40.41259737068971,255157,48.8912777000005
Hybrid GWO-ABC,4,46,iterations,10,1131.0,1141.0,1163.0,False,False,False,1163,114207.0,28.197199216526943,21.802800783473057,0.0,50.0,114307,114068,5328,21312000.0,0.9979091394227825,21.819557011038544,35.86488250270378,4.764,0.17885262208085476,0.27163516089632217,42.92357639999682,36.90763233017783,251619,44.13095330000215
ABC,0,42,iterations,20,1137.0,1147.0,1157.0,False,False,False,1157,114644.0,28.227311081509217,21.772688918490783,0.0,50.0,114744,114562,5512,22048000.0,0.9984138604197169,21.561420146532928,37.28433899365044,4.812,0.16842384626176304,0.24502944915990213,85.8478192000075,74.19863370787165,483370,87.31192299999748
ABC,1,43,iterations,20,1118.0,1131.0,1162.0,False,False,False,1162,113250.0,28.050503643816054,21.949496356183946,0.0,50.0,113350,113192,5349,21396000.0,0.998606087340097,23.054564022893217,38.29582799440266,4.812,0.16378456616537615,0.23124048285593374,87.5011479000168,75.30219268504028,486196,89.1545444000003
ABC,2,44,iterations,20,1139.0,1147.0,1160.0,False,False,False,1160,114710.0,28.23228076720882,21.76771923279118,0.0,50.0,114810,114612,5572,22288000.0,0.9982754115495166,21.345191984957193,39.36088224707195,4.83,0.15363655974434598,0.2590447432251739,89.11552499996469,76.82372844824542,484334,90.67790599999717
ABC,3,45,iterations,20,1129.0,1137.0,1160.0,False,False,False,1160,113745.0,28.12368893802628,21.87631106197372,0.0,50.0,113845,113743,5328,21312000.0,0.9991040449734288,22.411840836641,36.764093589167125,4.724,0.164424893374514,0.24579504732301563,87.10888059998979,75.0938625861981,484913,88.62317620000249
ABC,4,46,iterations,20,1133.0,1142.0,1162.0,False,False,False,1162,114240.0,28.179169069152138,21.820830930847862,0.0,50.0,114340,114141,5337,21348000.0,0.998259576701067,21.93314769371336,35.9897887642264,4.716,0.1745159952180645,0.27366624143763196,87.9675309999584,75.70355507741687,485267,89.57848140000351
GWO,0,42,iterations,20,1137.0,1146.0,1159.0,False,False,False,1159,114567.0,28.234806719673948,21.765193280326052,0.0,50.0,114667,114375,5486,21944000.0,0.9974534957747215,21.495793357111666,37.31265452068276,4.844,0.18034602473052927,0.2448832396470708,40.963573100023495,35.34389396033089,486780,42.266308799997205
GWO,1,43,iterations,20,1119.0,1131.0,1143.0,False,False,False,1143,113062.0,28.043082270312073,21.956917729687927,0.0,50.0,113162,112883,5312,21248000.0,0.9975345080504057,23.081799446210006,38.1985297257282,4.804,0.17699317111643056,0.23267275396667353,41.18560969999817,36.03290437445159,480060,42.44918979999784
GWO,2,44,iterations,20,1137.0,1148.0,1160.0,False,False,False,1160,114732.0,28.24614182333023,21.75385817666977,0.0,50.0,114832,114648,5629,22516000.0,0.9983976591890762,21.258398785715258,39.374048675048584,4.908,0.1753238416829728,0.25664306195223524,42.83506359995954,36.92677896548236,487200,44.2297178000008
GWO,3,45,iterations,20,1123.0,1137.0,1162.0,False,False,False,1162,113676.0,28.10984834238469,21.89015165761531,0.0,50.0,113776,113594,5305,21220000.0,0.998400365630713,22.545217436313393,36.73604177868847,4.74,0.17785707355180794,0.24619649256330076,41.867156700121996,36.030255335733216,488040,43.2128664999982
GWO,4,46,iterations,20,1128.0,1142.0,1168.0,False,False,False,1168,114155.0,28.217376001185848,21.782623998814152,0.0,50.0,114255,114057,5308,21232000.0,0.9982670342654588,21.680475473249885,35.85841123152994,4.818,0.19173494988496595,0.2706532402187408,44.202734400001646,37.84480684931648,490560,45.61923679999745
Hybrid GWO-ABC,0,42,iterations,20,1137.0,1146.0,1165.0,False,False,False,1165,114640.0,28.235298002999937,21.764701997000063,0.0,50.0,114740,114441,5549,22196000.0,0.9973941084190343,21.53082619153111,37.323974730766714,4.862,0.16125567472729826,0.2415957879575676,95.09437710002385,81.62607476396897,490691,96.2725188000004
Hybrid GWO-ABC,1,43,iterations,20,1111.0,1132.0,1165.0,False,False,False,1165,113185.0,28.045666711484092,21.954333288515908,0.0,50.0,113285,113013,5330,21320000.0,0.9975989760338968,23.078985016635762,38.053852473259084,4.81,0.14091000246144963,0.22748794747086776,93.12479069999245,79.93544266093772,491260,94.42996579999817
Hybrid GWO-ABC,2,44,iterations,20,1139.0,1147.0,1160.0,False,False,False,1160,114714.0,28.245034943605834,21.754965056394166,0.0,50.0,114814,114510,5595,22380000.0,0.9973522392739561,21.285123835102056,39.33384638434182,4.904,0.1521335143621632,0.2538766783644439,94.36814419995062,81.3518484482333,487954,95.58374110000295
Hybrid GWO-ABC,3,45,iterations,20,1126.0,1138.0,1172.0,False,False,False,1172,113885.0,28.126484105487123,21.873515894512877,0.0,50.0,113985,113885,5430,21720000.0,0.9991226915822258,22.45117713401542,36.689013104553524,4.81,0.15591876950037195,0.2416052750593396,93.47928919996775,79.76048566550149,494109,94.77072580000095
Hybrid GWO-ABC,4,46,iterations,20,1131.0,1140.0,1164.0,False,False,False,1164,114145.0,28.20407910759614,21.79592089240386,0.0,50.0,114245,114069,5290,21160000.0,0.9984594511794826,21.757521736489856,35.738052649180425,4.76,0.16642977037365247,0.26982059437139355,93.50551040007849,80.33119450178565,490809,94.78684639999847
ABC,0,42,iterations,30,1138.0,1147.0,1159.0,False,False,False,1159,114641.0,28.228662846299308,21.771337153700692,0.0,50.0,114741,114637,5512,22048000.0,0.9990936108278645,21.55646997001877,37.31883359325321,4.788,0.16442685636740959,0.24472622041270561,130.85313389999646,112.9017548748891,723004,132.37647170000128
ABC,1,43,iterations,30,1111.0,1131.0,1167.0,False,False,False,1167,113217.0,28.04736901300312,21.95263098699688,0.0,50.0,113317,113133,5369,21476000.0,0.9983762365752712,23.0847771715484,38.02775011915061,4.826,0.14653479217524254,0.22810226722442395,133.59474000002228,114.47706940875946,729088,135.12554149999778
ABC,2,44,iterations,30,1134.0,1147.0,1173.0,False,False,False,1173,114743.0,28.250699932935106,21.749300067064894,0.0,50.0,114843,114701,5594,22376000.0,0.9987635293400555,21.223038569919876,39.27932503971907,4.856,0.14911993058553236,0.2553690592610006,130.76129320008476,111.47595328225471,731625,132.39640940000027
ABC,3,45,iterations,30,1124.0,1138.0,1166.0,False,False,False,1166,113877.0,28.13977686263858,21.86022313736142,0.0,50.0,113977,113877,5371,21484000.0,0.9991226300042991,22.316009666425064,36.84882639544165,4.754,0.15838563382409768,0.24293228243094034,134.74487220000447,115.56163996569852,728102,136.31101979999949
ABC,4,46,iterations,30,1115.0,1140.0,1166.0,False,False,False,1166,114118.0,28.20807017579358,21.79192982420642,0.0,50.0,114218,114118,5294,21176000.0,0.9991244812551436,21.74173731101898,35.86225758761546,4.758,0.16597878476714378,0.27016448267560395,132.01025079995088,113.21633859343986,727627,133.5810676000001
GWO,0,42,iterations,30,1135.0,1146.0,1163.0,False,False,False,1163,114574.0,28.219625932753207,21.780374067246793,0.0,50.0,114674,114504,5517,22068000.0,0.9985175366691665,21.62509786352292,37.218260811017245,4.824,0.1785993634314824,0.24448074393931807,60.57467679998081,52.08484677556389,721060,61.9579475999999
GWO,1,43,iterations,30,1119.0,1130.0,1173.0,False,False,False,1173,113242.0,28.045338016193128,21.954661983806872,0.0,50.0,113342,113240,5379,21516000.0,0.9991000688182669,23.08919381305912,38.12453213972811,4.824,0.1690189329347242,0.23095116178115566,64.21740590004629,54.746296589979785,727260,65.61734910000087
GWO,2,44,iterations,30,1138.0,1148.0,1164.0,False,False,False,1164,114759.0,28.227595401241214,21.772404598758786,0.0,50.0,114859,114689,5643,22572000.0,0.9985199244290827,21.417307034674337,39.34434610490987,4.916,0.16781366050125382,0.25704315007139383,62.41435029999411,53.62057585910147,721680,63.78012650000164
GWO,3,45,iterations,30,1128.0,1137.0,1167.0,False,False,False,1167,113764.0,28.12604089530666,21.87395910469334,0.0,50.0,113864,113681,5359,21436000.0,0.9983928195039696,22.43283159058315,36.80596944892267,4.81,0.1771822091743212,0.24339101270258692,62.960845599969616,53.9510245072576,723540,64.32289709999895
GWO,4,46,iterations,30,1129.0,1142.0,1161.0,False,False,False,1161,114211.0,28.23274317458141,21.76725682541859,0.0,50.0,114311,114065,5341,21364000.0,0.9978479761352801,21.576614613167642,35.76515530097565,4.828,0.17677680616615998,0.2685769523850194,61.7955114997676,53.22610809626839,719820,63.1617694000015
Hybrid GWO-ABC,0,42,iterations,30,1132.0,1146.0,1160.0,False,False,False,1160,114576.0,28.2100360217735,21.7899639782265,0.0,50.0,114676,114457,5516,22064000.0,0.9980902717220691,21.717517709296864,37.211609458693694,4.83,0.15128512308458247,0.23957350571580852,142.5394579000349,122.87884301727146,727486,143.75059600000168
Hybrid GWO-ABC,1,43,iterations,30,1122.0,1132.0,1177.0,False,False,False,1177,113376.0,28.034513729496283,21.965486270503717,0.0,50.0,113476,113288,5431,21724000.0,0.9983432620113504,23.179428194142286,38.073941812802076,4.816,0.1458399736625261,0.22824062097097988,144.26945349994276,122.57387723019775,739009,145.50883429999885
Hybrid GWO-ABC,2,44,iterations,30,1140.0,1148.0,1157.0,False,False,False,1157,114723.0,28.25158652514701,21.74841347485299,0.0,50.0,114823,114549,5616,22464000.0,0.9976137185058742,21.22537864279103,39.44597635824858,4.876,0.1437741169789475,0.25556488082877593,138.342358399972,119.56988625753846,725295,139.5234496999983
Hybrid GWO-ABC,3,45,iterations,30,1127.0,1136.0,1152.0,False,False,False,1152,113655.0,28.0952086334834,21.9047913665166,0.0,50.0,113755,113592,5329,21316000.0,0.9985670959518262,22.675276011138166,36.627835965502285,4.734,0.14623509491062808,0.24244890284035706,140.92145740006163,122.32765399310905,723385,142.15861029999724
Hybrid GWO-ABC,4,46,iterations,30,1131.0,1141.0,1164.0,False,False,False,1164,114151.0,28.201672134665444,21.798327865334556,0.0,50.0,114251,114089,5330,21320000.0,0.998582069303551,21.779004353247235,35.60349362983361,4.786,0.1535214295995837,0.2664357420739245,141.47109450001153,121.53874097939135,730682,142.71107660000052
ABC,0,42,iterations,50,1135.0,1146.0,1162.0,False,False,False,1162,114576.0,28.2222500852074,21.7777499147926,0.0,50.0,114676,114574,5521,22084000.0,0.9991105375143884,21.623514956420625,37.23299143449281,4.814,0.1455385032240788,0.24048087934101176,195.95404460000282,168.635150258178,1203969,197.43735799999922
ABC,1,43,iterations,50,1122.0,1133.0,1157.0,False,False,False,1157,113322.0,28.06714510121081,21.93285489878919,0.0,50.0,113422,113322,5404,21616000.0,0.9991183368305973,22.89768667740383,38.03080240302927,4.846,0.1388691000376903,0.22563842194967412,195.77625750003062,169.21024848749406,1200193,197.14627240000118
ABC,2,44,iterations,50,1137.0,1148.0,1159.0,False,False,False,1159,114766.0,28.23810644012439,21.76189355987561,0.0,50.0,114866,114686,5606,22424000.0,0.998432956662546,21.353721211963506,39.264755395227795,4.87,0.13796133469523764,0.25363577920295216,199.9862979000136,172.5507315789591,1200582,201.38558520000151
ABC,3,45,iterations,50,1129.0,1138.0,1158.0,False,False,False,1158,113793.0,28.12235532527147,21.87764467472853,0.0,50.0,113893,113678,5355,21420000.0,0.9981122632646431,22.488789805293926,36.62176371550102,4.776,0.14740063665965844,0.2409205314044923,198.55436360005842,171.46318100177757,1200925,199.98486919999777
ABC,4,46,iterations,50,1130.0,1143.0,1152.0,False,False,False,1152,114166.0,28.203751951177615,21.796248048822385,0.0,50.0,114266,114032,5319,21276000.0,0.9979521467453135,21.75585994247757,35.78790159435928,4.766,0.16063383568713058,0.26900472843863116,193.83466750002117,168.25925998265726,1194349,195.14214530000027
GWO,0,42,iterations,50,1139.0,1149.0,1159.0,False,False,False,1159,114762.0,28.248553522876637,21.751446477123363,0.0,50.0,114862,114659,5589,22356000.0,0.9982326618028591,21.386245242781513,37.43737956875059,4.874,0.17798820409641725,0.2423168271827545,98.23039509994851,84.7544392579366,1182180,99.49788910000643
GWO,1,43,iterations,50,1107.0,1131.0,1169.0,False,False,False,1169,113190.0,28.036115632697967,21.963884367302033,0.0,50.0,113290,113052,5343,21372000.0,0.9978991967516991,23.145394641081488,37.98958512084551,4.816,0.16557327550504322,0.23023912144095904,102.36731429996144,87.56827570569841,1192380,103.69120690000273
GWO,2,44,iterations,50,1140.0,1148.0,1166.0,False,False,False,1166,114809.0,28.26683029574184,21.73316970425816,0.0,50.0,114909,114787,5649,22596000.0,0.9989382902992803,21.126007192346965,39.3039811331022,4.944,0.15839429832375704,0.25433977774347133,100.79761809987394,86.44735686095535,1189320,102.1887615999949
GWO,3,45,iterations,50,1125.0,1138.0,1154.0,False,False,False,1154,113825.0,28.152852349476873,21.847147650523127,0.0,50.0,113925,113756,5378,21512000.0,0.9985165679174896,22.25628856143952,36.81270450146231,4.84,0.17425257327701757,0.24320136634216838,101.44802179999533,87.9098975736528,1177080,102.7691765999989
GWO,4,46,iterations,50,1130.0,1142.0,1162.0,False,False,False,1162,114156.0,28.20371073369905,21.79628926630095,0.0,50.0,114256,113920,5332,21328000.0,0.9970592354012043,21.75862034349976,35.80064507120411,4.786,0.1751426407642346,0.27057227933348155,99.13286110007175,85.31227289162801,1185240,100.45432430000074
Hybrid GWO-ABC,0,42,iterations,50,1136.0,1147.0,1159.0,False,False,False,1159,114663.0,28.24239556080408,21.75760443919592,0.0,50.0,114763,114593,5543,22172000.0,0.9985186863361885,21.463312931853295,37.19813503218,4.848,0.1510160009277083,0.23887244906369504,237.2156203999948,204.67266643657877,1204966,238.48390089999884
Hybrid GWO-ABC,1,43,iterations,50,1117.0,1129.0,1173.0,False,False,False,1173,113115.0,28.006261819550243,21.993738180449757,0.0,50.0,113215,113054,5368,21472000.0,0.9985779269531423,23.369616512898734,38.12624799883239,4.794,0.14978940827108728,0.23044806214878877,236.9459638999724,201.9999692241879,1220636,238.2072199000031
Hybrid GWO-ABC,2,44,iterations,50,1139.0,1148.0,1158.0,False,False,False,1158,114782.0,28.25815633448556,21.74184366551444,0.0,50.0,114882,114661,5594,22376000.0,0.9980762869727199,21.210709978425186,39.36884063981321,4.874,0.13982932884840824,0.2541829487750224,230.82966290004333,199.33476934373346,1203595,232.06778829999894
Hybrid GWO-ABC,3,45,iterations,50,1129.0,1138.0,1159.0,False,False,False,1159,113821.0,28.13547852851466,21.86452147148534,0.0,50.0,113921,113662,5350,21400000.0,0.9977264946761352,22.361341606944226,36.63548842316226,4.776,0.1519785833635832,0.24101466185969173,231.3649973999709,199.62467420187306,1205942,232.56470919999992
Hybrid GWO-ABC,4,46,iterations,50,1129.0,1142.0,1161.0,False,False,False,1161,114294.0,28.22203195780392,21.77796804219608,0.0,50.0,114394,114187,5378,21512000.0,0.9981904645348533,21.673413551740474,35.68990683940247,4.828,0.15518703250286903,0.26582857423261474,231.8452331999615,199.69442997412705,1207856,233.09256019999884
ABC,0,42,n_nodes,100,1138.0,1147.0,1159.0,False,False,False,1159,114641.0,28.228662846299308,21.771337153700692,0.0,50.0,114741,114637,5512,22048000.0,0.9990936108278645,21.55646997001877,37.31883359325321,4.788,0.16442685636740959,0.24472622041270561,110.7412262000471,95.54894408977316,723004,112.06100629999855
ABC,1,43,n_nodes,100,1111.0,1131.0,1167.0,False,False,False,1167,113217.0,28.04736901300312,21.95263098699688,0.0,50.0,113317,113133,5369,21476000.0,0.9983762365752712,23.0847771715484,38.02775011915061,4.826,0.14653479217524254,0.22810226722442395,112.29424230007135,96.22471491008685,729088,113.56010900000183
ABC,2,44,n_nodes,100,1134.0,1147.0,1173.0,False,False,False,1173,114743.0,28.250699932935106,21.749300067064894,0.0,50.0,114843,114701,5594,22376000.0,0.9987635293400555,21.223038569919876,39.27932503971907,4.856,0.14911993058553236,0.2553690592610006,105.38446520006619,89.8418288150607,731625,106.55732239999998
ABC,3,45,n_nodes,100,1124.0,1138.0,1166.0,False,False,False,1166,113877.0,28.13977686263858,21.86022313736142,0.0,50.0,113977,113877,5371,21484000.0,0.9991226300042991,22.316009666425064,36.84882639544165,4.754,0.15838563382409768,0.24293228243094034,112.9959749998743,96.90906946815979,728102,114.30971549999958
ABC,4,46,n_nodes,100,1115.0,1140.0,1166.0,False,False,False,1166,114118.0,28.20807017579358,21.79192982420642,0.0,50.0,114218,114118,5294,21176000.0,0.9991244812551436,21.74173731101898,35.86225758761546,4.758,0.16597878476714378,0.27016448267560395,113.02935600001001,96.93769811321613,727627,114.39182729999811
GWO,0,42,n_nodes,100,1135.0,1146.0,1163.0,False,False,False,1163,114574.0,28.219625932753207,21.780374067246793,0.0,50.0,114674,114504,5517,22068000.0,0.9985175366691665,21.62509786352292,37.218260811017245,4.824,0.1785993634314824,0.24448074393931807,61.820949900087726,53.15644875329985,721060,63.15182769999956
GWO,1,43,n_nodes,100,1119.0,1130.0,1173.0,False,False,False,1173,113242.0,28.045338016193128,21.954661983806872,0.0,50.0,113342,113240,5379,21516000.0,0.9991000688182669,23.08919381305912,38.12453213972811,4.824,0.1690189329347242,0.23095116178115566,61.521831400219526,52.44827911357163,727260,62.89320189999853
GWO,2,44,n_nodes,100,1138.0,1148.0,1164.0,False,False,False,1164,114759.0,28.227595401241214,21.772404598758786,0.0,50.0,114859,114689,5643,22572000.0,0.9985199244290827,21.417307034674337,39.34434610490987,4.916,0.16781366050125382,0.25704315007139383,66.84516730011092,57.427119673634806,721680,68.29712010000367
GWO,3,45,n_nodes,100,1128.0,1137.0,1167.0,False,False,False,1167,113764.0,28.12604089530666,21.87395910469334,0.0,50.0,113864,113681,5359,21436000.0,0.9983928195039696,22.43283159058315,36.80596944892267,4.81,0.1771822091743212,0.24339101270258692,67.58578329994634,57.91412450723765,723540,69.02060429999983
GWO,4,46,n_nodes,100,1129.0,1142.0,1161.0,False,False,False,1161,114211.0,28.23274317458141,21.76725682541859,0.0,50.0,114311,114065,5341,21364000.0,0.9978479761352801,21.576614613167642,35.76515530097565,4.828,0.17677680616615998,0.2685769523850194,67.42870399983804,58.078125753521135,719820,68.88089339999715
Hybrid GWO-ABC,0,42,n_nodes,100,1132.0,1146.0,1160.0,False,False,False,1160,114576.0,28.2100360217735,21.7899639782265,0.0,50.0,114676,114457,5516,22064000.0,0.9980902717220691,21.717517709296864,37.211609458693694,4.83,0.15128512308458247,0.23957350571580852,117.70114250001279,101.46650215518345,727486,118.79294579999987
Hybrid GWO-ABC,1,43,n_nodes,100,1122.0,1132.0,1177.0,False,False,False,1177,113376.0,28.034513729496283,21.965486270503717,0.0,50.0,113476,113288,5431,21724000.0,0.9983432620113504,23.179428194142286,38.073941812802076,4.816,0.1458399736625261,0.22824062097097988,119.04601300010836,101.14359643169784,739009,120.15811069999836
Hybrid GWO-ABC,2,44,n_nodes,100,1140.0,1148.0,1157.0,False,False,False,1157,114723.0,28.25158652514701,21.74841347485299,0.0,50.0,114823,114549,5616,22464000.0,0.9976137185058742,21.22537864279103,39.44597635824858,4.876,0.1437741169789475,0.25556488082877593,115.42302610000843,99.76061028522768,725295,116.48941309999645
Hybrid GWO-ABC,3,45,n_nodes,100,1127.0,1136.0,1152.0,False,False,False,1152,113655.0,28.0952086334834,21.9047913665166,0.0,50.0,113755,113592,5329,21316000.0,0.9985670959518262,22.675276011138166,36.627835965502285,4.734,0.14623509491062808,0.24244890284035706,117.29098949998297,101.81509505206856,723385,118.36991280000075
Hybrid GWO-ABC,4,46,n_nodes,100,1131.0,1141.0,1164.0,False,False,False,1164,114151.0,28.201672134665444,21.798327865334556,0.0,50.0,114251,114089,5330,21320000.0,0.998582069303551,21.779004353247235,35.60349362983361,4.786,0.1535214295995837,0.2664357420739245,117.26940770001966,100.746913831632,730682,118.32683439999892
LEACH,0,42,n_nodes,100,887.0,1108.0,1297.0,False,False,False,1297,110318.0,27.447991395230233,22.552008604769767,0.0,50.0,110418,109533,6751,27004000.0,0.9919850024452534,26.547949468793895,37.580062012514986,5.0,0.46099739253260624,1.2866845539151486,0.062265300133731216,0.04800717049632322,0,2.6441783999980544
LEACH,1,43,n_nodes,100,877.0,1095.0,1242.0,False,False,False,1242,109647.0,27.374957924647834,22.625042075352166,0.0,50.0,109747,108726,6826,27304000.0,0.9906967844223532,27.389386354704342,38.61342291403188,5.0,0.44051288481262335,1.4095189180429162,0.061016800078505185,0.04912785835628437,0,2.5108777999994345
LEACH,2,44,n_nodes,100,931.0,1099.0,1268.0,False,False,False,1268,110154.0,27.393252366663823,22.606747633336177,0.0,50.0,110254,108913,7190,28760000.0,0.9878371759754748,26.815667152289567,39.70173121213674,5.0,0.44268873116875845,1.1196981600891,0.07072569987212773,0.05577736582975373,0,2.1633769999971264
LEACH,3,45,n_nodes,100,875.0,1102.0,1304.0,False,False,False,1304,110464.0,27.613280994834977,22.386719005165023,0.0,50.0,110564,109190,6982,27928000.0,0.9875728085090988,26.063174115998045,36.90028256524682,5.0,0.4517740808823693,1.3988825190404226,0.062997300105053,0.0483108129639977,0,2.701180200005183
LEACH,4,46,n_nodes,100,849.0,1119.0,1365.0,False,False,False,1365,111369.0,27.682337551449596,22.317662448550404,0.0,50.0,111469,110208,7366,29464000.0,0.9886874377629655,25.357728958997214,35.827171155165864,5.0,0.45780510057702767,1.346818178995587,0.07400309995864518,0.054214725244428705,0,2.965404900001886
ABC,0,42,n_nodes,150,1160.0,1170.0,1186.0,False,False,False,1186,175350.0,42.9734447562453,32.0265552437547,0.0,75.0,175500,175129,9073,36292000.0,0.9978860398860399,17.10602858807145,38.55600372704407,7.826,0.20138685715336632,0.24429666951720957,127.94232289991123,107.87716939284252,735366,129.33741479999662
ABC,1,43,n_nodes,150,1154.0,1162.0,1187.0,False,False,False,1187,174256.0,42.88083321274807,32.11916678725193,0.0,75.0,174406,174045,8747,34988000.0,0.9979301170831278,17.863602045565692,37.58292431449765,7.714,0.20004662528397446,0.2279464280832814,125.51292840005408,105.73961954511716,737125,126.89835820000008
ABC,2,44,n_nodes,150,1161.0,1174.0,1191.0,False,False,False,1191,175849.0,43.035449058930254,31.964550941069746,0.0,75.0,175999,175503,9167,36668000.0,0.9971818021693305,16.672521867338336,38.44808486945732,7.84,0.17668124297554544,0.2346578971870883,129.65756739997232,108.86445625522445,738026,131.08962650000103
ABC,3,45,n_nodes,150,1151.0,1166.0,1180.0,False,False,False,1180,174782.0,42.88239201078889,32.11760798921111,0.0,75.0,174932,174557,8950,35800000.0,0.9978563098804106,17.83923502211346,37.83834450227447,7.72,0.20387339964596626,0.23645602858240594,133.48791050003638,113.12534788138676,731538,134.9381168
ABC,4,46,n_nodes,150,1162.0,1173.0,1183.0,False,False,False,1183,175805.0,43.00443299554834,31.995567004451658,0.0,75.0,175955,175453,9098,36392000.0,0.9971469978119406,17.03581131138186,36.54910514853705,7.72,0.20781790518425355,0.2612885838803842,125.97664059998715,106.48912983938051,732493,127.32026159999805
GWO,0,42,n_nodes,150,1158.0,1170.0,1188.0,False,False,False,1188,175425.0,43.000961006907595,31.999038993092405,0.0,75.0,175575,175096,9185,36740000.0,0.9972718211590489,16.956157261404574,38.62617306421047,7.93,0.20422491977535512,0.24136090172067198,87.5706779000102,73.71269183502542,736560,89.08469609999884
GWO,1,43,n_nodes,150,1150.0,1163.0,1199.0,False,False,False,1199,174327.0,42.87446257051711,32.12553742948289,0.0,75.0,174477,174108,8778,35112000.0,0.9978851080658195,17.911776969597746,37.53112691529805,7.788,0.19599071687721994,0.22608512720234825,89.38530049994006,74.54987531271064,743380,90.96063660000073
GWO,2,44,n_nodes,150,1165.0,1172.0,1201.0,False,False,False,1201,175840.0,43.06577449444203,31.93422550555797,0.0,75.0,175990,175517,9249,36996000.0,0.9973123472924598,16.510400275210937,38.44939000917213,7.91,0.1866090740897806,0.23551458691271077,88.783376100022,73.92454296421482,744620,90.34857710000506
GWO,3,45,n_nodes,150,1152.0,1166.0,1183.0,False,False,False,1183,174789.0,42.893133937203075,32.106866062796925,0.0,75.0,174939,174223,8979,35916000.0,0.9959071447761791,17.794250124304785,37.8349990036714,7.782,0.200211600195274,0.2331184758174539,88.87619200017798,75.12780388856972,733460,90.39522760000546
GWO,4,46,n_nodes,150,1162.0,1173.0,1185.0,False,False,False,1185,175878.0,43.030743746169996,31.969256253830004,0.0,75.0,176028,175514,9205,36820000.0,0.9970800099984093,16.904874460565004,36.482668237945504,7.834,0.20801809899742632,0.2573249867956753,91.24923720020888,77.0035756963788,734700,92.88021739999385
Hybrid GWO-ABC,0,42,n_nodes,150,1160.0,1169.0,1187.0,False,False,False,1187,175202.0,42.93300034201489,32.06699965798511,0.0,75.0,175352,174866,9137,36548000.0,0.9972284319540125,17.414267508564926,38.4980872834513,7.868,0.16627439402038835,0.23855255831601307,135.13234990000637,113.84359721988743,740621,136.31689539999934
Hybrid GWO-ABC,1,43,n_nodes,150,1141.0,1162.0,1216.0,False,False,False,1216,174315.0,42.871243445467854,32.128756554532146,0.0,75.0,174465,174129,8785,35140000.0,0.9980741122861319,17.937019670895335,37.415044308294235,7.768,0.16901395850757883,0.22162048845275278,165.22173849998944,135.87314021380712,760962,166.61527209999986
Hybrid GWO-ABC,2,44,n_nodes,150,1163.0,1173.0,1189.0,False,False,False,1189,175829.0,43.02948093471437,31.97051906528563,0.0,75.0,175979,175384,9192,36768000.0,0.9966189147568744,16.731187774372273,38.39649393170745,7.82,0.1485609225745695,0.22949024046311228,158.5680542000373,133.36253507152,740981,159.90599179999845
Hybrid GWO-ABC,3,45,n_nodes,150,1149.0,1163.0,1183.0,False,False,False,1183,174603.0,42.83081996513053,32.16918003486947,0.0,75.0,174753,174337,8866,35464000.0,0.9976194972332377,18.185434433101808,37.786273408534754,7.712,0.17830133407461557,0.23273873404691592,158.38959510004133,133.88807700764272,738756,159.7260391000018
Hybrid GWO-ABC,4,46,n_nodes,150,1162.0,1173.0,1187.0,False,False,False,1187,175816.0,42.997641531711,32.002358468289,0.0,75.0,175966,175070,9123,36492000.0,0.9949081072479911,17.145845278731752,36.21187410638023,7.78,0.16958081343069467,0.25205344755699494,159.1522418999084,134.07939502940894,739647,160.53340000000026
LEACH,0,42,n_nodes,150,922.0,1135.0,1336.0,False,False,False,1336,170300.0,42.21495474673143,32.78504525326857,0.0,75.0,170450,168431,9517,38068000.0,0.9881548841302434,21.065702356250434,38.746240798819414,7.5,0.5074681159949521,1.137330506859332,0.06712620002508629,0.050244161695423874,0,3.041177699997206
LEACH,1,43,n_nodes,150,932.0,1129.0,1360.0,False,False,False,1360,169924.0,42.161106186298156,32.838893813701844,0.0,75.0,170074,168219,9690,38760000.0,0.9890929830544352,21.572054845072664,37.400537791070214,7.5,0.5026291829955758,1.1984636100991033,0.07187509987852536,0.052849338145974534,0,3.1645046999983606
LEACH,2,44,n_nodes,150,918.0,1136.0,1330.0,False,False,False,1330,170673.0,42.22490655805322,32.77509344194678,0.0,75.0,170823,168757,9550,38200000.0,0.9879056099003062,20.905182804421035,39.05973568891465,7.5,0.505145292465921,1.2961546269268194,0.03503339998133015,0.026340902241601617,0,2.3831059000003734
LEACH,3,45,n_nodes,150,906.0,1132.0,1383.0,False,False,False,1383,169560.0,42.11139741274311,32.88860258725689,0.0,75.0,169710,167624,9457,37828000.0,0.9877084438159213,21.80046836326053,37.89462685572625,7.5,0.5234940827129515,1.15269868418703,0.05390449998958502,0.038976500354002186,0,2.574047400004929
LEACH,4,46,n_nodes,150,889.0,1140.0,1436.0,False,False,False,1436,171548.0,42.3300773418396,32.6699226581604,0.0,75.0,171698,169728,9911,39644000.0,0.9885263660613403,20.522351187018344,36.7823349812368,7.5,0.5053467549110777,1.0969057628336123,0.059533699713938404,0.04145800815733872,0,2.5680310999960057
ABC,0,42,n_nodes,200,1168.0,1179.0,1191.0,False,False,False,1191,235491.0,57.56652257251798,42.43347742748202,0.0,100.0,235691,235011,11498,45992000.0,0.9971148664989329,15.203329624810012,37.44440240233952,9.77,0.20769451280390586,0.2366447590976074,148.15567530001863,124.39603299749675,735448,149.60195720000047
ABC,1,43,n_nodes,200,1156.0,1173.0,1208.0,False,False,False,1208,234290.0,57.44969888487114,42.55030111512886,0.0,100.0,234490,233512,11104,44416000.0,0.995829246449742,15.858473539784246,37.75030071507167,9.71,0.21856136448728297,0.22251180329640424,145.55115240005762,120.48936456958413,747454,146.90791349999927
ABC,2,44,n_nodes,200,1162.0,1178.0,1196.0,False,False,False,1196,235272.0,57.549013893685945,42.450986106314055,0.0,100.0,235472,234853,11419,45676000.0,0.9973712373445675,15.306189984857719,37.629532292030504,9.724,0.21289058541608558,0.23069419046748427,149.14468560008027,124.70291438133802,739068,150.57770710000113
ABC,3,45,n_nodes,200,1162.0,1175.0,1188.0,False,False,False,1188,234880.0,57.47106493242251,42.52893506757749,0.0,100.0,235080,234354,11355,45420000.0,0.9969116896375702,15.706358096435588,37.93597960824013,9.72,0.22676649728119258,0.23594429032710054,145.33686530008708,122.33742870377701,733533,146.77818649999972
ABC,4,46,n_nodes,200,1165.0,1176.0,1267.0,False,False,False,1267,235264.0,57.5538769762466,42.4461230237534,0.0,100.0,235464,234716,11516,46064000.0,0.9968232935820338,15.248277413349806,37.53638686519168,9.784,0.21626027272550938,0.23197186784842433,150.11227140000483,118.478509392269,784400,151.8359812000017
GWO,0,42,n_nodes,200,1165.0,1179.0,1193.0,False,False,False,1193,235633.0,57.58854839439446,42.41145160560554,0.0,100.0,235833,235042,11619,46476000.0,0.9966459316550271,15.123936229714523,37.43473458581628,9.876,0.20183577925542154,0.23346973359422196,105.99474249989726,88.8472275774495,739660,107.61475029999565
GWO,1,43,n_nodes,200,1158.0,1171.0,1242.0,False,False,False,1242,234161.0,57.450248440430826,42.549751559569174,0.0,100.0,234361,233340,11035,44140000.0,0.99564347310346,15.871558877225427,37.53447693421868,9.726,0.2089011468570509,0.21893557162637206,107.05107939997833,86.19249549112587,770040,108.74152110000432
GWO,2,44,n_nodes,200,1166.0,1178.0,1198.0,False,False,False,1198,235383.0,57.56973879834052,42.43026120165948,0.0,100.0,235583,235073,11581,46324000.0,0.9978351578849068,15.250110292163068,37.56374041415881,9.864,0.2125850081787512,0.22605521727472772,103.65405900001497,86.52258681136475,742760,105.23193289999472
GWO,3,45,n_nodes,200,1164.0,1175.0,1192.0,False,False,False,1192,234818.0,57.45382938803405,42.54617061196595,0.0,100.0,235018,234524,11466,45864000.0,0.997898033342127,15.844818214661569,37.71582578501789,9.776,0.20730383499153596,0.2282173130649395,101.62691760006419,85.25748120810754,739040,103.21857929999533
GWO,4,46,n_nodes,200,1167.0,1176.0,1272.0,False,False,False,1272,235327.0,57.57212576466787,42.42787423533213,0.0,100.0,235527,234990,11698,46792000.0,0.9977200066234444,15.208009532104453,37.41393949690228,9.928,0.20886030186442475,0.2262895245671097,103.08586890000151,81.04234976415214,788640,104.71270920000097
Hybrid GWO-ABC,0,42,n_nodes,200,1167.0,1176.0,1194.0,False,False,False,1194,235250.0,57.536909734936586,42.463090265063414,0.0,100.0,235450,234718,11414,45656000.0,0.9968910596729667,15.397303934909093,37.34358228073868,9.756,0.1711284225243885,0.23053709156572494,172.97327620005308,144.86874053605786,742277,174.40799719999995
Hybrid GWO-ABC,1,43,n_nodes,200,1151.0,1171.0,1207.0,False,False,False,1207,233876.0,57.41613091846996,42.58386908153004,0.0,100.0,234076,233000,10900,43600000.0,0.9954032023787146,16.076157631900383,37.327678455340745,9.716,0.1677206972971688,0.21262272863755488,175.77789769997253,145.63206106045777,752285,177.19909030000053
Hybrid GWO-ABC,2,44,n_nodes,200,1166.0,1177.0,1193.0,False,False,False,1193,235201.0,57.525208233648115,42.474791766351885,0.0,100.0,235401,234525,11446,45784000.0,0.9962786904048836,15.480961863020969,37.495879569326995,9.78,0.17792692621384526,0.22220273860084047,175.61049130005995,147.20074710818102,742079,177.05945240000074
Hybrid GWO-ABC,3,45,n_nodes,200,1164.0,1173.0,1187.0,False,False,False,1187,234587.0,57.385846317754215,42.614153682245785,0.0,100.0,234787,234157,11245,44980000.0,0.9973167168539996,16.136627775423957,37.71039529088768,9.584,0.17948298978697808,0.22809648584941758,174.92525790005675,147.3675298231312,738096,176.359188800001
Hybrid GWO-ABC,4,46,n_nodes,200,1166.0,1176.0,1232.0,False,False,False,1232,235090.0,57.539393792649065,42.460606207350935,0.0,100.0,235290,234703,11517,46068000.0,0.997505206341111,15.358399113321566,37.386361421652296,9.812,0.1722903705710801,0.2222250852563825,181.6268105000745,147.4243591721384,766855,183.24915450000117
LEACH,0,42,n_nodes,200,933.0,1157.0,1481.0,False,False,False,1481,231497.0,57.011293410842,42.988706589158,0.0,100.0,231697,229198,12401,49604000.0,0.9892143618605334,17.707643471389208,37.791972028153786,10.0,0.5188666860054906,0.887393858630372,0.04100430012476863,0.027686900826987597,0,2.789456300000893
LEACH,1,43,n_nodes,200,909.0,1150.0,1359.0,False,False,False,1359,230519.0,56.93873199373483,43.06126800626517,0.0,100.0,230719,227957,12093,48372000.0,0.9880287275863713,18.219356325620712,37.93057677326354,10.0,0.5178615948094231,1.2058265166297515,0.050774299961631186,0.0373615157922231,0,3.007921399999759
LEACH,2,44,n_nodes,200,969.0,1148.0,1375.0,False,False,False,1375,230963.0,56.93198702366192,43.06801297633808,0.0,100.0,231163,228282,12198,48792000.0,0.9875369328136423,18.018653636491745,37.964317302970024,10.0,0.5329556611324017,1.100910661057101,0.06945499994617421,0.050512727233581245,0,3.501861500000814
LEACH,3,45,n_nodes,200,937.0,1157.0,1367.0,False,False,False,1367,230465.0,56.876337735346155,43.123662264653845,0.0,100.0,230665,227642,12122,48488000.0,0.9868944139769796,18.391284045882873,37.959598379128515,10.0,0.523629242582975,1.22172718181478,0.06435229995258851,0.04707556690021105,0,2.819099999993341
LEACH,4,46,n_nodes,200,905.0,1145.0,1429.0,False,False,False,1429,231249.0,57.00147184235112,42.99852815764888,0.0,100.0,231449,228649,12093,48372000.0,0.9879023024510799,17.83610690706386,37.627754060267705,10.0,0.526351721922456,1.2010605551688485,0.07855069996003294,0.05496899927224139,0,3.577388300000166
ABC,0,42,n_nodes,50,1079.0,1094.0,1118.0,False,False,False,1118,54683.0,13.654971795855708,11.345028204144292,0.0,25.0,54733,54683,2939,11756000.0,0.9990864743390642,29.5221163358967,35.3782806952827,2.746,0.11380105213712079,0.2498508839009183,95.50362840004163,85.42363899824834,705967,96.6516902000003
ABC,1,43,n_nodes,50,1069.0,1088.0,1102.0,False,False,False,1102,54351.0,13.58468768334581,11.41531231665419,0.0,25.0,54401,54351,2958,11832000.0,0.9990808992481756,30.376770227175253,35.942358291864956,2.754,0.10098984127961796,0.23737865643122,97.55679780002538,88.52703974593955,695184,98.78743970000141
ABC,2,44,n_nodes,50,1098.0,1106.0,1112.0,False,False,False,1112,55234.0,13.695890284422791,11.304109715577209,0.0,25.0,55284,55175,3159,12636000.0,0.9980283626365676,29.044880955159876,38.36374561088388,2.864,0.12794122003581648,0.2739606999684575,99.25559330010583,89.25862706844049,699942,100.45805909999763
ABC,3,45,n_nodes,50,1107.0,1115.0,1122.0,False,False,False,1122,55677.0,13.821847766207252,11.178152233792748,0.0,25.0,55727,55572,3170,12680000.0,0.9972185834514687,27.381099546137893,36.034508294883445,2.894,0.1038333069801353,0.26538573147888544,98.5153880999278,87.80337620314421,706491,99.73616739999852
ABC,4,46,n_nodes,50,1056.0,1075.0,1103.0,False,False,False,1103,53786.0,13.485471815459704,11.514528184540296,0.0,25.0,53836,53784,2695,10780000.0,0.9990341035738167,31.807988631373366,34.13678526594507,2.57,0.10653394422803168,0.2902596864964875,100.19207549989733,90.83597053481172,695720,101.35466540000198
GWO,0,42,n_nodes,50,1076.0,1095.0,1130.0,False,False,False,1130,54740.0,13.619501739092874,11.380498260907126,0.0,25.0,54790,54739,2954,11816000.0,0.9990691732067896,29.890376664564677,35.38535182220926,2.684,0.12126315661915403,0.25372308761942736,46.71896000005654,41.34421238943057,700600,47.881260699999984
GWO,1,43,n_nodes,50,1078.0,1084.0,1095.0,False,False,False,1095,54207.0,13.553223294964637,11.446776705035363,0.0,25.0,54257,54207,2886,11544000.0,0.999078459922222,30.773258913051112,35.83870684797237,2.708,0.11375000634255597,0.24144062117847262,45.112944399941625,41.19903598168185,678900,46.257949499999086
GWO,2,44,n_nodes,50,1098.0,1105.0,1111.0,False,False,False,1111,55199.0,13.687706431927083,11.312293568072917,0.0,25.0,55249,55112,3142,12568000.0,0.9975203171098119,29.10369400646095,38.36778771816509,2.842,0.14716210313244407,0.276498326912575,44.410455099947285,39.97340693064562,688820,45.56600059999619
GWO,3,45,n_nodes,50,1101.0,1114.0,1123.0,False,False,False,1123,55633.0,13.807520804507213,11.192479195492787,0.0,25.0,55683,55629,3176,12704000.0,0.9990302246646193,27.60018295045008,35.91365365077449,2.894,0.11376619743919172,0.2656031890181024,45.820089400069264,40.801504363374235,696260,47.021582900000794
GWO,4,46,n_nodes,50,1058.0,1074.0,1085.0,False,False,False,1085,53663.0,13.46404843813969,11.53595156186031,0.0,25.0,53713,53658,2656,10624000.0,0.9989760393200902,32.043352375159195,34.038540823695634,2.534,0.11510503948161224,0.29176699238232484,45.9299917000244,42.33178958527595,672700,47.055848900003184
Hybrid GWO-ABC,0,42,n_nodes,50,1075.0,1093.0,1126.0,False,False,False,1126,54680.0,13.649297608698307,11.350702391301693,0.0,25.0,54730,54680,2935,11740000.0,0.9990864242645715,29.548326447987804,35.34912770110481,2.72,0.11289215563608153,0.25086155641842056,104.03332790005152,92.3919430728699,710798,105.03710690000298
Hybrid GWO-ABC,1,43,n_nodes,50,1067.0,1086.0,1103.0,False,False,False,1103,54287.0,13.59241318845103,11.40758681154897,0.0,25.0,54337,54287,2907,11628000.0,0.9990798166994865,30.279370507239513,35.97150325236383,2.748,0.10353979872168753,0.2372678262068611,103.87878050001746,94.17840480509288,695834,104.86137049999888
Hybrid GWO-ABC,2,44,n_nodes,50,1092.0,1107.0,1113.0,False,False,False,1113,55267.0,13.70387241908583,11.29612758091417,0.0,25.0,55317,55204,3184,12736000.0,0.9979572283384854,28.933810512140717,38.35532558684255,2.862,0.13200576103503162,0.27400002181073685,103.97401190002711,93.41780044926065,701331,105.00589570000011
Hybrid GWO-ABC,3,45,n_nodes,50,1110.0,1116.0,1124.0,False,False,False,1124,55807.0,13.844565815100088,11.155434184899912,0.0,25.0,55857,55768,3215,12860000.0,0.998406645541293,27.093902429684203,36.02548907882933,2.902,0.10550013167864958,0.26394169474868157,106.0494673999965,94.3500599644097,708443,107.07973180000045
Hybrid GWO-ABC,4,46,n_nodes,50,1056.0,1073.0,1102.0,False,False,False,1102,53673.0,13.467592977420892,11.532407022579108,0.0,25.0,53723,53671,2646,10584000.0,0.9990320719245016,32.0352456106406,34.16851575165631,2.528,0.10949020723783084,0.29215868898485814,103.9041665999539,94.28690254079301,695466,104.895002199999
LEACH,0,42,n_nodes,50,982.0,1085.0,1233.0,False,False,False,1233,54421.0,13.502892339572236,11.497107660427764,0.0,25.0,54471,54118,7552,30208000.0,0.9935194874336803,35.23852384193116,36.175743868602346,2.5,0.29255899175645783,1.4807207958742896,0.06260130002192454,0.050771532864496795,0,2.483328700000129
LEACH,1,43,n_nodes,50,940.0,1077.0,1212.0,False,False,False,1212,53951.0,13.386199429276692,11.613800570723308,0.0,25.0,54001,53716,7532,30128000.0,0.9947223199570379,36.30078188882898,36.69063422617832,2.5,0.32107009851353596,1.3930747072431053,0.05776490003336221,0.04766080860838466,0,2.3250066000036895
LEACH,2,44,n_nodes,50,946.0,1069.0,1179.0,False,False,False,1179,53445.0,13.268614290061423,11.731385709938577,0.0,25.0,53495,53064,7326,29304000.0,0.9919431722590897,37.30448716436126,38.86196608018999,2.5,0.3013316479495191,1.435134829257253,0.04834110013325699,0.0410017812835089,0,2.0675056999971275
LEACH,3,45,n_nodes,50,951.0,1081.0,1267.0,False,False,False,1267,54320.0,13.313306074815486,11.686693925184514,0.0,25.0,54370,53967,7324,29296000.0,0.9925878241677396,35.6634775721777,36.85912158459802,2.5,0.28099890652966486,1.3913499875887279,0.06350759990164079,0.050124388241231874,0,2.4900135999996564
LEACH,4,46,n_nodes,50,951.0,1087.0,1226.0,False,False,False,1226,54321.0,13.473995547140758,11.526004452859242,0.0,25.0,54371,53954,7524,30096000.0,0.9923304702874695,35.20698544261837,34.89814267124372,2.5,0.33539588045578145,1.4137357076780368,0.041024300022399984,0.03346190866427405,0,1.9011893999995664
Hybrid GWO-ABC,0,42,weights,balance-heavy (.20/.20/.15/.35/.10),1124.0,1136.0,1151.0,False,False,False,1151,113587.0,28.066234178523025,21.933765821476975,0.0,50.0,113687,113570,4980,19920000.0,0.9989708585854143,22.729463716064725,36.70239821681572,4.416,0.07026634159799158,0.19562364371684476,137.25277890004145,119.24654986971456,721995,138.49310169999808
Hybrid GWO-ABC,1,43,weights,balance-heavy (.20/.20/.15/.35/.10),1104.0,1119.0,1132.0,False,False,False,1132,111804.0,27.905301903438474,22.094698096561526,0.0,50.0,111904,111749,4835,19340000.0,0.9986148841864455,23.984857697145344,37.590113946403825,4.542,0.07329952782041023,0.18627245068228837,138.25856200002454,122.13653886927963,710846,139.47030510000332
Hybrid GWO-ABC,2,44,weights,balance-heavy (.20/.20/.15/.35/.10),1130.0,1141.0,1149.0,False,False,False,1149,113910.0,28.089780348827812,21.910219651172188,0.0,50.0,114010,113718,5136,20544000.0,0.997438821156039,22.38602072674121,39.09681156307028,4.51,0.07263604454818008,0.2084017085299285,137.46727119998468,119.64079303741052,720126,138.68759940000018
Hybrid GWO-ABC,3,45,weights,balance-heavy (.20/.20/.15/.35/.10),1114.0,1123.0,1220.0,False,False,False,1220,112482.0,27.907828809650255,22.092171190349745,0.0,50.0,112582,112415,4791,19164000.0,0.9985166367625375,23.958820001380502,36.26631882483506,4.338,0.06782484072807059,0.19570461811732473,143.89530800000648,117.94697377049711,766783,145.20225619999837
Hybrid GWO-ABC,4,46,weights,balance-heavy (.20/.20/.15/.35/.10),1102.0,1120.0,1156.0,False,False,False,1156,112112.0,27.911537402468486,22.088462597531514,0.0,50.0,112212,112110,4490,17960000.0,0.9990910063094857,23.788264056418534,35.19861267532443,4.22,0.07215515424009278,0.22150850198246178,141.34777859998576,122.27316487888041,726706,142.5889903999996
Hybrid GWO-ABC,0,42,weights,default (.30/.25/.20/.15/.10),1132.0,1146.0,1160.0,False,False,False,1160,114576.0,28.2100360217735,21.7899639782265,0.0,50.0,114676,114457,5516,22064000.0,0.9980902717220691,21.717517709296864,37.211609458693694,4.83,0.15128512308458247,0.23957350571580852,141.5001811999755,121.98291482756507,727486,142.71581689999948
Hybrid GWO-ABC,1,43,weights,default (.30/.25/.20/.15/.10),1122.0,1132.0,1177.0,False,False,False,1177,113376.0,28.034513729496283,21.965486270503717,0.0,50.0,113476,113288,5431,21724000.0,0.9983432620113504,23.179428194142286,38.073941812802076,4.816,0.1458399736625261,0.22824062097097988,143.61602960004893,122.0187167375097,739009,144.88894620000065
Hybrid GWO-ABC,2,44,weights,default (.30/.25/.20/.15/.10),1140.0,1148.0,1157.0,False,False,False,1157,114723.0,28.25158652514701,21.74841347485299,0.0,50.0,114823,114549,5616,22464000.0,0.9976137185058742,21.22537864279103,39.44597635824858,4.876,0.1437741169789475,0.25556488082877593,141.5977461999355,122.38353171990968,725295,142.80931030000283
Hybrid GWO-ABC,3,45,weights,default (.30/.25/.20/.15/.10),1127.0,1136.0,1152.0,False,False,False,1152,113655.0,28.0952086334834,21.9047913665166,0.0,50.0,113755,113592,5329,21316000.0,0.9985670959518262,22.675276011138166,36.627835965502285,4.734,0.14623509491062808,0.24244890284035706,140.76652799994918,122.19316666662255,723385,142.04261070000211
Hybrid GWO-ABC,4,46,weights,default (.30/.25/.20/.15/.10),1131.0,1141.0,1164.0,False,False,False,1164,114151.0,28.201672134665444,21.798327865334556,0.0,50.0,114251,114089,5330,21320000.0,0.998582069303551,21.779004353247235,35.60349362983361,4.786,0.1535214295995837,0.2664357420739245,143.5997018999151,123.36744149477241,730682,144.91332879999754
Hybrid GWO-ABC,0,42,weights,distance-heavy (.15/.35/.30/.10/.10),1125.0,1142.0,1182.0,False,False,False,1182,114146.0,28.205047026712144,21.794952973287856,0.0,50.0,114246,114145,5387,21548000.0,0.9991159427901196,21.722106021451115,37.33085189192886,4.8,0.20935140240742084,0.2921418939141247,142.45007189997705,120.5161352791684,743451,143.72325949999868
Hybrid GWO-ABC,1,43,weights,distance-heavy (.15/.35/.30/.10/.10),1115.0,1130.0,1152.0,False,False,False,1152,112928.0,28.009888148677003,21.990111851322997,0.0,50.0,113028,112757,5232,20928000.0,0.997602364015996,23.334735581582763,38.343790903917046,4.734,0.19833687077200196,0.280709293278753,144.89802690004217,125.77953723961994,724351,146.22662899999705
Hybrid GWO-ABC,2,44,weights,distance-heavy (.15/.35/.30/.10/.10),1136.0,1146.0,1191.0,False,False,False,1191,114641.0,28.230260903283018,21.769739096716982,0.0,50.0,114741,114584,5596,22384000.0,0.9986317009612954,21.407963894289765,39.294373128362274,4.846,0.19101800418628337,0.3069555798109872,144.1464270999495,121.02974567586021,748703,145.46869490000245
Hybrid GWO-ABC,3,45,weights,distance-heavy (.15/.35/.30/.10/.10),1116.0,1135.0,1280.0,False,False,False,1280,113545.0,28.09412320400299,21.90587679599701,0.0,50.0,113645,113384,5331,21324000.0,0.9977033745435346,22.65028469831168,36.96184251606701,4.698,0.21462331581470767,0.29326835371935633,153.3705303000388,119.82072679690532,806048,154.69011420000243
Hybrid GWO-ABC,4,46,weights,distance-heavy (.15/.35/.30/.10/.10),1124.0,1140.0,1174.0,False,False,False,1174,113932.0,28.177934187588473,21.822065812411527,0.0,50.0,114032,113727,5203,20812000.0,0.9973253121930686,21.938762404458764,36.04172537503663,4.666,0.2218803404781361,0.3154076636684959,141.37355249999746,120.42040247018522,738079,142.6146073000018
Hybrid GWO-ABC,0,42,weights,energy-heavy (.50/.15/.15/.10/.10),1140.0,1150.0,1159.0,False,False,False,1159,114905.0,28.248115146923436,21.751884853076564,0.0,50.0,115005,114615,5711,22844000.0,0.9966088430937785,21.481091626182337,37.30330682315227,4.966,0.16772800046167072,0.21757602652763802,142.5887629000863,123.0274054357949,725671,143.8716155000002
Hybrid GWO-ABC,1,43,weights,energy-heavy (.50/.15/.15/.10/.10),1123.0,1137.0,1150.0,False,False,False,1150,113713.0,28.081875906758306,21.918124093241694,0.0,50.0,113813,113627,5630,22520000.0,0.9983657402932881,22.870924416633628,38.15408323485961,4.968,0.15698383708408958,0.2003386977564758,144.26738979995207,125.44990417387136,721083,145.59218129999863
Hybrid GWO-ABC,2,44,weights,energy-heavy (.50/.15/.15/.10/.10),1142.0,1152.0,1159.0,False,False,False,1159,115083.0,28.286989538671726,21.713010461328274,0.0,50.0,115183,114802,5732,22928000.0,0.9966922202061068,21.01349973783383,39.347969758491935,4.986,0.1580729146706036,0.2317585249893301,140.47040719998768,121.19966108713345,725228,141.75620039999922
Hybrid GWO-ABC,3,45,weights,energy-heavy (.50/.15/.15/.10/.10),1135.0,1145.0,1158.0,False,False,False,1158,114420.0,28.192068659883486,21.807931340116514,0.0,50.0,114520,114232,5687,22748000.0,0.9974851554313657,21.998972544384518,36.83690441839771,4.976,0.17640143819210943,0.21855860962165752,136.92793769998752,118.24519663211358,725759,138.1533339000016
Hybrid GWO-ABC,4,46,weights,energy-heavy (.50/.15/.15/.10/.10),1139.0,1150.0,1160.0,False,False,False,1160,114923.0,28.26622298517934,21.73377701482066,0.0,50.0,115023,114709,5707,22828000.0,0.9972701111951523,21.3855193222711,35.86032858320085,4.982,0.17961826267658562,0.248663639951318,140.91578669997762,121.47912646549794,726636,142.1353736000019
Hybrid GWO-ABC,0,42,weights,equal (.20 each),1137.0,1147.0,1169.0,False,False,False,1169,114645.0,28.22623428625937,21.77376571374063,0.0,50.0,114745,114586,5718,22872000.0,0.9986143187066975,21.63803003534871,37.271081953628226,4.992,0.14803537157190078,0.2178532397317914,138.8247913999985,118.75516800684217,733022,140.00236159999986
Hybrid GWO-ABC,1,43,weights,equal (.20 each),1122.0,1130.0,1149.0,False,False,False,1149,113061.0,28.04998457357764,21.95001542642236,0.0,50.0,113161,112984,5522,22088000.0,0.9984358568764857,23.09337570721626,37.94268849630755,4.968,0.12498156364053824,0.20528725797358482,139.90201090001938,121.75980060924228,721045,141.24588629999926
Hybrid GWO-ABC,2,44,weights,equal (.20 each),1138.0,1148.0,1163.0,False,False,False,1163,114707.0,28.231029532793833,21.768970467206167,0.0,50.0,114807,114503,5721,22884000.0,0.9973520778349753,21.4091284741876,39.22450394105731,4.988,0.13570707521751174,0.2294902773498735,144.83066400001917,124.53195528806464,728598,146.12074370000119
Hybrid GWO-ABC,3,45,weights,equal (.20 each),1132.0,1139.0,1205.0,False,False,False,1205,114063.0,28.13692033546102,21.86307966453898,0.0,50.0,114163,113894,5681,22724000.0,0.9976437199442901,22.394695240101296,36.54318658074766,4.988,0.1454157890921355,0.2161245038416218,150.18967369996244,124.63873336096468,756482,151.4702610000022
Hybrid GWO-ABC,4,46,weights,equal (.20 each),1135.0,1145.0,1189.0,False,False,False,1189,114578.0,28.23674065565291,21.76325934434709,0.0,50.0,114678,114575,5683,22732000.0,0.9991018329583704,21.629972121912008,35.67393475042809,4.992,0.1493419584736846,0.23587793672382792,143.52386110002408,120.70972338101268,746234,144.7552644999996
