round,ch_id,x,y,residual_energy,distance_to_bs,cluster_size
1,28,45.891577553834,56.87411959528937,0.5,8.008286658611938,21
1,30,66.84029617904716,47.10962061431325,0.5,17.08654056242027,18
1,31,56.52361064811888,76.49988574160255,0.5,27.291050551531363,18
1,70,48.66583308381603,49.07069943545209,0.5,1.6259154035523802,25
1,92,77.2012432110988,66.16612631677611,0.5,31.642554769160306,18
2,16,32.58253581381519,37.045970603486886,0.4997838693378177,21.706564359261378,17
2,23,38.74783790301745,28.83281039302441,0.499779682448748,23.97208934812371,24
2,32,63.47183200005908,55.35794006579958,0.49979682474701204,14.498199170466526,17
2,79,72.69946142868827,76.8647491917657,0.4997946109371745,35.170730704507434,23
2,96,12.275793241148602,83.11126721249062,0.49972726364519826,50.19434023873136,19
3,35,21.45846728195292,40.852864372463614,0.49956215956368527,29.97147277135205,17
3,39,55.70321523412783,78.38982091064135,0.49958818227471874,28.957012887124193,22
3,43,72.23593505964503,46.18772302513874,0.49959236539211577,22.560369316786645,20
3,56,30.59566241506525,57.9219568941896,0.499573007301902,20.959144022204473,20
3,91,51.885836038644904,31.5929051830793,0.4995801573268312,18.503446088871144,21
4,38,29.35937577666836,66.1916514726895,0.49935967325848035,26.233660547888334,18
4,40,66.43135403273875,40.63868614400705,0.49938672238382076,18.91093843413398,20
4,53,44.93615021437887,27.224156184515902,0.49937602203740744,23.331987402676617,22
4,85,29.091783814011862,51.50571292317145,0.4993769699122034,20.962363308725994,16
4,98,59.93827915208435,87.45620408374644,0.49937972549469345,38.7522466041392,24
5,26,78.69243775021384,66.48508565920321,0.49914435383175815,33.09099625640128,22
5,44,16.127177903360177,50.10447751033635,0.4991337155837479,33.87298322174735,21
5,59,43.20930397751037,62.73088407024432,0.49916430184867827,14.428754682225943,20
5,63,32.98612123327853,14.45241888660469,0.4990943524917122,39.40942265121521,17
5,66,58.106113970039495,34.686980453483706,0.49916829521324557,17.32621283856514,20
6,33,55.92071607454135,30.39500980626122,0.49896529636632453,20.47951462637545,37
6,47,30.151208914787652,63.028259311888846,0.4989530347396304,23.742578803538244,33
6,60,58.40979689127356,64.984660155482,0.4989526031594754,17.183268714879727,30
7,20,43.715191887233075,83.26781960578374,0.4986995434643611,33.85626432932715,24
7,21,70.0265102002249,31.236664138204105,0.4987371870523851,27.443102657357606,15
7,46,44.61562755740307,38.10212260964825,0.4987659366115314,13.059515802526548,19
7,58,75.85195298352102,71.94629559509367,0.4987439504159148,33.911109734265686,21
7,72,47.348940105695384,26.69756630918936,0.49876407319606625,23.45275110680658,21
8,7,44.34141988273311,22.723872178477688,0.4985458892405559,27.856896415063034,20
8,22,83.2259801395201,80.47643574968019,0.4984833154586615,45.086349289293416,23
8,73,33.15689973425522,52.06724024715378,0.4985544322452517,16.969487582168895,14
8,78,28.123378383900832,65.94226346919018,0.4985276132264565,27.06921383888075,23
8,82,55.48524693914834,37.092228386243875,0.498564367799919,14.024924314103254,20
9,0,77.39560485559633,43.88784397520523,0.4983019807899039,28.069157747880652,20
9,6,64.38651200806646,82.276161327083,0.4983313694502849,35.33726528425946,23
9,84,31.713889282271534,95.28993950697449,0.49813574643931047,48.842199640540684,20
9,93,37.36577288737101,9.446666806151526,0.4982160126109092,42.47583463411616,17
9,99,19.643466571457324,31.03236729000948,0.4982084657782667,35.795114365222126,20
10,3,76.1139701990353,78.60643052769538,0.4981268270920708,38.73328422806367,23
10,10,75.80877400853738,35.45259681298683,0.4981086687649117,29.626335502543604,23
10,19,22.69093490508841,66.98139946825104,0.49807125734333313,32.15824877474573,23
10,65,17.05929685368861,92.51201183767972,0.4978557162382173,53.78067565827367,12
10,81,23.02139908948808,3.741255617617978,0.49779281802839553,53.551062911236734,19
11,17,46.95558112758079,18.94713590842857,0.49788693431434533,31.201744415342365,25
11,27,70.51653786263351,78.07290310219679,0.49794194680941334,34.77091046340611,26
11,57,17.67727829392317,85.66142840923754,0.49774220693421517,48.12998872507312,13
11,64,10.340296772255165,58.7644572177712,0.4977502569414986,40.616594766609076,21
11,94,74.6789611349026,26.246051592286467,0.49784796486437893,34.2534843140716,15
12,14,15.428949206754783,68.30489532424546,0.4976097592548916,39.11811275842336,24
12,18,12.992150533547164,47.57049262259338,0.4975983175315416,37.08751040752812,14
12,36,85.34030732681661,23.393948586534073,0.49748997008845436,44.23595024151556,12
12,52,77.87509039657947,71.68901891589957,0.4977122861346975,35.31903461522874,26
12,55,45.57762898336111,20.236336479523032,0.4976958971345134,30.09041428044784,24
13,1,85.85979199113825,69.73680290593639,0.497429296036577,40.93245742189787,20
13,5,37.07980242325812,92.67649888486018,0.49731356494991685,44.589405271785346,21
13,29,13.979699812765745,11.453007353597345,0.49706721163556006,52.75729966232435,21
13,61,8.44443211398891,41.58074021706096,0.4973008653812129,42.399872141570086,21
13,71,93.78264549749828,57.17280523760754,0.4972690412841297,44.366306830028755,17
14,24,68.24955039749754,13.97524836093098,0.4970012195437225,40.38352164395039,20
14,48,36.18126105533904,8.7649919316101,0.49715509137659847,43.488888654699714,19
14,62,4.161417386189248,49.39908192445189,0.49704444231011485,45.84252129384545,19
14,86,25.596509056760276,93.60435700489633,0.4970807138984722,49.96869339923984,17
14,89,89.1677266254914,74.86080194569492,0.49718086165788083,46.391489331474325,25
15,12,77.83834970737618,19.463870785196757,0.49685129865129857,41.321046717784526,16
15,13,46.67210037270342,4.380376578722878,0.49687076119762846,45.740845609023204,19
15,45,15.231210271316842,69.6320375077736,0.49695181306366293,39.92850655739597,22
15,73,33.15689973425522,52.06724024715378,0.4941221991024658,16.969487582168895,20
15,75,82.62919241943578,89.61607718397667,0.49695050513298344,51.32346217268826,23
16,8,55.45847870158348,6.381725610417533,0.49661017691925774,43.9584900839479,18
16,18,12.992150533547164,47.57049262259338,0.4938407093018931,37.08751040752812,18
16,21,70.0265102002249,31.236664138204105,0.4937033961945188,27.443102657357606,18
16,50,90.8580690707607,69.97071338107496,0.49673245707558106,45.47759009820221,24
16,77,10.857574113544356,67.22400930398116,0.4967094617793411,42.76442447619636,22
17,15,74.47621559078172,96.750973243421,0.4964166934224041,52.77062278250554,22
17,36,85.34030732681661,23.393948586534073,0.4938932638940593,44.23595024151556,20
17,37,5.830274168906602,28.138389202199654,0.4962100376258835,49.28381789866183,19
17,51,26.586996145951957,96.91763773477238,0.49634679596773223,52.4350405748008,22
17,74,43.89114603050467,2.1612079880330426,0.4964331140518514,48.22725492898028,17
18,11,97.06980243949033,89.31211213221977,0.496039685773176,61.327061416546535,20
18,12,77.83834970737618,19.463870785196757,0.4928521475600457,41.321046717784526,19
18,35,21.45846728195292,40.852864372463614,0.4928129418761213,29.97147277135205,21
18,57,17.67727829392317,85.66142840923754,0.49352101772395895,48.12998872507312,21
18,63,32.98612123327853,14.45241888660469,0.4927505863013736,39.40942265121521,19
19,31,56.52361064811888,76.49988574160255,0.492245863041088,27.291050551531363,20
19,32,63.47183200005908,55.35794006579958,0.49245251620013103,14.498199170466526,15
19,76,14.024908899861078,55.40361435390494,0.4961309897395945,36.37865071369501,21
19,85,29.091783814011862,51.50571292317145,0.49284297329590976,20.962363308725994,20
19,94,74.6789611349026,26.246051592286467,0.4930244154845294,34.2534843140716,24
20,16,32.58253581381519,37.045970603486886,0.4923355915491431,21.706564359261378,18
20,30,66.84029617904716,47.10962061431325,0.49211758524990173,17.08654056242027,14
20,38,29.35937577666836,66.1916514726895,0.4921325042927272,26.233660547888334,28
20,46,44.61562755740307,38.10212260964825,0.4918593758133707,13.059515802526548,16
20,92,77.2012432110988,66.16612631677611,0.4921597265786453,31.642554769160306,24
21,43,72.23593505964503,46.18772302513874,0.4914924251515764,22.560369316786645,13
21,58,75.85195298352102,71.94629559509367,0.4913516936752094,33.911109734265686,20
21,59,43.20930397751037,62.73088407024432,0.4913453343668702,14.428754682225943,21
21,62,4.161417386189248,49.39908192445189,0.4914807593728093,45.84252129384545,22
21,82,55.48524693914834,37.092228386243875,0.49144977896357955,14.024924314103254,24
22,0,77.39560485559633,43.88784397520523,0.491283982189457,28.069157747880652,14
22,1,85.85979199113825,69.73680290593639,0.49125280550462513,40.93245742189787,23
22,7,44.34141988273311,22.723872178477688,0.49130557400447455,27.856896415063034,23
22,56,30.59566241506525,57.9219568941896,0.49128438243255507,20.959144022204473,26
22,61,8.44443211398891,41.58074021706096,0.4909241944439763,42.399872141570086,14
23,39,55.70321523412783,78.38982091064135,0.49047816677563666,28.957012887124193,13
23,53,44.93615021437887,27.224156184515902,0.4906454280877318,23.331987402676617,21
23,66,58.106113970039495,34.686980453483706,0.491070975628147,17.32621283856514,19
23,76,14.024908899861078,55.40361435390494,0.49082977012790974,36.37865071369501,28
23,79,72.69946142868827,76.8647491917657,0.49051209693400843,35.170730704507434,19
24,5,37.07980242325812,92.67649888486018,0.4903273845394798,44.589405271785346,20
24,10,75.80877400853738,35.45259681298683,0.49028313847715577,29.626335502543604,22
24,28,45.891577553834,56.87411959528937,0.49040910602016347,8.008286658611938,22
24,91,51.885836038644904,31.5929051830793,0.49063319549643597,18.503446088871144,17
24,99,19.643466571457324,31.03236729000948,0.49071176227774516,35.795114365222126,19
25,3,76.1139701990353,78.60643052769538,0.49004903406108746,38.73328422806367,23
25,23,38.74783790301745,28.83281039302441,0.48977886260812853,23.97208934812371,25
25,40,66.43135403273875,40.63868614400705,0.49072998588202515,18.91093843413398,19
25,45,15.231210271316842,69.6320375077736,0.49010027880528306,39.92850655739597,20
25,78,28.123378383900832,65.94226346919018,0.48999141579786015,27.06921383888075,13
26,6,64.38651200806646,82.276161327083,0.48974436708494234,35.33726528425946,19
26,24,68.24955039749754,13.97524836093098,0.4901260668215709,40.38352164395039,16
26,26,78.69243775021384,66.48508565920321,0.4900215279986695,33.09099625640128,19
26,34,3.0817834567939406,43.671738923236234,0.4944336485281654,47.34306635454508,28
26,93,37.36577288737101,9.446666806151526,0.4909248406509554,42.47583463411616,18
27,19,22.69093490508841,66.98139946825104,0.48953352049914606,32.15824877474573,31
27,70,48.66583308381603,49.07069943545209,0.4888819008825917,1.6259154035523802,34
27,72,47.348940105695384,26.69756630918936,0.49005153423444675,23.45275110680658,35
28,17,46.95558112758079,18.94713590842857,0.48896409009889763,31.201744415342365,17
28,20,43.715191887233075,83.26781960578374,0.4889242863068345,33.85626432932715,16
28,55,45.57762898336111,20.236336479523032,0.48919889554321255,30.09041428044784,23
28,83,82.97897431324131,80.82514720643019,0.4941842419561597,45.142025287436105,23
28,96,12.275793241148602,83.11126721249062,0.48985127655760513,50.19434023873136,21
29,4,12.811363267554587,45.038593789556714,0.4939962846455283,37.51813233095184,17
29,9,82.7631171992582,63.166439912206485,0.4939772454846369,35.30972937554283,23
29,52,77.87509039657947,71.68901891589957,0.48852378330422164,35.31903461522874,20
29,64,10.340296772255165,58.7644572177712,0.48945849447877254,40.616594766609076,22
29,87,16.460781758201815,4.491061939232899,0.49313069923569447,56.53266846425794,18
30,27,70.51653786263351,78.07290310219679,0.4883258183074496,34.77091046340611,25
30,41,81.40203846660347,16.697291990770392,0.49334373112507673,45.772900067682514,16
30,44,16.127177903360177,50.10447751033635,0.4893901051239537,33.87298322174735,25
30,48,36.18126105533904,8.7649919316101,0.48960509404091973,43.488888654699714,21
30,86,25.596509056760276,93.60435700489633,0.48974698417108165,49.96869339923984,13
31,8,55.45847870158348,6.381725610417533,0.4894228127618329,43.9584900839479,18
31,13,46.67210037270342,4.380376578722878,0.4892832922885066,45.740845609023204,17
31,14,15.428949206754783,68.30489532424546,0.4884113389327168,39.11811275842336,25
31,50,90.8580690707607,69.97071338107496,0.4882476336572755,45.47759009820221,25
31,84,31.713889282271534,95.28993950697449,0.4888613697425336,48.842199640540684,15
32,18,12.992150533547164,47.57049262259338,0.4866489326757558,37.08751040752812,16
32,30,66.84029617904716,47.10962061431325,0.48661598250791727,17.08654056242027,21
32,60,58.40979689127356,64.984660155482,0.48673768235218284,17.183268714879727,26
32,74,43.89114603050467,2.1612079880330426,0.4894385016069336,48.22725492898028,19
32,77,10.857574113544356,67.22400930398116,0.4885650699715285,42.76442447619636,18
33,32,63.47183200005908,55.35794006579958,0.486334366057138,14.498199170466526,12
33,43,72.23593505964503,46.18772302513874,0.48620469846134995,22.560369316786645,21
33,54,9.63909621534993,90.26023965438416,0.4925365061540901,57.007801670843506,21
33,83,82.97897431324131,80.82514720643019,0.48819045505755193,45.142025287436105,19
33,97,15.328431662449404,17.926830815773908,0.4926125520497753,47.23140726789146,27
34,0,77.39560485559633,43.88784397520523,0.4857487705653886,28.069157747880652,20
34,4,12.811363267554587,45.038593789556714,0.4893466739606477,37.51813233095184,19
34,9,82.7631171992582,63.166439912206485,0.4880150847272408,35.30972937554283,22
34,47,30.151208914787652,63.028259311888846,0.48580196389627234,23.742578803538244,23
34,73,33.15689973425522,52.06724024715378,0.48577961206844594,16.969487582168895,16
35,16,32.58253581381519,37.045970603486886,0.4852954390477199,21.706564359261378,28
35,21,70.0265102002249,31.236664138204105,0.4858680596482778,27.443102657357606,16
35,46,44.61562755740307,38.10212260964825,0.48526494715687585,13.059515802526548,15
35,51,26.586996145951957,96.91763773477238,0.48739771321379277,52.4350405748008,22
35,68,95.85592132414453,48.23034369429002,0.4920806357087584,45.890055610409455,19
36,22,83.2259801395201,80.47643574968019,0.48753078273023803,45.086349289293416,21
36,71,93.78264549749828,57.17280523760754,0.48847311792594184,44.366306830028755,15
36,78,28.123378383900832,65.94226346919018,0.4849130489387054,27.06921383888075,22
36,85,29.091783814011862,51.50571292317145,0.4849756541548864,20.962363308725994,18
36,93,37.36577288737101,9.446666806151526,0.48491558299933774,42.47583463411616,24
37,4,12.811363267554587,45.038593789556714,0.48467990327001126,37.51813233095184,26
37,29,13.979699812765745,11.453007353597345,0.48694236557329107,52.75729966232435,16
37,39,55.70321523412783,78.38982091064135,0.48468976728174806,28.957012887124193,22
37,41,81.40203846660347,16.697291990770392,0.48830961053127764,45.772900067682514,19
37,89,89.1677266254914,74.86080194569492,0.4867897780037775,46.391489331474325,17
38,33,55.92071607454135,30.39500980626122,0.4840159598073829,20.47951462637545,18
38,49,11.800590212051532,96.18976645495145,0.49110354451354454,59.93904765101437,19
38,63,32.98612123327853,14.45241888660469,0.4843776097617099,39.40942265121521,21
38,91,51.885836038644904,31.5929051830793,0.48396563971243284,18.503446088871144,15
38,98,59.93827915208435,87.45620408374644,0.4866658054768018,38.7522466041392,27
39,24,68.24955039749754,13.97524836093098,0.4837907848251166,40.38352164395039,16
39,31,56.52361064811888,76.49988574160255,0.48365051676540166,27.291050551531363,26
39,37,5.830274168906602,28.138389202199654,0.4871292036266868,49.28381789866183,19
39,40,66.43135403273875,40.63868614400705,0.48364811788767614,18.91093843413398,19
39,57,17.67727829392317,85.66142840923754,0.48431863657032415,48.12998872507312,20
40,35,21.45846728195292,40.852864372463614,0.4836727911606418,29.97147277135205,22
40,58,75.85195298352102,71.94629559509367,0.4830733599863988,33.911109734265686,24
40,86,25.596509056760276,93.60435700489633,0.4848103439598944,49.96869339923984,15
40,94,74.6789611349026,26.246051592286467,0.4833254755973679,34.2534843140716,23
40,99,19.643466571457324,31.03236729000948,0.4832099793728992,35.795114365222126,16
41,12,77.83834970737618,19.463870785196757,0.48367069042763927,41.321046717784526,10
41,20,43.715191887233075,83.26781960578374,0.482700277416193,33.85626432932715,23
41,26,78.69243775021384,66.48508565920321,0.4828006022618721,33.09099625640128,21
41,34,3.0817834567939406,43.671738923236234,0.48503403067927997,47.34306635454508,21
41,66,58.106113970039495,34.686980453483706,0.48316279020291863,17.32621283856514,25
42,41,81.40203846660347,16.697291990770392,0.4831988419903468,45.772900067682514,14
42,48,36.18126105533904,8.7649919316101,0.482431527941921,43.488888654699714,22
42,59,43.20930397751037,62.73088407024432,0.48232201299521055,14.428754682225943,21
42,79,72.69946142868827,76.8647491917657,0.4824280042404603,35.170730704507434,23
42,96,12.275793241148602,83.11126721249062,0.48228959024247287,50.19434023873136,20
43,1,85.85979199113825,69.73680290593639,0.4818047581938731,40.93245742189787,20
43,6,64.38651200806646,82.276161327083,0.48202310442130797,35.33726528425946,16
43,29,13.979699812765745,11.453007353597345,0.4821995350180523,52.75729966232435,19
43,65,17.05929685368861,92.51201183767972,0.48789731153980165,53.78067565827367,22
43,67,59.091549148141674,2.28038710296975,0.4902182365319904,48.577955092361506,23
44,5,37.07980242325812,92.67649888486018,0.48159138068428387,44.589405271785346,23
44,7,44.34141988273311,22.723872178477688,0.4816676553716661,27.856896415063034,21
44,32,63.47183200005908,55.35794006579958,0.48147293819442083,14.498199170466526,15
44,53,44.93615021437887,27.224156184515902,0.4816161896748837,23.331987402676617,21
44,92,77.2012432110988,66.16612631677611,0.48198158417849235,31.642554769160306,20
45,17,46.95558112758079,18.94713590842857,0.4816503008677043,31.201744415342365,21
45,22,83.2259801395201,80.47643574968019,0.4811407769833045,45.086349289293416,21
45,28,45.891577553834,56.87411959528937,0.4811132621566866,8.008286658611938,16
45,64,10.340296772255165,58.7644572177712,0.4811699682486636,40.616594766609076,25
45,82,55.48524693914834,37.092228386243875,0.48110697840346006,14.024924314103254,17
46,3,76.1139701990353,78.60643052769538,0.48069342920368596,38.73328422806367,17
46,9,82.7631171992582,63.166439912206485,0.48078726453191206,35.30972937554283,24
46,37,5.830274168906602,28.138389202199654,0.48146964518779667,49.28381789866183,17
46,81,23.02139908948808,3.741255617617978,0.4854501057122674,53.551062911236734,20
46,84,31.713889282271534,95.28993950697449,0.4823451594243065,48.842199640540684,22
47,38,29.35937577666836,66.1916514726895,0.4802398229541099,26.233660547888334,20
47,55,45.57762898336111,20.236336479523032,0.48014431442463,30.09041428044784,28
47,56,30.59566241506525,57.9219568941896,0.48020379839802524,20.959144022204473,18
47,83,82.97897431324131,80.82514720643019,0.4811763687438543,45.142025287436105,23
47,95,93.68131505337793,24.097057500568475,0.4890307049207177,50.78404980819585,11
48,13,46.67210037270342,4.380376578722878,0.48182678817962105,45.740845609023204,17
48,18,12.992150533547164,47.57049262259338,0.47972659186784566,37.08751040752812,16
48,21,70.0265102002249,31.236664138204105,0.4796762940143502,27.443102657357606,19
48,45,15.231210271316842,69.6320375077736,0.4808562948457258,39.92850655739597,23
48,52,77.87509039657947,71.68901891589957,0.4803333639387671,35.31903461522874,25
49,10,75.80877400853738,35.45259681298683,0.4801459506564153,29.626335502543604,23
49,44,16.127177903360177,50.10447751033635,0.479873541960909,33.87298322174735,23
49,71,93.78264549749828,57.17280523760754,0.4823890688351822,44.366306830028755,20
49,86,25.596509056760276,93.60435700489633,0.4796559074469046,49.96869339923984,16
49,97,15.328431662449404,17.926830815773908,0.4832651172853791,47.23140726789146,18
50,15,74.47621559078172,96.750973243421,0.48405106744534404,52.77062278250554,24
50,23,38.74783790301745,28.83281039302441,0.4789887400424145,23.97208934812371,23
50,46,44.61562755740307,38.10212260964825,0.4788098680775013,13.059515802526548,23
50,76,14.024908899861078,55.40361435390494,0.47890276109334284,36.37865071369501,13
50,77,10.857574113544356,67.22400930398116,0.48074201036883235,42.76442447619636,17
51,12,77.83834970737618,19.463870785196757,0.47933330086440507,41.321046717784526,24
51,15,74.47621559078172,96.750973243421,0.4786596779001899,52.77062278250554,22
51,54,9.63909621534993,90.26023965438416,0.48395897023364215,57.007801670843506,14
51,61,8.44443211398891,41.58074021706096,0.4816039980089232,42.399872141570086,19
51,73,33.15689973425522,52.06724024715378,0.4786778026162364,16.969487582168895,21
52,14,15.428949206754783,68.30489532424546,0.47848610687017656,39.11811275842336,24
52,27,70.51653786263351,78.07290310219679,0.47832429439284313,34.77091046340611,28
52,34,3.0817834567939406,43.671738923236234,0.4780474151107963,47.34306635454508,21
52,36,85.34030732681661,23.393948586534073,0.4816853724110027,44.23595024151556,27
53,30,66.84029617904716,47.10962061431325,0.477583288568025,17.08654056242027,18
53,62,4.161417386189248,49.39908192445189,0.4796953795972963,45.84252129384545,18
53,85,29.091783814011862,51.50571292317145,0.47744502726665694,20.962363308725994,16
53,91,51.885836038644904,31.5929051830793,0.4775549475419085,18.503446088871144,26
53,98,59.93827915208435,87.45620408374644,0.4776310793297113,38.7522466041392,22
54,8,55.45847870158348,6.381725610417533,0.4803871085806969,43.9584900839479,15
54,43,72.23593505964503,46.18772302513874,0.47719158931424605,22.560369316786645,20
54,50,90.8580690707607,69.97071338107496,0.4778692065410057,45.47759009820221,22
54,65,17.05929685368861,92.51201183767972,0.48068540334395565,53.78067565827367,23
54,97,15.328431662449404,17.926830815773908,0.47828779339838373,47.23140726789146,20
55,13,46.67210037270342,4.380376578722878,0.4765738531379367,45.740845609023204,19
55,19,22.69093490508841,66.98139946825104,0.47682809112291247,32.15824877474573,20
55,51,26.586996145951957,96.91763773477238,0.47820753191176624,52.4350405748008,21
55,95,93.68131505337793,24.097057500568475,0.4848594266827599,50.78404980819585,25
55,99,19.643466571457324,31.03236729000948,0.4765841504076852,35.795114365222126,15
56,0,77.39560485559633,43.88784397520523,0.47673106218425,28.069157747880652,18
56,24,68.24955039749754,13.97524836093098,0.4766729347045899,40.38352164395039,20
56,42,2.2712073133860478,9.004786077564175,0.4859975928956558,62.91776550282162,16
56,71,93.78264549749828,57.17280523760754,0.47644285436361855,44.366306830028755,21
56,80,10.774094595589656,91.60118451376078,0.48737434690774706,57.17805704764476,25
57,40,66.43135403273875,40.63868614400705,0.4757510141864538,18.91093843413398,21
57,63,32.98612123327853,14.45241888660469,0.4757024763775673,39.40942265121521,19
57,72,47.348940105695384,26.69756630918936,0.47588981723758544,23.45275110680658,19
57,88,43.509706000303794,99.2375564055837,0.4868332193335689,49.66347628786701,23
57,90,89.07924908785249,89.34466396978632,0.48723982693023193,55.45439831217919,18
58,6,64.38651200806646,82.276161327083,0.47531543954920946,35.33726528425946,20
58,32,63.47183200005908,55.35794006579958,0.4752631607097865,14.498199170466526,19
58,41,81.40203846660347,16.697291990770392,0.47658537213294627,45.772900067682514,19
58,47,30.151208914787652,63.028259311888846,0.47558700988445424,23.742578803538244,22
58,78,28.123378383900832,65.94226346919018,0.4753915576117981,27.06921383888075,20
59,35,21.45846728195292,40.852864372463614,0.4748445616810447,29.97147277135205,23
59,39,55.70321523412783,78.38982091064135,0.4751528881437009,28.957012887124193,21
59,57,17.67727829392317,85.66142840923754,0.4757439449839776,48.12998872507312,17
59,68,95.85592132414453,48.23034369429002,0.4824383492200946,45.890055610409455,19
59,74,43.89114603050467,2.1612079880330426,0.47913784011373867,48.22725492898028,20
60,28,45.891577553834,56.87411959528937,0.47440263526225923,8.008286658611938,20
60,33,55.92071607454135,30.39500980626122,0.47543227884086026,20.47951462637545,21
60,60,58.40979689127356,64.984660155482,0.4750486170537957,17.183268714879727,26
60,84,31.713889282271534,95.28993950697449,0.4745124848355695,48.842199640540684,16
60,93,37.36577288737101,9.446666806151526,0.47439700404258417,42.47583463411616,17
61,8,55.45847870158348,6.381725610417533,0.4757278621478832,43.9584900839479,19
61,26,78.69243775021384,66.48508565920321,0.4740117617896632,33.09099625640128,24
61,70,48.66583308381603,49.07069943545209,0.4739989490835889,1.6259154035523802,21
61,80,10.774094595589656,91.60118451376078,0.48083860054465627,57.17805704764476,19
61,82,55.48524693914834,37.092228386243875,0.47403047219802924,14.024924314103254,17
62,4,12.811363267554587,45.038593789556714,0.47354539591774764,37.51813233095184,16
62,74,43.89114603050467,2.1612079880330426,0.4742349144146603,48.22725492898028,17
62,77,10.857574113544356,67.22400930398116,0.47445192921558055,42.76442447619636,23
62,89,89.1677266254914,74.86080194569492,0.47766992192081104,46.391489331474325,24
62,94,74.6789611349026,26.246051592286467,0.4736510772431966,34.2534843140716,20
63,2,9.417734788764953,97.5622351636756,0.48526185637490304,62.52268758970457,12
63,36,85.34030732681661,23.393948586534073,0.47344290605056016,44.23595024151556,15
63,59,43.20930397751037,62.73088407024432,0.4731981223847548,14.428754682225943,17
63,76,14.024908899861078,55.40361435390494,0.47325709758158746,36.37865071369501,16
63,87,16.460781758201815,4.491061939232899,0.481282491319688,56.53266846425794,16
63,92,77.2012432110988,66.16612631677611,0.47361242190681313,31.642554769160306,24
64,16,32.58253581381519,37.045970603486886,0.472929410154546,21.706564359261378,18
64,20,43.715191887233075,83.26781960578374,0.4726494203161492,33.85626432932715,15
64,56,30.59566241506525,57.9219568941896,0.47273210046957337,20.959144022204473,18
64,58,75.85195298352102,71.94629559509367,0.47282725057191166,33.911109734265686,22
64,66,58.106113970039495,34.686980453483706,0.4728086211764303,17.32621283856514,27
65,31,56.52361064811888,76.49988574160255,0.47235499667680303,27.291050551531363,24
65,61,8.44443211398891,41.58074021706096,0.4744056364153517,42.399872141570086,22
65,68,95.85592132414453,48.23034369429002,0.4769862354191197,45.890055610409455,16
65,81,23.02139908948808,3.741255617617978,0.47668742951974014,53.551062911236734,21
65,83,82.97897431324131,80.82514720643019,0.47227078642625947,45.142025287436105,17
66,1,85.85979199113825,69.73680290593639,0.47258797070644504,40.93245742189787,22
66,17,46.95558112758079,18.94713590842857,0.4725793613074128,31.201744415342365,24
66,21,70.0265102002249,31.236664138204105,0.4718321252546047,27.443102657357606,17
66,38,29.35937577666836,66.1916514726895,0.4719005447437444,26.233660547888334,17
66,45,15.231210271316842,69.6320375077736,0.4720339342593107,39.92850655739597,20
67,18,12.992150533547164,47.57049262259338,0.4722012162329137,37.08751040752812,18
67,53,44.93615021437887,27.224156184515902,0.4720832937947724,23.331987402676617,29
67,75,82.62919241943578,89.61607718397667,0.48038734840508823,51.32346217268826,22
67,95,93.68131505337793,24.097057500568475,0.47671345420876826,50.78404980819585,12
67,96,12.275793241148602,83.11126721249062,0.47254544641973956,50.19434023873136,19
68,10,75.80877400853738,35.45259681298683,0.4712131089029664,29.626335502543604,23
68,62,4.161417386189248,49.39908192445189,0.472374796471417,45.84252129384545,19
68,65,17.05929685368861,92.51201183767972,0.47266796458137783,53.78067565827367,16
68,79,72.69946142868827,76.8647491917657,0.4719765807454794,35.170730704507434,25
68,81,23.02139908948808,3.741255617617978,0.4714792901941371,53.551062911236734,17
69,3,76.1139701990353,78.60643052769538,0.47217124935524274,38.73328422806367,16
69,7,44.34141988273311,22.723872178477688,0.4717277818843073,27.856896415063034,21
69,9,82.7631171992582,63.166439912206485,0.47067220119070496,35.30972937554283,16
69,48,36.18126105533904,8.7649919316101,0.471758409075049,43.488888654699714,13
69,51,26.586996145951957,96.91763773477238,0.470611898032282,52.4350405748008,13
69,64,10.340296772255165,58.7644572177712,0.470547098313673,40.616594766609076,21
70,30,66.84029617904716,47.10962061431325,0.4701359208922023,17.08654056242027,22
70,44,16.127177903360177,50.10447751033635,0.470417734687058,33.87298322174735,25
70,67,59.091549148141674,2.28038710296975,0.4791562338512717,48.577955092361506,18
70,73,33.15689973425522,52.06724024715378,0.4700623067586741,16.969487582168895,18
70,90,89.07924908785249,89.34466396978632,0.4804897121130165,55.45439831217919,17
71,5,37.07980242325812,92.67649888486018,0.4705791365940863,44.589405271785346,14
71,12,77.83834970737618,19.463870785196757,0.4698092454144149,41.321046717784526,18
71,52,77.87509039657947,71.68901891589957,0.4700429326955732,35.31903461522874,26
71,85,29.091783814011862,51.50571292317145,0.4701814492806209,20.962363308725994,18
71,99,19.643466571457324,31.03236729000948,0.4698900156036936,35.795114365222126,24
72,0,77.39560485559633,43.88784397520523,0.4695134100510394,28.069157747880652,20
72,8,55.45847870158348,6.381725610417533,0.46922596608427497,43.9584900839479,15
72,49,11.800590212051532,96.18976645495145,0.4793142671621837,59.93904765101437,22
72,89,89.1677266254914,74.86080194569492,0.4704407746557084,46.391489331474325,22
72,97,15.328431662449404,17.926830815773908,0.46993373687477796,47.23140726789146,21
73,14,15.428949206754783,68.30489532424546,0.4687781985328577,39.11811275842336,29
73,22,83.2259801395201,80.47643574968019,0.4706483908456315,45.086349289293416,24
73,23,38.74783790301745,28.83281039302441,0.46901167225034124,23.97208934812371,25
73,46,44.61562755740307,38.10212260964825,0.4688186373439108,13.059515802526548,22
74,19,22.69093490508841,66.98139946825104,0.468455601384366,32.15824877474573,29
74,24,68.24955039749754,13.97524836093098,0.46844623044519856,40.38352164395039,20
74,37,5.830274168906602,28.138389202199654,0.47147139217427037,49.28381789866183,17
74,43,72.23593505964503,46.18772302513874,0.4686654991403866,22.560369316786645,13
74,50,90.8580690707607,69.97071338107496,0.46884244433292543,45.47759009820221,21
75,34,3.0817834567939406,43.671738923236234,0.46834513964739716,47.34306635454508,25
75,55,45.57762898336111,20.236336479523032,0.468027909988327,30.09041428044784,16
75,72,47.348940105695384,26.69756630918936,0.4679342713823456,23.45275110680658,23
75,75,82.62919241943578,89.61607718397667,0.4739776433474532,51.32346217268826,18
75,98,59.93827915208435,87.45620408374644,0.46793317429718867,38.7522466041392,18
76,29,13.979699812765745,11.453007353597345,0.470480454286547,52.75729966232435,18
76,33,55.92071607454135,30.39500980626122,0.46754108736845945,20.47951462637545,25
76,41,81.40203846660347,16.697291990770392,0.46843524933764125,45.772900067682514,10
76,75,82.62919241943578,89.61607718397667,0.46991227943667746,51.32346217268826,23
76,84,31.713889282271534,95.28993950697449,0.4674930048919955,48.842199640540684,24
77,3,76.1139701990353,78.60643052769538,0.46714355253978107,38.73328422806367,24
77,57,17.67727829392317,85.66142840923754,0.4681754962148419,48.12998872507312,26
77,63,32.98612123327853,14.45241888660469,0.46731188237041166,39.40942265121521,24
77,82,55.48524693914834,37.092228386243875,0.4670294337368142,14.024924314103254,26
78,27,70.51653786263351,78.07290310219679,0.4667684524098137,34.77091046340611,23
78,32,63.47183200005908,55.35794006579958,0.46688578284845894,14.498199170466526,23
78,54,9.63909621534993,90.26023965438416,0.47487143848426283,57.007801670843506,17
78,61,8.44443211398891,41.58074021706096,0.4668735949939912,42.399872141570086,17
78,93,37.36577288737101,9.446666806151526,0.4669254824875476,42.47583463411616,20
79,4,12.811363267554587,45.038593789556714,0.4665289690530799,37.51813233095184,15
79,6,64.38651200806646,82.276161327083,0.4665841898530659,35.33726528425946,24
79,40,66.43135403273875,40.63868614400705,0.4666160228719044,18.91093843413398,15
79,78,28.123378383900832,65.94226346919018,0.46655799142106813,27.06921383888075,23
79,91,51.885836038644904,31.5929051830793,0.4663675175421466,18.503446088871144,23
80,20,43.715191887233075,83.26781960578374,0.4659222678988206,33.85626432932715,18
80,36,85.34030732681661,23.393948586534073,0.4663745893106472,44.23595024151556,20
80,59,43.20930397751037,62.73088407024432,0.4658191107560245,14.428754682225943,18
80,71,93.78264549749828,57.17280523760754,0.46655386890557,44.366306830028755,19
80,76,14.024908899861078,55.40361435390494,0.46622786680570333,36.37865071369501,25
81,5,37.07980242325812,92.67649888486018,0.46540845732619823,44.589405271785346,13
81,28,45.891577553834,56.87411959528937,0.46555185427245965,8.008286658611938,18
81,39,55.70321523412783,78.38982091064135,0.4658368360264601,28.957012887124193,24
81,47,30.151208914787652,63.028259311888846,0.46589972350545783,23.742578803538244,19
81,48,36.18126105533904,8.7649919316101,0.466329110099285,43.488888654699714,26
82,56,30.59566241506525,57.9219568941896,0.46498884436478766,20.959144022204473,25
82,67,59.091549148141674,2.28038710296975,0.47261412944484815,48.577955092361506,21
82,70,48.66583308381603,49.07069943545209,0.4650004075003083,1.6259154035523802,19
82,83,82.97897431324131,80.82514720643019,0.46512931807903724,45.142025287436105,20
82,88,43.509706000303794,99.2375564055837,0.47605449182068776,49.66347628786701,15
83,11,97.06980243949033,89.31211213221977,0.47637569896943804,61.327061416546535,19
83,16,32.58253581381519,37.045970603486886,0.464999816348547,21.706564359261378,20
83,21,70.0265102002249,31.236664138204105,0.4645816878373652,27.443102657357606,22
83,35,21.45846728195292,40.852864372463614,0.4647822242424736,29.97147277135205,21
83,86,25.596509056760276,93.60435700489633,0.4688037225417087,49.96869339923984,18
84,7,44.34141988273311,22.723872178477688,0.4640358366949555,27.856896415063034,36
84,38,29.35937577666836,66.1916514726895,0.4644032324101277,26.233660547888334,33
84,60,58.40979689127356,64.984660155482,0.4642108627057134,17.183268714879727,31
85,18,12.992150533547164,47.57049262259338,0.46450809430749856,37.08751040752812,22
85,43,72.23593505964503,46.18772302513874,0.46359180246000936,22.560369316786645,18
85,69,78.27352272502863,8.272999992243857,0.4802118842149011,50.40371630078472,15
85,77,10.857574113544356,67.22400930398116,0.4645536334400505,42.76442447619636,22
85,92,77.2012432110988,66.16612631677611,0.463823847015267,31.642554769160306,23
86,13,46.67210037270342,4.380376578722878,0.465671058794658,45.740845609023204,20
86,15,74.47621559078172,96.750973243421,0.4659990745261885,52.77062278250554,22
86,41,81.40203846660347,16.697291990770392,0.46401519320123197,45.772900067682514,16
86,45,15.231210271316842,69.6320375077736,0.463491901483402,39.92850655739597,21
86,85,29.091783814011862,51.50571292317145,0.46313820557788515,20.962363308725994,21
87,9,82.7631171992582,63.166439912206485,0.4633779852521193,35.30972937554283,13
87,17,46.95558112758079,18.94713590842857,0.4629450077469015,31.201744415342365,32
87,58,75.85195298352102,71.94629559509367,0.46331589739951884,33.911109734265686,20
87,62,4.161417386189248,49.39908192445189,0.4641183121801483,45.84252129384545,15
87,96,12.275793241148602,83.11126721249062,0.4640786376381531,50.19434023873136,20
88,51,26.586996145951957,96.91763773477238,0.4635919991661938,52.4350405748008,13
88,73,33.15689973425522,52.06724024715378,0.4623800280415912,16.969487582168895,29
88,74,43.89114603050467,2.1612079880330426,0.46477973359204927,48.22725492898028,18
88,75,82.62919241943578,89.61607718397667,0.46233121556828055,51.32346217268826,22
88,94,74.6789611349026,26.246051592286467,0.4637027290752248,34.2534843140716,18
89,8,55.45847870158348,6.381725610417533,0.462359725426877,43.9584900839479,23
89,26,78.69243775021384,66.48508565920321,0.4629586423226134,33.09099625640128,23
89,31,56.52361064811888,76.49988574160255,0.46191612377106306,27.291050551531363,20
89,81,23.02139908948808,3.741255617617978,0.462930193203838,53.551062911236734,19
89,88,43.509706000303794,99.2375564055837,0.47120669776136176,49.66347628786701,15
90,10,75.80877400853738,35.45259681298683,0.4614810602589245,29.626335502543604,30
90,55,45.57762898336111,20.236336479523032,0.4614469981665961,30.09041428044784,21
90,64,10.340296772255165,58.7644572177712,0.46143490583010427,40.616594766609076,20
90,66,58.106113970039495,34.686980453483706,0.46144822688864606,17.32621283856514,11
90,86,25.596509056760276,93.60435700489633,0.46342332745222997,49.96869339923984,18
91,30,66.84029617904716,47.10962061431325,0.46095506968976346,17.08654056242027,21
91,65,17.05929685368861,92.51201183767972,0.4641622267190144,53.78067565827367,23
91,67,59.091549148141674,2.28038710296975,0.46616584693759566,48.577955092361506,14
91,79,72.69946142868827,76.8647491917657,0.4617492491690722,35.170730704507434,22
91,97,15.328431662449404,17.926830815773908,0.46107156677311606,47.23140726789146,20
92,1,85.85979199113825,69.73680290593639,0.46232789704469046,40.93245742189787,23
92,29,13.979699812765745,11.453007353597345,0.4628339176019185,52.75729966232435,20
92,40,66.43135403273875,40.63868614400705,0.4606872440953181,18.91093843413398,25
92,69,78.27352272502863,8.272999992243857,0.47548289376828695,50.40371630078472,9
92,80,10.774094595589656,91.60118451376078,0.4697409931168008,57.17805704764476,23
93,0,77.39560485559633,43.88784397520523,0.4606904086711842,28.069157747880652,20
93,37,5.830274168906602,28.138389202199654,0.4635044535765246,49.28381789866183,17
93,53,44.93615021437887,27.224156184515902,0.46022650558489603,23.331987402676617,25
93,54,9.63909621534993,90.26023965438416,0.4678694763236642,57.007801670843506,17
93,98,59.93827915208435,87.45620408374644,0.46018141440746146,38.7522466041392,21
94,4,12.811363267554587,45.038593789556714,0.4600883103106175,37.51813233095184,17
94,44,16.127177903360177,50.10447751033635,0.4597807212970692,33.87298322174735,19
94,68,95.85592132414453,48.23034369429002,0.46678871686809426,45.890055610409455,21
94,69,78.27352272502863,8.272999992243857,0.4731505048695411,50.40371630078472,22
94,88,43.509706000303794,99.2375564055837,0.4669025951118007,49.66347628786701,21
95,12,77.83834970737618,19.463870785196757,0.46063941850773527,41.321046717784526,12
95,46,44.61562755740307,38.10212260964825,0.4594158548447404,13.059515802526548,26
95,52,77.87509039657947,71.68901891589957,0.45936566047510213,35.31903461522874,26
95,54,9.63909621534993,90.26023965438416,0.4637503683286802,57.007801670843506,19
95,61,8.44443211398891,41.58074021706096,0.45953193930487213,42.399872141570086,17
96,2,9.417734788764953,97.5622351636756,0.4750495576470008,62.52268758970457,20
96,9,82.7631171992582,63.166439912206485,0.45875704236916703,35.30972937554283,22
96,13,46.67210037270342,4.380376578722878,0.4592109202387103,45.740845609023204,25
96,22,83.2259801395201,80.47643574968019,0.4605393841697976,45.086349289293416,14
96,37,5.830274168906602,28.138389202199654,0.45924642246255115,49.28381789866183,19
97,5,37.07980242325812,92.67649888486018,0.45916292921823254,44.589405271785346,16
97,47,30.151208914787652,63.028259311888846,0.4583180055853836,23.742578803538244,20
97,69,78.27352272502863,8.272999992243857,0.4677633143898083,50.40371630078472,18
97,90,89.07924908785249,89.34466396978632,0.4707958991725936,55.45439831217919,20
97,99,19.643466571457324,31.03236729000948,0.459134153686276,35.795114365222126,26
98,23,38.74783790301745,28.83281039302441,0.4582294764546068,23.97208934812371,19
98,28,45.891577553834,56.87411959528937,0.4580092655156354,8.008286658611938,19
98,57,17.67727829392317,85.66142840923754,0.4580890942706035,48.12998872507312,18
98,59,43.20930397751037,62.73088407024432,0.4579991650381124,14.428754682225943,21
98,72,47.348940105695384,26.69756630918936,0.45805108846371995,23.45275110680658,23
99,20,43.715191887233075,83.26781960578374,0.4578604365652325,33.85626432932715,26
99,24,68.24955039749754,13.97524836093098,0.45878380307098315,40.38352164395039,16
99,62,4.161417386189248,49.39908192445189,0.4581653240447311,45.84252129384545,18
99,71,93.78264549749828,57.17280523760754,0.4580922419977674,44.366306830028755,21
99,93,37.36577288737101,9.446666806151526,0.4579538951641884,42.47583463411616,19
100,34,3.0817834567939406,43.671738923236234,0.45733177680204057,47.34306635454508,21
100,66,58.106113970039495,34.686980453483706,0.4570271140416868,17.32621283856514,18
100,70,48.66583308381603,49.07069943545209,0.4570385243827864,1.6259154035523802,21
100,88,43.509706000303794,99.2375564055837,0.46104057783464525,49.66347628786701,25
100,94,74.6789611349026,26.246051592286467,0.45730099739022106,34.2534843140716,15
101,16,32.58253581381519,37.045970603486886,0.4568504117839288,21.706564359261378,17
101,27,70.51653786263351,78.07290310219679,0.45683617662173615,34.77091046340611,22
101,32,63.47183200005908,55.35794006579958,0.45698419878007945,14.498199170466526,17
101,74,43.89114603050467,2.1612079880330426,0.4580052553646457,48.22725492898028,17
101,78,28.123378383900832,65.94226346919018,0.4568517109303451,27.06921383888075,27
102,3,76.1139701990353,78.60643052769538,0.4565618083801298,38.73328422806367,25
102,14,15.428949206754783,68.30489532424546,0.456234947760525,39.11811275842336,23
102,33,55.92071607454135,30.39500980626122,0.45660411823800184,20.47951462637545,19
102,35,21.45846728195292,40.852864372463614,0.45622994351745183,29.97147277135205,18
102,91,51.885836038644904,31.5929051830793,0.4564791897458685,18.503446088871144,15
103,43,72.23593505964503,46.18772302513874,0.45589211082305625,22.560369316786645,15
103,63,32.98612123327853,14.45241888660469,0.4564492340292761,39.40942265121521,27
103,82,55.48524693914834,37.092228386243875,0.45584411293055704,14.024924314103254,15
103,83,82.97897431324131,80.82514720643019,0.4561993016601634,45.142025287436105,21
103,86,25.596509056760276,93.60435700489633,0.4568026219473874,49.96869339923984,22
104,6,64.38651200806646,82.276161327083,0.4560245535440243,35.33726528425946,22
104,19,22.69093490508841,66.98139946825104,0.4556916743539404,32.15824877474573,23
104,21,70.0265102002249,31.236664138204105,0.4553916540497786,27.443102657357606,30
104,25,19.990820247510833,0.7362269751005512,0.4753193291608781,57.684228365004735,13
104,84,31.713889282271534,95.28993950697449,0.45627822500040605,48.842199640540684,12
105,12,77.83834970737618,19.463870785196757,0.45591187758608304,41.321046717784526,17
105,22,83.2259801395201,80.47643574968019,0.45557036336038065,45.086349289293416,24
105,45,15.231210271316842,69.6320375077736,0.45486467312978385,39.92850655739597,21
105,48,36.18126105533904,8.7649919316101,0.45544841756006965,43.488888654699714,21
105,76,14.024908899861078,55.40361435390494,0.45536499698321464,36.37865071369501,17
106,18,12.992150533547164,47.57049262259338,0.45520446031473777,37.08751040752812,16
106,36,85.34030732681661,23.393948586534073,0.4561591411541119,44.23595024151556,19
106,39,55.70321523412783,78.38982091064135,0.4552093427937312,28.957012887124193,16
106,50,90.8580690707607,69.97071338107496,0.4572219048543116,45.47759009820221,16
106,77,10.857574113544356,67.22400930398116,0.45524435969281385,42.76442447619636,17
106,87,16.460781758201815,4.491061939232899,0.46775286477207245,56.53266846425794,16
107,56,30.59566241506525,57.9219568941896,0.4541412758253642,20.959144022204473,22
107,58,75.85195298352102,71.94629559509367,0.45476224006759686,33.911109734265686,18
107,67,59.091549148141674,2.28038710296975,0.45962615364980497,48.577955092361506,26
107,85,29.091783814011862,51.50571292317145,0.454048033222181,20.962363308725994,21
107,92,77.2012432110988,66.16612631677611,0.4541786680725252,31.642554769160306,13
108,51,26.586996145951957,96.91763773477238,0.4564806961677285,52.4350405748008,22
108,68,95.85592132414453,48.23034369429002,0.45897083756503426,45.890055610409455,22
108,69,78.27352272502863,8.272999992243857,0.4614326394762903,50.40371630078472,16
108,87,16.460781758201815,4.491061939232899,0.46383213629146536,56.53266846425794,26
108,88,43.509706000303794,99.2375564055837,0.45375297391491626,49.66347628786701,14
109,1,85.85979199113825,69.73680290593639,0.45369539596092945,40.93245742189787,20
109,4,12.811363267554587,45.038593789556714,0.45324071488287876,37.51813233095184,26
109,31,56.52361064811888,76.49988574160255,0.4533039326056564,27.291050551531363,21
109,41,81.40203846660347,16.697291990770392,0.4555407765067559,45.772900067682514,16
109,81,23.02139908948808,3.741255617617978,0.4542919110984353,53.551062911236734,17
110,0,77.39560485559633,43.88784397520523,0.4527212375591768,28.069157747880652,24
110,29,13.979699812765745,11.453007353597345,0.45449051470471163,52.75729966232435,24
110,79,72.69946142868827,76.8647491917657,0.45294091621018895,35.170730704507434,25
110,96,12.275793241148602,83.11126721249062,0.4547298767285105,50.19434023873136,27
111,5,37.07980242325812,92.67649888486018,0.45268704971086937,44.589405271785346,16
111,64,10.340296772255165,58.7644572177712,0.45251517041767986,40.616594766609076,24
111,68,95.85592132414453,48.23034369429002,0.45360971803778144,45.890055610409455,18
111,87,16.460781758201815,4.491061939232899,0.4575803694528834,56.53266846425794,22
111,89,89.1677266254914,74.86080194569492,0.45719845455618546,46.391489331474325,20
112,8,55.45847870158348,6.381725610417533,0.4523045724829484,43.9584900839479,15
112,26,78.69243775021384,66.48508565920321,0.45313023286230647,33.09099625640128,23
112,30,66.84029617904716,47.10962061431325,0.4518835029713881,17.08654056242027,21
112,80,10.774094595589656,91.60118451376078,0.46025919651742553,57.17805704764476,22
112,97,15.328431662449404,17.926830815773908,0.45223985619372664,47.23140726789146,19
113,24,68.24955039749754,13.97524836093098,0.4523378908691757,40.38352164395039,12
113,50,90.8580690707607,69.97071338107496,0.45236766326084654,45.47759009820221,20
113,55,45.57762898336111,20.236336479523032,0.4519051376966206,30.09041428044784,21
113,61,8.44443211398891,41.58074021706096,0.4519721996431881,42.399872141570086,26
113,98,59.93827915208435,87.45620408374644,0.4513732048107441,38.7522466041392,21
114,44,16.127177903360177,50.10447751033635,0.45137720158110883,33.87298322174735,30
114,60,58.40979689127356,64.984660155482,0.45093241272295354,17.183268714879727,18
114,74,43.89114603050467,2.1612079880330426,0.45152096812041875,48.22725492898028,18
114,89,89.1677266254914,74.86080194569492,0.4523041015639263,46.391489331474325,18
114,94,74.6789611349026,26.246051592286467,0.4511461119253906,34.2534843140716,16
115,15,74.47621559078172,96.750973243421,0.4546651345265683,52.77062278250554,22
115,37,5.830274168906602,28.138389202199654,0.4509538808189014,49.28381789866183,21
115,41,81.40203846660347,16.697291990770392,0.4508147749334281,45.772900067682514,19
115,67,59.091549148141674,2.28038710296975,0.4521925738074599,48.577955092361506,15
115,84,31.713889282271534,95.28993950697449,0.4512352354826969,48.842199640540684,23
116,23,38.74783790301745,28.83281039302441,0.4501901560318975,23.97208934812371,25
116,32,63.47183200005908,55.35794006579958,0.4500629352594679,14.498199170466526,26
116,38,29.35937577666836,66.1916514726895,0.450227823837404,26.233660547888334,32
116,40,66.43135403273875,40.63868614400705,0.4500894406702946,18.91093843413398,17
117,16,32.58253581381519,37.045970603486886,0.44972202400599476,21.706564359261378,16
117,28,45.891577553834,56.87411959528937,0.4496965489356877,8.008286658611938,27
117,47,30.151208914787652,63.028259311888846,0.44970633962559603,23.742578803538244,27
117,91,51.885836038644904,31.5929051830793,0.44994009645239386,18.503446088871144,30
118,9,82.7631171992582,63.166439912206485,0.4492662075234185,35.30972937554283,25
118,73,33.15689973425522,52.06724024715378,0.4494329853826185,16.969487582168895,22
118,80,10.774094595589656,91.60118451376078,0.4540156251621679,57.17805704764476,15
118,82,55.48524693914834,37.092228386243875,0.44933152902525336,14.024924314103254,22
118,93,37.36577288737101,9.446666806151526,0.4498135662575159,42.47583463411616,16
119,17,46.95558112758079,18.94713590842857,0.44911090995455927,31.201744415342365,22
119,33,55.92071607454135,30.39500980626122,0.44884741209302376,20.47951462637545,16
119,57,17.67727829392317,85.66142840923754,0.44958458655735334,48.12998872507312,18
119,59,43.20930397751037,62.73088407024432,0.4489058111790844,14.428754682225943,20
119,92,77.2012432110988,66.16612631677611,0.4489231070277937,31.642554769160306,24
120,35,21.45846728195292,40.852864372463614,0.44851710025644626,29.97147277135205,15
120,39,55.70321523412783,78.38982091064135,0.44881422524823544,28.957012887124193,22
120,43,72.23593505964503,46.18772302513874,0.44906120342722083,22.560369316786645,20
120,53,44.93615021437887,27.224156184515902,0.44893178989879545,23.331987402676617,24
120,77,10.857574113544356,67.22400930398116,0.44855350307154096,42.76442447619636,19
121,7,44.34141988273311,22.723872178477688,0.44822062037311566,27.856896415063034,20
121,46,44.61562755740307,38.10212260964825,0.44804607057853196,13.059515802526548,18
121,52,77.87509039657947,71.68901891589957,0.4482387601450428,35.31903461522874,24
121,66,58.106113970039495,34.686980453483706,0.44867710572631764,17.32621283856514,18
121,86,25.596509056760276,93.60435700489633,0.44802371054863593,49.96869339923984,20
122,10,75.80877400853738,35.45259681298683,0.4481802000394441,29.626335502543604,26
122,18,12.992150533547164,47.57049262259338,0.448276787421767,37.08751040752812,25
122,70,48.66583308381603,49.07069943545209,0.4476368740678272,1.6259154035523802,24
122,88,43.509706000303794,99.2375564055837,0.4475425430022431,49.66347628786701,25
123,12,77.83834970737618,19.463870785196757,0.44838680691298355,41.321046717784526,12
123,20,43.715191887233075,83.26781960578374,0.4470252270571684,33.85626432932715,26
123,27,70.51653786263351,78.07290310219679,0.4474599022428536,34.77091046340611,23
123,48,36.18126105533904,8.7649919316101,0.4470482838499743,43.488888654699714,15
123,72,47.348940105695384,26.69756630918936,0.4476848641564428,23.45275110680658,24
124,13,46.67210037270342,4.380376578722878,0.44765779154971375,45.740845609023204,20
124,36,85.34030732681661,23.393948586534073,0.44810665826730056,44.23595024151556,16
124,62,4.161417386189248,49.39908192445189,0.4485654725916101,45.84252129384545,26
124,80,10.774094595589656,91.60118451376078,0.44945743594387977,57.17805704764476,14
124,83,82.97897431324131,80.82514720643019,0.4471188517125141,45.142025287436105,24
125,6,64.38651200806646,82.276161327083,0.44682379706562597,35.33726528425946,10
125,8,55.45847870158348,6.381725610417533,0.4463250773275675,43.9584900839479,24
125,19,22.69093490508841,66.98139946825104,0.44624055592343753,32.15824877474573,26
125,58,75.85195298352102,71.94629559509367,0.44711702150367094,33.911109734265686,22
125,99,19.643466571457324,31.03236729000948,0.44747792191219105,35.795114365222126,18
126,14,15.428949206754783,68.30489532424546,0.4461246347065894,39.11811275842336,20
126,22,83.2259801395201,80.47643574968019,0.44584081363094247,45.086349289293416,25
126,24,68.24955039749754,13.97524836093098,0.4470215730447066,40.38352164395039,19
126,45,15.231210271316842,69.6320375077736,0.4458262373067668,39.92850655739597,14
126,63,32.98612123327853,14.45241888660469,0.4457155922891917,39.40942265121521,22
127,5,37.07980242325812,92.67649888486018,0.44573699240390946,44.589405271785346,18
127,67,59.091549148141674,2.28038710296975,0.4463264753232054,48.577955092361506,25
127,68,95.85592132414453,48.23034369429002,0.4460325714894809,45.890055610409455,26
127,76,14.024908899861078,55.40361435390494,0.4469302633593483,36.37865071369501,16
127,78,28.123378383900832,65.94226346919018,0.44544355762984905,27.06921383888075,15
128,56,30.59566241506525,57.9219568941896,0.44484036058912896,20.959144022204473,23
128,71,93.78264549749828,57.17280523760754,0.4470746456689573,44.366306830028755,20
128,75,82.62919241943578,89.61607718397667,0.4484511263503371,51.32346217268826,17
128,81,23.02139908948808,3.741255617617978,0.4463342184745456,53.551062911236734,18
128,85,29.091783814011862,51.50571292317145,0.4449603501383476,20.962363308725994,22
129,3,76.1139701990353,78.60643052769538,0.4454266083914735,38.73328422806367,13
129,26,78.69243775021384,66.48508565920321,0.4445903588969826,33.09099625640128,19
129,34,3.0817834567939406,43.671738923236234,0.4461683462766232,47.34306635454508,24
129,69,78.27352272502863,8.272999992243857,0.45315050958361996,50.40371630078472,24
129,96,12.275793241148602,83.11126721249062,0.44467440873866276,50.19434023873136,20
130,29,13.979699812765745,11.453007353597345,0.44470388062715194,52.75729966232435,24
130,31,56.52361064811888,76.49988574160255,0.4442736526010265,27.291050551531363,19
130,65,17.05929685368861,92.51201183767972,0.4505446715040718,53.78067565827367,19
130,69,78.27352272502863,8.272999992243857,0.4477688881989427,50.40371630078472,19
130,89,89.1677266254914,74.86080194569492,0.4448905974970956,46.391489331474325,19
131,1,85.85979199113825,69.73680290593639,0.44472893953061104,40.93245742189787,25
131,42,2.2712073133860478,9.004786077564175,0.46390526132362936,62.91776550282162,13
131,55,45.57762898336111,20.236336479523032,0.443586442695302,30.09041428044784,24
131,65,17.05929685368861,92.51201183767972,0.44624897706110134,53.78067565827367,24
131,94,74.6789611349026,26.246051592286467,0.4441153911592644,34.2534843140716,14
132,6,64.38651200806646,82.276161327083,0.4432753207419266,35.33726528425946,16
132,50,90.8580690707607,69.97071338107496,0.44392801365636114,45.47759009820221,20
132,54,9.63909621534993,90.26023965438416,0.4512471296428051,57.007801670843506,21
132,74,43.89114603050467,2.1612079880330426,0.44369986581046644,48.22725492898028,23
132,97,15.328431662449404,17.926830815773908,0.4436922016997405,47.23140726789146,20
133,16,32.58253581381519,37.045970603486886,0.44288798318205813,21.706564359261378,33
133,30,66.84029617904716,47.10962061431325,0.4427522211837253,17.08654056242027,30
133,40,66.43135403273875,40.63868614400705,0.4427509322517225,18.91093843413398,16
133,57,17.67727829392317,85.66142840923754,0.4427581020777986,48.12998872507312,21
134,21,70.0265102002249,31.236664138204105,0.4424612491734636,27.443102657357606,20
134,54,9.63909621534993,90.26023965438416,0.4462937036073115,57.007801670843506,20
134,60,58.40979689127356,64.984660155482,0.4427783828471208,17.183268714879727,18
134,93,37.36577288737101,9.446666806151526,0.4429404008897494,42.47583463411616,25
134,98,59.93827915208435,87.45620408374644,0.4422298055095018,38.7522466041392,17
135,0,77.39560485559633,43.88784397520523,0.4421462045414765,28.069157747880652,17
135,4,12.811363267554587,45.038593789556714,0.4418630793842439,37.51813233095184,21
135,12,77.83834970737618,19.463870785196757,0.44324949234491073,41.321046717784526,20
135,64,10.340296772255165,58.7644572177712,0.44199789290464075,40.616594766609076,22
135,75,82.62919241943578,89.61607718397667,0.4432540802883172,51.32346217268826,20
136,33,55.92071607454135,30.39500980626122,0.44177006645582195,20.47951462637545,20
136,35,21.45846728195292,40.852864372463614,0.4418796571625687,29.97147277135205,14
136,66,58.106113970039495,34.686980453483706,0.4415294605308923,17.32621283856514,14
136,76,14.024908899861078,55.40361435390494,0.4414994561425793,36.37865071369501,25
136,79,72.69946142868827,76.8647491917657,0.4420270384714308,35.170730704507434,27
137,3,76.1139701990353,78.60643052769538,0.44102237945406525,38.73328422806367,22
137,43,72.23593505964503,46.18772302513874,0.4411098588187243,22.560369316786645,25
137,61,8.44443211398891,41.58074021706096,0.44098824535064407,42.399872141570086,15
137,84,31.713889282271534,95.28993950697449,0.4413333775373256,48.842199640540684,15
137,99,19.643466571457324,31.03236729000948,0.44107707324297235,35.795114365222126,23
138,15,74.47621559078172,96.750973243421,0.4446170647689528,52.77062278250554,25
138,36,85.34030732681661,23.393948586534073,0.44155103070313534,44.23595024151556,18
138,37,5.830274168906602,28.138389202199654,0.4411914639661596,49.28381789866183,18
138,48,36.18126105533904,8.7649919316101,0.4405446004517435,43.488888654699714,20
138,49,11.800590212051532,96.18976645495145,0.4594905148106534,59.93904765101437,19
139,17,46.95558112758079,18.94713590842857,0.44009480804683115,31.201744415342365,26
139,46,44.61562755740307,38.10212260964825,0.44016326295300556,13.059515802526548,13
139,59,43.20930397751037,62.73088407024432,0.44008602367929606,14.428754682225943,20
139,73,33.15689973425522,52.06724024715378,0.4400870479127178,16.969487582168895,20
139,90,89.07924908785249,89.34466396978632,0.4568275383382134,55.45439831217919,21
140,23,38.74783790301745,28.83281039302441,0.4396622620489294,23.97208934812371,24
140,39,55.70321523412783,78.38982091064135,0.4397551011960822,28.957012887124193,27
140,45,15.231210271316842,69.6320375077736,0.43986248902290975,39.92850655739597,26
140,82,55.48524693914834,37.092228386243875,0.4397878882542194,14.024924314103254,23
141,7,44.34141988273311,22.723872178477688,0.43963430289657585,27.856896415063034,21
141,53,44.93615021437887,27.224156184515902,0.43923025321848325,23.331987402676617,14
141,71,93.78264549749828,57.17280523760754,0.43983161720297703,44.366306830028755,27
141,77,10.857574113544356,67.22400930398116,0.43992717287549354,42.76442447619636,18
141,78,28.123378383900832,65.94226346919018,0.4392041255807289,27.06921383888075,20
142,25,19.990820247510833,0.7362269751005512,0.4637046877005651,57.684228365004735,20
142,32,63.47183200005908,55.35794006579958,0.43878795679866245,14.498199170466526,15
142,51,26.586996145951957,96.91763773477238,0.44404151140738324,52.4350405748008,22
142,58,75.85195298352102,71.94629559509367,0.43880801192262475,33.911109734265686,22
142,94,74.6789611349026,26.246051592286467,0.43878963882868816,34.2534843140716,21
143,9,82.7631171992582,63.166439912206485,0.43857112555300787,35.30972937554283,17
143,13,46.67210037270342,4.380376578722878,0.439164884349335,45.740845609023204,27
143,27,70.51653786263351,78.07290310219679,0.4383044796112263,34.77091046340611,20
143,62,4.161417386189248,49.39908192445189,0.43860445517405927,45.84252129384545,21
143,65,17.05929685368861,92.51201183767972,0.4384177940733201,53.78067565827367,15
144,47,30.151208914787652,63.028259311888846,0.4379572673398692,23.742578803538244,34
144,72,47.348940105695384,26.69756630918936,0.4379556139330236,23.45275110680658,37
144,92,77.2012432110988,66.16612631677611,0.4384861695518501,31.642554769160306,29
145,10,75.80877400853738,35.45259681298683,0.43756409449139794,29.626335502543604,14
145,28,45.891577553834,56.87411959528937,0.4376185497097285,8.008286658611938,15
145,44,16.127177903360177,50.10447751033635,0.4380372466440288,33.87298322174735,27
145,52,77.87509039657947,71.68901891589957,0.43802649288132006,35.31903461522874,22
145,91,51.885836038644904,31.5929051830793,0.43743276655080277,18.503446088871144,22
146,14,15.428949206754783,68.30489532424546,0.43755569824631424,39.11811275842336,23
146,24,68.24955039749754,13.97524836093098,0.43856652296469095,40.38352164395039,19
146,34,3.0817834567939406,43.671738923236234,0.43708550492471676,47.34306635454508,15
146,70,48.66583308381603,49.07069943545209,0.43706200096468584,1.6259154035523802,22
146,89,89.1677266254914,74.86080194569492,0.43737823088351585,46.391489331474325,21
147,6,64.38651200806646,82.276161327083,0.4366589118668508,35.33726528425946,17
147,25,19.990820247510833,0.7362269751005512,0.4581217317432252,57.684228365004735,24
147,26,78.69243775021384,66.48508565920321,0.4367679428177238,33.09099625640128,19
147,41,81.40203846660347,16.697291990770392,0.4394914545450171,45.772900067682514,18
147,49,11.800590212051532,96.18976645495145,0.45323508431020654,59.93904765101437,22
148,18,12.992150533547164,47.57049262259338,0.43707718551558583,37.08751040752812,12
148,38,29.35937577666836,66.1916514726895,0.43634845300496844,26.233660547888334,27
148,40,66.43135403273875,40.63868614400705,0.43620982808577313,18.91093843413398,21
148,50,90.8580690707607,69.97071338107496,0.43616354155747666,45.47759009820221,21
148,63,32.98612123327853,14.45241888660469,0.4361853307550042,39.40942265121521,19
149,12,77.83834970737618,19.463870785196757,0.4358799277877043,41.321046717784526,11
149,31,56.52361064811888,76.49988574160255,0.43610434136322557,27.291050551531363,25
149,35,21.45846728195292,40.852864372463614,0.43609874332750165,29.97147277135205,30
149,60,58.40979689127356,64.984660155482,0.43574210861233365,17.183268714879727,13
149,66,58.106113970039495,34.686980453483706,0.4358563876298196,17.32621283856514,21
150,0,77.39560485559633,43.88784397520523,0.43532299941484426,28.069157747880652,23
150,19,22.69093490508841,66.98139946825104,0.43527291731566903,32.15824877474573,22
150,22,83.2259801395201,80.47643574968019,0.4353546073300916,45.086349289293416,21
150,81,23.02139908948808,3.741255617617978,0.437345891871988,53.551062911236734,21
150,86,25.596509056760276,93.60435700489633,0.4372563632608572,49.96869339923984,13
151,8,55.45847870158348,6.381725610417533,0.43538374645158756,43.9584900839479,19
151,46,44.61562755740307,38.10212260964825,0.4348565526874538,13.059515802526548,20
151,83,82.97897431324131,80.82514720643019,0.43624517922317785,45.142025287436105,24
151,85,29.091783814011862,51.50571292317145,0.4351371137530796,20.962363308725994,21
151,96,12.275793241148602,83.11126721249062,0.4355845842257138,50.19434023873136,16
152,5,37.07980242325812,92.67649888486018,0.4361929281599564,44.589405271785346,16
152,56,30.59566241506525,57.9219568941896,0.4345881664869542,20.959144022204473,23
152,61,8.44443211398891,41.58074021706096,0.43446503080848276,42.399872141570086,18
152,69,78.27352272502863,8.272999992243857,0.43861842664806555,50.40371630078472,23
152,90,89.07924908785249,89.34466396978632,0.44940363845555514,55.45439831217919,20
153,15,74.47621559078172,96.750973243421,0.4358408433093489,52.77062278250554,18
153,20,43.715191887233075,83.26781960578374,0.43473396574010414,33.85626432932715,19
153,25,19.990820247510833,0.7362269751005512,0.4515055071451677,57.684228365004735,27
153,80,10.774094595589656,91.60118451376078,0.43993778942499506,57.17805704764476,17
153,95,93.68131505337793,24.097057500568475,0.45364363671606706,50.78404980819585,19
154,1,85.85979199113825,69.73680290593639,0.43445558914185567,40.93245742189787,24
154,21,70.0265102002249,31.236664138204105,0.43394002844044066,27.443102657357606,14
154,29,13.979699812765745,11.453007353597345,0.43402260813488136,52.75729966232435,18
154,33,55.92071607454135,30.39500980626122,0.4336439203984412,20.47951462637545,21
154,86,25.596509056760276,93.60435700489633,0.433670728847218,49.96869339923984,23
155,37,5.830274168906602,28.138389202199654,0.4334089847194537,49.28381789866183,21
155,67,59.091549148141674,2.28038710296975,0.4345207841338326,48.577955092361506,22
155,68,95.85592132414453,48.23034369429002,0.4339894832738561,45.890055610409455,16
155,84,31.713889282271534,95.28993950697449,0.43412040432464455,48.842199640540684,20
155,98,59.93827915208435,87.45620408374644,0.43397729791302597,38.7522466041392,21
156,4,12.811363267554587,45.038593789556714,0.4327307263466315,37.51813233095184,21
156,53,44.93615021437887,27.224156184515902,0.43299210385479137,23.331987402676617,20
156,80,10.774094595589656,91.60118451376078,0.4356399842732689,57.17805704764476,19
156,93,37.36577288737101,9.446666806151526,0.43269453909775835,42.47583463411616,13
156,95,93.68131505337793,24.097057500568475,0.44891256919984923,50.78404980819585,27
157,18,12.992150533547164,47.57049262259338,0.4325980337901701,37.08751040752812,14
157,32,63.47183200005908,55.35794006579958,0.4323577141983429,14.498199170466526,28
157,64,10.340296772255165,58.7644572177712,0.4324469637718983,40.616594766609076,21
157,74,43.89114603050467,2.1612079880330426,0.4331297155506985,48.22725492898028,21
157,90,89.07924908785249,89.34466396978632,0.44384886577608756,55.45439831217919,16
158,3,76.1139701990353,78.60643052769538,0.43180635066841544,38.73328422806367,23
158,10,75.80877400853738,35.45259681298683,0.4318435414542359,29.626335502543604,16
158,55,45.57762898336111,20.236336479523032,0.43261966672477736,30.09041428044784,22
158,57,17.67727829392317,85.66142840923754,0.43281551851562444,48.12998872507312,24
158,97,15.328431662449404,17.926830815773908,0.433596534600845,47.23140726789146,15
159,28,45.891577553834,56.87411959528937,0.43139620186698874,8.008286658611938,20
159,36,85.34030732681661,23.393948586534073,0.43298488408646585,44.23595024151556,16
159,59,43.20930397751037,62.73088407024432,0.43147246476685736,14.428754682225943,22
159,77,10.857574113544356,67.22400930398116,0.4321431984536241,42.76442447619636,17
159,99,19.643466571457324,31.03236729000948,0.43136341387793226,35.795114365222126,25
160,7,44.34141988273311,22.723872178477688,0.4310178042806868,27.856896415063034,24
160,12,77.83834970737618,19.463870785196757,0.4312088825964365,41.321046717784526,14
160,65,17.05929685368861,92.51201183767972,0.43144208556779906,53.78067565827367,15
160,73,33.15689973425522,52.06724024715378,0.4312147394553184,16.969487582168895,23
160,79,72.69946142868827,76.8647491917657,0.43105748383328135,35.170730704507434,24
161,43,72.23593505964503,46.18772302513874,0.43051991175686655,22.560369316786645,26
161,48,36.18126105533904,8.7649919316101,0.43125956173830254,43.488888654699714,19
161,75,82.62919241943578,89.61607718397667,0.43316746121652006,51.32346217268826,18
161,76,14.024908899861078,55.40361435390494,0.43065520694076054,36.37865071369501,13
161,78,28.123378383900832,65.94226346919018,0.4306262789457754,27.06921383888075,24
162,60,58.40979689127356,64.984660155482,0.4301641302361606,17.183268714879727,49
162,82,55.48524693914834,37.092228386243875,0.43011377543973284,14.024924314103254,51
163,24,68.24955039749754,13.97524836093098,0.43080751076776963,40.38352164395039,20
163,27,70.51653786263351,78.07290310219679,0.429721237850618,34.77091046340611,23
163,30,66.84029617904716,47.10962061431325,0.4298240131376129,17.08654056242027,17
163,34,3.0817834567939406,43.671738923236234,0.42996381372742465,47.34306635454508,22
163,80,10.774094595589656,91.60118451376078,0.429899893549721,57.17805704764476,18
164,17,46.95558112758079,18.94713590842857,0.4291441207514676,31.201744415342365,25
164,23,38.74783790301745,28.83281039302441,0.42927852479624634,23.97208934812371,23
164,58,75.85195298352102,71.94629559509367,0.42940691813154835,33.911109734265686,29
164,96,12.275793241148602,83.11126721249062,0.42933403952784527,50.19434023873136,23
165,9,82.7631171992582,63.166439912206485,0.4301983457909298,35.30972937554283,18
165,16,32.58253581381519,37.045970603486886,0.4287428265433269,21.706564359261378,24
165,52,77.87509039657947,71.68901891589957,0.42902232367224924,35.31903461522874,22
165,62,4.161417386189248,49.39908192445189,0.4290775954111801,45.84252129384545,23
165,81,23.02139908948808,3.741255617617978,0.4293542946491024,53.551062911236734,13
166,5,37.07980242325812,92.67649888486018,0.42958774932255644,44.589405271785346,28
166,21,70.0265102002249,31.236664138204105,0.42841632723314593,27.443102657357606,19
166,26,78.69243775021384,66.48508565920321,0.4286143655742046,33.09099625640128,24
166,42,2.2712073133860478,9.004786077564175,0.4524037938218675,62.91776550282162,18
166,94,74.6789611349026,26.246051592286467,0.42910919458918645,34.2534843140716,11
167,6,64.38651200806646,82.276161327083,0.4286788451449756,35.33726528425946,18
167,14,15.428949206754783,68.30489532424546,0.4280089244236979,39.11811275842336,30
167,63,32.98612123327853,14.45241888660469,0.42796827803413046,39.40942265121521,15
167,71,93.78264549749828,57.17280523760754,0.42818107251740956,44.366306830028755,12
167,91,51.885836038644904,31.5929051830793,0.4279663326750882,18.503446088871144,25
168,15,74.47621559078172,96.750973243421,0.42846440229610927,52.77062278250554,19
168,40,66.43135403273875,40.63868614400705,0.42743872534854255,18.91093843413398,26
168,45,15.231210271316842,69.6320375077736,0.4281838410784064,39.92850655739597,26
168,70,48.66583308381603,49.07069943545209,0.4275628679765862,1.6259154035523802,13
168,97,15.328431662449404,17.926830815773908,0.42817256783745694,47.23140726789146,16
169,18,12.992150533547164,47.57049262259338,0.42696918635953834,37.08751040752812,26
169,39,55.70321523412783,78.38982091064135,0.4275672524535721,28.957012887124193,16
169,66,58.106113970039495,34.686980453483706,0.4271007225762638,17.32621283856514,22
169,83,82.97897431324131,80.82514720643019,0.427127731428516,45.142025287436105,19
169,93,37.36577288737101,9.446666806151526,0.4271380748878151,42.47583463411616,17
170,8,55.45847870158348,6.381725610417533,0.4271037484128334,43.9584900839479,28
170,20,43.715191887233075,83.26781960578374,0.426876305704591,33.85626432932715,22
170,61,8.44443211398891,41.58074021706096,0.42660297635593136,42.399872141570086,22
170,92,77.2012432110988,66.16612631677611,0.4266747374310306,31.642554769160306,28
171,13,46.67210037270342,4.380376578722878,0.427146571175754,45.740845609023204,19
171,22,83.2259801395201,80.47643574968019,0.4262868951533895,45.086349289293416,25
171,44,16.127177903360177,50.10447751033635,0.42647260448182334,33.87298322174735,23
171,46,44.61562755740307,38.10212260964825,0.42625031743248,13.059515802526548,19
171,85,29.091783814011862,51.50571292317145,0.4262285698397756,20.962363308725994,14
172,19,22.69093490508841,66.98139946825104,0.4257955391294195,32.15824877474573,22
172,31,56.52361064811888,76.49988574160255,0.42571087425391213,27.291050551531363,27
172,36,85.34030732681661,23.393948586534073,0.4265395750925199,44.23595024151556,21
172,84,31.713889282271534,95.28993950697449,0.4258189239357007,48.842199640540684,11
172,87,16.460781758201815,4.491061939232899,0.4385739062424588,56.53266846425794,19
173,10,75.80877400853738,35.45259681298683,0.42523218439363575,29.626335502543604,24
173,25,19.990820247510833,0.7362269751005512,0.44107418811595517,57.684228365004735,23
173,49,11.800590212051532,96.18976645495145,0.44234813364841563,59.93904765101437,21
173,50,90.8580690707607,69.97071338107496,0.4260965183742885,45.47759009820221,16
173,98,59.93827915208435,87.45620408374644,0.4255339518158959,38.7522466041392,16
174,33,55.92071607454135,30.39500980626122,0.42492188457862257,20.47951462637545,27
174,38,29.35937577666836,66.1916514726895,0.424890900285516,26.233660547888334,26
174,53,44.93615021437887,27.224156184515902,0.42487297919364264,23.331987402676617,22
174,88,43.509706000303794,99.2375564055837,0.4298601859920894,49.66347628786701,25
175,12,77.83834970737618,19.463870785196757,0.4248827995005611,41.321046717784526,17
175,56,30.59566241506525,57.9219568941896,0.4245547414332466,20.959144022204473,22
175,74,43.89114603050467,2.1612079880330426,0.424609622349424,48.22725492898028,19
175,76,14.024908899861078,55.40361435390494,0.42482006452494414,36.37865071369501,20
175,89,89.1677266254914,74.86080194569492,0.42643701701273257,46.391489331474325,22
176,1,85.85979199113825,69.73680290593639,0.42443647860941847,40.93245742189787,25
176,48,36.18126105533904,8.7649919316101,0.42395900229782396,43.488888654699714,23
176,65,17.05929685368861,92.51201183767972,0.4244797813891175,53.78067565827367,13
176,77,10.857574113544356,67.22400930398116,0.42478861527840095,42.76442447619636,21
176,94,74.6789611349026,26.246051592286467,0.4246978431497311,34.2534843140716,18
177,4,12.811363267554587,45.038593789556714,0.42360902614541235,37.51813233095184,16
177,29,13.979699812765745,11.453007353597345,0.4249697748039443,52.75729966232435,18
177,64,10.340296772255165,58.7644572177712,0.42357730448487574,40.616594766609076,23
177,90,89.07924908785249,89.34466396978632,0.4358729072935355,55.45439831217919,25
177,95,93.68131505337793,24.097057500568475,0.4380409935640107,50.78404980819585,18
178,0,77.39560485559633,43.88784397520523,0.42430198310238465,28.069157747880652,13
178,9,82.7631171992582,63.166439912206485,0.4235749086275189,35.30972937554283,22
178,35,21.45846728195292,40.852864372463614,0.42327209117917597,29.97147277135205,14
178,47,30.151208914787652,63.028259311888846,0.42322506897972023,23.742578803538244,28
178,55,45.57762898336111,20.236336479523032,0.42359678342778034,30.09041428044784,23
179,24,68.24955039749754,13.97524836093098,0.42302168174907584,40.38352164395039,18
179,28,45.891577553834,56.87411959528937,0.4227411740058854,8.008286658611938,16
179,30,66.84029617904716,47.10962061431325,0.4227712326170783,17.08654056242027,16
179,37,5.830274168906602,28.138389202199654,0.42343885867560294,49.28381789866183,18
179,75,82.62919241943578,89.61607718397667,0.4253697736241529,51.32346217268826,16
179,86,25.596509056760276,93.60435700489633,0.4230030129940892,49.96869339923984,16
180,3,76.1139701990353,78.60643052769538,0.4222345695212439,38.73328422806367,21
180,57,17.67727829392317,85.66142840923754,0.42274083461985235,48.12998872507312,18
180,59,43.20930397751037,62.73088407024432,0.4222027133782641,14.428754682225943,18
180,67,59.091549148141674,2.28038710296975,0.42409975484996415,48.577955092361506,22
180,70,48.66583308381603,49.07069943545209,0.4222152631243865,1.6259154035523802,21
181,6,64.38651200806646,82.276161327083,0.4218594258402543,35.33726528425946,25
181,51,26.586996145951957,96.91763773477238,0.43035668317357856,52.4350405748008,19
181,72,47.348940105695384,26.69756630918936,0.42187569346669396,23.45275110680658,27
181,95,93.68131505337793,24.097057500568475,0.4332546910045211,50.78404980819585,11
181,97,15.328431662449404,17.926830815773908,0.4218381958271559,47.23140726789146,18
182,39,55.70321523412783,78.38982091064135,0.4213407313810987,28.957012887124193,27
182,41,81.40203846660347,16.697291990770392,0.42784495081678003,45.772900067682514,16
182,54,9.63909621534993,90.26023965438416,0.4309995464659307,57.007801670843506,13
182,63,32.98612123327853,14.45241888660469,0.4215975419423246,39.40942265121521,22
182,73,33.15689973425522,52.06724024715378,0.42148362275461193,16.969487582168895,22
183,7,44.34141988273311,22.723872178477688,0.42092711790298953,27.856896415063034,27
183,41,81.40203846660347,16.697291990770392,0.42424114448155575,45.772900067682514,12
183,79,72.69946142868827,76.8647491917657,0.4211084800692391,35.170730704507434,28
183,84,31.713889282271534,95.28993950697449,0.4210683858788091,48.842199640540684,23
183,87,16.460781758201815,4.491061939232899,0.43199734306999393,56.53266846425794,10
184,21,70.0265102002249,31.236664138204105,0.4205670724777009,27.443102657357606,27
184,32,63.47183200005908,55.35794006579958,0.4204639843121174,14.498199170466526,27
184,78,28.123378383900832,65.94226346919018,0.42050154076866364,27.06921383888075,22
184,85,29.091783814011862,51.50571292317145,0.4204723200398404,20.962363308725994,24
185,0,77.39560485559633,43.88784397520523,0.4200762253212783,28.069157747880652,19
185,27,70.51653786263351,78.07290310219679,0.4201913138770894,34.77091046340611,24
185,88,43.509706000303794,99.2375564055837,0.4218670485496397,49.66347628786701,14
185,93,37.36577288737101,9.446666806151526,0.4200779205506662,42.47583463411616,17
185,99,19.643466571457324,31.03236729000948,0.42028567933454775,35.795114365222126,26
186,13,46.67210037270342,4.380376578722878,0.4198068593335707,45.740845609023204,25
186,15,74.47621559078172,96.750973243421,0.4203461191495619,52.77062278250554,17
186,34,3.0817834567939406,43.671738923236234,0.41994917528736053,47.34306635454508,21
186,51,26.586996145951957,96.91763773477238,0.42520214259002576,52.4350405748008,18
186,68,95.85592132414453,48.23034369429002,0.4233782311627105,45.890055610409455,19
187,23,38.74783790301745,28.83281039302441,0.41936018005265474,23.97208934812371,27
187,25,19.990820247510833,0.7362269751005512,0.4328668322506901,57.684228365004735,9
187,43,72.23593505964503,46.18772302513874,0.4193161026195379,22.560369316786645,18
187,52,77.87509039657947,71.68901891589957,0.4196514312225149,35.31903461522874,23
187,96,12.275793241148602,83.11126721249062,0.4192738862443163,50.19434023873136,23
188,41,81.40203846660347,16.697291990770392,0.42058721315965414,45.772900067682514,20
188,62,4.161417386189248,49.39908192445189,0.4188832152239392,45.84252129384545,21
188,65,17.05929685368861,92.51201183767972,0.41912274385550796,53.78067565827367,17
188,75,82.62919241943578,89.61607718397667,0.41998662941112336,51.32346217268826,24
188,81,23.02139908948808,3.741255617617978,0.4215280430206203,53.551062911236734,18
189,12,77.83834970737618,19.463870785196757,0.41828564120413325,41.321046717784526,15
189,16,32.58253581381519,37.045970603486886,0.41835103731365225,21.706564359261378,26
189,17,46.95558112758079,18.94713590842857,0.4184031264203108,31.201744415342365,19
189,51,26.586996145951957,96.91763773477238,0.4207119407312653,52.4350405748008,16
189,98,59.93827915208435,87.45620408374644,0.4186225631725253,38.7522466041392,24
190,26,78.69243775021384,66.48508565920321,0.41830897158186653,33.09099625640128,27
190,29,13.979699812765745,11.453007353597345,0.4181579207076062,52.75729966232435,16
190,36,85.34030732681661,23.393948586534073,0.41820395097436397,44.23595024151556,11
190,46,44.61562755740307,38.10212260964825,0.41803733062303977,13.059515802526548,25
190,54,9.63909621534993,90.26023965438416,0.4264713616157963,57.007801670843506,21
191,35,21.45846728195292,40.852864372463614,0.41755589636813323,29.97147277135205,19
191,45,15.231210271316842,69.6320375077736,0.41755612423940835,39.92850655739597,18
191,66,58.106113970039495,34.686980453483706,0.4176388018746322,17.32621283856514,28
191,88,43.509706000303794,99.2375564055837,0.4175367180229876,49.66347628786701,19
191,94,74.6789611349026,26.246051592286467,0.41771704115027103,34.2534843140716,16
192,20,43.715191887233075,83.26781960578374,0.4172929887676779,33.85626432932715,18
192,25,19.990820247510833,0.7362269751005512,0.42984015617567917,57.684228365004735,24
192,54,9.63909621534993,90.26023965438416,0.4215030942592059,57.007801670843506,17
192,69,78.27352272502863,8.272999992243857,0.4245668306466611,50.40371630078472,18
192,83,82.97897431324131,80.82514720643019,0.4180894348538657,45.142025287436105,23
193,5,37.07980242325812,92.67649888486018,0.417591858195508,44.589405271785346,13
193,44,16.127177903360177,50.10447751033635,0.4166548468950147,33.87298322174735,28
193,58,75.85195298352102,71.94629559509367,0.41700260954320767,33.911109734265686,25
193,68,95.85592132414453,48.23034369429002,0.41768578337554046,45.890055610409455,16
193,87,16.460781758201815,4.491061939232899,0.4276142394061273,56.53266846425794,18
194,19,22.69093490508841,66.98139946825104,0.4162853894375093,32.15824877474573,27
194,40,66.43135403273875,40.63868614400705,0.4162157596334595,18.91093843413398,14
194,61,8.44443211398891,41.58074021706096,0.41648620088268734,42.399872141570086,14
194,89,89.1677266254914,74.86080194569492,0.41753236643185854,46.391489331474325,23
194,91,51.885836038644904,31.5929051830793,0.41669288509466046,18.503446088871144,22
195,4,12.811363267554587,45.038593789556714,0.41624373902885203,37.51813233095184,18
195,24,68.24955039749754,13.97524836093098,0.4156929048223779,40.38352164395039,24
195,28,45.891577553834,56.87411959528937,0.41573678461961244,8.008286658611938,19
195,50,90.8580690707607,69.97071338107496,0.4177654763224711,45.47759009820221,21
195,77,10.857574113544356,67.22400930398116,0.41608572450625997,42.76442447619636,18
196,18,12.992150533547164,47.57049262259338,0.4154391355616129,37.08751040752812,14
196,53,44.93615021437887,27.224156184515902,0.4153983924086612,23.331987402676617,26
196,56,30.59566241506525,57.9219568941896,0.41528027962142056,20.959144022204473,23
196,86,25.596509056760276,93.60435700489633,0.4159991000883531,49.96869339923984,18
196,95,93.68131505337793,24.097057500568475,0.42765282308523267,50.78404980819585,19
197,14,15.428949206754783,68.30489532424546,0.415051765271998,39.11811275842336,26
197,30,66.84029617904716,47.10962061431325,0.4154178499700557,17.08654056242027,23
197,37,5.830274168906602,28.138389202199654,0.41554001104247307,49.28381789866183,16
197,67,59.091549148141674,2.28038710296975,0.41548146622409493,48.577955092361506,16
197,71,93.78264549749828,57.17280523760754,0.41877857571404425,44.366306830028755,19
198,8,55.45847870158348,6.381725610417533,0.41483664779922114,43.9584900839479,19
198,10,75.80877400853738,35.45259681298683,0.4147957557341608,29.626335502543604,18
198,57,17.67727829392317,85.66142840923754,0.41510901126320077,48.12998872507312,13
198,76,14.024908899861078,55.40361435390494,0.415494763518772,36.37865071369501,26
198,92,77.2012432110988,66.16612631677611,0.4145742243624119,31.642554769160306,24
199,9,82.7631171992582,63.166439912206485,0.4142901361308775,35.30972937554283,24
199,31,56.52361064811888,76.49988574160255,0.413944271552185,27.291050551531363,14
199,55,45.57762898336111,20.236336479523032,0.414190748508784,30.09041428044784,25
199,59,43.20930397751037,62.73088407024432,0.41409987402174614,14.428754682225943,23
199,97,15.328431662449404,17.926830815773908,0.4140287292776195,47.23140726789146,14
200,1,85.85979199113825,69.73680290593639,0.4138393634888038,40.93245742189787,24
200,36,85.34030732681661,23.393948586534073,0.4137071563728846,44.23595024151556,14
200,38,29.35937577666836,66.1916514726895,0.41369242027649317,26.233660547888334,25
200,48,36.18126105533904,8.7649919316101,0.4137669324237277,43.488888654699714,24
200,64,10.340296772255165,58.7644572177712,0.41351989808368017,40.616594766609076,13
201,22,83.2259801395201,80.47643574968019,0.4143365436522056,45.086349289293416,23
201,33,55.92071607454135,30.39500980626122,0.41324408259037254,20.47951462637545,24
201,70,48.66583308381603,49.07069943545209,0.4130718284193382,1.6259154035523802,19
201,80,10.774094595589656,91.60118451376078,0.41746122976409805,57.17805704764476,19
201,81,23.02139908948808,3.741255617617978,0.41468350111123103,53.551062911236734,15
202,3,76.1139701990353,78.60643052769538,0.41302041834354575,38.73328422806367,26
202,5,37.07980242325812,92.67649888486018,0.4128156181561672,44.589405271785346,27
202,41,81.40203846660347,16.697291990770392,0.41326475950132935,45.772900067682514,21
202,87,16.460781758201815,4.491061939232899,0.4216362362851622,56.53266846425794,26
203,15,74.47621559078172,96.750973243421,0.41276978640737616,52.77062278250554,22
203,63,32.98612123327853,14.45241888660469,0.41233787340846156,39.40942265121521,21
203,65,17.05929685368861,92.51201183767972,0.4122236251710361,53.78067565827367,15
203,69,78.27352272502863,8.272999992243857,0.41821709818781755,50.40371630078472,15
203,73,33.15689973425522,52.06724024715378,0.4122292398942643,16.969487582168895,27
204,0,77.39560485559633,43.88784397520523,0.4118818985184036,28.069157747880652,26
204,51,26.586996145951957,96.91763773477238,0.41399931886154395,52.4350405748008,13
204,54,9.63909621534993,90.26023965438416,0.4151712811296625,57.007801670843506,19
204,68,95.85592132414453,48.23034369429002,0.41177141277636287,45.890055610409455,12
204,93,37.36577288737101,9.446666806151526,0.41237747443860007,42.47583463411616,30
205,2,9.417734788764953,97.5622351636756,0.4452289411613082,62.52268758970457,22
205,29,13.979699812765745,11.453007353597345,0.41140048713813565,52.75729966232435,23
205,43,72.23593505964503,46.18772302513874,0.41151949448001424,22.560369316786645,20
205,90,89.07924908785249,89.34466396978632,0.42402848573506463,55.45439831217919,17
205,94,74.6789611349026,26.246051592286467,0.41135618452315126,34.2534843140716,18
206,6,64.38651200806646,82.276161327083,0.4110123160611816,35.33726528425946,26
206,12,77.83834970737618,19.463870785196757,0.4114854957635255,41.321046717784526,18
206,47,30.151208914787652,63.028259311888846,0.4110478060788473,23.742578803538244,17
206,74,43.89114603050467,2.1612079880330426,0.413702742856318,48.22725492898028,19
206,78,28.123378383900832,65.94226346919018,0.41096617087671217,27.06921383888075,20
207,17,46.95558112758079,18.94713590842857,0.41048752138000133,31.201744415342365,21
207,40,66.43135403273875,40.63868614400705,0.41048594531177074,18.91093843413398,21
207,42,2.2712073133860478,9.004786077564175,0.43868856276794954,62.91776550282162,14
207,75,82.62919241943578,89.61607718397667,0.41049511129020494,51.32346217268826,21
207,84,31.713889282271534,95.28993950697449,0.41090527603989946,48.842199640540684,23
208,27,70.51653786263351,78.07290310219679,0.41007766721409117,34.77091046340611,29
208,72,47.348940105695384,26.69756630918936,0.41023352847620415,23.45275110680658,37
208,85,29.091783814011862,51.50571292317145,0.4100180741395794,20.962363308725994,34
209,20,43.715191887233075,83.26781960578374,0.40969525277070534,33.85626432932715,14
209,45,15.231210271316842,69.6320375077736,0.40983568112734864,39.92850655739597,19
209,50,90.8580690707607,69.97071338107496,0.41019354537035146,45.47759009820221,23
209,61,8.44443211398891,41.58074021706096,0.41011146464990467,42.399872141570086,19
209,69,78.27352272502863,8.272999992243857,0.4136506324283073,50.40371630078472,25
210,21,70.0265102002249,31.236664138204105,0.4092368701174475,27.443102657357606,19
210,35,21.45846728195292,40.852864372463614,0.40932391884046904,29.97147277135205,24
210,67,59.091549148141674,2.28038710296975,0.4092212052891064,48.577955092361506,14
210,79,72.69946142868827,76.8647491917657,0.4092892129024553,35.170730704507434,25
210,96,12.275793241148602,83.11126721249062,0.4093788130400827,50.19434023873136,18
211,32,63.47183200005908,55.35794006579958,0.40871592559226144,14.498199170466526,24
211,39,55.70321523412783,78.38982091064135,0.40911270686438805,28.957012887124193,14
211,52,77.87509039657947,71.68901891589957,0.4095746002249838,35.31903461522874,19
211,62,4.161417386189248,49.39908192445189,0.40904181751816554,45.84252129384545,26
211,87,16.460781758201815,4.491061939232899,0.4139443042518171,56.53266846425794,17
212,4,12.811363267554587,45.038593789556714,0.4086128316096214,37.51813233095184,27
212,7,44.34141988273311,22.723872178477688,0.408824445483356,27.856896415063034,21
212,60,58.40979689127356,64.984660155482,0.40857707945180227,17.183268714879727,18
212,74,43.89114603050467,2.1612079880330426,0.40830516538164036,48.22725492898028,11
212,98,59.93827915208435,87.45620408374644,0.40833900657058897,38.7522466041392,23
213,18,12.992150533547164,47.57049262259338,0.4086685968274621,37.08751040752812,19
213,31,56.52361064811888,76.49988574160255,0.4079573995995493,27.291050551531363,26
213,57,17.67727829392317,85.66142840923754,0.4090323713599018,48.12998872507312,17
213,82,55.48524693914834,37.092228386243875,0.4078863890009039,14.024924314103254,17
213,91,51.885836038644904,31.5929051830793,0.40787526183679795,18.503446088871144,21
214,10,75.80877400853738,35.45259681298683,0.4075232491941772,29.626335502543604,21
214,28,45.891577553834,56.87411959528937,0.40756919455630036,8.008286658611938,16
214,77,10.857574113544356,67.22400930398116,0.4080769763287953,42.76442447619636,24
214,83,82.97897431324131,80.82514720643019,0.4083868028865368,45.142025287436105,20
214,97,15.328431662449404,17.926830815773908,0.4077682838204769,47.23140726789146,19
215,23,38.74783790301745,28.83281039302441,0.40741704229685377,23.97208934812371,24
215,46,44.61562755740307,38.10212260964825,0.4071286344864782,13.059515802526548,20
215,64,10.340296772255165,58.7644572177712,0.40740664791410675,40.616594766609076,18
215,86,25.596509056760276,93.60435700489633,0.4079265511260563,49.96869339923984,13
215,89,89.1677266254914,74.86080194569492,0.4080188974551765,46.391489331474325,25
216,8,55.45847870158348,6.381725610417533,0.40680217721427836,43.9584900839479,26
216,26,78.69243775021384,66.48508565920321,0.40693794099256225,33.09099625640128,15
216,37,5.830274168906602,28.138389202199654,0.40782770758167863,49.28381789866183,21
216,51,26.586996145951957,96.91763773477238,0.4085105561155357,52.4350405748008,20
216,58,75.85195298352102,71.94629559509367,0.40675609973137533,33.911109734265686,18
217,16,32.58253581381519,37.045970603486886,0.4066066456406787,21.706564359261378,20
217,30,66.84029617904716,47.10962061431325,0.40616951251311906,17.08654056242027,27
217,49,11.800590212051532,96.18976645495145,0.42783721222255966,59.93904765101437,17
217,90,89.07924908785249,89.34466396978632,0.4177539707591539,55.45439831217919,16
217,99,19.643466571457324,31.03236729000948,0.4077641238525302,35.795114365222126,20
218,22,83.2259801395201,80.47643574968019,0.4058215387899437,45.086349289293416,24
218,34,3.0817834567939406,43.671738923236234,0.40818244724643926,47.34306635454508,20
218,65,17.05929685368861,92.51201183767972,0.40568125419502565,53.78067565827367,19
218,66,58.106113970039495,34.686980453483706,0.4057701523899622,17.32621283856514,26
218,69,78.27352272502863,8.272999992243857,0.4060413123667444,50.40371630078472,11
219,24,68.24955039749754,13.97524836093098,0.40528470916240295,40.38352164395039,22
219,56,30.59566241506525,57.9219568941896,0.40526849098978,20.959144022204473,26
219,71,93.78264549749828,57.17280523760754,0.40969540135160576,44.366306830028755,22
219,81,23.02139908948808,3.741255617617978,0.40737012658267213,53.551062911236734,13
219,88,43.509706000303794,99.2375564055837,0.40700258477042744,49.66347628786701,17
220,13,46.67210037270342,4.380376578722878,0.40686169611889844,45.740845609023204,19
220,19,22.69093490508841,66.98139946825104,0.4048597997707127,32.15824877474573,21
220,68,95.85592132414453,48.23034369429002,0.40548686003466633,45.890055610409455,25
220,70,48.66583308381603,49.07069943545209,0.4048991146369395,1.6259154035523802,23
220,76,14.024908899861078,55.40361435390494,0.4050065643411117,36.37865071369501,12
221,9,82.7631171992582,63.166439912206485,0.40443065135426814,35.30972937554283,9
221,36,85.34030732681661,23.393948586534073,0.4059705205458651,44.23595024151556,22
221,42,2.2712073133860478,9.004786077564175,0.43225608079310934,62.91776550282162,20
221,54,9.63909621534993,90.26023965438416,0.4072251181649542,57.007801670843506,26
221,92,77.2012432110988,66.16612631677611,0.4045726034122741,31.642554769160306,23
222,12,77.83834970737618,19.463870785196757,0.4040546847988928,41.321046717784526,14
222,44,16.127177903360177,50.10447751033635,0.40426663329512547,33.87298322174735,21
222,53,44.93615021437887,27.224156184515902,0.4041083629505861,23.331987402676617,23
222,59,43.20930397751037,62.73088407024432,0.40410437870662075,14.428754682225943,22
222,90,89.07924908785249,89.34466396978632,0.4131675751910324,55.45439831217919,20
223,14,15.428949206754783,68.30489532424546,0.40380651994169336,39.11811275842336,21
223,39,55.70321523412783,78.38982091064135,0.40353464399161254,28.957012887124193,27
223,47,30.151208914787652,63.028259311888846,0.4037236889125713,23.742578803538244,10
223,55,45.57762898336111,20.236336479523032,0.4036246993372684,30.09041428044784,26
223,94,74.6789611349026,26.246051592286467,0.4036340016225682,34.2534843140716,16
224,1,85.85979199113825,69.73680290593639,0.40355622744439923,40.93245742189787,18
224,20,43.715191887233075,83.26781960578374,0.40345344973982467,33.85626432932715,17
224,43,72.23593505964503,46.18772302513874,0.4031596991555496,22.560369316786645,22
224,48,36.18126105533904,8.7649919316101,0.40337614393942905,43.488888654699714,26
224,80,10.774094595589656,91.60118451376078,0.4081848469495354,57.17805704764476,17
225,33,55.92071607454135,30.39500980626122,0.4029549705319155,20.47951462637545,23
225,38,29.35937577666836,66.1916514726895,0.4028399144084104,26.233660547888334,25
225,63,32.98612123327853,14.45241888660469,0.40308421619840706,39.40942265121521,17
225,71,93.78264549749828,57.17280523760754,0.40366303415729377,44.366306830028755,21
225,86,25.596509056760276,93.60435700489633,0.40301270629970576,49.96869339923984,14
226,3,76.1139701990353,78.60643052769538,0.40233008478807414,38.73328422806367,19
226,41,81.40203846660347,16.697291990770392,0.40334623581240026,45.772900067682514,17
226,52,77.87509039657947,71.68901891589957,0.4023618758353872,35.31903461522874,17
226,61,8.44443211398891,41.58074021706096,0.40235702360522047,42.399872141570086,30
226,81,23.02139908948808,3.741255617617978,0.40306569560537536,53.551062911236734,17
227,15,74.47621559078172,96.750973243421,0.4025198466682621,52.77062278250554,24
227,45,15.231210271316842,69.6320375077736,0.40192375939605374,39.92850655739597,21
227,67,59.091549148141674,2.28038710296975,0.40234491879106943,48.577955092361506,18
227,74,43.89114603050467,2.1612079880330426,0.40261421297052685,48.22725492898028,17
227,78,28.123378383900832,65.94226346919018,0.40213889000922787,27.06921383888075,20
228,17,46.95558112758079,18.94713590842857,0.4014680497497841,31.201744415342365,22
228,18,12.992150533547164,47.57049262259338,0.4013526345297823,37.08751040752812,18
228,40,66.43135403273875,40.63868614400705,0.4014661686613328,18.91093843413398,20
228,75,82.62919241943578,89.61607718397667,0.4013723931244099,51.32346217268826,21
228,96,12.275793241148602,83.11126721249062,0.4015608415840694,50.19434023873136,19
229,21,70.0265102002249,31.236664138204105,0.40114519399704107,27.443102657357606,29
229,26,78.69243775021384,66.48508565920321,0.40099950391236794,33.09099625640128,21
229,28,45.891577553834,56.87411959528937,0.4009370604718465,8.008286658611938,26
229,34,3.0817834567939406,43.671738923236234,0.40137797103061784,47.34306635454508,24
230,0,77.39560485559633,43.88784397520523,0.4006216868479768,28.069157747880652,17
230,5,37.07980242325812,92.67649888486018,0.400734579290052,44.589405271785346,21
230,29,13.979699812765745,11.453007353597345,0.40072816304239905,52.75729966232435,20
230,60,58.40979689127356,64.984660155482,0.400868006648169,17.183268714879727,24
230,82,55.48524693914834,37.092228386243875,0.4006434734718183,14.024924314103254,18
231,7,44.34141988273311,22.723872178477688,0.4002689447229537,27.856896415063034,21
231,57,17.67727829392317,85.66142840923754,0.4014680068739027,48.12998872507312,18
231,73,33.15689973425522,52.06724024715378,0.4002133158623762,16.969487582168895,25
231,95,93.68131505337793,24.097057500568475,0.4153028365247645,50.78404980819585,21
231,99,19.643466571457324,31.03236729000948,0.40040547972710505,35.795114365222126,15
232,6,64.38651200806646,82.276161327083,0.3997559463334077,35.33726528425946,14
232,47,30.151208914787652,63.028259311888846,0.399769196465563,23.742578803538244,17
232,50,90.8580690707607,69.97071338107496,0.40020397012321574,45.47759009820221,21
232,64,10.340296772255165,58.7644572177712,0.3998395538640274,40.616594766609076,18
232,93,37.36577288737101,9.446666806151526,0.39979245099030686,42.47583463411616,30
233,9,82.7631171992582,63.166439912206485,0.3999576792479343,35.30972937554283,15
233,13,46.67210037270342,4.380376578722878,0.3999309419195692,45.740845609023204,24
233,35,21.45846728195292,40.852864372463614,0.39921333245235796,29.97147277135205,15
233,58,75.85195298352102,71.94629559509367,0.3992489188377626,33.911109734265686,20
233,76,14.024908899861078,55.40361435390494,0.3996665778472571,36.37865071369501,26
234,46,44.61562755740307,38.10212260964825,0.3987091384142282,13.059515802526548,35
234,79,72.69946142868827,76.8647491917657,0.39877444664019635,35.170730704507434,34
234,91,51.885836038644904,31.5929051830793,0.39888523596505987,18.503446088871144,31
235,10,75.80877400853738,35.45259681298683,0.39846938000196147,29.626335502543604,18
235,16,32.58253581381519,37.045970603486886,0.3984099898208702,21.706564359261378,22
235,32,63.47183200005908,55.35794006579958,0.39839246073628237,14.498199170466526,26
235,84,31.713889282271534,95.28993950697449,0.3995063274472936,48.842199640540684,20
235,97,15.328431662449404,17.926830815773908,0.39902269360886217,47.23140726789146,14
236,25,19.990820247510833,0.7362269751005512,0.4144220334955019,57.684228365004735,14
236,27,70.51653786263351,78.07290310219679,0.39782441185327755,34.77091046340611,21
236,36,85.34030732681661,23.393948586534073,0.39786386294252946,44.23595024151556,20
236,37,5.830274168906602,28.138389202199654,0.39877607997739684,49.28381789866183,23
236,98,59.93827915208435,87.45620408374644,0.3980274514242778,38.7522466041392,22
237,12,77.83834970737618,19.463870785196757,0.39779418240672293,41.321046717784526,26
237,62,4.161417386189248,49.39908192445189,0.39768104625744727,45.84252129384545,11
237,77,10.857574113544356,67.22400930398116,0.39778983812664837,42.76442447619636,25
237,83,82.97897431324131,80.82514720643019,0.3990813177164902,45.142025287436105,25
237,87,16.460781758201815,4.491061939232899,0.404304174725736,56.53266846425794,13
238,4,12.811363267554587,45.038593789556714,0.39718109766150334,37.51813233095184,22
238,23,38.74783790301745,28.83281039302441,0.397255198887676,23.97208934812371,24
238,88,43.509706000303794,99.2375564055837,0.3988447869530904,49.66347628786701,16
238,89,89.1677266254914,74.86080194569492,0.39762072309368185,46.391489331474325,21
238,94,74.6789611349026,26.246051592286467,0.3970078142712825,34.2534843140716,17
239,11,97.06980243949033,89.31211213221977,0.4350322041445777,61.327061416546535,10
239,25,19.990820247510833,0.7362269751005512,0.4107622225406819,57.684228365004735,25
239,31,56.52361064811888,76.49988574160255,0.3966614256385317,27.291050551531363,26
239,41,81.40203846660347,16.697291990770392,0.3968085300367721,45.772900067682514,20
239,51,26.586996145951957,96.91763773477238,0.39883527923072215,52.4350405748008,19
240,1,85.85979199113825,69.73680290593639,0.39626956614451375,40.93245742189787,23
240,20,43.715191887233075,83.26781960578374,0.39629170082806137,33.85626432932715,19
240,69,78.27352272502863,8.272999992243857,0.3987686614669266,50.40371630078472,18
240,80,10.774094595589656,91.60118451376078,0.4006046310741655,57.17805704764476,16
240,87,16.460781758201815,4.491061939232899,0.40087170527971905,56.53266846425794,24
241,19,22.69093490508841,66.98139946825104,0.39573671887639494,32.15824877474573,23
241,22,83.2259801395201,80.47643574968019,0.39563410613001676,45.086349289293416,25
241,24,68.24955039749754,13.97524836093098,0.39582387386101797,40.38352164395039,19
241,63,32.98612123327853,14.45241888660469,0.39604500539362636,39.40942265121521,21
241,65,17.05929685368861,92.51201183767972,0.396223732301913,53.78067565827367,12
242,8,55.45847870158348,6.381725610417533,0.39540780647451423,43.9584900839479,25
242,44,16.127177903360177,50.10447751033635,0.3953312771540142,33.87298322174735,24
242,71,93.78264549749828,57.17280523760754,0.3953186198733618,44.366306830028755,28
242,85,29.091783814011862,51.50571292317145,0.39525599738128786,20.962363308725994,23
243,52,77.87509039657947,71.68901891589957,0.395132715013738,35.31903461522874,23
243,59,43.20930397751037,62.73088407024432,0.3948294201119093,14.428754682225943,20
243,70,48.66583308381603,49.07069943545209,0.3948598263493341,1.6259154035523802,20
243,74,43.89114603050467,2.1612079880330426,0.39541525217853873,48.22725492898028,21
243,80,10.774094595589656,91.60118451376078,0.396482219243181,57.17805704764476,16
244,30,66.84029617904716,47.10962061431325,0.3943681148380919,17.08654056242027,22
244,81,23.02139908948808,3.741255617617978,0.39543055957890494,53.551062911236734,14
244,86,25.596509056760276,93.60435700489633,0.39560662898499577,49.96869339923984,20
244,92,77.2012432110988,66.16612631677611,0.39474197004497064,31.642554769160306,24
244,99,19.643466571457324,31.03236729000948,0.39439854642006156,35.795114365222126,20
245,3,76.1139701990353,78.60643052769538,0.3942312449067136,38.73328422806367,26
245,14,15.428949206754783,68.30489532424546,0.39442910002568893,39.11811275842336,19
245,53,44.93615021437887,27.224156184515902,0.3941635497006221,23.331987402676617,15
245,56,30.59566241506525,57.9219568941896,0.3940546271390429,20.959144022204473,16
245,72,47.348940105695384,26.69756630918936,0.39411073367701416,23.45275110680658,24
246,6,64.38651200806646,82.276161327083,0.3938111889458135,35.33726528425946,23
246,18,12.992150533547164,47.57049262259338,0.39351731985559335,37.08751040752812,20
246,33,55.92071607454135,30.39500980626122,0.39348643102948855,20.47951462637545,28
246,43,72.23593505964503,46.18772302513874,0.3935631973685694,22.560369316786645,12
246,57,17.67727829392317,85.66142840923754,0.3942145713527805,48.12998872507312,17
247,9,82.7631171992582,63.166439912206485,0.3938566761606405,35.30972937554283,24
247,40,66.43135403273875,40.63868614400705,0.3930533991505043,18.91093843413398,13
247,82,55.48524693914834,37.092228386243875,0.39307852283997646,14.024924314103254,21
247,96,12.275793241148602,83.11126721249062,0.3931424546187929,50.19434023873136,23
247,97,15.328431662449404,17.926830815773908,0.3934132740318616,47.23140726789146,19
248,0,77.39560485559633,43.88784397520523,0.3930754709682694,28.069157747880652,27
248,35,21.45846728195292,40.852864372463614,0.39278653277125714,29.97147277135205,14
248,47,30.151208914787652,63.028259311888846,0.392670152421615,23.742578803538244,18
248,55,45.57762898336111,20.236336479523032,0.3926585573833333,30.09041428044784,23
248,88,43.509706000303794,99.2375564055837,0.3930777975917761,49.66347628786701,18
249,26,78.69243775021384,66.48508565920321,0.39229215942130574,33.09099625640128,25
249,38,29.35937577666836,66.1916514726895,0.3922566914869456,26.233660547888334,12
249,66,58.106113970039495,34.686980453483706,0.39348285280175327,17.32621283856514,28
249,78,28.123378383900832,65.94226346919018,0.3930909842021795,27.06921383888075,22
249,87,16.460781758201815,4.491061939232899,0.39357702025701874,56.53266846425794,13
250,39,55.70321523412783,78.38982091064135,0.391806286877657,28.957012887124193,17
250,45,15.231210271316842,69.6320375077736,0.3923692233430934,39.92850655739597,19
250,50,90.8580690707607,69.97071338107496,0.39187853966485964,45.47759009820221,19
250,62,4.161417386189248,49.39908192445189,0.3923564295137141,45.84252129384545,20
250,69,78.27352272502863,8.272999992243857,0.39253484934730465,50.40371630078472,25
251,7,44.34141988273311,22.723872178477688,0.3914410433438863,27.856896415063034,19
251,17,46.95558112758079,18.94713590842857,0.3917796920740467,31.201744415342365,16
251,51,26.586996145951957,96.91763773477238,0.39208894267213096,52.4350405748008,18
251,64,10.340296772255165,58.7644572177712,0.3917884309294093,40.616594766609076,21
251,68,95.85592132414453,48.23034369429002,0.39297856760608324,45.890055610409455,26
252,5,37.07980242325812,92.67649888486018,0.3912874475750975,44.589405271785346,18
252,10,75.80877400853738,35.45259681298683,0.3909947222400795,29.626335502543604,19
252,34,3.0817834567939406,43.671738923236234,0.3909708786669107,47.34306635454508,17
252,48,36.18126105533904,8.7649919316101,0.3917243272468256,43.488888654699714,21
252,58,75.85195298352102,71.94629559509367,0.39102386662231386,33.911109734265686,25
253,29,13.979699812765745,11.453007353597345,0.39123629734976817,52.75729966232435,19
253,60,58.40979689127356,64.984660155482,0.39068761760027265,17.183268714879727,27
253,67,59.091549148141674,2.28038710296975,0.39259367847133947,48.577955092361506,20
253,75,82.62919241943578,89.61607718397667,0.3911395459254651,51.32346217268826,14
253,84,31.713889282271534,95.28993950697449,0.3912535623944386,48.842199640540684,20
254,2,9.417734788764953,97.5622351636756,0.42869749776369614,62.52268758970457,24
254,13,46.67210037270342,4.380376578722878,0.39009123494052156,45.740845609023204,19
254,81,23.02139908948808,3.741255617617978,0.39013611407658216,53.551062911236734,18
254,83,82.97897431324131,80.82514720643019,0.39008155533204925,45.142025287436105,26
254,95,93.68131505337793,24.097057500568475,0.40528499564102083,50.78404980819585,13
255,28,45.891577553834,56.87411959528937,0.3896002165552502,8.008286658611938,51
255,73,33.15689973425522,52.06724024715378,0.3895491215677055,16.969487582168895,49
256,37,5.830274168906602,28.138389202199654,0.3892722289141659,49.28381789866183,18
256,61,8.44443211398891,41.58074021706096,0.3891975683393943,42.399872141570086,19
256,65,17.05929685368861,92.51201183767972,0.39036910723024076,53.78067565827367,19
256,90,89.07924908785249,89.34466396978632,0.40098515527892276,55.45439831217919,24
256,95,93.68131505337793,24.097057500568475,0.4019875070600305,50.78404980819585,20
257,16,32.58253581381519,37.045970603486886,0.3888228592147087,21.706564359261378,29
257,25,19.990820247510833,0.7362269751005512,0.40112628815398216,57.684228365004735,13
257,27,70.51653786263351,78.07290310219679,0.38883297224923397,34.77091046340611,24
257,43,72.23593505964503,46.18772302513874,0.388691665396476,22.560369316786645,19
257,54,9.63909621534993,90.26023965438416,0.3932302380411761,57.007801670843506,15
258,20,43.715191887233075,83.26781960578374,0.38824734088823337,33.85626432932715,14
258,21,70.0265102002249,31.236664138204105,0.3885848369288387,27.443102657357606,23
258,76,14.024908899861078,55.40361435390494,0.3884967957616827,36.37865071369501,29
258,94,74.6789611349026,26.246051592286467,0.38901521959575786,34.2534843140716,12
258,98,59.93827915208435,87.45620408374644,0.3884020978061563,38.7522466041392,22
259,4,12.811363267554587,45.038593789556714,0.3877990682571033,37.51813233095184,25
259,36,85.34030732681661,23.393948586534073,0.3883789978481168,44.23595024151556,24
259,53,44.93615021437887,27.224156184515902,0.3879595967637944,23.331987402676617,28
259,86,25.596509056760276,93.60435700489633,0.38806853287136284,49.96869339923984,23
260,24,68.24955039749754,13.97524836093098,0.3875194296193918,40.38352164395039,20
260,38,29.35937577666836,66.1916514726895,0.38732487538746674,26.233660547888334,22
260,40,66.43135403273875,40.63868614400705,0.38751790489019056,18.91093843413398,17
260,56,30.59566241506525,57.9219568941896,0.3873941568837064,20.959144022204473,20
260,89,89.1677266254914,74.86080194569492,0.38826997229473814,46.391489331474325,21
261,15,74.47621559078172,96.750973243421,0.3893426064931828,52.77062278250554,12
261,23,38.74783790301745,28.83281039302441,0.3870508862738021,23.97208934812371,25
261,32,63.47183200005908,55.35794006579958,0.3870498721661396,14.498199170466526,27
261,35,21.45846728195292,40.852864372463614,0.3870529582072511,29.97147277135205,17
261,57,17.67727829392317,85.66142840923754,0.38736502830422387,48.12998872507312,19
262,1,85.85979199113825,69.73680290593639,0.38655391789622856,40.93245742189787,27
262,12,77.83834970737618,19.463870785196757,0.38663980254754043,41.321046717784526,15
262,14,15.428949206754783,68.30489532424546,0.3867233377847697,39.11811275842336,22
262,63,32.98612123327853,14.45241888660469,0.3868810912428318,39.40942265121521,24
262,80,10.774094595589656,91.60118451376078,0.3888491373149572,57.17805704764476,12
263,19,22.69093490508841,66.98139946825104,0.38609656629897915,32.15824877474573,29
263,59,43.20930397751037,62.73088407024432,0.38609835591012626,14.428754682225943,22
263,70,48.66583308381603,49.07069943545209,0.3861573765379365,1.6259154035523802,25
263,93,37.36577288737101,9.446666806151526,0.3864857428545529,42.47583463411616,24
264,52,77.87509039657947,71.68901891589957,0.3856439987861878,35.31903461522874,26
264,54,9.63909621534993,90.26023965438416,0.38847043504604684,57.007801670843506,15
264,74,43.89114603050467,2.1612079880330426,0.3860902474328247,48.22725492898028,14
264,85,29.091783814011862,51.50571292317145,0.3855904845887082,20.962363308725994,22
264,91,51.885836038644904,31.5929051830793,0.3856270844062415,18.503446088871144,23
265,11,97.06980243949033,89.31211213221977,0.4265338531468406,61.327061416546535,20
265,17,46.95558112758079,18.94713590842857,0.38536333849420085,31.201744415342365,26
265,41,81.40203846660347,16.697291990770392,0.3865162851994235,45.772900067682514,14
265,47,30.151208914787652,63.028259311888846,0.3851775671345137,23.742578803538244,19
265,77,10.857574113544356,67.22400930398116,0.3863210943195406,42.76442447619636,21
266,15,74.47621559078172,96.750973243421,0.3856232250213947,52.77062278250554,19
266,30,66.84029617904716,47.10962061431325,0.3848803283146241,17.08654056242027,16
266,78,28.123378383900832,65.94226346919018,0.38472697041694925,27.06921383888075,26
266,94,74.6789611349026,26.246051592286467,0.38479929028469084,34.2534843140716,15
266,99,19.643466571457324,31.03236729000948,0.3853348658553396,35.795114365222126,24
267,8,55.45847870158348,6.381725610417533,0.3844078958376646,43.9584900839479,24
267,49,11.800590212051532,96.18976645495145,0.41253015272808735,59.93904765101437,21
267,79,72.69946142868827,76.8647491917657,0.3842933382262359,35.170730704507434,17
267,92,77.2012432110988,66.16612631677611,0.38460769166858866,31.642554769160306,17
267,97,15.328431662449404,17.926830815773908,0.38481508136556275,47.23140726789146,21
268,18,12.992150533547164,47.57049262259338,0.38447924396981814,37.08751040752812,28
268,31,56.52361064811888,76.49988574160255,0.3846445831089461,27.291050551531363,19
268,39,55.70321523412783,78.38982091064135,0.3841906860702023,28.957012887124193,14
268,72,47.348940105695384,26.69756630918936,0.384023000363486,23.45275110680658,19
268,82,55.48524693914834,37.092228386243875,0.38403253073311044,14.024924314103254,20
269,6,64.38651200806646,82.276161327083,0.3838109262965265,35.33726528425946,18
269,7,44.34141988273311,22.723872178477688,0.38354104970851494,27.856896415063034,19
269,9,82.7631171992582,63.166439912206485,0.3838631726297045,35.30972937554283,21
269,44,16.127177903360177,50.10447751033635,0.3843590124273885,33.87298322174735,29
269,48,36.18126105533904,8.7649919316101,0.3834434918555328,43.488888654699714,13
270,5,37.07980242325812,92.67649888486018,0.3834121917546227,44.589405271785346,22
270,10,75.80877400853738,35.45259681298683,0.38302281651399395,29.626335502543604,15
270,22,83.2259801395201,80.47643574968019,0.38384147239808275,45.086349289293416,20
270,46,44.61562755740307,38.10212260964825,0.38315615697318717,13.059515802526548,25
270,55,45.57762898336111,20.236336479523032,0.38300468053689096,30.09041428044784,18
271,3,76.1139701990353,78.60643052769538,0.38296940482053216,38.73328422806367,24
271,34,3.0817834567939406,43.671738923236234,0.3830172692870373,47.34306635454508,17
271,66,58.106113970039495,34.686980453483706,0.38271558837764774,17.32621283856514,27
271,67,59.091549148141674,2.28038710296975,0.3841403780090227,48.577955092361506,12
271,96,12.275793241148602,83.11126721249062,0.38293795436051875,50.19434023873136,20
272,20,43.715191887233075,83.26781960578374,0.38220119466274716,33.85626432932715,18
272,29,13.979699812765745,11.453007353597345,0.3826805962477219,52.75729966232435,22
272,50,90.8580690707607,69.97071338107496,0.3828290001756934,45.47759009820221,18
272,64,10.340296772255165,58.7644572177712,0.3826548522890861,40.616594766609076,24
272,68,95.85592132414453,48.23034369429002,0.3823553723367541,45.890055610409455,18
273,0,77.39560485559633,43.88784397520523,0.3818387515711596,28.069157747880652,22
273,26,78.69243775021384,66.48508565920321,0.3817278709883452,33.09099625640128,24
273,62,4.161417386189248,49.39908192445189,0.3829416227442172,45.84252129384545,19
273,65,17.05929685368861,92.51201183767972,0.3825152849056967,53.78067565827367,16
273,81,23.02139908948808,3.741255617617978,0.38180502291858803,53.551062911236734,19
274,33,55.92071607454135,30.39500980626122,0.38141960822964033,20.47951462637545,34
274,45,15.231210271316842,69.6320375077736,0.3831336694877172,39.92850655739597,16
274,61,8.44443211398891,41.58074021706096,0.38125177231688145,42.399872141570086,15
274,71,93.78264549749828,57.17280523760754,0.38199429079647784,44.366306830028755,20
274,84,31.713889282271534,95.28993950697449,0.3822894209602955,48.842199640540684,15
275,13,46.67210037270342,4.380376578722878,0.38127275936695515,45.740845609023204,16
275,43,72.23593505964503,46.18772302513874,0.3808186814474858,22.560369316786645,28
275,49,11.800590212051532,96.18976645495145,0.4060931029949075,59.93904765101437,23
275,75,82.62919241943578,89.61607718397667,0.38318351351259383,51.32346217268826,18
275,87,16.460781758201815,4.491061939232899,0.3846035640712211,56.53266846425794,15
276,40,66.43135403273875,40.63868614400705,0.380541548047877,18.91093843413398,29
276,51,26.586996145951957,96.91763773477238,0.3827170984177024,52.4350405748008,28
276,58,75.85195298352102,71.94629559509367,0.38046888609884405,33.911109734265686,23
276,67,59.091549148141674,2.28038710296975,0.3804307235149603,48.577955092361506,20
277,11,97.06980243949033,89.31211213221977,0.41945900603542724,61.327061416546535,20
277,37,5.830274168906602,28.138389202199654,0.38052774564199193,49.28381789866183,20
277,69,78.27352272502863,8.272999992243857,0.3807659073415702,50.40371630078472,21
277,87,16.460781758201815,4.491061939232899,0.380902835590614,56.53266846425794,14
277,88,43.509706000303794,99.2375564055837,0.3825273943521709,49.66347628786701,25
278,25,19.990820247510833,0.7362269751005512,0.3933545568110694,57.684228365004735,14
278,35,21.45846728195292,40.852864372463614,0.3797266794872037,29.97147277135205,31
278,54,9.63909621534993,90.26023965438416,0.38208368988830704,57.007801670843506,16
278,89,89.1677266254914,74.86080194569492,0.3798810871718624,46.391489331474325,24
278,95,93.68131505337793,24.097057500568475,0.39244498963995417,50.78404980819585,15
279,21,70.0265102002249,31.236664138204105,0.3791894569313038,27.443102657357606,21
279,57,17.67727829392317,85.66142840923754,0.3794101171972387,48.12998872507312,27
279,60,58.40979689127356,64.984660155482,0.37909094247363634,17.183268714879727,31
279,74,43.89114603050467,2.1612079880330426,0.3798341048027661,48.22725492898028,21
280,24,68.24955039749754,13.97524836093098,0.37882850557173736,40.38352164395039,23
280,27,70.51653786263351,78.07290310219679,0.37871544000423274,34.77091046340611,20
280,39,55.70321523412783,78.38982091064135,0.37863882112240865,28.957012887124193,17
280,80,10.774094595589656,91.60118451376078,0.38228332664385734,57.17805704764476,23
280,94,74.6789611349026,26.246051592286467,0.3786259076054378,34.2534843140716,17
281,25,19.990820247510833,0.7362269751005512,0.3896183606883322,57.684228365004735,17
281,30,66.84029617904716,47.10962061431325,0.3782789902506267,17.08654056242027,24
281,56,30.59566241506525,57.9219568941896,0.37842818267023337,20.959144022204473,17
281,77,10.857574113544356,67.22400930398116,0.37827052892669777,42.76442447619636,20
281,83,82.97897431324131,80.82514720643019,0.3785560536009961,45.142025287436105,22
282,36,85.34030732681661,23.393948586534073,0.37800380203620154,44.23595024151556,16
282,38,29.35937577666836,66.1916514726895,0.3777917322702829,26.233660547888334,19
282,45,15.231210271316842,69.6320375077736,0.3779693438334189,39.92850655739597,20
282,48,36.18126105533904,8.7649919316101,0.3778975201924123,43.488888654699714,25
282,90,89.07924908785249,89.34466396978632,0.38988189476290014,55.45439831217919,20
283,42,2.2712073133860478,9.004786077564175,0.4125156965523638,62.91776550282162,25
283,54,9.63909621534993,90.26023965438416,0.37759058251621336,57.007801670843506,25
283,79,72.69946142868827,76.8647491917657,0.3773411284884836,35.170730704507434,17
283,92,77.2012432110988,66.16612631677611,0.37764338861171876,31.642554769160306,18
283,95,93.68131505337793,24.097057500568475,0.3881499761900394,50.78404980819585,15
284,10,75.80877400853738,35.45259681298683,0.3769337821887937,29.626335502543604,24
284,25,19.990820247510833,0.7362269751005512,0.38531690407255176,57.684228365004735,23
284,31,56.52361064811888,76.49988574160255,0.3771203572601361,27.291050551531363,16
284,75,82.62919241943578,89.61607718397667,0.37741091883963457,51.32346217268826,15
284,86,25.596509056760276,93.60435700489633,0.377678314657412,49.96869339923984,22
285,4,12.811363267554587,45.038593789556714,0.3765093364408722,37.51813233095184,22
285,6,64.38651200806646,82.276161327083,0.37655150511802005,35.33726528425946,24
285,41,81.40203846660347,16.697291990770392,0.37909223202054726,45.772900067682514,23
285,47,30.151208914787652,63.028259311888846,0.37662601665978407,23.742578803538244,20
285,59,43.20930397751037,62.73088407024432,0.3764887896343093,14.428754682225943,11
286,12,77.83834970737618,19.463870785196757,0.3781932508500471,41.321046717784526,17
286,16,32.58253581381519,37.045970603486886,0.37604821205621547,21.706564359261378,21
286,23,38.74783790301745,28.83281039302441,0.3761354354163708,23.97208934812371,20
286,65,17.05929685368861,92.51201183767972,0.3763337444787348,53.78067565827367,17
286,98,59.93827915208435,87.45620408374644,0.37750920997672244,38.7522466041392,25
287,14,15.428949206754783,68.30489532424546,0.37657783847347553,39.11811275842336,22
287,50,90.8580690707607,69.97071338107496,0.37573271781974443,45.47759009820221,23
287,72,47.348940105695384,26.69756630918936,0.37570982791095614,23.45275110680658,21
287,82,55.48524693914834,37.092228386243875,0.37559529663622915,14.024924314103254,19
287,85,29.091783814011862,51.50571292317145,0.37570013304585287,20.962363308725994,15
288,32,63.47183200005908,55.35794006579958,0.375291162467363,14.498199170466526,32
288,70,48.66583308381603,49.07069943545209,0.37525341749669433,1.6259154035523802,33
288,91,51.885836038644904,31.5929051830793,0.3754245242665933,18.503446088871144,35
289,2,9.417734788764953,97.5622351636756,0.4153568076772439,62.52268758970457,19
289,7,44.34141988273311,22.723872178477688,0.3750332569537424,27.856896415063034,21
289,9,82.7631171992582,63.166439912206485,0.37509037371048676,35.30972937554283,13
289,52,77.87509039657947,71.68901891589957,0.3747996920034844,35.31903461522874,19
289,53,44.93615021437887,27.224156184515902,0.3753458422876235,23.331987402676617,28
290,17,46.95558112758079,18.94713590842857,0.37427306713071995,31.201744415342365,26
290,20,43.715191887233075,83.26781960578374,0.374334032723462,33.85626432932715,16
290,22,83.2259801395201,80.47643574968019,0.37535096494527165,45.086349289293416,23
290,63,32.98612123327853,14.45241888660469,0.3756601880692862,39.40942265121521,16
290,96,12.275793241148602,83.11126721249062,0.37454028324825983,50.19434023873136,19
291,1,85.85979199113825,69.73680290593639,0.37452425776433906,40.93245742189787,30
291,55,45.57762898336111,20.236336479523032,0.3745241410861555,30.09041428044784,35
291,76,14.024908899861078,55.40361435390494,0.3748690956217947,36.37865071369501,35
292,5,37.07980242325812,92.67649888486018,0.3737337390719381,44.589405271785346,16
292,8,55.45847870158348,6.381725610417533,0.37364877842130495,43.9584900839479,22
292,19,22.69093490508841,66.98139946825104,0.37349136080143985,32.15824877474573,19
292,71,93.78264549749828,57.17280523760754,0.3735995930671471,44.366306830028755,25
292,99,19.643466571457324,31.03236729000948,0.37429818956566213,35.795114365222126,18
293,3,76.1139701990353,78.60643052769538,0.37319974090673713,38.73328422806367,24
293,12,77.83834970737618,19.463870785196757,0.37296770957731024,41.321046717784526,17
293,61,8.44443211398891,41.58074021706096,0.3734693994249492,42.399872141570086,13
293,78,28.123378383900832,65.94226346919018,0.3731312718696022,27.06921383888075,26
293,93,37.36577288737101,9.446666806151526,0.3748238441084427,42.47583463411616,20
294,34,3.0817834567939406,43.671738923236234,0.37385211578586586,47.34306635454508,20
294,84,31.713889282271534,95.28993950697449,0.3745839829974569,48.842199640540684,21
294,87,16.460781758201815,4.491061939232899,0.37392797073062195,56.53266846425794,18
294,90,89.07924908785249,89.34466396978632,0.38290076378085003,55.45439831217919,22
294,95,93.68131505337793,24.097057500568475,0.3822778823408959,50.78404980819585,19
295,44,16.127177903360177,50.10447751033635,0.372180684720874,33.87298322174735,25
295,46,44.61562755740307,38.10212260964825,0.3721421449960384,13.059515802526548,25
295,68,95.85592132414453,48.23034369429002,0.3732411868176159,45.890055610409455,18
295,69,78.27352272502863,8.272999992243857,0.3721677710862037,50.40371630078472,12
295,88,43.509706000303794,99.2375564055837,0.3727975727002649,49.66347628786701,20
296,0,77.39560485559633,43.88784397520523,0.37212656497394603,28.069157747880652,20
296,13,46.67210037270342,4.380376578722878,0.3731830327961072,45.740845609023204,22
296,59,43.20930397751037,62.73088407024432,0.3718051327122812,14.428754682225943,20
296,64,10.340296772255165,58.7644572177712,0.3721017553380272,40.616594766609076,22
296,90,89.07924908785249,89.34466396978632,0.3776683037444308,55.45439831217919,16
297,18,12.992150533547164,47.57049262259338,0.3718596583810422,37.08751040752812,18
297,39,55.70321523412783,78.38982091064135,0.3713261636199331,28.957012887124193,28
297,56,30.59566241506525,57.9219568941896,0.3713762985450692,20.959144022204473,19
297,66,58.106113970039495,34.686980453483706,0.3712020920587825,17.32621283856514,21
297,94,74.6789611349026,26.246051592286467,0.3713698749855433,34.2534843140716,14
298,26,78.69243775021384,66.48508565920321,0.37125036725194577,33.09099625640128,18
298,51,26.586996145951957,96.91763773477238,0.37164457262037937,52.4350405748008,21
298,58,75.85195298352102,71.94629559509367,0.3708856360034512,33.911109734265686,18
298,74,43.89114603050467,2.1612079880330426,0.3710338022202198,48.22725492898028,21
298,97,15.328431662449404,17.926830815773908,0.37321276831117,47.23140726789146,22
299,21,70.0265102002249,31.236664138204105,0.3704095960510656,27.443102657357606,22
299,31,56.52361064811888,76.49988574160255,0.37049107661232894,27.291050551531363,17
299,49,11.800590212051532,96.18976645495145,0.395584818262315,59.93904765101437,22
299,67,59.091549148141674,2.28038710296975,0.3708988451102129,48.577955092361506,20
299,92,77.2012432110988,66.16612631677611,0.37042151890679675,31.642554769160306,19
300,9,82.7631171992582,63.166439912206485,0.3700467326592988,35.30972937554283,22
300,15,74.47621559078172,96.750973243421,0.37388715340218676,52.77062278250554,15
300,36,85.34030732681661,23.393948586534073,0.3705342817971861,44.23595024151556,20
300,37,5.830274168906602,28.138389202199654,0.3706678767712114,49.28381789866183,17
300,62,4.161417386189248,49.39908192445189,0.3724569712172728,45.84252129384545,26
301,38,29.35937577666836,66.1916514726895,0.36958407342396293,26.233660547888334,21
301,63,32.98612123327853,14.45241888660469,0.36987367901663337,39.40942265121521,24
301,79,72.69946142868827,76.8647491917657,0.3699213448204499,35.170730704507434,26
301,85,29.091783814011862,51.50571292317145,0.36947130699944847,20.962363308725994,17
301,95,93.68131505337793,24.097057500568475,0.3766262251523771,50.78404980819585,12
302,24,68.24955039749754,13.97524836093098,0.36910463885294736,40.38352164395039,33
302,27,70.51653786263351,78.07290310219679,0.369799902702892,34.77091046340611,31
302,45,15.231210271316842,69.6320375077736,0.3693464563365429,39.92850655739597,36
303,43,72.23593505964503,46.18772302513874,0.36862643910085924,22.560369316786645,25
303,65,17.05929685368861,92.51201183767972,0.3687434986480536,53.78067565827367,13
303,77,10.857574113544356,67.22400930398116,0.3691900103172323,42.76442447619636,20
303,81,23.02139908948808,3.741255617617978,0.37076456736168273,53.551062911236734,21
303,83,82.97897431324131,80.82514720643019,0.3691712982001198,45.142025287436105,21
304,14,15.428949206754783,68.30489532424546,0.3681977490075715,39.11811275842336,22
304,29,13.979699812765745,11.453007353597345,0.3704500894476184,52.75729966232435,18
304,41,81.40203846660347,16.697291990770392,0.36989100762132066,45.772900067682514,20
304,47,30.151208914787652,63.028259311888846,0.36824272224967547,23.742578803538244,18
304,89,89.1677266254914,74.86080194569492,0.36914444106820654,46.391489331474325,22
305,23,38.74783790301745,28.83281039302441,0.3677335987787852,23.97208934812371,26
305,30,66.84029617904716,47.10962061431325,0.3678113295357645,17.08654056242027,23
305,73,33.15689973425522,52.06724024715378,0.36782028196600497,16.969487582168895,27
305,98,59.93827915208435,87.45620408374644,0.367939873022367,38.7522466041392,24
306,15,74.47621559078172,96.750973243421,0.3693924894018044,52.77062278250554,18
306,40,66.43135403273875,40.63868614400705,0.36771606829697123,18.91093843413398,19
306,57,17.67727829392317,85.66142840923754,0.36763684345865544,48.12998872507312,20
306,61,8.44443211398891,41.58074021706096,0.36782929704214773,42.399872141570086,20
306,82,55.48524693914834,37.092228386243875,0.36736595670218153,14.024924314103254,23
307,16,32.58253581381519,37.045970603486886,0.3669332072454141,21.706564359261378,23
307,20,43.715191887233075,83.26781960578374,0.3672129210693,33.85626432932715,29
307,28,45.891577553834,56.87411959528937,0.36686774947464545,8.008286658611938,19
307,33,55.92071607454135,30.39500980626122,0.36684576956119264,20.47951462637545,29
308,5,37.07980242325812,92.67649888486018,0.36678267287084027,44.589405271785346,24
308,10,75.80877400853738,35.45259681298683,0.36660305263182436,29.626335502543604,15
308,22,83.2259801395201,80.47643574968019,0.3665478357042487,45.086349289293416,20
308,72,47.348940105695384,26.69756630918936,0.36668978080878756,23.45275110680658,20
308,99,19.643466571457324,31.03236729000948,0.3669294723073683,35.795114365222126,21
309,6,64.38651200806646,82.276161327083,0.366261853212479,35.33726528425946,14
309,35,21.45846728195292,40.852864372463614,0.3660944181524883,29.97147277135205,20
309,48,36.18126105533904,8.7649919316101,0.3665181761647629,43.488888654699714,28
309,50,90.8580690707607,69.97071338107496,0.36597886159626536,45.47759009820221,21
309,96,12.275793241148602,83.11126721249062,0.3662238617097299,50.19434023873136,17
310,4,12.811363267554587,45.038593789556714,0.36632619189000815,37.51813233095184,29
310,60,58.40979689127356,64.984660155482,0.3656411379689744,17.183268714879727,20
310,75,82.62919241943578,89.61607718397667,0.3685164385216522,51.32346217268826,14
310,93,37.36577288737101,9.446666806151526,0.36679415448113006,42.47583463411616,20
310,94,74.6789611349026,26.246051592286467,0.3656105972823534,34.2534843140716,17
311,25,19.990820247510833,0.7362269751005512,0.3738365801749545,57.684228365004735,19
311,34,3.0817834567939406,43.671738923236234,0.36576171054093526,47.34306635454508,20
311,75,82.62919241943578,89.61607718397667,0.36533107461087655,51.32346217268826,23
311,84,31.713889282271534,95.28993950697449,0.36622486578596347,48.842199640540684,19
311,95,93.68131505337793,24.097057500568475,0.3717406306614174,50.78404980819585,19
312,7,44.34141988273311,22.723872178477688,0.36557720723550907,27.856896415063034,26
312,11,97.06980243949033,89.31211213221977,0.40704141283109224,61.327061416546535,20
312,12,77.83834970737618,19.463870785196757,0.3652219814522206,41.321046717784526,14
312,18,12.992150533547164,47.57049262259338,0.36478639012610253,37.08751040752812,13
312,19,22.69093490508841,66.98139946825104,0.36513047089061607,32.15824877474573,27
313,8,55.45847870158348,6.381725610417533,0.3642354539357573,43.9584900839479,24
313,26,78.69243775021384,66.48508565920321,0.3642273450018229,33.09099625640128,16
313,52,77.87509039657947,71.68901891589957,0.36566592534632486,35.31903461522874,16
313,86,25.596509056760276,93.60435700489633,0.3663436309895182,49.96869339923984,23
313,97,15.328431662449404,17.926830815773908,0.36508184643766334,47.23140726789146,21
314,0,77.39560485559633,43.88784397520523,0.36398369233947075,28.069157747880652,21
314,15,74.47621559078172,96.750973243421,0.3637922601153752,52.77062278250554,18
314,37,5.830274168906602,28.138389202199654,0.36391677366171843,49.28381789866183,17
314,53,44.93615021437887,27.224156184515902,0.36386903667306086,23.331987402676617,26
314,80,10.774094595589656,91.60118451376078,0.36947151275867646,57.17805704764476,18
315,31,56.52361064811888,76.49988574160255,0.3633999513572884,27.291050551531363,19
315,42,2.2712073133860478,9.004786077564175,0.3990188736790169,62.91776550282162,25
315,54,9.63909621534993,90.26023965438416,0.3647934952697496,57.007801670843506,17
315,58,75.85195298352102,71.94629559509367,0.36346957464689844,33.911109734265686,21
315,95,93.68131505337793,24.097057500568475,0.36674930252246934,50.78404980819585,18
316,17,46.95558112758079,18.94713590842857,0.3630308843533627,31.201744415342365,34
316,56,30.59566241506525,57.9219568941896,0.36311686551831457,20.959144022204473,29
316,59,43.20930397751037,62.73088407024432,0.36307175076201054,14.428754682225943,37
317,29,13.979699812765745,11.453007353597345,0.36369089820561334,52.75729966232435,18
317,41,81.40203846660347,16.697291990770392,0.3626649468447497,45.772900067682514,17
317,51,26.586996145951957,96.91763773477238,0.36280092109597156,52.4350405748008,18
317,64,10.340296772255165,58.7644572177712,0.36273036195479136,40.616594766609076,24
317,68,95.85592132414453,48.23034369429002,0.3642613858119355,45.890055610409455,23
318,13,46.67210037270342,4.380376578722878,0.36350293816169793,45.740845609023204,16
318,66,58.106113970039495,34.686980453483706,0.3620755975643418,17.32621283856514,22
318,80,10.774094595589656,91.60118451376078,0.3647083961980225,57.17805704764476,14
318,85,29.091783814011862,51.50571292317145,0.3621945605379401,20.962363308725994,23
318,92,77.2012432110988,66.16612631677611,0.3622890587126647,31.642554769160306,25
319,3,76.1139701990353,78.60643052769538,0.36249486817703686,38.73328422806367,24
319,36,85.34030732681661,23.393948586534073,0.36203462439930795,44.23595024151556,17
319,62,4.161417386189248,49.39908192445189,0.3626617322670754,45.84252129384545,12
319,74,43.89114603050467,2.1612079880330426,0.3617821870309152,48.22725492898028,19
319,78,28.123378383900832,65.94226346919018,0.3618969184180141,27.06921383888075,28
320,21,70.0265102002249,31.236664138204105,0.36121837690619274,27.443102657357606,27
320,32,63.47183200005908,55.35794006579958,0.3612788194217251,14.498199170466526,33
320,44,16.127177903360177,50.10447751033635,0.3614249881907506,33.87298322174735,40
321,1,85.85979199113825,69.73680290593639,0.36154121480518137,40.93245742189787,24
321,46,44.61562755740307,38.10212260964825,0.3609055954746273,13.059515802526548,24
321,47,30.151208914787652,63.028259311888846,0.36072867475287723,23.742578803538244,15
321,67,59.091549148141674,2.28038710296975,0.36155114486301626,48.577955092361506,16
321,77,10.857574113544356,67.22400930398116,0.36095290693916393,42.76442447619636,21
322,9,82.7631171992582,63.166439912206485,0.3605667847014903,35.30972937554283,21
322,10,75.80877400853738,35.45259681298683,0.3603969443620375,29.626335502543604,17
322,38,29.35937577666836,66.1916514726895,0.36060205107192544,26.233660547888334,22
322,70,48.66583308381603,49.07069943545209,0.3604523474702971,1.6259154035523802,21
322,76,14.024908899861078,55.40361435390494,0.36064826334606837,36.37865071369501,19
323,40,66.43135403273875,40.63868614400705,0.359972652750805,18.91093843413398,14
323,52,77.87509039657947,71.68901891589957,0.3601552456529588,35.31903461522874,23
323,55,45.57762898336111,20.236336479523032,0.35996309310445723,30.09041428044784,26
323,88,43.509706000303794,99.2375564055837,0.3618941054529818,49.66347628786701,20
323,91,51.885836038644904,31.5929051830793,0.3601534536550842,18.503446088871144,17
324,12,77.83834970737618,19.463870785196757,0.35967796517756295,41.321046717784526,17
324,18,12.992150533547164,47.57049262259338,0.35942904147788574,37.08751040752812,19
324,57,17.67727829392317,85.66142840923754,0.35940334671067037,48.12998872507312,19
324,83,82.97897431324131,80.82514720643019,0.36012130048759794,45.142025287436105,24
324,93,37.36577288737101,9.446666806151526,0.3594246982960526,42.47583463411616,21
325,6,64.38651200806646,82.276161327083,0.35980084391142453,35.33726528425946,20
325,39,55.70321523412783,78.38982091064135,0.35914833451265055,28.957012887124193,13
325,63,32.98612123327853,14.45241888660469,0.3594806602589257,39.40942265121521,28
325,69,78.27352272502863,8.272999992243857,0.36280554123710984,50.40371630078472,14
325,96,12.275793241148602,83.11126721249062,0.35906474378144615,50.19434023873136,25
326,14,15.428949206754783,68.30489532424546,0.3586853853139281,39.11811275842336,23
326,28,45.891577553834,56.87411959528937,0.3586076101784035,8.008286658611938,15
326,71,93.78264549749828,57.17280523760754,0.3604444177562108,44.366306830028755,19
326,94,74.6789611349026,26.246051592286467,0.35862714590223777,34.2534843140716,21
326,99,19.643466571457324,31.03236729000948,0.35854422608955566,35.795114365222126,22
327,22,83.2259801395201,80.47643574968019,0.35818039477178426,45.086349289293416,25
327,61,8.44443211398891,41.58074021706096,0.3589906530475534,42.399872141570086,23
327,69,78.27352272502863,8.272999992243857,0.3594104817941589,50.40371630078472,9
327,72,47.348940105695384,26.69756630918936,0.35827729364058425,23.45275110680658,27
327,84,31.713889282271534,95.28993950697449,0.35852626926306236,48.842199640540684,16
328,13,46.67210037270342,4.380376578722878,0.35787256629042014,45.740845609023204,19
328,30,66.84029617904716,47.10962061431325,0.3578359395146116,17.08654056242027,22
328,62,4.161417386189248,49.39908192445189,0.35813555509300493,45.84252129384545,21
328,65,17.05929685368861,92.51201183767972,0.36038560705006434,53.78067565827367,16
328,79,72.69946142868827,76.8647491917657,0.35859976967506335,35.170730704507434,22
329,27,70.51653786263351,78.07290310219679,0.35735516750936097,34.77091046340611,22
329,35,21.45846728195292,40.852864372463614,0.3575469002240541,29.97147277135205,27
329,43,72.23593505964503,46.18772302513874,0.35758019346212105,22.560369316786645,14
329,82,55.48524693914834,37.092228386243875,0.3574006081818093,14.024924314103254,22
329,86,25.596509056760276,93.60435700489633,0.3578619720127652,49.96869339923984,15
330,26,78.69243775021384,66.48508565920321,0.35727820901621826,33.09099625640128,24
330,34,3.0817834567939406,43.671738923236234,0.357254881567753,47.34306635454508,20
330,60,58.40979689127356,64.984660155482,0.3569873054408871,17.183268714879727,18
330,81,23.02139908948808,3.741255617617978,0.3600017773348968,53.551062911236734,21
330,98,59.93827915208435,87.45620408374644,0.3572343495723711,38.7522466041392,17
331,5,37.07980242325812,92.67649888486018,0.35646844336681427,44.589405271785346,22
331,16,32.58253581381519,37.045970603486886,0.35677062266351156,21.706564359261378,21
331,23,38.74783790301745,28.83281039302441,0.3565164616532969,23.97208934812371,21
331,50,90.8580690707607,69.97071338107496,0.3566942953927667,45.47759009820221,25
331,69,78.27352272502863,8.272999992243857,0.35651138082053924,50.40371630078472,11
332,29,13.979699812765745,11.453007353597345,0.35627455977050404,52.75729966232435,18
332,37,5.830274168906602,28.138389202199654,0.3561994118365393,49.28381789866183,16
332,65,17.05929685368861,92.51201183767972,0.3560563488781177,53.78067565827367,23
332,89,89.1677266254914,74.86080194569492,0.35831665194625145,46.391489331474325,24
332,95,93.68131505337793,24.097057500568475,0.3589288787892977,50.78404980819585,19
333,41,81.40203846660347,16.697291990770392,0.35550774831291426,45.772900067682514,18
333,73,33.15689973425522,52.06724024715378,0.35586122246791196,16.969487582168895,29
333,80,10.774094595589656,91.60118451376078,0.358299506041979,57.17805704764476,15
333,90,89.07924908785249,89.34466396978632,0.36595157035700926,55.45439831217919,20
333,97,15.328431662449404,17.926830815773908,0.3560657425222979,47.23140726789146,18
334,0,77.39560485559633,43.88784397520523,0.3550937187709119,28.069157747880652,20
334,7,44.34141988273311,22.723872178477688,0.3552069625585868,27.856896415063034,28
334,31,56.52361064811888,76.49988574160255,0.3551637364961211,27.291050551531363,24
334,51,26.586996145951957,96.91763773477238,0.3551578285500855,52.4350405748008,18
334,87,16.460781758201815,4.491061939232899,0.3606263561285885,56.53266846425794,10
335,4,12.811363267554587,45.038593789556714,0.35466404102197213,37.51813233095184,27
335,20,43.715191887233075,83.26781960578374,0.35480421238751697,33.85626432932715,22
335,24,68.24955039749754,13.97524836093098,0.3547141544344637,40.38352164395039,26
335,58,75.85195298352102,71.94629559509367,0.3547909835770646,33.911109734265686,25
336,33,55.92071607454135,30.39500980626122,0.3542636221261145,20.47951462637545,27
336,40,66.43135403273875,40.63868614400705,0.35420123587825586,18.91093843413398,32
336,47,30.151208914787652,63.028259311888846,0.35422790273429317,23.742578803538244,41
337,19,22.69093490508841,66.98139946825104,0.35386406855008223,32.15824877474573,22
337,36,85.34030732681661,23.393948586534073,0.35447644994360883,44.23595024151556,26
337,39,55.70321523412783,78.38982091064135,0.35381971271703844,28.957012887124193,19
337,45,15.231210271316842,69.6320375077736,0.3538889528471019,39.92850655739597,17
337,71,93.78264549749828,57.17280523760754,0.3539476453900797,44.366306830028755,16
338,3,76.1139701990353,78.60643052769538,0.35333163686354024,38.73328422806367,25
338,10,75.80877400853738,35.45259681298683,0.3533904233030927,29.626335502543604,21
338,48,36.18126105533904,8.7649919316101,0.3540145009224524,43.488888654699714,28
338,54,9.63909621534993,90.26023965438416,0.355930317582822,57.007801670843506,26
339,49,11.800590212051532,96.18976645495145,0.3815734167357322,59.93904765101437,23
339,75,82.62919241943578,89.61607718397667,0.35407153379550826,51.32346217268826,21
339,81,23.02139908948808,3.741255617617978,0.3533021689142752,53.551062911236734,15
339,91,51.885836038644904,31.5929051830793,0.35304502087379536,18.503446088871144,31
339,95,93.68131505337793,24.097057500568475,0.35331986635889623,50.78404980819585,10
340,53,44.93615021437887,27.224156184515902,0.3525790338446985,23.331987402676617,20
340,66,58.106113970039495,34.686980453483706,0.3526363224373493,17.32621283856514,17
340,68,95.85592132414453,48.23034369429002,0.35406401277655014,45.890055610409455,18
340,85,29.091783814011862,51.50571292317145,0.352458043284374,20.962363308725994,24
340,88,43.509706000303794,99.2375564055837,0.3537289411376963,49.66347628786701,21
341,9,82.7631171992582,63.166439912206485,0.352052690035712,35.30972937554283,21
341,28,45.891577553834,56.87411959528937,0.3521292784672248,8.008286658611938,17
341,43,72.23593505964503,46.18772302513874,0.3520513282534427,22.560369316786645,16
341,64,10.340296772255165,58.7644572177712,0.35226630641493817,40.616594766609076,25
341,74,43.89114603050467,2.1612079880330426,0.35264344113196405,48.22725492898028,21
342,8,55.45847870158348,6.381725610417533,0.35258610288300213,43.9584900839479,22
342,70,48.66583308381603,49.07069943545209,0.35156527476106425,1.6259154035523802,18
342,76,14.024908899861078,55.40361435390494,0.35215800658220275,36.37865071369501,22
342,86,25.596509056760276,93.60435700489633,0.3518223155211994,49.96869339923984,13
342,92,77.2012432110988,66.16612631677611,0.3518925930195788,31.642554769160306,25
343,1,85.85979199113825,69.73680290593639,0.3517608929578584,40.93245742189787,17
343,6,64.38651200806646,82.276161327083,0.3516276579097205,35.33726528425946,12
343,12,77.83834970737618,19.463870785196757,0.35192936844254646,41.321046717784526,26
343,18,12.992150533547164,47.57049262259338,0.35119475391835864,37.08751040752812,20
343,38,29.35937577666836,66.1916514726895,0.35124848271852127,26.233660547888334,25
344,46,44.61562755740307,38.10212260964825,0.3507625631510519,13.059515802526548,37
344,52,77.87509039657947,71.68901891589957,0.3508292926705238,35.31903461522874,28
344,56,30.59566241506525,57.9219568941896,0.3507921246345221,20.959144022204473,35
345,69,78.27352272502863,8.272999992243857,0.3510110776770813,50.40371630078472,18
345,80,10.774094595589656,91.60118451376078,0.3523446210597489,57.17805704764476,23
345,87,16.460781758201815,4.491061939232899,0.3556713063419092,56.53266846425794,24
345,89,89.1677266254914,74.86080194569492,0.35034031134640525,46.391489331474325,20
345,98,59.93827915208435,87.45620408374644,0.35030790017913027,38.7522466041392,15
346,21,70.0265102002249,31.236664138204105,0.34986942696984674,27.443102657357606,19
346,78,28.123378383900832,65.94226346919018,0.34996209325924416,27.06921383888075,22
346,79,72.69946142868827,76.8647491917657,0.3500845203742111,35.170730704507434,24
346,84,31.713889282271534,95.28993950697449,0.35092938990268996,48.842199640540684,13
346,93,37.36577288737101,9.446666806151526,0.3500225720837745,42.47583463411616,22
347,13,46.67210037270342,4.380376578722878,0.3494950941924156,45.740845609023204,26
347,60,58.40979689127356,64.984660155482,0.3494548810551294,17.183268714879727,20
347,61,8.44443211398891,41.58074021706096,0.34955128179148404,42.399872141570086,15
347,77,10.857574113544356,67.22400930398116,0.35070427858978187,42.76442447619636,20
347,83,82.97897431324131,80.82514720643019,0.3500532714322718,45.142025287436105,19
348,37,5.830274168906602,28.138389202199654,0.3490230943339921,49.28381789866183,18
348,49,11.800590212051532,96.18976645495145,0.3744937173524743,59.93904765101437,20
348,55,45.57762898336111,20.236336479523032,0.34896467941709347,30.09041428044784,23
348,90,89.07924908785249,89.34466396978632,0.3582011422662223,55.45439831217919,23
348,94,74.6789611349026,26.246051592286467,0.3493871019849879,34.2534843140716,16
349,30,66.84029617904716,47.10962061431325,0.3485547257906456,17.08654056242027,26
349,49,11.800590212051532,96.18976645495145,0.3699500097751418,59.93904765101437,19
349,67,59.091549148141674,2.28038710296975,0.3517933351692725,48.577955092361506,14
349,90,89.07924908785249,89.34466396978632,0.35301813465453563,55.45439831217919,16
349,99,19.643466571457324,31.03236729000948,0.34878356665710175,35.795114365222126,25
350,16,32.58253581381519,37.045970603486886,0.348139175002965,21.706564359261378,19
350,17,46.95558112758079,18.94713590842857,0.34830911828880823,31.201744415342365,17
350,27,70.51653786263351,78.07290310219679,0.3481899673302247,34.77091046340611,24
350,57,17.67727829392317,85.66142840923754,0.34975235997486137,48.12998872507312,21
350,82,55.48524693914834,37.092228386243875,0.34812931380703027,14.024924314103254,19
351,14,15.428949206754783,68.30489532424546,0.3482865218053285,39.11811275842336,31
351,23,38.74783790301745,28.83281039302441,0.3476640538476718,23.97208934812371,37
351,26,78.69243775021384,66.48508565920321,0.3477144069948333,33.09099625640128,32
352,29,13.979699812765745,11.453007353597345,0.3476730118866242,52.75729966232435,23
352,51,26.586996145951957,96.91763773477238,0.34726381548994006,52.4350405748008,15
352,62,4.161417386189248,49.39908192445189,0.34814196854467777,45.84252129384545,22
352,68,95.85592132414453,48.23034369429002,0.3474448256675849,45.890055610409455,22
352,90,89.07924908785249,89.34466396978632,0.3489310441223934,55.45439831217919,18
353,6,64.38651200806646,82.276161327083,0.34700722494674263,35.33726528425946,20
353,32,63.47183200005908,55.35794006579958,0.3469356325462365,14.498199170466526,21
353,45,15.231210271316842,69.6320375077736,0.34686265425983204,39.92850655739597,23
353,59,43.20930397751037,62.73088407024432,0.34682670925755293,14.428754682225943,10
353,63,32.98612123327853,14.45241888660469,0.34730303063324625,39.40942265121521,26
354,0,77.39560485559633,43.88784397520523,0.3465167778849408,28.069157747880652,21
354,11,97.06980243949033,89.31211213221977,0.39286361901367006,61.327061416546535,16
354,72,47.348940105695384,26.69756630918936,0.3465654393875524,23.45275110680658,24
354,96,12.275793241148602,83.11126721249062,0.3473868035169976,50.19434023873136,23
354,97,15.328431662449404,17.926830815773908,0.34741738501711295,47.23140726789146,16
355,22,83.2259801395201,80.47643574968019,0.346883769206565,45.086349289293416,26
355,34,3.0817834567939406,43.671738923236234,0.34719862109082605,47.34306635454508,17
355,41,81.40203846660347,16.697291990770392,0.3466133917030871,45.772900067682514,19
355,65,17.05929685368861,92.51201183767972,0.3461106774089064,53.78067565827367,20
355,81,23.02139908948808,3.741255617617978,0.3464525463285263,53.551062911236734,18
356,25,19.990820247510833,0.7362269751005512,0.35901372894724354,57.684228365004735,18
356,39,55.70321523412783,78.38982091064135,0.34555986519337323,28.957012887124193,21
356,67,59.091549148141674,2.28038710296975,0.34718164165123006,48.577955092361506,22
356,71,93.78264549749828,57.17280523760754,0.34633800161311923,44.366306830028755,19
356,84,31.713889282271534,95.28993950697449,0.34597364420849097,48.842199640540684,20
357,20,43.715191887233075,83.26781960578374,0.3451701880805695,33.85626432932715,25
357,35,21.45846728195292,40.852864372463614,0.3456116907565569,29.97147277135205,27
357,43,72.23593505964503,46.18772302513874,0.34522009266051895,22.560369316786645,23
357,66,58.106113970039495,34.686980453483706,0.34533315755014005,17.32621283856514,25
358,28,45.891577553834,56.87411959528937,0.3447260241678801,8.008286658611938,30
358,31,56.52361064811888,76.49988574160255,0.3447778274986387,27.291050551531363,23
358,86,25.596509056760276,93.60435700489633,0.3456210271890622,49.96869339923984,15
358,87,16.460781758201815,4.491061939232899,0.34758285684837675,56.53266846425794,19
358,95,93.68131505337793,24.097057500568475,0.34659908933879185,50.78404980819585,13
359,5,37.07980242325812,92.67649888486018,0.34555615042720167,44.589405271785346,13
359,10,75.80877400853738,35.45259681298683,0.3443491484620366,29.626335502543604,24
359,19,22.69093490508841,66.98139946825104,0.3443887458776516,32.15824877474573,25
359,25,19.990820247510833,0.7362269751005512,0.35445510779751155,57.684228365004735,17
359,50,90.8580690707607,69.97071338107496,0.34527250108635077,45.47759009820221,21
360,44,16.127177903360177,50.10447751033635,0.34394126123723046,33.87298322174735,33
360,53,44.93615021437887,27.224156184515902,0.3439201493200523,23.331987402676617,36
360,58,75.85195298352102,71.94629559509367,0.34412891042492916,33.911109734265686,31
361,36,85.34030732681661,23.393948586534073,0.34336449131305585,44.23595024151556,16
361,70,48.66583308381603,49.07069943545209,0.3434921866894125,1.6259154035523802,20
361,73,33.15689973425522,52.06724024715378,0.3434326412512472,16.969487582168895,20
361,77,10.857574113544356,67.22400930398116,0.34336112692214493,42.76442447619636,19
361,98,59.93827915208435,87.45620408374644,0.343631508649314,38.7522466041392,25
362,7,44.34141988273311,22.723872178477688,0.3430756752378742,27.856896415063034,32
362,9,82.7631171992582,63.166439912206485,0.3431067207387307,35.30972937554283,32
362,76,14.024908899861078,55.40361435390494,0.34309087429442225,36.37865071369501,36
363,1,85.85979199113825,69.73680290593639,0.34390200550729666,40.93245742189787,20
363,8,55.45847870158348,6.381725610417533,0.3431334009922058,43.9584900839479,13
363,18,12.992150533547164,47.57049262259338,0.3425147678752201,37.08751040752812,21
363,33,55.92071607454135,30.39500980626122,0.3426159826831355,20.47951462637545,21
363,59,43.20930397751037,62.73088407024432,0.34257025317745565,14.428754682225943,25
364,24,68.24955039749754,13.97524836093098,0.3427061578280276,40.38352164395039,19
364,48,36.18126105533904,8.7649919316101,0.3422960949616217,43.488888654699714,17
364,57,17.67727829392317,85.66142840923754,0.3421960464167095,48.12998872507312,16
364,85,29.091783814011862,51.50571292317145,0.3421080104284805,20.962363308725994,24
364,89,89.1677266254914,74.86080194569492,0.3419951995610794,46.391489331474325,24
365,4,12.811363267554587,45.038593789556714,0.34221987185170594,37.51813233095184,14
365,21,70.0265102002249,31.236664138204105,0.341703721430666,27.443102657357606,20
365,64,10.340296772255165,58.7644572177712,0.34168415918338885,40.616594766609076,22
365,74,43.89114603050467,2.1612079880330426,0.34277230695361527,48.22725492898028,16
365,92,77.2012432110988,66.16612631677611,0.3416958058393193,31.642554769160306,28
366,61,8.44443211398891,41.58074021706096,0.34221008885945425,42.399872141570086,22
366,83,82.97897431324131,80.82514720643019,0.3419639838936457,45.142025287436105,20
366,88,43.509706000303794,99.2375564055837,0.3430270192670973,49.66347628786701,17
366,94,74.6789611349026,26.246051592286467,0.3420680476353413,34.2534843140716,27
366,97,15.328431662449404,17.926830815773908,0.3413243321284696,47.23140726789146,14
367,11,97.06980243949033,89.31211213221977,0.3863526117071299,61.327061416546535,25
367,34,3.0817834567939406,43.671738923236234,0.3408816825205018,47.34306635454508,17
367,54,9.63909621534993,90.26023965438416,0.3437652889767556,57.007801670843506,20
367,69,78.27352272502863,8.272999992243857,0.3420209719980124,50.40371630078472,14
367,93,37.36577288737101,9.446666806151526,0.3407831083824841,42.47583463411616,24
368,17,46.95558112758079,18.94713590842857,0.34080563410196196,31.201744415342365,20
368,37,5.830274168906602,28.138389202199654,0.3406948500033201,49.28381789866183,13
368,38,29.35937577666836,66.1916514726895,0.34041407065514995,26.233660547888334,27
368,40,66.43135403273875,40.63868614400705,0.3403807655220483,18.91093843413398,15
368,60,58.40979689127356,64.984660155482,0.34049165483823685,17.183268714879727,25
369,5,37.07980242325812,92.67649888486018,0.3404473074280299,44.589405271785346,21
369,16,32.58253581381519,37.045970603486886,0.33994407832503004,21.706564359261378,25
369,75,82.62919241943578,89.61607718397667,0.3429909219688737,51.32346217268826,20
369,82,55.48524693914834,37.092228386243875,0.33996838418249103,14.024924314103254,18
369,91,51.885836038644904,31.5929051830793,0.33985808313225,18.503446088871144,16
370,12,77.83834970737618,19.463870785196757,0.3403007875620562,41.321046717784526,24
370,78,28.123378383900832,65.94226346919018,0.3400118704800534,27.06921383888075,24
370,79,72.69946142868827,76.8647491917657,0.3398736590065132,35.170730704507434,24
370,86,25.596509056760276,93.60435700489633,0.3396622112005193,49.96869339923984,13
370,87,16.460781758201815,4.491061939232899,0.340661781302782,56.53266846425794,15
371,3,76.1139701990353,78.60643052769538,0.3410200638316831,38.73328422806367,28
371,41,81.40203846660347,16.697291990770392,0.3390098108039438,45.772900067682514,19
371,51,26.586996145951957,96.91763773477238,0.33975684454662997,52.4350405748008,13
371,62,4.161417386189248,49.39908192445189,0.3391803518980241,45.84252129384545,22
371,81,23.02139908948808,3.741255617617978,0.3389783547264482,53.551062911236734,18
372,6,64.38651200806646,82.276161327083,0.3386341910676635,35.33726528425946,48
372,55,45.57762898336111,20.236336479523032,0.33885074671646165,30.09041428044784,52
373,13,46.67210037270342,4.380376578722878,0.3381503718489614,45.740845609023204,25
373,27,70.51653786263351,78.07290310219679,0.3381999222068962,34.77091046340611,13
373,52,77.87509039657947,71.68901891589957,0.3387204972685319,35.31903461522874,21
373,80,10.774094595589656,91.60118451376078,0.34102784798183317,57.17805704764476,18
373,99,19.643466571457324,31.03236729000948,0.33821151158155216,35.795114365222126,23
374,8,55.45847870158348,6.381725610417533,0.3380291281942562,43.9584900839479,21
374,29,13.979699812765745,11.453007353597345,0.3378009082724021,52.75729966232435,17
374,32,63.47183200005908,55.35794006579958,0.3378229273928133,14.498199170466526,26
374,54,9.63909621534993,90.26023965438416,0.3378197532853917,57.007801670843506,21
374,90,89.07924908785249,89.34466396978632,0.3401486714893626,55.45439831217919,15
375,0,77.39560485559633,43.88784397520523,0.3373956866683577,28.069157747880652,14
375,25,19.990820247510833,0.7362269751005512,0.34708291252361634,57.684228365004735,24
375,30,66.84029617904716,47.10962061431325,0.3372555200179266,17.08654056242027,20
375,75,82.62919241943578,89.61607718397667,0.3374402314868571,51.32346217268826,18
375,84,31.713889282271534,95.28993950697449,0.3373778311706746,48.842199640540684,24
376,1,85.85979199113825,69.73680290593639,0.3368817570434145,40.93245742189787,20
376,4,12.811363267554587,45.038593789556714,0.3368132801061705,37.51813233095184,25
376,63,32.98612123327853,14.45241888660469,0.33679517035484785,39.40942265121521,25
376,68,95.85592132414453,48.23034369429002,0.3370967470520126,45.890055610409455,14
376,88,43.509706000303794,99.2375564055837,0.33712896720380564,49.66347628786701,16
377,2,9.417734788764953,97.5622351636756,0.3905846791192535,62.52268758970457,18
377,25,19.990820247510833,0.7362269751005512,0.3414555332448031,57.684228365004735,17
377,39,55.70321523412783,78.38982091064135,0.3364833515125614,28.957012887124193,21
377,50,90.8580690707607,69.97071338107496,0.33690858979699156,45.47759009820221,20
377,67,59.091549148141674,2.28038710296975,0.33768155537653327,48.577955092361506,24
378,22,83.2259801395201,80.47643574968019,0.33641702057801737,45.086349289293416,20
378,42,2.2712073133860478,9.004786077564175,0.3779125497056855,62.91776550282162,17
378,45,15.231210271316842,69.6320375077736,0.3363837615288772,39.92850655739597,21
378,47,30.151208914787652,63.028259311888846,0.33599910467721417,23.742578803538244,25
378,71,93.78264549749828,57.17280523760754,0.3373282572910534,44.366306830028755,17
379,15,74.47621559078172,96.750973243421,0.3451260700592495,52.77062278250554,25
379,36,85.34030732681661,23.393948586534073,0.33582086100575625,44.23595024151556,18
379,48,36.18126105533904,8.7649919316101,0.33548888611168626,43.488888654699714,18
379,49,11.800590212051532,96.18976645495145,0.35897393868041827,59.93904765101437,21
379,97,15.328431662449404,17.926830815773908,0.33558628272155955,47.23140726789146,18
380,24,68.24955039749754,13.97524836093098,0.335114584893816,40.38352164395039,24
380,31,56.52361064811888,76.49988574160255,0.33501939077596704,27.291050551531363,21
380,43,72.23593505964503,46.18772302513874,0.3352051073410948,22.560369316786645,16
380,56,30.59566241506525,57.9219568941896,0.335173402806846,20.959144022204473,20
380,77,10.857574113544356,67.22400930398116,0.33501758058498476,42.76442447619636,19
381,11,97.06980243949033,89.31211213221977,0.3777328895223402,61.327061416546535,20
381,14,15.428949206754783,68.30489532424546,0.33499020245463557,39.11811275842336,23
381,66,58.106113970039495,34.686980453483706,0.3347203751993769,17.32621283856514,18
381,72,47.348940105695384,26.69756630918936,0.33548932904225676,23.45275110680658,21
381,73,33.15689973425522,52.06724024715378,0.3347622064101499,16.969487582168895,18
382,40,66.43135403273875,40.63868614400705,0.33414854226150326,18.91093843413398,31
382,46,44.61562755740307,38.10212260964825,0.33419590318823383,13.059515802526548,34
382,70,48.66583308381603,49.07069943545209,0.33446634076669995,1.6259154035523802,35
383,10,75.80877400853738,35.45259681298683,0.33396658852917255,29.626335502543604,21
383,19,22.69093490508841,66.98139946825104,0.3337272535782059,32.15824877474573,18
383,20,43.715191887233075,83.26781960578374,0.33397732931252233,33.85626432932715,23
383,33,55.92071607454135,30.39500980626122,0.3337717447756016,20.47951462637545,20
383,35,21.45846728195292,40.852864372463614,0.33414287928622227,29.97147277135205,18
384,18,12.992150533547164,47.57049262259338,0.3333059123106138,37.08751040752812,19
384,21,70.0265102002249,31.236664138204105,0.3333401580140532,27.443102657357606,20
384,26,78.69243775021384,66.48508565920321,0.33373055697765236,33.09099625640128,26
384,57,17.67727829392317,85.66142840923754,0.3343643787787433,48.12998872507312,19
384,74,43.89114603050467,2.1612079880330426,0.33513493175146364,48.22725492898028,16
385,17,46.95558112758079,18.94713590842857,0.3328540472490759,31.201744415342365,16
385,61,8.44443211398891,41.58074021706096,0.333182235627506,42.399872141570086,17
385,90,89.07924908785249,89.34466396978632,0.3344018554114609,55.45439831217919,23
385,91,51.885836038644904,31.5929051830793,0.3329716564080991,18.503446088871144,24
385,96,12.275793241148602,83.11126721249062,0.33550086889394537,50.19434023873136,20
386,27,70.51653786263351,78.07290310219679,0.33266859405752053,34.77091046340611,25
386,34,3.0817834567939406,43.671738923236234,0.33281689473037196,47.34306635454508,20
386,65,17.05929685368861,92.51201183767972,0.33481689346173954,53.78067565827367,18
386,69,78.27352272502863,8.272999992243857,0.3345737392393275,50.40371630078472,11
386,82,55.48524693914834,37.092228386243875,0.33241967654333865,14.024924314103254,26
387,37,5.830274168906602,28.138389202199654,0.3336331664385343,49.28381789866183,23
387,64,10.340296772255165,58.7644572177712,0.33198816451158947,40.616594766609076,25
387,83,82.97897431324131,80.82514720643019,0.3331792729799534,45.142025287436105,18
387,95,93.68131505337793,24.097057500568475,0.3368942208557808,50.78404980819585,20
387,98,59.93827915208435,87.45620408374644,0.3324532381283472,38.7522466041392,14
388,5,37.07980242325812,92.67649888486018,0.3317169901383852,44.589405271785346,13
388,58,75.85195298352102,71.94629559509367,0.33151051158614203,33.911109734265686,29
388,69,78.27352272502863,8.272999992243857,0.3318326058202319,50.40371630078472,14
388,85,29.091783814011862,51.50571292317145,0.33169073513684794,20.962363308725994,31
388,87,16.460781758201815,4.491061939232899,0.3332535700387355,56.53266846425794,13
389,0,77.39560485559633,43.88784397520523,0.33145091131388743,28.069157747880652,21
389,28,45.891577553834,56.87411959528937,0.33122612636138693,8.008286658611938,20
389,59,43.20930397751037,62.73088407024432,0.33128473553079596,14.428754682225943,20
389,86,25.596509056760276,93.60435700489633,0.33269720063597336,49.96869339923984,15
389,94,74.6789611349026,26.246051592286467,0.3312714652995978,34.2534843140716,24
390,3,76.1139701990353,78.60643052769538,0.330927970179012,38.73328422806367,26
390,23,38.74783790301745,28.83281039302441,0.3310387324120987,23.97208934812371,27
390,41,81.40203846660347,16.697291990770392,0.3306614527077329,45.772900067682514,15
390,80,10.774094595589656,91.60118451376078,0.33335741846102324,57.17805704764476,20
390,81,23.02139908948808,3.741255617617978,0.33066251364986077,53.551062911236734,12
391,42,2.2712073133860478,9.004786077564175,0.3708554269483953,62.91776550282162,11
391,51,26.586996145951957,96.91763773477238,0.33252197691316576,52.4350405748008,23
391,52,77.87509039657947,71.68901891589957,0.3303778967474752,35.31903461522874,21
391,79,72.69946142868827,76.8647491917657,0.3302682755769069,35.170730704507434,14
391,93,37.36577288737101,9.446666806151526,0.3303362672477174,42.47583463411616,31
392,12,77.83834970737618,19.463870785196757,0.33027185983685897,41.321046717784526,18
392,25,19.990820247510833,0.7362269751005512,0.33410174735278164,57.684228365004735,16
392,60,58.40979689127356,64.984660155482,0.32992064113449315,17.183268714879727,12
392,78,28.123378383900832,65.94226346919018,0.329960157366384,27.06921383888075,33
392,92,77.2012432110988,66.16612631677611,0.32989545424895694,31.642554769160306,21
393,7,44.34141988273311,22.723872178477688,0.3293830929523714,27.856896415063034,31
393,9,82.7631171992582,63.166439912206485,0.3295468925994401,35.30972937554283,33
393,44,16.127177903360177,50.10447751033635,0.3295008244049565,33.87298322174735,36
394,2,9.417734788764953,97.5622351636756,0.38268022908025995,62.52268758970457,21
394,8,55.45847870158348,6.381725610417533,0.32898578851422083,43.9584900839479,25
394,15,74.47621559078172,96.750973243421,0.33620059433301575,52.77062278250554,17
394,71,93.78264549749828,57.17280523760754,0.33009286502023466,44.366306830028755,18
394,87,16.460781758201815,4.491061939232899,0.3290652601979013,56.53266846425794,19
395,1,85.85979199113825,69.73680290593639,0.32853088270532543,40.93245742189787,23
395,16,32.58253581381519,37.045970603486886,0.32880970615707106,21.706564359261378,20
395,30,66.84029617904716,47.10962061431325,0.3286137555200029,17.08654056242027,15
395,53,44.93615021437887,27.224156184515902,0.3284761149356507,23.331987402676617,22
395,96,12.275793241148602,83.11126721249062,0.32903852965109787,50.19434023873136,20
396,22,83.2259801395201,80.47643574968019,0.3282181458195905,45.086349289293416,21
396,38,29.35937577666836,66.1916514726895,0.3283724882525161,26.233660547888334,27
396,43,72.23593505964503,46.18772302513874,0.3284058175849698,22.560369316786645,20
396,74,43.89114603050467,2.1612079880330426,0.3289926662694102,48.22725492898028,16
396,99,19.643466571457324,31.03236729000948,0.32821514198870183,35.795114365222126,16
397,36,85.34030732681661,23.393948586534073,0.3279321991919983,44.23595024151556,15
397,39,55.70321523412783,78.38982091064135,0.327585781637808,28.957012887124193,15
397,45,15.231210271316842,69.6320375077736,0.32778695804304947,39.92850655739597,19
397,62,4.161417386189248,49.39908192445189,0.3282574969817029,45.84252129384545,15
397,67,59.091549148141674,2.28038710296975,0.32792167908621994,48.577955092361506,20
397,89,89.1677266254914,74.86080194569492,0.329731039532224,46.391489331474325,16
398,13,46.67210037270342,4.380376578722878,0.3271867353976826,45.740845609023204,14
398,50,90.8580690707607,69.97071338107496,0.32807338334787717,45.47759009820221,24
398,72,47.348940105695384,26.69756630918936,0.3273387131639521,23.45275110680658,20
398,73,33.15689973425522,52.06724024715378,0.32720352615004233,16.969487582168895,20
398,76,14.024908899861078,55.40361435390494,0.32724668825531367,36.37865071369501,22
399,32,63.47183200005908,55.35794006579958,0.3267816935175401,14.498199170466526,21
399,48,36.18126105533904,8.7649919316101,0.3272267301696002,43.488888654699714,23
399,56,30.59566241506525,57.9219568941896,0.3267920087598762,20.959144022204473,16
399,77,10.857574113544356,67.22400930398116,0.3268132016978796,42.76442447619636,20
399,83,82.97897431324131,80.82514720643019,0.32681944021138215,45.142025287436105,20
400,66,58.106113970039495,34.686980453483706,0.32680936820710066,17.32621283856514,57
400,98,59.93827915208435,87.45620408374644,0.32661598030965067,38.7522466041392,43
401,4,12.811363267554587,45.038593789556714,0.3258335607108392,37.51813233095184,22
401,35,21.45846728195292,40.852864372463614,0.3264065378139332,29.97147277135205,20
401,68,95.85592132414453,48.23034369429002,0.3283702092143102,45.890055610409455,17
401,75,82.62919241943578,89.61607718397667,0.3278394102066841,51.32346217268826,25
401,97,15.328431662449404,17.926830815773908,0.32663828740947437,47.23140726789146,16
402,15,74.47621559078172,96.750973243421,0.33080452774772084,52.77062278250554,10
402,17,46.95558112758079,18.94713590842857,0.3257715379308261,31.201744415342365,24
402,19,22.69093490508841,66.98139946825104,0.325777625742445,32.15824877474573,29
402,31,56.52361064811888,76.49988574160255,0.32570070150279135,27.291050551531363,24
402,63,32.98612123327853,14.45241888660469,0.3256965648258819,39.40942265121521,13
403,10,75.80877400853738,35.45259681298683,0.3251157961088262,29.626335502543604,14
403,33,55.92071607454135,30.39500980626122,0.325183690366806,20.47951462637545,20
403,47,30.151208914787652,63.028259311888846,0.3251645334954323,23.742578803538244,22
403,60,58.40979689127356,64.984660155482,0.3250390170739833,17.183268714879727,27
403,61,8.44443211398891,41.58074021706096,0.32547784303629834,42.399872141570086,17
404,21,70.0265102002249,31.236664138204105,0.324739546379355,27.443102657357606,28
404,29,13.979699812765745,11.453007353597345,0.32720092629374387,52.75729966232435,23
404,79,72.69946142868827,76.8647491917657,0.3246153043510079,35.170730704507434,26
404,84,31.713889282271534,95.28993950697449,0.32546185077146533,48.842199640540684,23
405,14,15.428949206754783,68.30489532424546,0.32480142794919836,39.11811275842336,16
405,18,12.992150533547164,47.57049262259338,0.3245839076822979,37.08751040752812,23
405,20,43.715191887233075,83.26781960578374,0.32408055183046436,33.85626432932715,14
405,69,78.27352272502863,8.272999992243857,0.32483895488660547,50.40371630078472,24
405,89,89.1677266254914,74.86080194569492,0.3245894348128424,46.391489331474325,23
406,15,74.47621559078172,96.750973243421,0.3277987035099531,52.77062278250554,22
406,37,5.830274168906602,28.138389202199654,0.32427614249831344,49.28381789866183,18
406,41,81.40203846660347,16.697291990770392,0.32373788752126326,45.772900067682514,23
406,51,26.586996145951957,96.91763773477238,0.3239338745946623,52.4350405748008,22
406,81,23.02139908948808,3.741255617617978,0.32446315411705023,53.551062911236734,15
407,11,97.06980243949033,89.31211213221977,0.3672785551874497,61.327061416546535,22
407,25,19.990820247510833,0.7362269751005512,0.32712560717993,57.684228365004735,19
407,34,3.0817834567939406,43.671738923236234,0.32366150340046906,47.34306635454508,19
407,65,17.05929685368861,92.51201183767972,0.32614724672684836,53.78067565827367,21
407,95,93.68131505337793,24.097057500568475,0.3278397349739736,50.78404980819585,19
408,0,77.39560485559633,43.88784397520523,0.32280707769876554,28.069157747880652,20
408,12,77.83834970737618,19.463870785196757,0.32286001101312284,41.321046717784526,19
408,42,2.2712073133860478,9.004786077564175,0.3643426241552864,62.91776550282162,19
408,49,11.800590212051532,96.18976645495145,0.347576796528526,59.93904765101437,24
408,90,89.07924908785249,89.34466396978632,0.32439848017199285,55.45439831217919,18
409,26,78.69243775021384,66.48508565920321,0.3228487702483346,33.09099625640128,21
409,28,45.891577553834,56.87411959528937,0.32236527615569455,8.008286658611938,20
409,30,66.84029617904716,47.10962061431325,0.3223776608756064,17.08654056242027,16
409,57,17.67727829392317,85.66142840923754,0.3248395345018077,48.12998872507312,21
409,74,43.89114603050467,2.1612079880330426,0.3226377662964444,48.22725492898028,22
410,27,70.51653786263351,78.07290310219679,0.3222508653718291,34.77091046340611,24
410,59,43.20930397751037,62.73088407024432,0.32224720645091764,14.428754682225943,20
410,62,4.161417386189248,49.39908192445189,0.32208593631159593,45.84252129384545,21
410,91,51.885836038644904,31.5929051830793,0.3222723873148238,18.503446088871144,35
411,5,37.07980242325812,92.67649888486018,0.32371219722390704,44.589405271785346,27
411,24,68.24955039749754,13.97524836093098,0.32315934872620355,40.38352164395039,22
411,71,93.78264549749828,57.17280523760754,0.32236825773330186,44.366306830028755,22
411,99,19.643466571457324,31.03236729000948,0.32151026158529367,35.795114365222126,29
412,13,46.67210037270342,4.380376578722878,0.32105210957688424,45.740845609023204,16
412,39,55.70321523412783,78.38982091064135,0.3211186747352593,28.957012887124193,29
412,82,55.48524693914834,37.092228386243875,0.3210446821105959,14.024924314103254,26
412,92,77.2012432110988,66.16612631677611,0.32116020618157853,31.642554769160306,19
412,94,74.6789611349026,26.246051592286467,0.3211177750875227,34.2534843140716,10
413,16,32.58253581381519,37.045970603486886,0.3205774536054133,21.706564359261378,26
413,40,66.43135403273875,40.63868614400705,0.32071111564376015,18.91093843413398,23
413,64,10.340296772255165,58.7644572177712,0.3206284678431703,40.616594766609076,16
413,68,95.85592132414453,48.23034369429002,0.32195854590829776,45.890055610409455,17
413,86,25.596509056760276,93.60435700489633,0.32404378274116963,49.96869339923984,18
414,2,9.417734788764953,97.5622351636756,0.37325558901865946,62.52268758970457,20
414,43,72.23593505964503,46.18772302513874,0.3202297428709947,22.560369316786645,22
414,52,77.87509039657947,71.68901891589957,0.3210504573272959,35.31903461522874,24
414,63,32.98612123327853,14.45241888660469,0.320319865493217,39.40942265121521,17
414,97,15.328431662449404,17.926830815773908,0.3203562680980868,47.23140726789146,17
415,23,38.74783790301745,28.83281039302441,0.31974579251642,23.97208934812371,29
415,56,30.59566241506525,57.9219568941896,0.3197580667609581,20.959144022204473,25
415,88,43.509706000303794,99.2375564055837,0.32444527479461927,49.66347628786701,27
415,95,93.68131505337793,24.097057500568475,0.32191755363861363,50.78404980819585,19
416,29,13.979699812765745,11.453007353597345,0.31951948778394035,52.75729966232435,15
416,36,85.34030732681661,23.393948586534073,0.3205112462015526,44.23595024151556,12
416,46,44.61562755740307,38.10212260964825,0.31932908374889174,13.059515802526548,25
416,58,75.85195298352102,71.94629559509367,0.31930784192260686,33.911109734265686,25
416,96,12.275793241148602,83.11126721249062,0.3200022868742794,50.19434023873136,23
417,1,85.85979199113825,69.73680290593639,0.31884700890400425,40.93245742189787,23
417,49,11.800590212051532,96.18976645495145,0.34029158298971246,59.93904765101437,18
417,53,44.93615021437887,27.224156184515902,0.3189784639933724,23.331987402676617,19
417,70,48.66583308381603,49.07069943545209,0.31903610515351805,1.6259154035523802,21
417,72,47.348940105695384,26.69756630918936,0.3189436437883046,23.45275110680658,19
418,3,76.1139701990353,78.60643052769538,0.3194108824761377,38.73328422806367,25
418,10,75.80877400853738,35.45259681298683,0.3190037602634871,29.626335502543604,23
418,35,21.45846728195292,40.852864372463614,0.31841541391098294,29.97147277135205,26
418,73,33.15689973425522,52.06724024715378,0.31850268669636905,16.969487582168895,26
419,8,55.45847870158348,6.381725610417533,0.3179984562803396,43.9584900839479,31
419,14,15.428949206754783,68.30489532424546,0.3182664416026558,39.11811275842336,21
419,75,82.62919241943578,89.61607718397667,0.31845129082048007,51.32346217268826,24
419,85,29.091783814011862,51.50571292317145,0.3180963902288962,20.962363308725994,24
420,6,64.38651200806646,82.276161327083,0.31780035182289246,35.33726528425946,18
420,20,43.715191887233075,83.26781960578374,0.31774960005984487,33.85626432932715,18
420,32,63.47183200005908,55.35794006579958,0.31761461494046,14.498199170466526,20
420,61,8.44443211398891,41.58074021706096,0.31801255577389087,42.399872141570086,23
420,67,59.091549148141674,2.28038710296975,0.3183200137228884,48.577955092361506,21
421,38,29.35937577666836,66.1916514726895,0.31708943968370007,26.233660547888334,24
421,48,36.18126105533904,8.7649919316101,0.31738464827711,43.488888654699714,20
421,76,14.024908899861078,55.40361435390494,0.31731825239693096,36.37865071369501,15
421,83,82.97897431324131,80.82514720643019,0.3178171958303488,45.142025287436105,22
421,94,74.6789611349026,26.246051592286467,0.31712761000969697,34.2534843140716,19
422,22,83.2259801395201,80.47643574968019,0.3181855534441818,45.086349289293416,24
422,33,55.92071607454135,30.39500980626122,0.3168339563537377,20.47951462637545,26
422,45,15.231210271316842,69.6320375077736,0.31818490445990644,39.92850655739597,20
422,65,17.05929685368861,92.51201183767972,0.31825428286549184,53.78067565827367,13
422,93,37.36577288737101,9.446666806151526,0.31686437026977643,42.47583463411616,17
423,4,12.811363267554587,45.038593789556714,0.3162584170816005,37.51813233095184,15
423,15,74.47621559078172,96.750973243421,0.3192015032357489,52.77062278250554,24
423,36,85.34030732681661,23.393948586534073,0.3163912148619343,44.23595024151556,16
423,55,45.57762898336111,20.236336479523032,0.31642765461680444,30.09041428044784,24
423,77,10.857574113544356,67.22400930398116,0.3170982379538051,42.76442447619636,21
424,7,44.34141988273311,22.723872178477688,0.31601142202816757,27.856896415063034,21
424,11,97.06980243949033,89.31211213221977,0.358555695069197,61.327061416546535,21
424,17,46.95558112758079,18.94713590842857,0.3158731945377549,31.201744415342365,19
424,47,30.151208914787652,63.028259311888846,0.31582032309357855,23.742578803538244,17
424,78,28.123378383900832,65.94226346919018,0.3158405248505823,27.06921383888075,22
425,24,68.24955039749754,13.97524836093098,0.3154092667141342,40.38352164395039,18
425,30,66.84029617904716,47.10962061431325,0.31551533569560214,17.08654056242027,20
425,37,5.830274168906602,28.138389202199654,0.31600827624958583,49.28381789866183,21
425,50,90.8580690707607,69.97071338107496,0.31696935717762564,45.47759009820221,21
425,54,9.63909621534993,90.26023965438416,0.32161671032049083,57.007801670843506,20
426,31,56.52361064811888,76.49988574160255,0.3152028877179792,27.291050551531363,22
426,54,9.63909621534993,90.26023965438416,0.3170867147424371,57.007801670843506,19
426,69,78.27352272502863,8.272999992243857,0.3149433107056066,50.40371630078472,18
426,87,16.460781758201815,4.491061939232899,0.31741996216674495,56.53266846425794,22
426,89,89.1677266254914,74.86080194569492,0.31511427870266717,46.391489331474325,19
427,9,82.7631171992582,63.166439912206485,0.3150632416549345,35.30972937554283,20
427,25,19.990820247510833,0.7362269751005512,0.3183250261066518,57.684228365004735,20
427,26,78.69243775021384,66.48508565920321,0.31450787941091385,33.09099625640128,23
427,34,3.0817834567939406,43.671738923236234,0.3149106075183793,47.34306635454508,17
427,86,25.596509056760276,93.60435700489633,0.3170986388072111,49.96869339923984,20
428,0,77.39560485559633,43.88784397520523,0.3141506610641114,28.069157747880652,30
428,5,37.07980242325812,92.67649888486018,0.3140687248695625,44.589405271785346,16
428,13,46.67210037270342,4.380376578722878,0.3140968752198581,45.740845609023204,20
428,18,12.992150533547164,47.57049262259338,0.31453512221263025,37.08751040752812,18
428,59,43.20930397751037,62.73088407024432,0.31404295748337707,14.428754682225943,16
429,19,22.69093490508841,66.98139946825104,0.31362646401021016,32.15824877474573,19
429,28,45.891577553834,56.87411959528937,0.31377672964916875,8.008286658611938,19
429,41,81.40203846660347,16.697291990770392,0.3136612648705994,45.772900067682514,19
429,44,16.127177903360177,50.10447751033635,0.3137213693730544,33.87298322174735,20
429,79,72.69946142868827,76.8647491917657,0.3136618805924876,35.170730704507434,23
430,12,77.83834970737618,19.463870785196757,0.313987997342378,41.321046717784526,13
430,60,58.40979689127356,64.984660155482,0.313232972876191,17.183268714879727,15
430,63,32.98612123327853,14.45241888660469,0.3132329377270922,39.40942265121521,23
430,64,10.340296772255165,58.7644572177712,0.3135282718566466,40.616594766609076,28
430,92,77.2012432110988,66.16612631677611,0.31324729565538534,31.642554769160306,21
431,11,97.06980243949033,89.31211213221977,0.35235835296934137,61.327061416546535,19
431,62,4.161417386189248,49.39908192445189,0.31283625245365043,45.84252129384545,19
431,84,31.713889282271534,95.28993950697449,0.31451140570346797,48.842199640540684,20
431,95,93.68131505337793,24.097057500568475,0.3140648523359684,50.78404980819585,19
431,97,15.328431662449404,17.926830815773908,0.3129357803832216,47.23140726789146,23
432,21,70.0265102002249,31.236664138204105,0.3127257230552146,27.443102657357606,22
432,27,70.51653786263351,78.07290310219679,0.31236239925469206,34.77091046340611,26
432,51,26.586996145951957,96.91763773477238,0.31339962948053707,52.4350405748008,28
432,74,43.89114603050467,2.1612079880330426,0.31275052502287093,48.22725492898028,24
433,25,19.990820247510833,0.7362269751005512,0.3126149334958517,57.684228365004735,19
433,42,2.2712073133860478,9.004786077564175,0.3539885306739956,62.91776550282162,14
433,52,77.87509039657947,71.68901891589957,0.3118724381175654,35.31903461522874,27
433,68,95.85592132414453,48.23034369429002,0.3136958728180915,45.890055610409455,16
433,88,43.509706000303794,99.2375564055837,0.3143862122601261,49.66347628786701,24
434,29,13.979699812765745,11.453007353597345,0.31220042558961586,52.75729966232435,13
434,65,17.05929685368861,92.51201183767972,0.3128767251403438,53.78067565827367,27
434,71,93.78264549749828,57.17280523760754,0.3125047772613563,44.366306830028755,24
434,81,23.02139908948808,3.741255617617978,0.31494013832849527,53.551062911236734,20
434,90,89.07924908785249,89.34466396978632,0.3147117047875162,55.45439831217919,16
435,40,66.43135403273875,40.63868614400705,0.31096124627370775,18.91093843413398,37
435,45,15.231210271316842,69.6320375077736,0.31107692343896676,39.92850655739597,21
435,76,14.024908899861078,55.40361435390494,0.311015860407494,36.37865071369501,21
435,90,89.07924908785249,89.34466396978632,0.3110686971758295,55.45439831217919,21
436,15,74.47621559078172,96.750973243421,0.3110883953152061,52.77062278250554,16
436,43,72.23593505964503,46.18772302513874,0.3106705018278064,22.560369316786645,22
436,53,44.93615021437887,27.224156184515902,0.3106809351961656,23.331987402676617,23
436,57,17.67727829392317,85.66142840923754,0.3144545525533519,48.12998872507312,26
436,72,47.348940105695384,26.69756630918936,0.31064235809489393,23.45275110680658,13
437,6,64.38651200806646,82.276161327083,0.31027449750912994,35.33726528425946,41
437,20,43.715191887233075,83.26781960578374,0.3101555712069019,33.85626432932715,30
437,42,2.2712073133860478,9.004786077564175,0.3499667318193503,62.91776550282162,29
438,3,76.1139701990353,78.60643052769538,0.3098508664871362,38.73328422806367,23
438,4,12.811363267554587,45.038593789556714,0.309651906714026,37.51813233095184,18
438,10,75.80877400853738,35.45259681298683,0.3096856367420024,29.626335502543604,18
438,14,15.428949206754783,68.30489532424546,0.30964133347837847,39.11811275842336,21
438,70,48.66583308381603,49.07069943545209,0.3098311065795701,1.6259154035523802,20
439,1,85.85979199113825,69.73680290593639,0.3092393974746445,40.93245742189787,24
439,16,32.58253581381519,37.045970603486886,0.30919703526111486,21.706564359261378,18
439,82,55.48524693914834,37.092228386243875,0.3094393755870417,14.024924314103254,23
439,86,25.596509056760276,93.60435700489633,0.31020828697203534,49.96869339923984,19
439,93,37.36577288737101,9.446666806151526,0.3094234834208965,42.47583463411616,16
440,56,30.59566241506525,57.9219568941896,0.30882855149421845,20.959144022204473,18
440,77,10.857574113544356,67.22400930398116,0.3088240358600942,42.76442447619636,20
440,81,23.02139908948808,3.741255617617978,0.309173911993277,53.551062911236734,17
440,83,82.97897431324131,80.82514720643019,0.3091173145782784,45.142025287436105,22
440,94,74.6789611349026,26.246051592286467,0.3088630105663096,34.2534843140716,23
441,32,63.47183200005908,55.35794006579958,0.3087021999424617,14.498199170466526,21
441,48,36.18126105533904,8.7649919316101,0.30866354281735553,43.488888654699714,20
441,54,9.63909621534993,90.26023965438416,0.3096596137633171,57.007801670843506,18
441,58,75.85195298352102,71.94629559509367,0.3086980448303153,33.911109734265686,24
441,61,8.44443211398891,41.58074021706096,0.3083506695054933,42.399872141570086,17
442,39,55.70321523412783,78.38982091064135,0.30817782879204697,28.957012887124193,26
442,46,44.61562755740307,38.10212260964825,0.3080804133504406,13.059515802526548,23
442,50,90.8580690707607,69.97071338107496,0.3088392915818947,45.47759009820221,17
442,67,59.091549148141674,2.28038710296975,0.30863579638902316,48.577955092361506,13
442,99,19.643466571457324,31.03236729000948,0.308473328888209,35.795114365222126,21
443,17,46.95558112758079,18.94713590842857,0.3075382308955533,31.201744415342365,27
443,22,83.2259801395201,80.47643574968019,0.30863459703472784,45.086349289293416,23
443,36,85.34030732681661,23.393948586534073,0.3083534957715388,44.23595024151556,14
443,47,30.151208914787652,63.028259311888846,0.3079601176743104,23.742578803538244,21
443,96,12.275793241148602,83.11126721249062,0.30913853286005333,50.19434023873136,15
444,30,66.84029617904716,47.10962061431325,0.3071272763209343,17.08654056242027,17
444,35,21.45846728195292,40.852864372463614,0.3071229568677762,29.97147277135205,21
444,59,43.20930397751037,62.73088407024432,0.3071194156865352,14.428754682225943,18
444,91,51.885836038644904,31.5929051830793,0.3071274787188248,18.503446088871144,22
444,98,59.93827915208435,87.45620408374644,0.3075584914302141,38.7522466041392,22
445,12,77.83834970737618,19.463870785196757,0.3077432673246886,41.321046717784526,14
445,23,38.74783790301745,28.83281039302441,0.3068748004532387,23.97208934812371,25
445,38,29.35937577666836,66.1916514726895,0.30670092638449403,26.233660547888334,23
445,60,58.40979689127356,64.984660155482,0.3067806436563588,17.183268714879727,26
445,73,33.15689973425522,52.06724024715378,0.30687476917808804,16.969487582168895,12
446,7,44.34141988273311,22.723872178477688,0.3066409854022236,27.856896415063034,22
446,24,68.24955039749754,13.97524836093098,0.30666046971670885,40.38352164395039,15
446,78,28.123378383900832,65.94226346919018,0.30630830363821926,27.06921383888075,25
446,85,29.091783814011862,51.50571292317145,0.306922601235744,20.962363308725994,16
446,89,89.1677266254914,74.86080194569492,0.3067701136887212,46.391489331474325,22
447,9,82.7631171992582,63.166439912206485,0.306551765316043,35.30972937554283,22
447,28,45.891577553834,56.87411959528937,0.305763374483883,8.008286658611938,16
447,31,56.52361064811888,76.49988574160255,0.3059088469705581,27.291050551531363,20
447,37,5.830274168906602,28.138389202199654,0.30647576691948364,49.28381789866183,16
447,55,45.57762898336111,20.236336479523032,0.3059899360236663,30.09041428044784,26
448,18,12.992150533547164,47.57049262259338,0.3062439683976176,37.08751040752812,15
448,19,22.69093490508841,66.98139946825104,0.3054388657158445,32.15824877474573,24
448,33,55.92071607454135,30.39500980626122,0.30543000545921106,20.47951462637545,19
448,72,47.348940105695384,26.69756630918936,0.305376134045631,23.45275110680658,18
448,75,82.62919241943578,89.61607718397667,0.30703798490551626,51.32346217268826,24
449,26,78.69243775021384,66.48508565920321,0.30495848084931687,33.09099625640128,30
449,34,3.0817834567939406,43.671738923236234,0.30626320850837707,47.34306635454508,23
449,41,81.40203846660347,16.697291990770392,0.3048967207646471,45.772900067682514,25
449,57,17.67727829392317,85.66142840923754,0.30595066061962606,48.12998872507312,22
450,13,46.67210037270342,4.380376578722878,0.30480628245410457,45.740845609023204,23
450,44,16.127177903360177,50.10447751033635,0.30479119286180584,33.87298322174735,28
450,68,95.85592132414453,48.23034369429002,0.3063466157611572,45.890055610409455,10
450,84,31.713889282271534,95.28993950697449,0.30598413702134947,48.842199640540684,13
450,92,77.2012432110988,66.16612631677611,0.3045606750559625,31.642554769160306,26
451,5,37.07980242325812,92.67649888486018,0.30555557171535425,44.589405271785346,24
451,8,55.45847870158348,6.381725610417533,0.30411115181041876,43.9584900839479,28
451,62,4.161417386189248,49.39908192445189,0.3041844690369987,45.84252129384545,23
451,68,95.85592132414453,48.23034369429002,0.3040623798730001,45.890055610409455,25
452,21,70.0265102002249,31.236664138204105,0.3036186086641667,27.443102657357606,21
452,29,13.979699812765745,11.453007353597345,0.30520872102937646,52.75729966232435,20
452,67,59.091549148141674,2.28038710296975,0.3037079249102421,48.577955092361506,10
452,79,72.69946142868827,76.8647491917657,0.3039063694738919,35.170730704507434,27
452,80,10.774094595589656,91.60118451376078,0.31481710998939655,57.17805704764476,22
453,36,85.34030732681661,23.393948586534073,0.30316836461893704,44.23595024151556,23
453,63,32.98612123327853,14.45241888660469,0.30326387033070745,39.40942265121521,30
453,88,43.509706000303794,99.2375564055837,0.3044988858922384,49.66347628786701,23
453,96,12.275793241148602,83.11126721249062,0.3036967041108205,50.19434023873136,24
454,11,97.06980243949033,89.31211213221977,0.3429031004027694,61.327061416546535,23
454,12,77.83834970737618,19.463870785196757,0.30283980458733306,41.321046717784526,18
454,49,11.800590212051532,96.18976645495145,0.3278599389747062,59.93904765101437,23
454,93,37.36577288737101,9.446666806151526,0.3027977465569427,42.47583463411616,18
454,97,15.328431662449404,17.926830815773908,0.3028364256868863,47.23140726789146,18
455,66,58.106113970039495,34.686980453483706,0.302272265957307,17.32621283856514,25
455,69,78.27352272502863,8.272999992243857,0.3041201605860996,50.40371630078472,9
455,71,93.78264549749828,57.17280523760754,0.3026054485442803,44.366306830028755,21
455,86,25.596509056760276,93.60435700489633,0.30259512756817836,49.96869339923984,26
455,87,16.460781758201815,4.491061939232899,0.30591619187978153,56.53266846425794,19
456,10,75.80877400853738,35.45259681298683,0.3020156047224876,29.626335502543604,21
456,15,74.47621559078172,96.750973243421,0.303107130628836,52.77062278250554,21
456,45,15.231210271316842,69.6320375077736,0.3020018756556399,39.92850655739597,22
456,73,33.15689973425522,52.06724024715378,0.3018931787581016,16.969487582168895,18
456,74,43.89114603050467,2.1612079880330426,0.30218346241111177,48.22725492898028,18
457,4,12.811363267554587,45.038593789556714,0.30169161861721266,37.51813233095184,17
457,27,70.51653786263351,78.07290310219679,0.3014404020843179,34.77091046340611,25
457,43,72.23593505964503,46.18772302513874,0.30140827178641566,22.560369316786645,18
457,64,10.340296772255165,58.7644572177712,0.3013699500352884,40.616594766609076,19
457,70,48.66583308381603,49.07069943545209,0.30137308289259757,1.6259154035523802,21
458,0,77.39560485559633,43.88784397520523,0.3011935891496503,28.069157747880652,20
458,50,90.8580690707607,69.97071338107496,0.3016796050627065,45.47759009820221,20
458,56,30.59566241506525,57.9219568941896,0.3010487762262915,20.959144022204473,21
458,76,14.024908899861078,55.40361435390494,0.3014561447463816,36.37865071369501,20
458,81,23.02139908948808,3.741255617617978,0.3013901733111106,53.551062911236734,19
459,11,97.06980243949033,89.31211213221977,0.3367785153328437,61.327061416546535,20
459,16,32.58253581381519,37.045970603486886,0.3010509329243864,21.706564359261378,21
459,24,68.24955039749754,13.97524836093098,0.30068159569829206,40.38352164395039,20
459,51,26.586996145951957,96.91763773477238,0.301265753576849,52.4350405748008,16
459,85,29.091783814011862,51.50571292317145,0.30066331500633764,20.962363308725994,23
460,3,76.1139701990353,78.60643052769538,0.3002210255154453,38.73328422806367,14
460,14,15.428949206754783,68.30489532424546,0.30038445384205364,39.11811275842336,27
460,52,77.87509039657947,71.68901891589957,0.30030079346851607,35.31903461522874,15
460,53,44.93615021437887,27.224156184515902,0.30055931588377804,23.331987402676617,30
460,99,19.643466571457324,31.03236729000948,0.3001123000195689,35.795114365222126,14
461,18,12.992150533547164,47.57049262259338,0.300224136605991,37.08751040752812,24
461,30,66.84029617904716,47.10962061431325,0.29982733904235087,17.08654056242027,29
461,32,63.47183200005908,55.35794006579958,0.2997815366024362,14.498199170466526,27
461,77,10.857574113544356,67.22400930398116,0.2999661297182144,42.76442447619636,20
462,22,83.2259801395201,80.47643574968019,0.2995511292531669,45.086349289293416,20
462,59,43.20930397751037,62.73088407024432,0.2992850800361494,14.428754682225943,26
462,61,8.44443211398891,41.58074021706096,0.3001712810853791,42.399872141570086,19
462,82,55.48524693914834,37.092228386243875,0.2995749203473013,14.024924314103254,22
462,94,74.6789611349026,26.246051592286467,0.29920872219490624,34.2534843140716,13
463,1,85.85979199113825,69.73680290593639,0.29893483900778933,40.93245742189787,24
463,28,45.891577553834,56.87411959528937,0.29876021256224217,8.008286658611938,15
463,37,5.830274168906602,28.138389202199654,0.29954132311644954,49.28381789866183,14
463,47,30.151208914787652,63.028259311888846,0.299187353886194,23.742578803538244,26
463,67,59.091549148141674,2.28038710296975,0.29904065256306067,48.577955092361506,21
464,35,21.45846728195292,40.852864372463614,0.2983869487769983,29.97147277135205,19
464,46,44.61562755740307,38.10212260964825,0.2984160938407816,13.059515802526548,24
464,48,36.18126105533904,8.7649919316101,0.29924568560243753,43.488888654699714,17
464,80,10.774094595589656,91.60118451376078,0.30733688430656136,57.17805704764476,16
464,83,82.97897431324131,80.82514720643019,0.29923501835627997,45.142025287436105,24
465,9,82.7631171992582,63.166439912206485,0.29796319361681634,35.30972937554283,19
465,84,31.713889282271534,95.28993950697449,0.2998234669078044,48.842199640540684,21
465,87,16.460781758201815,4.491061939232899,0.2994531412389083,56.53266846425794,16
465,91,51.885836038644904,31.5929051830793,0.29794603172554096,18.503446088871144,33
465,98,59.93827915208435,87.45620408374644,0.29809670173588365,38.7522466041392,11
466,7,44.34141988273311,22.723872178477688,0.29763717594654,27.856896415063034,24
466,33,55.92071607454135,30.39500980626122,0.29754338377462897,20.47951462637545,22
466,65,17.05929685368861,92.51201183767972,0.2998772484920782,53.78067565827367,23
466,72,47.348940105695384,26.69756630918936,0.2976678180994271,23.45275110680658,8
466,90,89.07924908785249,89.34466396978632,0.2996284087870238,55.45439831217919,23
467,29,13.979699812765745,11.453007353597345,0.2975642313329378,52.75729966232435,15
467,31,56.52361064811888,76.49988574160255,0.2971306710620838,27.291050551531363,23
467,34,3.0817834567939406,43.671738923236234,0.29721303463028786,47.34306635454508,20
467,58,75.85195298352102,71.94629559509367,0.2980086583683585,33.911109734265686,24
467,69,78.27352272502863,8.272999992243857,0.2993796805230607,50.40371630078472,18
468,25,19.990820247510833,0.7362269751005512,0.3002123194491497,57.684228365004735,21
468,38,29.35937577666836,66.1916514726895,0.29679037575807765,26.233660547888334,26
468,39,55.70321523412783,78.38982091064135,0.2967962409695382,28.957012887124193,26
468,57,17.67727829392317,85.66142840923754,0.2971047358043516,48.12998872507312,11
468,95,93.68131505337793,24.097057500568475,0.3010834715026891,50.78404980819585,16
469,20,43.715191887233075,83.26781960578374,0.29654369836314154,33.85626432932715,20
469,42,2.2712073133860478,9.004786077564175,0.3358880610047828,62.91776550282162,25
469,80,10.774094595589656,91.60118451376078,0.3027702544030451,57.17805704764476,15
469,89,89.1677266254914,74.86080194569492,0.29706210352666557,46.391489331474325,19
469,95,93.68131505337793,24.097057500568475,0.2974603107140922,50.78404980819585,21
470,17,46.95558112758079,18.94713590842857,0.29585892865732544,31.201744415342365,27
470,23,38.74783790301745,28.83281039302441,0.29600788124777,23.97208934812371,16
470,75,82.62919241943578,89.61607718397667,0.29698666032210785,51.32346217268826,23
470,78,28.123378383900832,65.94226346919018,0.29574066991079156,27.06921383888075,22
470,80,10.774094595589656,91.60118451376078,0.2993394811947353,57.17805704764476,12
471,19,22.69093490508841,66.98139946825104,0.2953361297078024,32.15824877474573,42
471,60,58.40979689127356,64.984660155482,0.2953564846869402,17.183268714879727,58
472,15,74.47621559078172,96.750973243421,0.2949932937338792,52.77062278250554,19
472,21,70.0265102002249,31.236664138204105,0.2948343890954666,27.443102657357606,22
472,55,45.57762898336111,20.236336479523032,0.29486082122379814,30.09041428044784,19
472,88,43.509706000303794,99.2375564055837,0.2950139524151683,49.66347628786701,23
472,97,15.328431662449404,17.926830815773908,0.294983530035157,47.23140726789146,17
473,4,12.811363267554587,45.038593789556714,0.29455565379884424,37.51813233095184,24
473,5,37.07980242325812,92.67649888486018,0.29545559333810306,44.589405271785346,15
473,40,66.43135403273875,40.63868614400705,0.2946838261696547,18.91093843413398,17
473,52,77.87509039657947,71.68901891589957,0.29441583239168323,35.31903461522874,23
473,72,47.348940105695384,26.69756630918936,0.29442321455903153,23.45275110680658,21
474,3,76.1139701990353,78.60643052769538,0.2943515300123064,38.73328422806367,24
474,12,77.83834970737618,19.463870785196757,0.29451934759713005,41.321046717784526,19
474,51,26.586996145951957,96.91763773477238,0.29449565705343356,52.4350405748008,13
474,73,33.15689973425522,52.06724024715378,0.29420213848564297,16.969487582168895,19
474,99,19.643466571457324,31.03236729000948,0.29412216760975773,35.795114365222126,25
475,43,72.23593505964503,46.18772302513874,0.293620695830534,22.560369316786645,22
475,62,4.161417386189248,49.39908192445189,0.2936826161087908,45.84252129384545,14
475,92,77.2012432110988,66.16612631677611,0.29356830163688485,31.642554769160306,23
475,93,37.36577288737101,9.446666806151526,0.29415627596247135,42.47583463411616,21
475,96,12.275793241148602,83.11126721249062,0.29370659853897635,50.19434023873136,20
476,13,46.67210037270342,4.380376578722878,0.2938704115279379,45.740845609023204,25
476,37,5.830274168906602,28.138389202199654,0.2936349888330599,49.28381789866183,19
476,49,11.800590212051532,96.18976645495145,0.31783847299887363,59.93904765101437,17
476,71,93.78264549749828,57.17280523760754,0.2933491961914009,44.366306830028755,19
476,98,59.93827915208435,87.45620408374644,0.2934433949433434,38.7522466041392,20
477,10,75.80877400853738,35.45259681298683,0.29293737364889083,29.626335502543604,21
477,45,15.231210271316842,69.6320375077736,0.29271604397754086,39.92850655739597,19
477,74,43.89114603050467,2.1612079880330426,0.29334260608115886,48.22725492898028,19
477,76,14.024908899861078,55.40361435390494,0.2930089932419918,36.37865071369501,16
477,79,72.69946142868827,76.8647491917657,0.2927857285771243,35.170730704507434,25
478,16,32.58253581381519,37.045970603486886,0.29239294855610093,21.706564359261378,20
478,26,78.69243775021384,66.48508565920321,0.2922757525081468,33.09099625640128,25
478,28,45.891577553834,56.87411959528937,0.29229445068145266,8.008286658611938,22
478,61,8.44443211398891,41.58074021706096,0.29256697925353164,42.399872141570086,17
478,70,48.66583308381603,49.07069943545209,0.2923256329451812,1.6259154035523802,16
479,6,64.38651200806646,82.276161327083,0.2923301593983274,35.33726528425946,25
479,48,36.18126105533904,8.7649919316101,0.29227328793038376,43.488888654699714,21
479,56,30.59566241506525,57.9219568941896,0.2919792506628406,20.959144022204473,21
479,57,17.67727829392317,85.66142840923754,0.2924283931413833,48.12998872507312,14
479,94,74.6789611349026,26.246051592286467,0.2927113500968318,34.2534843140716,19
480,8,55.45847870158348,6.381725610417533,0.2914572456172452,43.9584900839479,15
480,44,16.127177903360177,50.10447751033635,0.29214325421350607,33.87298322174735,19
480,50,90.8580690707607,69.97071338107496,0.2926481743831778,45.47759009820221,23
480,66,58.106113970039495,34.686980453483706,0.29150647929628914,17.32621283856514,23
480,77,10.857574113544356,67.22400930398116,0.29145202196422654,42.76442447619636,20
481,0,77.39560485559633,43.88784397520523,0.2918692247216025,28.069157747880652,20
481,27,70.51653786263351,78.07290310219679,0.2910490114853633,34.77091046340611,25
481,64,10.340296772255165,58.7644572177712,0.29206580993982495,40.616594766609076,22
481,81,23.02139908948808,3.741255617617978,0.29194261085450274,53.551062911236734,17
481,85,29.091783814011862,51.50571292317145,0.2909909852147634,20.962363308725994,16
482,18,12.992150533547164,47.57049262259338,0.2904994671706489,37.08751040752812,25
482,22,83.2259801395201,80.47643574968019,0.29107787826288856,45.086349289293416,24
482,29,13.979699812765745,11.453007353597345,0.2909164022690696,52.75729966232435,18
482,36,85.34030732681661,23.393948586534073,0.29159686814957836,44.23595024151556,20
482,84,31.713889282271534,95.28993950697449,0.29150175780749243,48.842199640540684,13
483,24,68.24955039749754,13.97524836093098,0.29099416222085667,40.38352164395039,13
483,35,21.45846728195292,40.852864372463614,0.29024541605232224,29.97147277135205,25
483,65,17.05929685368861,92.51201183767972,0.2911498091624167,53.78067565827367,17
483,82,55.48524693914834,37.092228386243875,0.2902608808472414,14.024924314103254,22
483,83,82.97897431324131,80.82514720643019,0.29008735540724584,45.142025287436105,23
484,5,37.07980242325812,92.67649888486018,0.2897848127015543,44.589405271785346,18
484,25,19.990820247510833,0.7362269751005512,0.2918574309458503,57.684228365004735,24
484,54,9.63909621534993,90.26023965438416,0.29600717153099193,57.007801670843506,16
484,69,78.27352272502863,8.272999992243857,0.2914818931463091,50.40371630078472,17
484,89,89.1677266254914,74.86080194569492,0.2898150599763617,46.391489331474325,25
485,9,82.7631171992582,63.166439912206485,0.2896397686148578,35.30972937554283,33
485,51,26.586996145951957,96.91763773477238,0.2892542300600109,52.4350405748008,32
485,67,59.091549148141674,2.28038710296975,0.28938833249020607,48.577955092361506,35
486,14,15.428949206754783,68.30489532424546,0.2888830816699373,39.11811275842336,19
486,23,38.74783790301745,28.83281039302441,0.2891011416899138,23.97208934812371,21
486,63,32.98612123327853,14.45241888660469,0.2895167015883799,39.40942265121521,14
486,86,25.596509056760276,93.60435700489633,0.29012078908750605,49.96869339923984,22
486,95,93.68131505337793,24.097057500568475,0.28886156441713046,50.78404980819585,24
487,1,85.85979199113825,69.73680290593639,0.2886671055909038,40.93245742189787,18
487,20,43.715191887233075,83.26781960578374,0.28831964893834583,33.85626432932715,15
487,34,3.0817834567939406,43.671738923236234,0.28834117449676433,47.34306635454508,22
487,47,30.151208914787652,63.028259311888846,0.28831968868567975,23.742578803538244,28
487,68,95.85592132414453,48.23034369429002,0.29033115480706817,45.890055610409455,17
488,32,63.47183200005908,55.35794006579958,0.2879999089487046,14.498199170466526,25
488,33,55.92071607454135,30.39500980626122,0.28792131864783144,20.47951462637545,24
488,46,44.61562755740307,38.10212260964825,0.28786231528781997,13.059515802526548,19
488,59,43.20930397751037,62.73088407024432,0.28790553281361836,14.428754682225943,16
488,80,10.774094595589656,91.60118451376078,0.29277689135535184,57.17805704764476,16
489,31,56.52361064811888,76.49988574160255,0.2874217732188105,27.291050551531363,15
489,40,66.43135403273875,40.63868614400705,0.2876306975311404,18.91093843413398,18
489,53,44.93615021437887,27.224156184515902,0.28763253903670827,23.331987402676617,23
489,58,75.85195298352102,71.94629559509367,0.28820855845628285,33.911109734265686,18
489,62,4.161417386189248,49.39908192445189,0.2875648134387045,45.84252129384545,26
490,7,44.34141988273311,22.723872178477688,0.2871364759035164,27.856896415063034,21
490,30,66.84029617904716,47.10962061431325,0.2872271064825608,17.08654056242027,23
490,57,17.67727829392317,85.66142840923754,0.28708905916855904,48.12998872507312,23
490,75,82.62919241943578,89.61607718397667,0.2875595512549171,51.32346217268826,18
490,97,15.328431662449404,17.926830815773908,0.28728953821041564,47.23140726789146,15
491,11,97.06980243949033,89.31211213221977,0.32493035970314993,61.327061416546535,19
491,12,77.83834970737618,19.463870785196757,0.28668466163992534,41.321046717784526,15
491,55,45.57762898336111,20.236336479523032,0.2866927458710362,30.09041428044784,26
491,76,14.024908899861078,55.40361435390494,0.2865801048758794,36.37865071369501,23
491,84,31.713889282271534,95.28993950697449,0.2868532848834289,48.842199640540684,17
492,41,81.40203846660347,16.697291990770392,0.2897395676418214,45.772900067682514,18
492,73,33.15689973425522,52.06724024715378,0.286189655441993,16.969487582168895,23
492,78,28.123378383900832,65.94226346919018,0.2862625691719681,27.06921383888075,25
492,87,16.460781758201815,4.491061939232899,0.28965168503758665,56.53266846425794,14
492,90,89.07924908785249,89.34466396978632,0.288782358705576,55.45439831217919,20
493,11,97.06980243949033,89.31211213221977,0.32039736536457086,61.327061416546535,12
493,24,68.24955039749754,13.97524836093098,0.2860639354088421,40.38352164395039,19
493,38,29.35937577666836,66.1916514726895,0.28580618817214004,26.233660547888334,32
493,39,55.70321523412783,78.38982091064135,0.28571124973535383,28.957012887124193,16
493,93,37.36577288737101,9.446666806151526,0.28572756181410713,42.47583463411616,21
494,21,70.0265102002249,31.236664138204105,0.2854413403270483,27.443102657357606,20
494,61,8.44443211398891,41.58074021706096,0.28529920634553185,42.399872141570086,15
494,70,48.66583308381603,49.07069943545209,0.28542107589155724,1.6259154035523802,27
494,72,47.348940105695384,26.69756630918936,0.28534739725708935,23.45275110680658,19
494,96,12.275793241148602,83.11126721249062,0.2852860888325208,50.19434023873136,19
495,2,9.417734788764953,97.5622351636756,0.3500397506211326,62.52268758970457,19
495,8,55.45847870158348,6.381725610417533,0.2848698820836828,43.9584900839479,22
495,71,93.78264549749828,57.17280523760754,0.2849816964459531,44.366306830028755,17
495,81,23.02139908948808,3.741255617617978,0.285081138077279,53.551062911236734,18
495,98,59.93827915208435,87.45620408374644,0.2849091971584064,38.7522466041392,24
496,15,74.47621559078172,96.750973243421,0.28537272387103807,52.77062278250554,16
496,17,46.95558112758079,18.94713590842857,0.2843591677031038,31.201744415342365,23
496,43,72.23593505964503,46.18772302513874,0.28436721426974315,22.560369316786645,24
496,44,16.127177903360177,50.10447751033635,0.28452139479297994,33.87298322174735,24
496,65,17.05929685368861,92.51201183767972,0.28469283878598595,53.78067565827367,13
497,10,75.80877400853738,35.45259681298683,0.28418185850090627,29.626335502543604,19
497,16,32.58253581381519,37.045970603486886,0.28397100786002916,21.706564359261378,23
497,52,77.87509039657947,71.68901891589957,0.2843394320662927,35.31903461522874,23
497,85,29.091783814011862,51.50571292317145,0.28404674274884983,20.962363308725994,21
497,88,43.509706000303794,99.2375564055837,0.2843277291779958,49.66347628786701,14
498,45,15.231210271316842,69.6320375077736,0.2841651013577334,39.92850655739597,22
498,50,90.8580690707607,69.97071338107496,0.2837396608029333,45.47759009820221,24
498,64,10.340296772255165,58.7644572177712,0.28360801474585173,40.616594766609076,14
498,91,51.885836038644904,31.5929051830793,0.28351947964912216,18.503446088871144,27
498,94,74.6789611349026,26.246051592286467,0.28463423860761583,34.2534843140716,13
499,0,77.39560485559633,43.88784397520523,0.28373705443099045,28.069157747880652,17
499,56,30.59566241506525,57.9219568941896,0.2831671425945767,20.959144022204473,17
499,63,32.98612123327853,14.45241888660469,0.2837545110647748,39.40942265121521,22
499,77,10.857574113544356,67.22400930398116,0.28308078358228284,42.76442447619636,20
499,92,77.2012432110988,66.16612631677611,0.28349501972930374,31.642554769160306,24
500,3,76.1139701990353,78.60643052769538,0.28362666966447164,38.73328422806367,24
500,4,12.811363267554587,45.038593789556714,0.2834908408581962,37.51813233095184,24
500,13,46.67210037270342,4.380376578722878,0.28311223754628767,45.740845609023204,25
500,28,45.891577553834,56.87411959528937,0.2827483275894469,8.008286658611938,27
501,48,36.18126105533904,8.7649919316101,0.28297109358621664,43.488888654699714,21
501,54,9.63909621534993,90.26023965438416,0.2887409608221515,57.007801670843506,18
501,68,95.85592132414453,48.23034369429002,0.2834570042099092,45.890055610409455,13
501,79,72.69946142868827,76.8647491917657,0.2822734926571822,35.170730704507434,26
501,99,19.643466571457324,31.03236729000948,0.2827958381184763,35.795114365222126,22
502,6,64.38651200806646,82.276161327083,0.2819142574500156,35.33726528425946,16
502,26,78.69243775021384,66.48508565920321,0.28176892858788183,33.09099625640128,24
502,29,13.979699812765745,11.453007353597345,0.28239429619764134,52.75729966232435,17
502,49,11.800590212051532,96.18976645495145,0.3082129938836654,59.93904765101437,20
502,74,43.89114603050467,2.1612079880330426,0.28366521318097526,48.22725492898028,23
503,1,85.85979199113825,69.73680290593639,0.2814014929207849,40.93245742189787,24
503,37,5.830274168906602,28.138389202199654,0.283339524984265,49.28381789866183,19
503,66,58.106113970039495,34.686980453483706,0.28152336576717263,17.32621283856514,26
503,69,78.27352272502863,8.272999992243857,0.28343055036132364,50.40371630078472,11
503,86,25.596509056760276,93.60435700489633,0.28164403759391143,49.96869339923984,20
504,31,56.52361064811888,76.49988574160255,0.2809596198472387,27.291050551531363,28
504,36,85.34030732681661,23.393948586534073,0.28238446345562307,44.23595024151556,12
504,59,43.20930397751037,62.73088407024432,0.28102594674278764,14.428754682225943,22
504,82,55.48524693914834,37.092228386243875,0.2809354820451349,14.024924314103254,20
504,97,15.328431662449404,17.926830815773908,0.28101196081277574,47.23140726789146,18
505,14,15.428949206754783,68.30489532424546,0.28074267874330344,39.11811275842336,24
505,20,43.715191887233075,83.26781960578374,0.28120968995045065,33.85626432932715,11
505,23,38.74783790301745,28.83281039302441,0.28059332353931765,23.97208934812371,29
505,58,75.85195298352102,71.94629559509367,0.280990851719425,33.911109734265686,25
505,69,78.27352272502863,8.272999992243857,0.2806977856754065,50.40371630078472,11
506,12,77.83834970737618,19.463870785196757,0.28024446752655074,41.321046717784526,11
506,22,83.2259801395201,80.47643574968019,0.2806900529368069,45.086349289293416,22
506,40,66.43135403273875,40.63868614400705,0.2801599803771589,18.91093843413398,26
506,42,2.2712073133860478,9.004786077564175,0.3212451334095215,62.91776550282162,17
506,80,10.774094595589656,91.60118451376078,0.2852637183965748,57.17805704764476,24
507,5,37.07980242325812,92.67649888486018,0.28086923095525096,44.589405271785346,19
507,25,19.990820247510833,0.7362269751005512,0.2812683955612183,57.684228365004735,12
507,27,70.51653786263351,78.07290310219679,0.28011936866667003,34.77091046340611,24
507,46,44.61562755740307,38.10212260964825,0.27977253624848786,13.059515802526548,29
507,94,74.6789611349026,26.246051592286467,0.2799316854241863,34.2534843140716,16
508,18,12.992150533547164,47.57049262259338,0.27925478413695803,37.08751040752812,15
508,35,21.45846728195292,40.852864372463614,0.27930587853910843,29.97147277135205,27
508,41,81.40203846660347,16.697291990770392,0.2823722706677085,45.772900067682514,20
508,84,31.713889282271534,95.28993950697449,0.2794315982051811,48.842199640540684,16
508,89,89.1677266254914,74.86080194569492,0.27918540337901293,46.391489331474325,22
509,36,85.34030732681661,23.393948586534073,0.27884489222883213,44.23595024151556,20
509,39,55.70321523412783,78.38982091064135,0.2788396879137388,28.957012887124193,24
509,61,8.44443211398891,41.58074021706096,0.2787871832900475,42.399872141570086,22
509,83,82.97897431324131,80.82514720643019,0.27950685368524286,45.142025287436105,18
509,87,16.460781758201815,4.491061939232899,0.28277669975830255,56.53266846425794,16
510,7,44.34141988273311,22.723872178477688,0.2784015381315972,27.856896415063034,26
510,15,74.47621559078172,96.750973243421,0.2788395045890731,52.77062278250554,23
510,24,68.24955039749754,13.97524836093098,0.2783564088259001,40.38352164395039,16
510,42,2.2712073133860478,9.004786077564175,0.316667326700212,62.91776550282162,11
510,65,17.05929685368861,92.51201183767972,0.2787674560199489,53.78067565827367,24
511,33,55.92071607454135,30.39500980626122,0.2778635793071137,20.47951462637545,22
511,34,3.0817834567939406,43.671738923236234,0.2781427628088013,47.34306635454508,17
511,53,44.93615021437887,27.224156184515902,0.2780571193548779,23.331987402676617,18
511,54,9.63909621534993,90.26023965438416,0.282598825706191,57.007801670843506,19
511,75,82.62919241943578,89.61607718397667,0.27915345860521373,51.32346217268826,24
512,30,66.84029617904716,47.10962061431325,0.27746847190349844,17.08654056242027,26
512,64,10.340296772255165,58.7644572177712,0.27749114822102505,40.616594766609076,24
512,71,93.78264549749828,57.17280523760754,0.27754380562073,44.366306830028755,18
512,87,16.460781758201815,4.491061939232899,0.27866688773770687,56.53266846425794,18
512,88,43.509706000303794,99.2375564055837,0.27786071015952085,49.66347628786701,14
513,2,9.417734788764953,97.5622351636756,0.34172410170150214,62.52268758970457,20
513,21,70.0265102002249,31.236664138204105,0.27711415681361606,27.443102657357606,17
513,37,5.830274168906602,28.138389202199654,0.2770822918356517,49.28381789866183,17
513,68,95.85592132414453,48.23034369429002,0.27790779373438196,45.890055610409455,21
513,72,47.348940105695384,26.69756630918936,0.2772615081356778,23.45275110680658,25
514,0,77.39560485559633,43.88784397520523,0.27686920754075145,28.069157747880652,16
514,20,43.715191887233075,83.26781960578374,0.276928441310331,33.85626432932715,18
514,32,63.47183200005908,55.35794006579958,0.2769365151663924,14.498199170466526,23
514,76,14.024908899861078,55.40361435390494,0.2765576329214437,36.37865071369501,23
514,93,37.36577288737101,9.446666806151526,0.2766622768304274,42.47583463411616,20
515,10,75.80877400853738,35.45259681298683,0.27630890717633005,29.626335502543604,23
515,11,97.06980243949033,89.31211213221977,0.31259667414777903,61.327061416546535,18
515,19,22.69093490508841,66.98139946825104,0.2766058382963014,32.15824877474573,24
515,25,19.990820247510833,0.7362269751005512,0.2769072962558175,57.684228365004735,14
515,73,33.15689973425522,52.06724024715378,0.2761647055486298,16.969487582168895,21
516,9,82.7631171992582,63.166439912206485,0.2757808742583559,35.30972937554283,28
516,12,77.83834970737618,19.463870785196757,0.27584371620517556,41.321046717784526,20
516,29,13.979699812765745,11.453007353597345,0.27574399143147516,52.75729966232435,14
516,56,30.59566241506525,57.9219568941896,0.2757212882845003,20.959144022204473,22
516,57,17.67727829392317,85.66142840923754,0.2764948811450927,48.12998872507312,16
517,11,97.06980243949033,89.31211213221977,0.3082507027125635,61.327061416546535,23
517,62,4.161417386189248,49.39908192445189,0.2756276652136908,45.84252129384545,17
517,81,23.02139908948808,3.741255617617978,0.27634735120395537,53.551062911236734,21
517,95,93.68131505337793,24.097057500568475,0.27659401169794684,50.78404980819585,18
517,96,12.275793241148602,83.11126721249062,0.2761740525076371,50.19434023873136,21
518,6,64.38651200806646,82.276161327083,0.27498181918048376,35.33726528425946,26
518,41,81.40203846660347,16.697291990770392,0.27593167462654394,45.772900067682514,14
518,55,45.57762898336111,20.236336479523032,0.27527201944730106,30.09041428044784,24
518,78,28.123378383900832,65.94226346919018,0.2751687733594663,27.06921383888075,20
518,85,29.091783814011862,51.50571292317145,0.2749416915580103,20.962363308725994,16
519,8,55.45847870158348,6.381725610417533,0.2747488583967117,43.9584900839479,20
519,11,97.06980243949033,89.31211213221977,0.30279555429099764,61.327061416546535,21
519,45,15.231210271316842,69.6320375077736,0.27490138265410313,39.92850655739597,21
519,47,30.151208914787652,63.028259311888846,0.2752231333454897,23.742578803538244,19
519,63,32.98612123327853,14.45241888660469,0.27477112570486856,39.40942265121521,19
520,3,76.1139701990353,78.60643052769538,0.27422790051662876,38.73328422806367,22
520,5,37.07980242325812,92.67649888486018,0.2739507469514421,44.589405271785346,19
520,16,32.58253581381519,37.045970603486886,0.2740618424496224,21.706564359261378,20
520,43,72.23593505964503,46.18772302513874,0.2739857922438557,22.560369316786645,19
520,99,19.643466571457324,31.03236729000948,0.2739764645752586,35.795114365222126,20
521,4,12.811363267554587,45.038593789556714,0.2737606791667436,37.51813233095184,24
521,17,46.95558112758079,18.94713590842857,0.2740149420170511,31.201744415342365,25
521,70,48.66583308381603,49.07069943545209,0.27367600578687795,1.6259154035523802,16
521,92,77.2012432110988,66.16612631677611,0.27365060718966944,31.642554769160306,20
521,98,59.93827915208435,87.45620408374644,0.27391577329051364,38.7522466041392,15
522,18,12.992150533547164,47.57049262259338,0.2731233820632501,37.08751040752812,15
522,48,36.18126105533904,8.7649919316101,0.27391045355972216,43.488888654699714,20
522,52,77.87509039657947,71.68901891589957,0.27416401334072116,35.31903461522874,27
522,77,10.857574113544356,67.22400930398116,0.27372182148386814,42.76442447619636,20
522,94,74.6789611349026,26.246051592286467,0.2733921657576773,34.2534843140716,18
523,44,16.127177903360177,50.10447751033635,0.2735440908499993,33.87298322174735,24
523,50,90.8580690707607,69.97071338107496,0.27320901718663937,45.47759009820221,26
523,67,59.091549148141674,2.28038710296975,0.27302309476699316,48.577955092361506,23
523,84,31.713889282271534,95.28993950697449,0.2726897400065591,48.842199640540684,16
523,97,15.328431662449404,17.926830815773908,0.2730710240617728,47.23140726789146,11
524,11,97.06980243949033,89.31211213221977,0.29712207633048987,61.327061416546535,20
524,42,2.2712073133860478,9.004786077564175,0.31106539172691017,62.91776550282162,15
524,51,26.586996145951957,96.91763773477238,0.27367907941667713,52.4350405748008,25
524,69,78.27352272502863,8.272999992243857,0.2741474560519336,50.40371630078472,11
524,82,55.48524693914834,37.092228386243875,0.27231214405576465,14.024924314103254,29
525,38,29.35937577666836,66.1916514726895,0.2718335144188649,26.233660547888334,50
525,91,51.885836038644904,31.5929051830793,0.2718391281869408,18.503446088871144,50
526,13,46.67210037270342,4.380376578722878,0.27189519042698557,45.740845609023204,21
526,24,68.24955039749754,13.97524836093098,0.27148142844373335,40.38352164395039,14
526,26,78.69243775021384,66.48508565920321,0.27142546161726455,33.09099625640128,25
526,59,43.20930397751037,62.73088407024432,0.2713829325922368,14.428754682225943,25
526,86,25.596509056760276,93.60435700489633,0.2723326032131821,49.96869339923984,15
527,28,45.891577553834,56.87411959528937,0.2709613701346851,8.008286658611938,26
527,34,3.0817834567939406,43.671738923236234,0.270933220706362,47.34306635454508,18
527,41,81.40203846660347,16.697291990770392,0.27096302727829746,45.772900067682514,19
527,79,72.69946142868827,76.8647491917657,0.2710784218349674,35.170730704507434,22
527,80,10.774094595589656,91.60118451376078,0.275315973909846,57.17805704764476,15
528,1,85.85979199113825,69.73680290593639,0.27084172724176797,40.93245742189787,29
528,14,15.428949206754783,68.30489532424546,0.27059025589855085,39.11811275842336,32
528,53,44.93615021437887,27.224156184515902,0.27056403221505376,23.331987402676617,39
529,21,70.0265102002249,31.236664138204105,0.2701030201155312,27.443102657357606,14
529,27,70.51653786263351,78.07290310219679,0.2701458552745404,34.77091046340611,26
529,54,9.63909621534993,90.26023965438416,0.2744710434631998,57.007801670843506,23
529,66,58.106113970039495,34.686980453483706,0.27036626700373173,17.32621283856514,20
529,87,16.460781758201815,4.491061939232899,0.2709256621461162,56.53266846425794,17
530,0,77.39560485559633,43.88784397520523,0.26995637933286926,28.069157747880652,16
530,29,13.979699812765745,11.453007353597345,0.26958471630708586,52.75729966232435,24
530,36,85.34030732681661,23.393948586534073,0.2698910083237677,44.23595024151556,9
530,57,17.67727829392317,85.66142840923754,0.27008643145360384,48.12998872507312,27
530,58,75.85195298352102,71.94629559509367,0.2702634359123828,33.911109734265686,24
531,20,43.715191887233075,83.26781960578374,0.2693242748055398,33.85626432932715,24
531,37,5.830274168906602,28.138389202199654,0.26931956599905976,49.28381789866183,21
531,40,66.43135403273875,40.63868614400705,0.26916107695921176,18.91093843413398,30
531,60,58.40979689127356,64.984660155482,0.26932999250790624,17.183268714879727,25
532,2,9.417734788764953,97.5622351636756,0.33298859747896914,62.52268758970457,21
532,71,93.78264549749828,57.17280523760754,0.269148850928616,44.366306830028755,14
532,74,43.89114603050467,2.1612079880330426,0.2718112291403059,48.22725492898028,20
532,83,82.97897431324131,80.82514720643019,0.2706500838043982,45.142025287436105,22
532,97,15.328431662449404,17.926830815773908,0.26875638815579744,47.23140726789146,23
533,31,56.52361064811888,76.49988574160255,0.26842103771090897,27.291050551531363,31
533,33,55.92071607454135,30.39500980626122,0.26842521788841095,20.47951462637545,35
533,85,29.091783814011862,51.50571292317145,0.26827963759284473,20.962363308725994,34
534,23,38.74783790301745,28.83281039302441,0.26804888346016287,23.97208934812371,20
534,35,21.45846728195292,40.852864372463614,0.26785091499098995,29.97147277135205,22
534,39,55.70321523412783,78.38982091064135,0.26804979793218175,28.957012887124193,23
534,89,89.1677266254914,74.86080194569492,0.2687736448213881,46.391489331474325,20
534,93,37.36577288737101,9.446666806151526,0.2679745488895486,42.47583463411616,15
535,7,44.34141988273311,22.723872178477688,0.2674281008373512,27.856896415063034,23
535,22,83.2259801395201,80.47643574968019,0.2697145258000554,45.086349289293416,23
535,46,44.61562755740307,38.10212260964825,0.2674263386051878,13.059515802526548,14
535,47,30.151208914787652,63.028259311888846,0.2676768938990438,23.742578803538244,26
535,61,8.44443211398891,41.58074021706096,0.26832829613911474,42.399872141570086,14
536,32,63.47183200005908,55.35794006579958,0.2671618761956702,14.498199170466526,23
536,70,48.66583308381603,49.07069943545209,0.26702986102375637,1.6259154035523802,20
536,73,33.15689973425522,52.06724024715378,0.2671677890366077,16.969487582168895,20
536,78,28.123378383900832,65.94226346919018,0.26701309140909807,27.06921383888075,19
536,98,59.93827915208435,87.45620408374644,0.26741802289810357,38.7522466041392,18
537,10,75.80877400853738,35.45259681298683,0.26652607036183673,29.626335502543604,19
537,12,77.83834970737618,19.463870785196757,0.2668656927620606,41.321046717784526,16
537,15,74.47621559078172,96.750973243421,0.2676398816644912,52.77062278250554,24
537,18,12.992150533547164,47.57049262259338,0.2665982661750213,37.08751040752812,18
537,76,14.024908899861078,55.40361435390494,0.2666093394271824,36.37865071369501,23
538,30,66.84029617904716,47.10962061431325,0.2662077166365574,17.08654056242027,36
538,56,30.59566241506525,57.9219568941896,0.2662677873144974,20.959144022204473,36
538,72,47.348940105695384,26.69756630918936,0.26649647388029374,23.45275110680658,28
539,16,32.58253581381519,37.045970603486886,0.2657032884484324,21.706564359261378,20
539,45,15.231210271316842,69.6320375077736,0.2660480434859766,39.92850655739597,26
539,63,32.98612123327853,14.45241888660469,0.2662798720410353,39.40942265121521,16
539,75,82.62919241943578,89.61607718397667,0.267631680232729,51.32346217268826,23
539,95,93.68131505337793,24.097057500568475,0.26732685654438876,50.78404980819585,15
540,3,76.1139701990353,78.60643052769538,0.2652518075996139,38.73328422806367,14
540,5,37.07980242325812,92.67649888486018,0.2653653955134363,44.589405271785346,21
540,55,45.57762898336111,20.236336479523032,0.26541178556334355,30.09041428044784,26
540,92,77.2012432110988,66.16612631677611,0.2653169523636188,31.642554769160306,18
540,99,19.643466571457324,31.03236729000948,0.2653490444823718,35.795114365222126,21
541,11,97.06980243949033,89.31211213221977,0.2886144224589088,61.327061416546535,15
541,43,72.23593505964503,46.18772302513874,0.2653940193656792,22.560369316786645,22
541,49,11.800590212051532,96.18976645495145,0.2947895068685343,59.93904765101437,25
541,81,23.02139908948808,3.741255617617978,0.26623682624213796,53.551062911236734,23
541,94,74.6789611349026,26.246051592286467,0.2653830607229046,34.2534843140716,15
542,19,22.69093490508841,66.98139946825104,0.26565094466725314,32.15824877474573,21
542,21,70.0265102002249,31.236664138204105,0.26436316231973034,27.443102657357606,20
542,48,36.18126105533904,8.7649919316101,0.26511256195711613,43.488888654699714,22
542,68,95.85592132414453,48.23034369429002,0.2666351186097447,45.890055610409455,20
542,77,10.857574113544356,67.22400930398116,0.26499250769418436,42.76442447619636,17
543,6,64.38651200806646,82.276161327083,0.2638925176887073,35.33726528425946,25
543,17,46.95558112758079,18.94713590842857,0.263918835904463,31.201744415342365,26
543,36,85.34030732681661,23.393948586534073,0.2649839835232012,44.23595024151556,15
543,64,10.340296772255165,58.7644572177712,0.2655144398980548,40.616594766609076,21
543,84,31.713889282271534,95.28993950697449,0.2647477109925835,48.842199640540684,13
544,0,77.39560485559633,43.88784397520523,0.2635717251008275,28.069157747880652,23
544,44,16.127177903360177,50.10447751033635,0.2637197663053908,33.87298322174735,26
544,74,43.89114603050467,2.1612079880330426,0.26483093738787156,48.22725492898028,20
544,86,25.596509056760276,93.60435700489633,0.26509887803395227,49.96869339923984,14
544,90,89.07924908785249,89.34466396978632,0.2726800714392746,55.45439831217919,17
545,9,82.7631171992582,63.166439912206485,0.2634425928800849,35.30972937554283,16
545,13,46.67210037270342,4.380376578722878,0.2631114047196706,45.740845609023204,26
545,51,26.586996145951957,96.91763773477238,0.2635204689987353,52.4350405748008,15
545,52,77.87509039657947,71.68901891589957,0.26340867520499495,35.31903461522874,20
545,61,8.44443211398891,41.58074021706096,0.263171861737231,42.399872141570086,23
546,25,19.990820247510833,0.7362269751005512,0.26664487979186574,57.684228365004735,21
546,34,3.0817834567939406,43.671738923236234,0.2627937690353861,47.34306635454508,16
546,71,93.78264549749828,57.17280523760754,0.26302098970310317,44.366306830028755,21
546,83,82.97897431324131,80.82514720643019,0.2629171321965515,45.142025287436105,20
546,96,12.275793241148602,83.11126721249062,0.26524404568505583,50.19434023873136,22
547,22,83.2259801395201,80.47643574968019,0.26219327842360896,45.086349289293416,21
547,24,68.24955039749754,13.97524836093098,0.2638010132178771,40.38352164395039,15
547,62,4.161417386189248,49.39908192445189,0.26526462227531755,45.84252129384545,26
547,66,58.106113970039495,34.686980453483706,0.2622181769938948,17.32621283856514,23
547,88,43.509706000303794,99.2375564055837,0.2666708304791821,49.66347628786701,15
548,4,12.811363267554587,45.038593789556714,0.26271412072930367,37.51813233095184,23
548,8,55.45847870158348,6.381725610417533,0.2640150100227928,43.9584900839479,17
548,50,90.8580690707607,69.97071338107496,0.2620607181055907,45.47759009820221,28
548,54,9.63909621534993,90.26023965438416,0.26510143570874356,57.007801670843506,15
548,93,37.36577288737101,9.446666806151526,0.2617516276516042,42.47583463411616,17
549,25,19.990820247510833,0.7362269751005512,0.26137650348521385,57.684228365004735,12
549,41,81.40203846660347,16.697291990770392,0.26176530528481795,45.772900067682514,13
549,46,44.61562755740307,38.10212260964825,0.26139814598142713,13.059515802526548,29
549,54,9.63909621534993,90.26023965438416,0.2616714401306898,57.007801670843506,21
549,79,72.69946142868827,76.8647491917657,0.26172635811628014,35.170730704507434,25
550,26,78.69243775021384,66.48508565920321,0.2609917500096371,33.09099625640128,15
550,58,75.85195298352102,71.94629559509367,0.2608892054020829,33.911109734265686,18
550,65,17.05929685368861,92.51201183767972,0.264737211149381,53.78067565827367,27
550,67,59.091549148141674,2.28038710296975,0.26192828706714655,48.577955092361506,22
550,87,16.460781758201815,4.491061939232899,0.26235401416033094,56.53266846425794,18
551,2,9.417734788764953,97.5622351636756,0.32393265709661434,62.52268758970457,14
551,42,2.2712073133860478,9.004786077564175,0.3010822004611262,62.91776550282162,20
551,69,78.27352272502863,8.272999992243857,0.26550569301134797,50.40371630078472,24
551,88,43.509706000303794,99.2375564055837,0.2625441529264914,49.66347628786701,16
551,89,89.1677266254914,74.86080194569492,0.2608414515307795,46.391489331474325,26
552,37,5.830274168906602,28.138389202199654,0.26007921568343983,49.28381789866183,14
552,59,43.20930397751037,62.73088407024432,0.2600626963822018,14.428754682225943,24
552,63,32.98612123327853,14.45241888660469,0.2601230764942267,39.40942265121521,20
552,68,95.85592132414453,48.23034369429002,0.26011697192141775,45.890055610409455,27
552,86,25.596509056760276,93.60435700489633,0.26045759282536257,49.96869339923984,15
553,3,76.1139701990353,78.60643052769538,0.2595395703932028,38.73328422806367,25
553,23,38.74783790301745,28.83281039302441,0.25963203042029837,23.97208934812371,33
553,80,10.774094595589656,91.60118451376078,0.2662749621191731,57.17805704764476,20
553,82,55.48524693914834,37.092228386243875,0.259737457433726,14.024924314103254,22
554,24,68.24955039749754,13.97524836093098,0.25912792549195723,40.38352164395039,18
554,28,45.891577553834,56.87411959528937,0.2591971882724552,8.008286658611938,31
554,75,82.62919241943578,89.61607718397667,0.2594031768012151,51.32346217268826,20
554,84,31.713889282271534,95.28993950697449,0.259686495946452,48.842199640540684,16
554,94,74.6789611349026,26.246051592286467,0.25936675827755373,34.2534843140716,15
555,8,55.45847870158348,6.381725610417533,0.25888138345673917,43.9584900839479,18
555,12,77.83834970737618,19.463870785196757,0.2594932654211569,41.321046717784526,17
555,18,12.992150533547164,47.57049262259338,0.2587345529734417,37.08751040752812,15
555,78,28.123378383900832,65.94226346919018,0.258761444737979,27.06921383888075,23
555,98,59.93827915208435,87.45620408374644,0.2592913616302935,38.7522466041392,27
556,10,75.80877400853738,35.45259681298683,0.25836426266287665,29.626335502543604,23
556,20,43.715191887233075,83.26781960578374,0.25858844814695464,33.85626432932715,16
556,35,21.45846728195292,40.852864372463614,0.25838067242242735,29.97147277135205,26
556,60,58.40979689127356,64.984660155482,0.2584346288861985,17.183268714879727,20
556,73,33.15689973425522,52.06724024715378,0.2584454148185774,16.969487582168895,15
557,19,22.69093490508841,66.98139946825104,0.25788183065833803,32.15824877474573,24
557,39,55.70321523412783,78.38982091064135,0.2580054396346153,28.957012887124193,27
557,69,78.27352272502863,8.272999992243857,0.2589537192432046,50.40371630078472,13
557,70,48.66583308381603,49.07069943545209,0.25800015994733067,1.6259154035523802,21
557,97,15.328431662449404,17.926830815773908,0.25811161883969397,47.23140726789146,15
558,27,70.51653786263351,78.07290310219679,0.2584080525733766,34.77091046340611,19
558,36,85.34030732681661,23.393948586534073,0.25845229005041265,44.23595024151556,26
558,64,10.340296772255165,58.7644572177712,0.25767677559504587,40.616594766609076,24
558,77,10.857574113544356,67.22400930398116,0.2578514130235706,42.76442447619636,17
558,92,77.2012432110988,66.16612631677611,0.25766837834498874,31.642554769160306,14
559,1,85.85979199113825,69.73680290593639,0.25791342166041054,40.93245742189787,16
559,7,44.34141988273311,22.723872178477688,0.25724284934391073,27.856896415063034,26
559,9,82.7631171992582,63.166439912206485,0.2570666696225176,35.30972937554283,16
559,16,32.58253581381519,37.045970603486886,0.25699719326885784,21.706564359261378,21
559,57,17.67727829392317,85.66142840923754,0.257961503381727,48.12998872507312,21
560,32,63.47183200005908,55.35794006579958,0.25700907863426276,14.498199170466526,23
560,41,81.40203846660347,16.697291990770392,0.2566147812673286,45.772900067682514,15
560,43,72.23593505964503,46.18772302513874,0.2565672577711826,22.560369316786645,17
560,47,30.151208914787652,63.028259311888846,0.2566042811863766,23.742578803538244,24
560,76,14.024908899861078,55.40361435390494,0.25659572053276203,36.37865071369501,21
561,40,66.43135403273875,40.63868614400705,0.25613356505654017,18.91093843413398,25
561,48,36.18126105533904,8.7649919316101,0.25610212962981516,43.488888654699714,15
561,90,89.07924908785249,89.34466396978632,0.26519668703605226,55.45439831217919,21
561,96,12.275793241148602,83.11126721249062,0.25728523676073495,50.19434023873136,21
561,99,19.643466571457324,31.03236729000948,0.2562521368546935,35.795114365222126,18
562,15,74.47621559078172,96.750973243421,0.25669017718305664,52.77062278250554,21
562,21,70.0265102002249,31.236664138204105,0.2557626502698361,27.443102657357606,25
562,34,3.0817834567939406,43.671738923236234,0.2557157468160499,47.34306635454508,18
562,65,17.05929685368861,92.51201183767972,0.25629728190210455,53.78067565827367,20
562,74,43.89114603050467,2.1612079880330426,0.256429558675391,48.22725492898028,16
563,45,15.231210271316842,69.6320375077736,0.25525306604411463,39.92850655739597,25
563,52,77.87509039657947,71.68901891589957,0.2553575373257799,35.31903461522874,27
563,62,4.161417386189248,49.39908192445189,0.2559700918190066,45.84252129384545,25
563,95,93.68131505337793,24.097057500568475,0.2585761796003535,50.78404980819585,23
564,14,15.428949206754783,68.30489532424546,0.2558632232491652,39.11811275842336,28
564,29,13.979699812765745,11.453007353597345,0.25639120844356833,52.75729966232435,26
564,31,56.52361064811888,76.49988574160255,0.2548712609860346,27.291050551531363,23
564,83,82.97897431324131,80.82514720643019,0.2547992031576875,45.142025287436105,23
565,5,37.07980242325812,92.67649888486018,0.25538012388724224,44.589405271785346,26
565,26,78.69243775021384,66.48508565920321,0.25462440591416174,33.09099625640128,27
565,72,47.348940105695384,26.69756630918936,0.2544456329285537,23.45275110680658,33
565,81,23.02139908948808,3.741255617617978,0.25562855953261293,53.551062911236734,14
566,51,26.586996145951957,96.91763773477238,0.25573564839924573,52.4350405748008,26
566,69,78.27352272502863,8.272999992243857,0.2540148948481367,50.40371630078472,14
566,87,16.460781758201815,4.491061939232899,0.2545609466073601,56.53266846425794,14
566,90,89.07924908785249,89.34466396978632,0.2595958554776804,55.45439831217919,24
566,93,37.36577288737101,9.446666806151526,0.2539834827597384,42.47583463411616,22
567,0,77.39560485559633,43.88784397520523,0.253586164873591,28.069157747880652,16
567,4,12.811363267554587,45.038593789556714,0.25350842790499034,37.51813233095184,15
567,22,83.2259801395201,80.47643574968019,0.2534426554289423,45.086349289293416,22
567,53,44.93615021437887,27.224156184515902,0.25348294530547827,23.331987402676617,22
567,85,29.091783814011862,51.50571292317145,0.2534403450313344,20.962363308725994,25
568,6,64.38651200806646,82.276161327083,0.2531590242367673,35.33726528425946,24
568,33,55.92071607454135,30.39500980626122,0.2531755397551192,20.47951462637545,22
568,37,5.830274168906602,28.138389202199654,0.2534919477680194,49.28381789866183,21
568,55,45.57762898336111,20.236336479523032,0.253642049880559,30.09041428044784,15
568,58,75.85195298352102,71.94629559509367,0.25327180692791834,33.911109734265686,18
569,17,46.95558112758079,18.94713590842857,0.25259983305628547,31.201744415342365,23
569,44,16.127177903360177,50.10447751033635,0.25259482105771086,33.87298322174735,25
569,71,93.78264549749828,57.17280523760754,0.25329966869861836,44.366306830028755,22
569,86,25.596509056760276,93.60435700489633,0.2534764425707925,49.96869339923984,16
569,94,74.6789611349026,26.246051592286467,0.25294053837722713,34.2534843140716,14
570,61,8.44443211398891,41.58074021706096,0.25270346522900977,42.399872141570086,18
570,66,58.106113970039495,34.686980453483706,0.25224530824253405,17.32621283856514,31
570,73,33.15689973425522,52.06724024715378,0.2522156636240925,16.969487582168895,25
570,92,77.2012432110988,66.16612631677611,0.25220599009250627,31.642554769160306,26
571,12,77.83834970737618,19.463870785196757,0.25231100909154736,41.321046717784526,22
571,18,12.992150533547164,47.57049262259338,0.25213083776324274,37.08751040752812,19
571,20,43.715191887233075,83.26781960578374,0.2518639980416976,33.85626432932715,20
571,79,72.69946142868827,76.8647491917657,0.25173550209059153,35.170730704507434,22
571,97,15.328431662449404,17.926830815773908,0.2517659690063828,47.23140726789146,17
572,1,85.85979199113825,69.73680290593639,0.25179130642688347,40.93245742189787,26
572,13,46.67210037270342,4.380376578722878,0.2513513241162643,45.740845609023204,23
572,24,68.24955039749754,13.97524836093098,0.2513260052195802,40.38352164395039,16
572,80,10.774094595589656,91.60118451376078,0.2575168732722458,57.17805704764476,19
572,84,31.713889282271534,95.28993950697449,0.25216567305036997,48.842199640540684,16
573,8,55.45847870158348,6.381725610417533,0.2509789975966673,43.9584900839479,34
573,27,70.51653786263351,78.07290310219679,0.2512062725833218,34.77091046340611,34
573,77,10.857574113544356,67.22400930398116,0.25092083595069986,42.76442447619636,32
574,9,82.7631171992582,63.166439912206485,0.25050467649192865,35.30972937554283,21
574,56,30.59566241506525,57.9219568941896,0.2504309237555504,20.959144022204473,23
574,63,32.98612123327853,14.45241888660469,0.2509070502499525,39.40942265121521,19
574,82,55.48524693914834,37.092228386243875,0.2504248501502418,14.024924314103254,21
574,88,43.509706000303794,99.2375564055837,0.25380775602272604,49.66347628786701,16
575,38,29.35937577666836,66.1916514726895,0.24999913690826936,26.233660547888334,34
575,60,58.40979689127356,64.984660155482,0.2500030476301045,17.183268714879727,28
575,91,51.885836038644904,31.5929051830793,0.25002884395112474,18.503446088871144,38
576,2,9.417734788764953,97.5622351636756,0.31493363758842496,62.52268758970457,24
576,74,43.89114603050467,2.1612079880330426,0.24983997537945174,48.22725492898028,19
576,81,23.02139908948808,3.741255617617978,0.2501135803216632,53.551062911236734,18
576,89,89.1677266254914,74.86080194569492,0.24983984960643288,46.391489331474325,26
576,95,93.68131505337793,24.097057500568475,0.25037561569659356,50.78404980819585,13
577,30,66.84029617904716,47.10962061431325,0.2497941469548286,17.08654056242027,23
577,43,72.23593505964503,46.18772302513874,0.2492183998425123,22.560369316786645,16
577,59,43.20930397751037,62.73088407024432,0.24928950317111892,14.428754682225943,25
577,75,82.62919241943578,89.61607718397667,0.25004736343717504,51.32346217268826,16
577,96,12.275793241148602,83.11126721249062,0.24914843100296813,50.19434023873136,20
578,46,44.61562755740307,38.10212260964825,0.2485960233994477,13.059515802526548,22
578,48,36.18126105533904,8.7649919316101,0.24913293616930376,43.488888654699714,18
578,50,90.8580690707607,69.97071338107496,0.24953122862057295,45.47759009820221,22
578,57,17.67727829392317,85.66142840923754,0.2492607745572897,48.12998872507312,22
578,70,48.66583308381603,49.07069943545209,0.24872677032301263,1.6259154035523802,16
579,3,76.1139701990353,78.60643052769538,0.2487336480445201,38.73328422806367,23
579,10,75.80877400853738,35.45259681298683,0.24840267944751832,29.626335502543604,21
579,78,28.123378383900832,65.94226346919018,0.24863953669788566,27.06921383888075,28
579,99,19.643466571457324,31.03236729000948,0.24838275929111375,35.795114365222126,28
580,16,32.58253581381519,37.045970603486886,0.2478576436498194,21.706564359261378,14
580,19,22.69093490508841,66.98139946825104,0.24777245453152985,32.15824877474573,23
580,32,63.47183200005908,55.35794006579958,0.24773141665831339,14.498199170466526,21
580,55,45.57762898336111,20.236336479523032,0.2479176127310738,30.09041428044784,24
580,98,59.93827915208435,87.45620408374644,0.24793713587977848,38.7522466041392,18
581,15,74.47621559078172,96.750973243421,0.2478793993723249,52.77062278250554,26
581,35,21.45846728195292,40.852864372463614,0.24730491017284173,29.97147277135205,23
581,76,14.024908899861078,55.40361435390494,0.2474290434189546,36.37865071369501,24
581,94,74.6789611349026,26.246051592286467,0.2474066172071186,34.2534843140716,27
582,34,3.0817834567939406,43.671738923236234,0.24717305575415438,47.34306635454508,17
582,36,85.34030732681661,23.393948586534073,0.24731442814760465,44.23595024151556,22
582,86,25.596509056760276,93.60435700489633,0.24713408601668632,49.96869339923984,22
582,87,16.460781758201815,4.491061939232899,0.24766211233271698,56.53266846425794,17
582,90,89.07924908785249,89.34466396978632,0.25087644665605946,55.45439831217919,22
583,0,77.39560485559633,43.88784397520523,0.2467180355082943,28.069157747880652,25
583,4,12.811363267554587,45.038593789556714,0.24678119876022594,37.51813233095184,18
583,11,97.06980243949033,89.31211213221977,0.27569730695908906,61.327061416546535,16
583,64,10.340296772255165,58.7644572177712,0.24701277490215845,40.616594766609076,24
583,67,59.091549148141674,2.28038710296975,0.24960689534908592,48.577955092361506,17
584,7,44.34141988273311,22.723872178477688,0.24617201741990788,27.856896415063034,39
584,39,55.70321523412783,78.38982091064135,0.24614994556930356,28.957012887124193,30
584,47,30.151208914787652,63.028259311888846,0.2461963601439855,23.742578803538244,31
585,29,13.979699812765745,11.453007353597345,0.24585714845139137,52.75729966232435,18
585,40,66.43135403273875,40.63868614400705,0.24555360074011442,18.91093843413398,25
585,58,75.85195298352102,71.94629559509367,0.24587390005772966,33.911109734265686,23
585,67,59.091549148141674,2.28038710296975,0.24554708254443258,48.577955092361506,11
585,84,31.713889282271534,95.28993950697449,0.24575812836099922,48.842199640540684,23
586,21,70.0265102002249,31.236664138204105,0.2452289118028125,27.443102657357606,16
586,23,38.74783790301745,28.83281039302441,0.24519498257564676,23.97208934812371,19
586,28,45.891577553834,56.87411959528937,0.24526011875714837,8.008286658611938,16
586,61,8.44443211398891,41.58074021706096,0.24516785838930547,42.399872141570086,16
586,68,95.85592132414453,48.23034369429002,0.24630357790454624,45.890055610409455,16
586,88,43.509706000303794,99.2375564055837,0.24754539253153587,49.66347628786701,17
587,25,19.990820247510833,0.7362269751005512,0.24956818723261878,57.684228365004735,23
587,31,56.52361064811888,76.49988574160255,0.2448341302008818,27.291050551531363,21
587,54,9.63909621534993,90.26023965438416,0.24847706343095696,57.007801670843506,19
587,69,78.27352272502863,8.272999992243857,0.2461876879270946,50.40371630078472,18
587,83,82.97897431324131,80.82514720643019,0.24498800659016573,45.142025287436105,19
588,5,37.07980242325812,92.67649888486018,0.2445856918634847,44.589405271785346,23
588,24,68.24955039749754,13.97524836093098,0.24444050869703748,40.38352164395039,26
588,37,5.830274168906602,28.138389202199654,0.2442770721281677,49.28381789866183,22
588,52,77.87509039657947,71.68901891589957,0.24431269708819028,35.31903461522874,29
589,14,15.428949206754783,68.30489532424546,0.24432579544065702,39.11811275842336,32
589,22,83.2259801395201,80.47643574968019,0.24406235592063683,45.086349289293416,24
589,33,55.92071607454135,30.39500980626122,0.2439987561376418,20.47951462637545,20
589,53,44.93615021437887,27.224156184515902,0.243996371005311,23.331987402676617,10
589,93,37.36577288737101,9.446666806151526,0.244206920643952,42.47583463411616,14
590,18,12.992150533547164,47.57049262259338,0.24376841922216827,37.08751040752812,23
590,20,43.715191887233075,83.26781960578374,0.24340006717976437,33.85626432932715,22
590,25,19.990820247510833,0.7362269751005512,0.24392192201248605,57.684228365004735,18
590,26,78.69243775021384,66.48508565920321,0.2435512978408666,33.09099625640128,25
590,95,93.68131505337793,24.097057500568475,0.24428312029949445,50.78404980819585,12
591,6,64.38651200806646,82.276161327083,0.24302308455168675,35.33726528425946,27
591,12,77.83834970737618,19.463870785196757,0.24320469391652505,41.321046717784526,18
591,45,15.231210271316842,69.6320375077736,0.24375505917740137,39.92850655739597,20
591,51,26.586996145951957,96.91763773477238,0.24436940017651693,52.4350405748008,11
591,63,32.98612123327853,14.45241888660469,0.24313342478979152,39.40942265121521,24
592,41,81.40203846660347,16.697291990770392,0.24615549597549255,45.772900067682514,16
592,62,4.161417386189248,49.39908192445189,0.24390488227186738,45.84252129384545,14
592,79,72.69946142868827,76.8647491917657,0.2426210697491735,35.170730704507434,29
592,85,29.091783814011862,51.50571292317145,0.24253568628218486,20.962363308725994,25
592,97,15.328431662449404,17.926830815773908,0.2433812786802921,47.23140726789146,16
593,16,32.58253581381519,37.045970603486886,0.24209061078252198,21.706564359261378,24
593,17,46.95558112758079,18.94713590842857,0.2424350872400693,31.201744415342365,19
593,43,72.23593505964503,46.18772302513874,0.24235457137085037,22.560369316786645,21
593,65,17.05929685368861,92.51201183767972,0.24493924933023103,53.78067565827367,19
593,90,89.07924908785249,89.34466396978632,0.24367800156317207,55.45439831217919,17
594,9,82.7631171992582,63.166439912206485,0.2417174786095504,35.30972937554283,24
594,44,16.127177903360177,50.10447751033635,0.24170867690739084,33.87298322174735,21
594,48,36.18126105533904,8.7649919316101,0.24182239468794478,43.488888654699714,22
594,70,48.66583308381603,49.07069943545209,0.24174510591559478,1.6259154035523802,17
594,88,43.509706000303794,99.2375564055837,0.24210031852811245,49.66347628786701,16
595,1,85.85979199113825,69.73680290593639,0.24130144675763476,40.93245742189787,11
595,13,46.67210037270342,4.380376578722878,0.24130294314979978,45.740845609023204,27
595,73,33.15689973425522,52.06724024715378,0.24132544350551788,16.969487582168895,27
595,80,10.774094595589656,91.60118451376078,0.24817798796960816,57.17805704764476,15
595,92,77.2012432110988,66.16612631677611,0.24136245748416535,31.642554769160306,20
596,2,9.417734788764953,97.5622351636756,0.30502511685268824,62.52268758970457,22
596,50,90.8580690707607,69.97071338107496,0.24090887287581295,45.47759009820221,23
596,67,59.091549148141674,2.28038710296975,0.24078708503513266,48.577955092361506,8
596,81,23.02139908948808,3.741255617617978,0.2417069468519218,53.551062911236734,14
596,82,55.48524693914834,37.092228386243875,0.24112378597573367,14.024924314103254,33
597,30,66.84029617904716,47.10962061431325,0.24056096673569544,17.08654056242027,21
597,56,30.59566241506525,57.9219568941896,0.24049551018128168,20.959144022204473,29
597,72,47.348940105695384,26.69756630918936,0.24037792232480557,23.45275110680658,28
597,98,59.93827915208435,87.45620408374644,0.2403696774340418,38.7522466041392,22
598,41,81.40203846660347,16.697291990770392,0.24130121055129355,45.772900067682514,12
598,53,44.93615021437887,27.224156184515902,0.24002659465111517,23.331987402676617,26
598,57,17.67727829392317,85.66142840923754,0.24014228531958687,48.12998872507312,27
598,74,43.89114603050467,2.1612079880330426,0.24085208831013888,48.22725492898028,12
598,75,82.62919241943578,89.61607718397667,0.24209558314493515,51.32346217268826,23
599,3,76.1139701990353,78.60643052769538,0.23960257860905537,38.73328422806367,25
599,10,75.80877400853738,35.45259681298683,0.23962985250661906,29.626335502543604,27
599,80,10.774094595589656,91.60118451376078,0.2440813150249623,57.17805704764476,26
599,87,16.460781758201815,4.491061939232899,0.24017989315752844,56.53266846425794,22
600,4,12.811363267554587,45.038593789556714,0.23909905600012973,37.51813233095184,18
600,46,44.61562755740307,38.10212260964825,0.23906669699061983,13.059515802526548,19
600,66,58.106113970039495,34.686980453483706,0.23907483099384458,17.32621283856514,21
600,71,93.78264549749828,57.17280523760754,0.24156750397412566,44.366306830028755,23
600,96,12.275793241148602,83.11126721249062,0.23980557543467718,50.19434023873136,19
601,21,70.0265102002249,31.236664138204105,0.23865597237647262,27.443102657357606,16
601,32,63.47183200005908,55.35794006579958,0.2386811849204537,14.498199170466526,23
601,59,43.20930397751037,62.73088407024432,0.2386053981244816,14.428754682225943,24
601,62,4.161417386189248,49.39908192445189,0.2388013473228163,45.84252129384545,18
601,93,37.36577288737101,9.446666806151526,0.23872105582674813,42.47583463411616,19
602,28,45.891577553834,56.87411959528937,0.23838898738388306,8.008286658611938,30
602,29,13.979699812765745,11.453007353597345,0.2382118034855342,52.75729966232435,22
602,65,17.05929685368861,92.51201183767972,0.23888281753102691,53.78067565827367,16
602,68,95.85592132414453,48.23034369429002,0.23922285584456632,45.890055610409455,13
602,89,89.1677266254914,74.86080194569492,0.23865698055804993,46.391489331474325,19
603,19,22.69093490508841,66.98139946825104,0.23785674291127537,32.15824877474573,30
603,55,45.57762898336111,20.236336479523032,0.23778021765201102,30.09041428044784,36
603,60,58.40979689127356,64.984660155482,0.23785147410520227,17.183268714879727,34
604,41,81.40203846660347,16.697291990770392,0.2374138309252173,45.772900067682514,20
604,61,8.44443211398891,41.58074021706096,0.23767781722068607,42.399872141570086,18
604,83,82.97897431324131,80.82514720643019,0.23733154768293574,45.142025287436105,24
604,86,25.596509056760276,93.60435700489633,0.23755399436834818,49.96869339923984,19
604,97,15.328431662449404,17.926830815773908,0.23728730700929712,47.23140726789146,19
605,23,38.74783790301745,28.83281039302441,0.23703622842208302,23.97208934812371,24
605,27,70.51653786263351,78.07290310219679,0.2370723261991591,34.77091046340611,25
605,35,21.45846728195292,40.852864372463614,0.23711752807653605,29.97147277135205,13
605,36,85.34030732681661,23.393948586534073,0.23740206134209246,44.23595024151556,14
605,78,28.123378383900832,65.94226346919018,0.2369750657879374,27.06921383888075,24
606,51,26.586996145951957,96.91763773477238,0.23869678288166588,52.4350405748008,14
606,64,10.340296772255165,58.7644572177712,0.23675587854548916,40.616594766609076,19
606,69,78.27352272502863,8.272999992243857,0.23799011630108102,50.40371630078472,19
606,90,89.07924908785249,89.34466396978632,0.23710020943899024,55.45439831217919,24
606,99,19.643466571457324,31.03236729000948,0.23651252787891897,35.795114365222126,24
607,0,77.39560485559633,43.88784397520523,0.23605957370263383,28.069157747880652,19
607,34,3.0817834567939406,43.671738923236234,0.23781868627497058,47.34306635454508,14
607,45,15.231210271316842,69.6320375077736,0.23604326873674672,39.92850655739597,27
607,58,75.85195298352102,71.94629559509367,0.23634882436435772,33.911109734265686,22
607,67,59.091549148141674,2.28038710296975,0.2365818059741882,48.577955092361506,18
608,31,56.52361064811888,76.49988574160255,0.23570795717368748,27.291050551531363,32
608,33,55.92071607454135,30.39500980626122,0.2356234677670396,20.47951462637545,37
608,76,14.024908899861078,55.40361435390494,0.23637824259401544,36.37865071369501,31
609,1,85.85979199113825,69.73680290593639,0.2360119360398224,40.93245742189787,25
609,12,77.83834970737618,19.463870785196757,0.23537908685031142,41.321046717784526,18
609,38,29.35937577666836,66.1916514726895,0.2352908956790504,26.233660547888334,21
609,77,10.857574113544356,67.22400930398116,0.23619886956274372,42.76442447619636,18
609,81,23.02139908948808,3.741255617617978,0.2357363434952743,53.551062911236734,18
610,2,9.417734788764953,97.5622351636756,0.29696939542184303,62.52268758970457,26
610,8,55.45847870158348,6.381725610417533,0.23537606292580268,43.9584900839479,21
610,15,74.47621559078172,96.750973243421,0.23569660919718197,52.77062278250554,20
610,40,66.43135403273875,40.63868614400705,0.2347722435089345,18.91093843413398,24
610,94,74.6789611349026,26.246051592286467,0.23538912802269138,34.2534843140716,9
611,17,46.95558112758079,18.94713590842857,0.23451605046908877,31.201744415342365,23
611,22,83.2259801395201,80.47643574968019,0.2342478693187419,45.086349289293416,23
611,42,2.2712073133860478,9.004786077564175,0.28166668276992024,62.91776550282162,11
611,49,11.800590212051532,96.18976645495145,0.27338658748166184,59.93904765101437,18
611,70,48.66583308381603,49.07069943545209,0.2344604947204798,1.6259154035523802,25
612,5,37.07980242325812,92.67649888486018,0.2342744539697759,44.589405271785346,16
612,18,12.992150533547164,47.57049262259338,0.23391211343019067,37.08751040752812,27
612,71,93.78264549749828,57.17280523760754,0.23386343349108096,44.366306830028755,17
612,74,43.89114603050467,2.1612079880330426,0.23517907181588246,48.22725492898028,25
612,75,82.62919241943578,89.61607718397667,0.23406811423586724,51.32346217268826,15
613,20,43.715191887233075,83.26781960578374,0.23350889889154014,33.85626432932715,28
613,34,3.0817834567939406,43.671738923236234,0.23344372118051163,47.34306635454508,19
613,43,72.23593505964503,46.18772302513874,0.2335335254055513,22.560369316786645,27
613,91,51.885836038644904,31.5929051830793,0.23348894386979227,18.503446088871144,26
614,24,68.24955039749754,13.97524836093098,0.23318151044689683,40.38352164395039,26
614,26,78.69243775021384,66.48508565920321,0.23311650570312506,33.09099625640128,22
614,37,5.830274168906602,28.138389202199654,0.23355190938027737,49.28381789866183,21
614,39,55.70321523412783,78.38982091064135,0.2330571923626603,28.957012887124193,14
614,84,31.713889282271534,95.28993950697449,0.23441827285186143,48.842199640540684,17
615,47,30.151208914787652,63.028259311888846,0.23271530776203353,23.742578803538244,35
615,63,32.98612123327853,14.45241888660469,0.23283706202628526,39.40942265121521,31
615,92,77.2012432110988,66.16612631677611,0.23287431719304238,31.642554769160306,34
616,44,16.127177903360177,50.10447751033635,0.2323549322518804,33.87298322174735,22
616,48,36.18126105533904,8.7649919316101,0.23235377898698145,43.488888654699714,20
616,52,77.87509039657947,71.68901891589957,0.23221460703828864,35.31903461522874,25
616,94,74.6789611349026,26.246051592286467,0.23218864406879924,34.2534843140716,17
616,96,12.275793241148602,83.11126721249062,0.2322264266573046,50.19434023873136,16
617,9,82.7631171992582,63.166439912206485,0.23169729976905978,35.30972937554283,23
617,16,32.58253581381519,37.045970603486886,0.2316930037374056,21.706564359261378,25
617,30,66.84029617904716,47.10962061431325,0.23172458756818984,17.08654056242027,19
617,54,9.63909621534993,90.26023965438416,0.2376665644689652,57.007801670843506,15
617,85,29.091783814011862,51.50571292317145,0.231748188122572,20.962363308725994,18
618,4,12.811363267554587,45.038593789556714,0.23135080078349685,37.51813233095184,21
618,6,64.38651200806646,82.276161327083,0.2313709457976099,35.33726528425946,29
618,21,70.0265102002249,31.236664138204105,0.23160196195023733,27.443102657357606,30
618,35,21.45846728195292,40.852864372463614,0.231584190842252,29.97147277135205,20
619,14,15.428949206754783,68.30489532424546,0.2309273791414121,39.11811275842336,22
619,62,4.161417386189248,49.39908192445189,0.2309743406459729,45.84252129384545,23
619,68,95.85592132414453,48.23034369429002,0.23249959588438013,45.890055610409455,20
619,88,43.509706000303794,99.2375564055837,0.23280082481143258,49.66347628786701,15
619,95,93.68131505337793,24.097057500568475,0.2348976459208024,50.78404980819585,20
620,36,85.34030732681661,23.393948586534073,0.2310863662963642,44.23595024151556,13
620,46,44.61562755740307,38.10212260964825,0.23057254658872095,13.059515802526548,27
620,61,8.44443211398891,41.58074021706096,0.23034451138144932,42.399872141570086,18
620,65,17.05929685368861,92.51201183767972,0.23145096080620395,53.78067565827367,18
620,79,72.69946142868827,76.8647491917657,0.2304482091196237,35.170730704507434,24
621,54,9.63909621534993,90.26023965438416,0.23353133889368072,57.007801670843506,22
621,66,58.106113970039495,34.686980453483706,0.2300338116255045,17.32621283856514,33
621,87,16.460781758201815,4.491061939232899,0.23016464212104012,56.53266846425794,17
621,89,89.1677266254914,74.86080194569492,0.23049008600188295,46.391489331474325,16
621,98,59.93827915208435,87.45620408374644,0.23032862327946277,38.7522466041392,12
622,7,44.34141988273311,22.723872178477688,0.22946018078473054,27.856896415063034,20
622,50,90.8580690707607,69.97071338107496,0.23031669790673895,45.47759009820221,24
622,51,26.586996145951957,96.91763773477238,0.23216463582032057,52.4350405748008,15
622,73,33.15689973425522,52.06724024715378,0.22962258972690222,16.969487582168895,28
622,93,37.36577288737101,9.446666806151526,0.2299733193053797,42.47583463411616,13
623,3,76.1139701990353,78.60643052769538,0.2291488894698068,38.73328422806367,32
623,13,46.67210037270342,4.380376578722878,0.22916791690156493,45.740845609023204,34
623,77,10.857574113544356,67.22400930398116,0.22926139407284077,42.76442447619636,34
624,32,63.47183200005908,55.35794006579958,0.22871263499311606,14.498199170466526,38
624,53,44.93615021437887,27.224156184515902,0.22877346842757199,23.331987402676617,31
624,64,10.340296772255165,58.7644572177712,0.22880260070507052,40.616594766609076,31
625,10,75.80877400853738,35.45259681298683,0.22815648638870373,29.626335502543604,22
625,56,30.59566241506525,57.9219568941896,0.2281536839649158,20.959144022204473,27
625,59,43.20930397751037,62.73088407024432,0.22817524004400075,14.428754682225943,25
625,72,47.348940105695384,26.69756630918936,0.22829136356454113,23.45275110680658,26
626,0,77.39560485559633,43.88784397520523,0.22792283674602445,28.069157747880652,21
626,11,97.06980243949033,89.31211213221977,0.2620485742131505,61.327061416546535,16
626,12,77.83834970737618,19.463870785196757,0.22770253199988688,41.321046717784526,15
626,29,13.979699812765745,11.453007353597345,0.22787664826177764,52.75729966232435,25
626,49,11.800590212051532,96.18976645495145,0.266016858747594,59.93904765101437,23
627,5,37.07980242325812,92.67649888486018,0.22750037233363693,44.589405271785346,20
627,41,81.40203846660347,16.697291990770392,0.22791036018830418,45.772900067682514,10
627,58,75.85195298352102,71.94629559509367,0.22740260911613774,33.911109734265686,24
627,82,55.48524693914834,37.092228386243875,0.22727166884222252,14.024924314103254,25
627,97,15.328431662449404,17.926830815773908,0.2280211256889277,47.23140726789146,21
628,8,55.45847870158348,6.381725610417533,0.22683507711462264,43.9584900839479,15
628,23,38.74783790301745,28.83281039302441,0.22689032971288073,23.97208934812371,24
628,39,55.70321523412783,78.38982091064135,0.2270282340746784,28.957012887124193,12
628,78,28.123378383900832,65.94226346919018,0.22682385083470066,27.06921383888075,29
628,83,82.97897431324131,80.82514720643019,0.22700179343421983,45.142025287436105,20
629,27,70.51653786263351,78.07290310219679,0.22660359346960834,34.77091046340611,30
629,38,29.35937577666836,66.1916514726895,0.22642763870546095,26.233660547888334,38
629,67,59.091549148141674,2.28038710296975,0.22772699327927579,48.577955092361506,32
630,15,74.47621559078172,96.750973243421,0.22681767328205066,52.77062278250554,24
630,36,85.34030732681661,23.393948586534073,0.22600438451994043,44.23595024151556,20
630,80,10.774094595589656,91.60118451376078,0.2314657799904638,57.17805704764476,17
630,81,23.02139908948808,3.741255617617978,0.22697737700389822,53.551062911236734,13
630,99,19.643466571457324,31.03236729000948,0.22602672917645047,35.795114365222126,26
631,25,19.990820247510833,0.7362269751005512,0.2304335674058039,57.684228365004735,21
631,69,78.27352272502863,8.272999992243857,0.2281855366711794,50.40371630078472,16
631,71,93.78264549749828,57.17280523760754,0.22600965093576167,44.366306830028755,15
631,96,12.275793241148602,83.11126721249062,0.22555767901415807,50.19434023873136,28
631,98,59.93827915208435,87.45620408374644,0.22559056961984536,38.7522466041392,20
632,1,85.85979199113825,69.73680290593639,0.22572621658925585,40.93245742189787,21
632,28,45.891577553834,56.87411959528937,0.2251926922135082,8.008286658611938,21
632,57,17.67727829392317,85.66142840923754,0.22699794315791755,48.12998872507312,21
632,93,37.36577288737101,9.446666806151526,0.22510244937859253,42.47583463411616,21
632,94,74.6789611349026,26.246051592286467,0.22513071043429464,34.2534843140716,16
633,17,46.95558112758079,18.94713590842857,0.22482039857055316,31.201744415342365,24
633,19,22.69093490508841,66.98139946825104,0.22492017522188149,32.15824877474573,23
633,68,95.85592132414453,48.23034369429002,0.2249988244465269,45.890055610409455,25
633,74,43.89114603050467,2.1612079880330426,0.22499378371329284,48.22725492898028,11
633,86,25.596509056760276,93.60435700489633,0.22709266160372368,49.96869339923984,17
634,22,83.2259801395201,80.47643574968019,0.22430775142576861,45.086349289293416,22
634,37,5.830274168906602,28.138389202199654,0.2243474169944298,49.28381789866183,14
634,40,66.43135403273875,40.63868614400705,0.22435968236590872,18.91093843413398,30
634,45,15.231210271316842,69.6320375077736,0.22440678037570874,39.92850655739597,21
634,85,29.091783814011862,51.50571292317145,0.22421965896469245,20.962363308725994,13
635,34,3.0817834567939406,43.671738923236234,0.22431280967214212,47.34306635454508,21
635,41,81.40203846660347,16.697291990770392,0.22407649360080723,45.772900067682514,17
635,48,36.18126105533904,8.7649919316101,0.22383977010008665,43.488888654699714,23
635,75,82.62919241943578,89.61607718397667,0.22567745805508513,51.32346217268826,21
635,88,43.509706000303794,99.2375564055837,0.2258539780479791,49.66347628786701,18
636,26,78.69243775021384,66.48508565920321,0.223761354412943,33.09099625640128,24
636,30,66.84029617904716,47.10962061431325,0.22349048099679386,17.08654056242027,18
636,35,21.45846728195292,40.852864372463614,0.22334118533084002,29.97147277135205,19
636,70,48.66583308381603,49.07069943545209,0.22345663530223223,1.6259154035523802,14
636,76,14.024908899861078,55.40361435390494,0.22353831740143948,36.37865071369501,25
637,25,19.990820247510833,0.7362269751005512,0.22452684833896766,57.684228365004735,15
637,44,16.127177903360177,50.10447751033635,0.22308313064696636,33.87298322174735,27
637,69,78.27352272502863,8.272999992243857,0.22339038589543309,50.40371630078472,20
637,84,31.713889282271534,95.28993950697449,0.22558738734658507,48.842199640540684,15
637,90,89.07924908785249,89.34466396978632,0.22487476132194864,55.45439831217919,23
638,11,97.06980243949033,89.31211213221977,0.25589564072151244,61.327061416546535,19
638,51,26.586996145951957,96.91763773477238,0.22533378655598488,52.4350405748008,14
638,54,9.63909621534993,90.26023965438416,0.2249659371985266,57.007801670843506,20
638,87,16.460781758201815,4.491061939232899,0.2226552136851093,56.53266846425794,26
638,95,93.68131505337793,24.097057500568475,0.22611878437757507,50.78404980819585,21
639,9,82.7631171992582,63.166439912206485,0.22203306198583736,35.30972937554283,21
639,55,45.57762898336111,20.236336479523032,0.2221153142693132,30.09041428044784,17
639,60,58.40979689127356,64.984660155482,0.22243902342450006,17.183268714879727,20
639,61,8.44443211398891,41.58074021706096,0.22215771010802954,42.399872141570086,27
639,91,51.885836038644904,31.5929051830793,0.22216166546024765,18.503446088871144,15
640,4,12.811363267554587,45.038593789556714,0.22197814437193178,37.51813233095184,20
640,14,15.428949206754783,68.30489532424546,0.22170330002556823,39.11811275842336,18
640,24,68.24955039749754,13.97524836093098,0.22190427812988872,40.38352164395039,21
640,39,55.70321523412783,78.38982091064135,0.22187625892056867,28.957012887124193,22
640,43,72.23593505964503,46.18772302513874,0.22180403459973516,22.560369316786645,19
641,12,77.83834970737618,19.463870785196757,0.22131939844881396,41.321046717784526,19
641,31,56.52361064811888,76.49988574160255,0.22152897050103226,27.291050551531363,17
641,52,77.87509039657947,71.68901891589957,0.22152099014809384,35.31903461522874,22
641,80,10.774094595589656,91.60118451376078,0.22532055534504516,57.17805704764476,19
641,81,23.02139908948808,3.741255617617978,0.22177003378984836,53.551062911236734,23
642,7,44.34141988273311,22.723872178477688,0.22083263860521984,27.856896415063034,31
642,16,32.58253581381519,37.045970603486886,0.22080478767962206,21.706564359261378,21
642,20,43.715191887233075,83.26781960578374,0.22104244311458807,33.85626432932715,26
642,89,89.1677266254914,74.86080194569492,0.2225597908346752,46.391489331474325,22
643,8,55.45847870158348,6.381725610417533,0.2202904565385721,43.9584900839479,30
643,18,12.992150533547164,47.57049262259338,0.22127288637347267,37.08751040752812,35
643,79,72.69946142868827,76.8647491917657,0.2203963708608255,35.170730704507434,35
644,50,90.8580690707607,69.97071338107496,0.22040082885176232,45.47759009820221,17
644,62,4.161417386189248,49.39908192445189,0.2203207677367231,45.84252129384545,22
644,63,32.98612123327853,14.45241888660469,0.21983352419177796,39.40942265121521,29
644,71,93.78264549749828,57.17280523760754,0.21995394910672944,44.366306830028755,14
644,88,43.509706000303794,99.2375564055837,0.21991413401958956,49.66347628786701,18
645,11,97.06980243949033,89.31211213221977,0.25017197687677706,61.327061416546535,21
645,33,55.92071607454135,30.39500980626122,0.21955765494319707,20.47951462637545,35
645,57,17.67727829392317,85.66142840923754,0.2195664627320658,48.12998872507312,26
645,97,15.328431662449404,17.926830815773908,0.21950591539156625,47.23140726789146,18
646,0,77.39560485559633,43.88784397520523,0.21899120352547416,28.069157747880652,17
646,6,64.38651200806646,82.276161327083,0.21900487385429465,35.33726528425946,22
646,42,2.2712073133860478,9.004786077564175,0.2707152467128413,62.91776550282162,10
646,46,44.61562755740307,38.10212260964825,0.21896737848614334,13.059515802526548,32
646,86,25.596509056760276,93.60435700489633,0.22050340107602748,49.96869339923984,19
647,5,37.07980242325812,92.67649888486018,0.21878095558029156,44.589405271785346,15
647,10,75.80877400853738,35.45259681298683,0.21862891685107744,29.626335502543604,18
647,74,43.89114603050467,2.1612079880330426,0.2194806579241133,48.22725492898028,18
647,85,29.091783814011862,51.50571292317145,0.21862700499230173,20.962363308725994,27
647,92,77.2012432110988,66.16612631677611,0.2187149556611776,31.642554769160306,22
648,21,70.0265102002249,31.236664138204105,0.2186309628800008,27.443102657357606,20
648,37,5.830274168906602,28.138389202199654,0.21830357214222543,49.28381789866183,23
648,65,17.05929685368861,92.51201183767972,0.22133782903561,53.78067565827367,22
648,83,82.97897431324131,80.82514720643019,0.21849955438284002,45.142025287436105,23
648,94,74.6789611349026,26.246051592286467,0.2182829884763357,34.2534843140716,12
649,2,9.417734788764953,97.5622351636756,0.282204995609958,62.52268758970457,25
649,42,2.2712073133860478,9.004786077564175,0.2678705882807947,62.91776550282162,26
649,75,82.62919241943578,89.61607718397667,0.2181551805136941,51.32346217268826,25
649,95,93.68131505337793,24.097057500568475,0.2189592647876354,50.78404980819585,24
650,47,30.151208914787652,63.028259311888846,0.2173867219605862,23.742578803538244,24
650,58,75.85195298352102,71.94629559509367,0.21740999769738711,33.911109734265686,25
650,70,48.66583308381603,49.07069943545209,0.21726142021422035,1.6259154035523802,32
650,73,33.15689973425522,52.06724024715378,0.2172628483837661,16.969487582168895,19
651,29,13.979699812765745,11.453007353597345,0.21684802883868895,52.75729966232435,12
651,36,85.34030732681661,23.393948586534073,0.21702045395939246,44.23595024151556,13
651,59,43.20930397751037,62.73088407024432,0.21687187100193286,14.428754682225943,26
651,72,47.348940105695384,26.69756630918936,0.21693845941257775,23.45275110680658,22
651,98,59.93827915208435,87.45620408374644,0.21687773013975142,38.7522466041392,27
652,1,85.85979199113825,69.73680290593639,0.21699738019593107,40.93245742189787,24
652,23,38.74783790301745,28.83281039302441,0.21642613583645165,23.97208934812371,32
652,54,9.63909621534993,90.26023965438416,0.21737864670255339,57.007801670843506,22
652,82,55.48524693914834,37.092228386243875,0.21633970888928108,14.024924314103254,22
653,28,45.891577553834,56.87411959528937,0.2159214967146506,8.008286658611938,25
653,51,26.586996145951957,96.91763773477238,0.21894381207423202,52.4350405748008,14
653,56,30.59566241506525,57.9219568941896,0.21607311246830993,20.959144022204473,21
653,66,58.106113970039495,34.686980453483706,0.21592865014937418,17.32621283856514,17
653,91,51.885836038644904,31.5929051830793,0.216005180998948,18.503446088871144,23
654,3,76.1139701990353,78.60643052769538,0.21563508612916885,38.73328422806367,22
654,30,66.84029617904716,47.10962061431325,0.21568989611812867,17.08654056242027,17
654,53,44.93615021437887,27.224156184515902,0.21549967056712932,23.331987402676617,26
654,84,31.713889282271534,95.28993950697449,0.2186332073522486,48.842199640540684,21
654,93,37.36577288737101,9.446666806151526,0.21569831500551742,42.47583463411616,14
655,19,22.69093490508841,66.98139946825104,0.21517329504872146,32.15824877474573,25
655,22,83.2259801395201,80.47643574968019,0.21514611269841477,45.086349289293416,25
655,35,21.45846728195292,40.852864372463614,0.2151458162512718,29.97147277135205,16
655,41,81.40203846660347,16.697291990770392,0.21588124117119245,45.772900067682514,13
655,55,45.57762898336111,20.236336479523032,0.21507397802355308,30.09041428044784,21
656,31,56.52361064811888,76.49988574160255,0.21463916684402476,27.291050551531363,18
656,64,10.340296772255165,58.7644572177712,0.21487575360763847,40.616594766609076,24
656,69,78.27352272502863,8.272999992243857,0.21462541239015082,50.40371630078472,16
656,89,89.1677266254914,74.86080194569492,0.21481453880752707,46.391489331474325,19
656,99,19.643466571457324,31.03236729000948,0.21477589695119068,35.795114365222126,23
657,17,46.95558112758079,18.94713590842857,0.21442658186264182,31.201744415342365,36
657,60,58.40979689127356,64.984660155482,0.21425914549560016,17.183268714879727,32
657,78,28.123378383900832,65.94226346919018,0.21421374314767,27.06921383888075,32
658,13,46.67210037270342,4.380376578722878,0.21387820616281647,45.740845609023204,35
658,27,70.51653786263351,78.07290310219679,0.21396774188540296,34.77091046340611,33
658,45,15.231210271316842,69.6320375077736,0.21467220494574385,39.92850655739597,32
659,34,3.0817834567939406,43.671738923236234,0.2142532366468091,47.34306635454508,20
659,43,72.23593505964503,46.18772302513874,0.21357263629053935,22.560369316786645,20
659,50,90.8580690707607,69.97071338107496,0.21346396785644872,45.47759009820221,22
659,65,17.05929685368861,92.51201183767972,0.21412969909747476,53.78067565827367,19
659,67,59.091549148141674,2.28038710296975,0.21385296183284366,48.577955092361506,19
660,14,15.428949206754783,68.30489532424546,0.2135088591817643,39.11811275842336,27
660,24,68.24955039749754,13.97524836093098,0.212994689758084,40.38352164395039,19
660,26,78.69243775021384,66.48508565920321,0.2135193167082027,33.09099625640128,25
660,86,25.596509056760276,93.60435700489633,0.21336476209288635,49.96869339923984,12
660,94,74.6789611349026,26.246051592286467,0.2131570902537036,34.2534843140716,17
661,4,12.811363267554587,45.038593789556714,0.21301024769863255,37.51813233095184,25
661,12,77.83834970737618,19.463870785196757,0.21277577781394463,41.321046717784526,14
661,39,55.70321523412783,78.38982091064135,0.21258492341452004,28.957012887124193,18
661,48,36.18126105533904,8.7649919316101,0.21312405073135424,43.488888654699714,21
661,52,77.87509039657947,71.68901891589957,0.21264241098627543,35.31903461522874,22
662,5,37.07980242325812,92.67649888486018,0.21228206235506314,44.589405271785346,15
662,9,82.7631171992582,63.166439912206485,0.21264052164620426,35.30972937554283,21
662,32,63.47183200005908,55.35794006579958,0.21201758892212347,14.498199170466526,19
662,74,43.89114603050467,2.1612079880330426,0.21219450993302533,48.22725492898028,23
662,76,14.024908899861078,55.40361435390494,0.21240210238579263,36.37865071369501,22
663,0,77.39560485559633,43.88784397520523,0.21168089121654993,28.069157747880652,23
663,15,74.47621559078172,96.750973243421,0.21408812538458794,52.77062278250554,18
663,16,32.58253581381519,37.045970603486886,0.2117166348954071,21.706564359261378,22
663,77,10.857574113544356,67.22400930398116,0.21315858545037236,42.76442447619636,24
663,81,23.02139908948808,3.741255617617978,0.21171979976561406,53.551062911236734,13
664,10,75.80877400853738,35.45259681298683,0.2111239209799903,29.626335502543604,12
664,29,13.979699812765745,11.453007353597345,0.2111911826653512,52.75729966232435,21
664,40,66.43135403273875,40.63868614400705,0.21133572133734516,18.91093843413398,24
664,49,11.800590212051532,96.18976645495145,0.25224219309037427,59.93904765101437,22
664,71,93.78264549749828,57.17280523760754,0.21247643760587084,44.366306830028755,21
665,36,85.34030732681661,23.393948586534073,0.2110963475635227,44.23595024151556,16
665,62,4.161417386189248,49.39908192445189,0.2107199917751152,45.84252129384545,22
665,68,95.85592132414453,48.23034369429002,0.21217675611820216,45.890055610409455,19
665,88,43.509706000303794,99.2375564055837,0.21124751459254226,49.66347628786701,22
665,97,15.328431662449404,17.926830815773908,0.21108895373909478,47.23140726789146,21
666,21,70.0265102002249,31.236664138204105,0.2105252451842814,27.443102657357606,31
666,61,8.44443211398891,41.58074021706096,0.2103114682075931,42.399872141570086,20
666,84,31.713889282271534,95.28993950697449,0.2114541937794606,48.842199640540684,18
666,87,16.460781758201815,4.491061939232899,0.2104558259863344,56.53266846425794,11
666,90,89.07924908785249,89.34466396978632,0.2133911351448336,55.45439831217919,20
667,11,97.06980243949033,89.31211213221977,0.2404393132794667,61.327061416546535,17
667,20,43.715191887233075,83.26781960578374,0.20991642915742353,33.85626432932715,22
667,41,81.40203846660347,16.697291990770392,0.210471413689269,45.772900067682514,16
667,44,16.127177903360177,50.10447751033635,0.21064573032678824,33.87298322174735,23
667,93,37.36577288737101,9.446666806151526,0.20995966873579816,42.47583463411616,22
668,6,64.38651200806646,82.276161327083,0.20952453765190723,35.33726528425946,12
668,25,19.990820247510833,0.7362269751005512,0.21411637650957938,57.684228365004735,22
668,38,29.35937577666836,66.1916514726895,0.2095836872194662,26.233660547888334,25
668,51,26.586996145951957,96.91763773477238,0.21264669006615436,52.4350405748008,12
668,92,77.2012432110988,66.16612631677611,0.20954169819110363,31.642554769160306,29
669,11,97.06980243949033,89.31211213221977,0.2363116530887799,61.327061416546535,19
669,42,2.2712073133860478,9.004786077564175,0.25716644248316384,62.91776550282162,25
669,51,26.586996145951957,96.91763773477238,0.20989671272695112,52.4350405748008,15
669,80,10.774094595589656,91.60118451376078,0.2148431553586096,57.17805704764476,17
669,95,93.68131505337793,24.097057500568475,0.20898813016804846,50.78404980819585,24
670,30,66.84029617904716,47.10962061431325,0.20858107538528517,17.08654056242027,31
670,35,21.45846728195292,40.852864372463614,0.2085123993433893,29.97147277135205,19
670,66,58.106113970039495,34.686980453483706,0.2085742421726441,17.32621283856514,24
670,73,33.15689973425522,52.06724024715378,0.20882146382332795,16.969487582168895,26
671,15,74.47621559078172,96.750973243421,0.20833122037815352,52.77062278250554,31
671,25,19.990820247510833,0.7362269751005512,0.20866352360805454,57.684228365004735,36
671,57,17.67727829392317,85.66142840923754,0.20830341279483378,48.12998872507312,33
672,37,5.830274168906602,28.138389202199654,0.20782404676738306,49.28381789866183,17
672,72,47.348940105695384,26.69756630918936,0.207596131255148,23.45275110680658,37
672,83,82.97897431324131,80.82514720643019,0.20837069090459737,45.142025287436105,25
672,86,25.596509056760276,93.60435700489633,0.20821924660264973,49.96869339923984,21
673,1,85.85979199113825,69.73680290593639,0.20731948881623735,40.93245742189787,26
673,7,44.34141988273311,22.723872178477688,0.20735944924632171,27.856896415063034,26
673,47,30.151208914787652,63.028259311888846,0.20719225866123764,23.742578803538244,24
673,56,30.59566241506525,57.9219568941896,0.20716112248534757,20.959144022204473,14
673,69,78.27352272502863,8.272999992243857,0.20713765226387648,50.40371630078472,10
674,31,56.52361064811888,76.49988574160255,0.20679820345963956,27.291050551531363,30
674,82,55.48524693914834,37.092228386243875,0.20670604126495565,14.024924314103254,36
674,85,29.091783814011862,51.50571292317145,0.2068290214316675,20.962363308725994,34
675,3,76.1139701990353,78.60643052769538,0.20643387724487264,38.73328422806367,24
675,12,77.83834970737618,19.463870785196757,0.2065758848307898,41.321046717784526,21
675,18,12.992150533547164,47.57049262259338,0.2066178767598477,37.08751040752812,20
675,81,23.02139908948808,3.741255617617978,0.20628789919911913,53.551062911236734,16
675,96,12.275793241148602,83.11126721249062,0.2097139765916176,50.19434023873136,19
676,34,3.0817834567939406,43.671738923236234,0.20616574346748756,47.34306635454508,16
676,55,45.57762898336111,20.236336479523032,0.2059604992171033,30.09041428044784,18
676,58,75.85195298352102,71.94629559509367,0.2065031869134267,33.911109734265686,26
676,65,17.05929685368861,92.51201183767972,0.20624269470546433,53.78067565827367,19
676,91,51.885836038644904,31.5929051830793,0.2059574109586936,18.503446088871144,21
677,5,37.07980242325812,92.67649888486018,0.20580682175854476,44.589405271785346,13
677,10,75.80877400853738,35.45259681298683,0.20569145806115569,29.626335502543604,19
677,59,43.20930397751037,62.73088407024432,0.2054217384460837,14.428754682225943,22
677,63,32.98612123327853,14.45241888660469,0.20638149537227118,39.40942265121521,25
677,79,72.69946142868827,76.8647491917657,0.2055834347600086,35.170730704507434,21
678,8,55.45847870158348,6.381725610417533,0.205846922122013,43.9584900839479,15
678,39,55.70321523412783,78.38982091064135,0.2049807991155343,28.957012887124193,21
678,43,72.23593505964503,46.18772302513874,0.20512611864754435,22.560369316786645,23
678,96,12.275793241148602,83.11126721249062,0.2050004781825467,50.19434023873136,18
678,99,19.643466571457324,31.03236729000948,0.20499350417107018,35.795114365222126,23
679,6,64.38651200806646,82.276161327083,0.2046621448227374,35.33726528425946,28
679,28,45.891577553834,56.87411959528937,0.20466962902588914,8.008286658611938,25
679,33,55.92071607454135,30.39500980626122,0.20455023734261302,20.47951462637545,28
679,46,44.61562755740307,38.10212260964825,0.20461931969619637,13.059515802526548,19
680,19,22.69093490508841,66.98139946825104,0.20443798806959826,32.15824877474573,20
680,53,44.93615021437887,27.224156184515902,0.2041948076322793,23.331987402676617,26
680,64,10.340296772255165,58.7644572177712,0.20448986070472014,40.616594766609076,11
680,94,74.6789611349026,26.246051592286467,0.205141215222863,34.2534843140716,17
680,98,59.93827915208435,87.45620408374644,0.2046111105658668,38.7522466041392,26
681,2,9.417734788764953,97.5622351636756,0.2691391933602148,62.52268758970457,19
681,9,82.7631171992582,63.166439912206485,0.2039969618860173,35.30972937554283,20
681,24,68.24955039749754,13.97524836093098,0.20423101359132054,40.38352164395039,20
681,32,63.47183200005908,55.35794006579958,0.20372009881629247,14.498199170466526,22
681,87,16.460781758201815,4.491061939232899,0.20463952053223158,56.53266846425794,19
682,26,78.69243775021384,66.48508565920321,0.20344553345351046,33.09099625640128,19
682,48,36.18126105533904,8.7649919316101,0.20406487080980332,43.488888654699714,28
682,52,77.87509039657947,71.68901891589957,0.20345141139154846,35.31903461522874,18
682,76,14.024908899861078,55.40361435390494,0.2032651654638047,36.37865071369501,18
682,77,10.857574113544356,67.22400930398116,0.20377983402347097,42.76442447619636,17
683,4,12.811363267554587,45.038593789556714,0.20279480742133874,37.51813233095184,24
683,41,81.40203846660347,16.697291990770392,0.20324647589241746,45.772900067682514,14
683,50,90.8580690707607,69.97071338107496,0.20349772121914653,45.47759009820221,20
683,70,48.66583308381603,49.07069943545209,0.20290178863863031,1.6259154035523802,27
683,84,31.713889282271534,95.28993950697449,0.20381122004626948,48.842199640540684,15
684,16,32.58253581381519,37.045970603486886,0.20237142808477113,21.706564359261378,23
684,23,38.74783790301745,28.83281039302441,0.20249832630869052,23.97208934812371,22
684,36,85.34030732681661,23.393948586534073,0.20324402142263806,44.23595024151556,14
684,49,11.800590212051532,96.18976645495145,0.24284745228607324,59.93904765101437,17
684,89,89.1677266254914,74.86080194569492,0.2046844675498039,46.391489331474325,24
685,14,15.428949206754783,68.30489532424546,0.20225050743659828,39.11811275842336,23
685,22,83.2259801395201,80.47643574968019,0.20335675677812284,45.086349289293416,27
685,29,13.979699812765745,11.453007353597345,0.2019518987348225,52.75729966232435,18
685,51,26.586996145951957,96.91763773477238,0.2030866101100801,52.4350405748008,12
685,69,78.27352272502863,8.272999992243857,0.20233420497133306,50.40371630078472,20
686,0,77.39560485559633,43.88784397520523,0.2016395865047348,28.069157747880652,23
686,61,8.44443211398891,41.58074021706096,0.20155720101313018,42.399872141570086,19
686,71,93.78264549749828,57.17280523760754,0.2029317339076988,44.366306830028755,21
686,74,43.89114603050467,2.1612079880330426,0.20176756997579678,48.22725492898028,18
686,80,10.774094595589656,91.60118451376078,0.20733401123024423,57.17805704764476,19
687,40,66.43135403273875,40.63868614400705,0.20111988470629,18.91093843413398,23
687,45,15.231210271316842,69.6320375077736,0.20146913606674266,39.92850655739597,19
687,56,30.59566241506525,57.9219568941896,0.2012181940175269,20.959144022204473,19
687,67,59.091549148141674,2.28038710296975,0.20332484900361003,48.577955092361506,17
687,75,82.62919241943578,89.61607718397667,0.20432718695414018,51.32346217268826,22
688,11,97.06980243949033,89.31211213221977,0.22774095834639568,61.327061416546535,18
688,49,11.800590212051532,96.18976645495145,0.23832541036892696,59.93904765101437,23
688,68,95.85592132414453,48.23034369429002,0.2026662742478795,45.890055610409455,18
688,93,37.36577288737101,9.446666806151526,0.2006299858647296,42.47583463411616,23
688,97,15.328431662449404,17.926830815773908,0.20146103434836035,47.23140726789146,18
689,8,55.45847870158348,6.381725610417533,0.2002965962859185,43.9584900839479,27
689,27,70.51653786263351,78.07290310219679,0.20018281760556395,34.77091046340611,22
689,44,16.127177903360177,50.10447751033635,0.2008801410967422,33.87298322174735,16
689,60,58.40979689127356,64.984660155482,0.20020794462751085,17.183268714879727,14
689,78,28.123378383900832,65.94226346919018,0.2002818470074571,27.06921383888075,21
690,20,43.715191887233075,83.26781960578374,0.20003735135520034,33.85626432932715,24
690,42,2.2712073133860478,9.004786077564175,0.24647228781510178,62.91776550282162,22
690,64,10.340296772255165,58.7644572177712,0.20001343282340922,40.616594766609076,27
690,90,89.07924908785249,89.34466396978632,0.2037684131299794,55.45439831217919,27
691,5,37.07980242325812,92.67649888486018,0.19994031170641108,44.589405271785346,26
691,34,3.0817834567939406,43.671738923236234,0.19935130409326365,47.34306635454508,15
691,42,2.2712073133860478,9.004786077564175,0.24147394200646705,62.91776550282162,21
691,62,4.161417386189248,49.39908192445189,0.20013119766920273,45.84252129384545,16
691,88,43.509706000303794,99.2375564055837,0.2004987639634594,49.66347628786701,22
692,11,97.06980243949033,89.31211213221977,0.22287602024566033,61.327061416546535,20
692,17,46.95558112758079,18.94713590842857,0.19888081388652548,31.201744415342365,34
692,35,21.45846728195292,40.852864372463614,0.19971282903751345,29.97147277135205,15
692,38,29.35937577666836,66.1916514726895,0.1989729625150972,26.233660547888334,17
692,86,25.596509056760276,93.60435700489633,0.19933061619887604,49.96869339923984,14
693,18,12.992150533547164,47.57049262259338,0.19846814675809993,37.08751040752812,35
693,55,45.57762898336111,20.236336479523032,0.19840964356665375,30.09041428044784,35
693,83,82.97897431324131,80.82514720643019,0.19851057907438913,45.142025287436105,30
694,13,46.67210037270342,4.380376578722878,0.19820601917527322,45.740845609023204,18
694,65,17.05929685368861,92.51201183767972,0.19817993680816842,53.78067565827367,15
694,73,33.15689973425522,52.06724024715378,0.19802186311590464,16.969487582168895,27
694,75,82.62919241943578,89.61607718397667,0.198084255232692,51.32346217268826,22
694,94,74.6789611349026,26.246051592286467,0.19811290799598247,34.2534843140716,18
695,11,97.06980243949033,89.31211213221977,0.2179064117622432,61.327061416546535,19
695,66,58.106113970039495,34.686980453483706,0.19778974383395187,17.32621283856514,32
695,67,59.091549148141674,2.28038710296975,0.1977628691056369,48.577955092361506,7
695,81,23.02139908948808,3.741255617617978,0.1983092067647484,53.551062911236734,17
695,84,31.713889282271534,95.28993950697449,0.197964018766987,48.842199640540684,25
696,10,75.80877400853738,35.45259681298683,0.19723943248478318,29.626335502543604,28
696,37,5.830274168906602,28.138389202199654,0.19874483383319755,49.28381789866183,23
696,92,77.2012432110988,66.16612631677611,0.19719248175648435,31.642554769160306,26
696,96,12.275793241148602,83.11126721249062,0.19721734352181064,50.19434023873136,23
697,47,30.151208914787652,63.028259311888846,0.1968086513578895,23.742578803538244,22
697,63,32.98612123327853,14.45241888660469,0.19664672734247368,39.40942265121521,15
697,79,72.69946142868827,76.8647491917657,0.19681701176482988,35.170730704507434,25
697,80,10.774094595589656,91.60118451376078,0.20078365127334555,57.17805704764476,12
697,91,51.885836038644904,31.5929051830793,0.19678951053965169,18.503446088871144,26
698,7,44.34141988273311,22.723872178477688,0.19631736297074628,27.856896415063034,20
698,21,70.0265102002249,31.236664138204105,0.19654661700162532,27.443102657357606,15
698,46,44.61562755740307,38.10212260964825,0.19632722089054852,13.059515802526548,22
698,51,26.586996145951957,96.91763773477238,0.1976812195495328,52.4350405748008,19
698,58,75.85195298352102,71.94629559509367,0.19622000879069565,33.911109734265686,24
699,39,55.70321523412783,78.38982091064135,0.19576820737100245,28.957012887124193,26
699,41,81.40203846660347,16.697291990770392,0.1962671211830739,45.772900067682514,19
699,59,43.20930397751037,62.73088407024432,0.1958148199480864,14.428754682225943,16
699,77,10.857574113544356,67.22400930398116,0.19644830490342421,42.76442447619636,22
699,87,16.460781758201815,4.491061939232899,0.19640034533478742,56.53266846425794,17
700,3,76.1139701990353,78.60643052769538,0.19601073026422933,38.73328422806367,13
700,19,22.69093490508841,66.98139946825104,0.1958460415582797,32.15824877474573,25
700,24,68.24955039749754,13.97524836093098,0.19553871851399252,40.38352164395039,30
700,26,78.69243775021384,66.48508565920321,0.1954802323886999,33.09099625640128,15
700,76,14.024908899861078,55.40361435390494,0.19552958949444882,36.37865071369501,17
701,12,77.83834970737618,19.463870785196757,0.19598673399696848,41.321046717784526,18
701,44,16.127177903360177,50.10447751033635,0.19491674803786765,33.87298322174735,21
701,52,77.87509039657947,71.68901891589957,0.19556798527691271,35.31903461522874,27
701,54,9.63909621534993,90.26023965438416,0.20163342136021406,57.007801670843506,13
701,99,19.643466571457324,31.03236729000948,0.19504778997910685,35.795114365222126,21
702,30,66.84029617904716,47.10962061431325,0.194653062013125,17.08654056242027,20
702,43,72.23593505964503,46.18772302513874,0.19475229188457716,22.560369316786645,23
702,57,17.67727829392317,85.66142840923754,0.19450769181120348,48.12998872507312,24
702,67,59.091549148141674,2.28038710296975,0.19475175744826345,48.577955092361506,14
702,97,15.328431662449404,17.926830815773908,0.19450894358737067,47.23140726789146,19
703,32,63.47183200005908,55.35794006579958,0.19410950495299528,14.498199170466526,23
703,35,21.45846728195292,40.852864372463614,0.1941763422389545,29.97147277135205,24
703,54,9.63909621534993,90.26023965438416,0.1984399953247205,57.007801670843506,15
703,60,58.40979689127356,64.984660155482,0.19420964575538158,17.183268714879727,19
703,74,43.89114603050467,2.1612079880330426,0.1940801086084142,48.22725492898028,19
704,29,13.979699812765745,11.453007353597345,0.193749704507273,52.75729966232435,19
704,31,56.52361064811888,76.49988574160255,0.19370597706817433,27.291050551531363,21
704,36,85.34030732681661,23.393948586534073,0.19535393149013083,44.23595024151556,19
704,50,90.8580690707607,69.97071338107496,0.19457615235142386,45.47759009820221,16
704,62,4.161417386189248,49.39908192445189,0.19376917812992397,45.84252129384545,25
705,28,45.891577553834,56.87411959528937,0.19350309695354667,8.008286658611938,25
705,45,15.231210271316842,69.6320375077736,0.19355407223861099,39.92850655739597,18
705,61,8.44443211398891,41.58074021706096,0.19335599280783225,42.399872141570086,19
705,68,95.85592132414453,48.23034369429002,0.19454965144094177,45.890055610409455,19
705,98,59.93827915208435,87.45620408374644,0.1933533073403156,38.7522466041392,19
706,9,82.7631171992582,63.166439912206485,0.1942880417147,35.30972937554283,32
706,23,38.74783790301745,28.83281039302441,0.19283823019748883,23.97208934812371,33
706,56,30.59566241506525,57.9219568941896,0.19304479514117417,20.959144022204473,35
707,6,64.38651200806646,82.276161327083,0.1924995354931713,35.33726528425946,19
707,14,15.428949206754783,68.30489532424546,0.1926172267644989,39.11811275842336,19
707,48,36.18126105533904,8.7649919316101,0.19246856967047535,43.488888654699714,23
707,71,93.78264549749828,57.17280523760754,0.19352912047605034,44.366306830028755,20
707,85,29.091783814011862,51.50571292317145,0.1923564154906349,20.962363308725994,19
708,16,32.58253581381519,37.045970603486886,0.19220611637400534,21.706564359261378,12
708,33,55.92071607454135,30.39500980626122,0.19203685821429806,20.47951462637545,20
708,38,29.35937577666836,66.1916514726895,0.1919475074564789,26.233660547888334,32
708,53,44.93615021437887,27.224156184515902,0.19233868979263596,23.331987402676617,15
708,89,89.1677266254914,74.86080194569492,0.19429325149484136,46.391489331474325,21
709,0,77.39560485559633,43.88784397520523,0.1914733835667827,28.069157747880652,14
709,1,85.85979199113825,69.73680290593639,0.1939731622107331,40.93245742189787,22
709,4,12.811363267554587,45.038593789556714,0.1920658339247506,37.51813233095184,14
709,72,47.348940105695384,26.69756630918936,0.19142462396022106,23.45275110680658,24
709,78,28.123378383900832,65.94226346919018,0.19153475001405942,27.06921383888075,26
710,3,76.1139701990353,78.60643052769538,0.1911691365283976,38.73328422806367,23
710,34,3.0817834567939406,43.671738923236234,0.1918993776669486,47.34306635454508,17
710,40,66.43135403273875,40.63868614400705,0.19100904279863312,18.91093843413398,24
710,70,48.66583308381603,49.07069943545209,0.1910732997177217,1.6259154035523802,20
710,80,10.774094595589656,91.60118451376078,0.19528971497314887,57.17805704764476,16
711,21,70.0265102002249,31.236664138204105,0.1905891622329096,27.443102657357606,13
711,22,83.2259801395201,80.47643574968019,0.1919727153830328,45.086349289293416,22
711,65,17.05929685368861,92.51201183767972,0.19124284040543008,53.78067565827367,23
711,82,55.48524693914834,37.092228386243875,0.190741715101086,14.024924314103254,21
711,93,37.36577288737101,9.446666806151526,0.19056849886377963,42.47583463411616,21
712,13,46.67210037270342,4.380376578722878,0.19024432851241377,45.740845609023204,15
712,27,70.51653786263351,78.07290310219679,0.19060097331493467,34.77091046340611,26
712,37,5.830274168906602,28.138389202199654,0.1901818740435631,49.28381789866183,18
712,86,25.596509056760276,93.60435700489633,0.19191029361385248,49.96869339923984,21
712,94,74.6789611349026,26.246051592286467,0.1904071853304935,34.2534843140716,20
713,20,43.715191887233075,83.26781960578374,0.18976520995285484,33.85626432932715,20
713,25,19.990820247510833,0.7362269751005512,0.19091602036952957,57.684228365004735,24
713,54,9.63909621534993,90.26023965438416,0.19295451203657443,57.007801670843506,17
713,69,78.27352272502863,8.272999992243857,0.19110121689808565,50.40371630078472,20
713,90,89.07924908785249,89.34466396978632,0.1927551146784156,55.45439831217919,19
714,26,78.69243775021384,66.48508565920321,0.1894000249228041,33.09099625640128,52
714,63,32.98612123327853,14.45241888660469,0.1897786969112445,39.40942265121521,48
715,12,77.83834970737618,19.463870785196757,0.18892614231551652,41.321046717784526,21
715,50,90.8580690707607,69.97071338107496,0.18888093315695711,45.47759009820221,18
715,59,43.20930397751037,62.73088407024432,0.18898934232636427,14.428754682225943,28
715,87,16.460781758201815,4.491061939232899,0.1890022318669708,56.53266846425794,17
715,88,43.509706000303794,99.2375564055837,0.190068356062758,49.66347628786701,16
716,36,85.34030732681661,23.393948586534073,0.1885656609725697,44.23595024151556,16
716,64,10.340296772255165,58.7644572177712,0.18838895239358647,40.616594766609076,16
716,67,59.091549148141674,2.28038710296975,0.1885042271674039,48.577955092361506,19
716,75,82.62919241943578,89.61607718397667,0.18852879991891308,51.32346217268826,25
716,76,14.024908899861078,55.40361435390494,0.18837242430476078,36.37865071369501,24
717,2,9.417734788764953,97.5622351636756,0.25659986778462973,62.52268758970457,25
717,8,55.45847870158348,6.381725610417533,0.18808359506732159,43.9584900839479,17
717,11,97.06980243949033,89.31211213221977,0.2086654481274862,61.327061416546535,23
717,41,81.40203846660347,16.697291990770392,0.18808635814111166,45.772900067682514,15
717,81,23.02139908948808,3.741255617617978,0.18965654658097658,53.551062911236734,20
718,5,37.07980242325812,92.67649888486018,0.18817796331711378,44.589405271785346,16
718,7,44.34141988273311,22.723872178477688,0.18765520857679904,27.856896415063034,31
718,16,32.58253581381519,37.045970603486886,0.18747966142657602,21.706564359261378,13
718,47,30.151208914787652,63.028259311888846,0.18748255886841625,23.742578803538244,17
718,89,89.1677266254914,74.86080194569492,0.18772337066054,46.391489331474325,23
719,42,2.2712073133860478,9.004786077564175,0.2301054667971453,62.91776550282162,23
719,68,95.85592132414453,48.23034369429002,0.1872874226407451,45.890055610409455,24
719,84,31.713889282271534,95.28993950697449,0.1871072500456133,48.842199640540684,14
719,95,93.68131505337793,24.097057500568475,0.19129861592094252,50.78404980819585,17
719,96,12.275793241148602,83.11126721249062,0.18713914900626996,50.19434023873136,22
720,1,85.85979199113825,69.73680290593639,0.18696227249430314,40.93245742189787,24
720,42,2.2712073133860478,9.004786077564175,0.22488712098851057,62.91776550282162,21
720,77,10.857574113544356,67.22400930398116,0.18707092225422686,42.76442447619636,22
720,79,72.69946142868827,76.8647491917657,0.1865950077570646,35.170730704507434,21
720,80,10.774094595589656,91.60118451376078,0.18949797841988822,57.17805704764476,12
721,4,12.811363267554587,45.038593789556714,0.1862825949636017,37.51813233095184,23
721,46,44.61562755740307,38.10212260964825,0.18635996309408612,13.059515802526548,12
721,51,26.586996145951957,96.91763773477238,0.1883270507044747,52.4350405748008,16
721,53,44.93615021437887,27.224156184515902,0.1862290682419599,23.331987402676617,24
721,71,93.78264549749828,57.17280523760754,0.18615587841959363,44.366306830028755,25
722,30,66.84029617904716,47.10962061431325,0.18593990240693614,17.08654056242027,23
722,60,58.40979689127356,64.984660155482,0.18591642488419777,17.183268714879727,26
722,73,33.15689973425522,52.06724024715378,0.18599481935464046,16.969487582168895,25
722,99,19.643466571457324,31.03236729000948,0.18600982578903527,35.795114365222126,26
723,10,75.80877400853738,35.45259681298683,0.18535956502075313,29.626335502543604,14
723,49,11.800590212051532,96.18976645495145,0.22520250396803332,59.93904765101437,21
723,91,51.885836038644904,31.5929051830793,0.18538848796318314,18.503446088871144,22
723,92,77.2012432110988,66.16612631677611,0.1859212959700574,31.642554769160306,24
723,97,15.328431662449404,17.926830815773908,0.18584154382323212,47.23140726789146,19
724,19,22.69093490508841,66.98139946825104,0.18521187811146603,32.15824877474573,25
724,21,70.0265102002249,31.236664138204105,0.18502581764980483,27.443102657357606,25
724,43,72.23593505964503,46.18772302513874,0.18502735307763687,22.560369316786645,28
724,44,16.127177903360177,50.10447751033635,0.18527714763430309,33.87298322174735,22
725,0,77.39560485559633,43.88784397520523,0.18507585929032982,28.069157747880652,25
725,61,8.44443211398891,41.58074021706096,0.18475108507558932,42.399872141570086,20
725,74,43.89114603050467,2.1612079880330426,0.18486920814654031,48.22725492898028,18
725,86,25.596509056760276,93.60435700489633,0.18443032072268886,49.96869339923984,17
725,98,59.93827915208435,87.45620408374644,0.18476844262840794,38.7522466041392,20
726,17,46.95558112758079,18.94713590842857,0.1840143755967179,31.201744415342365,21
726,31,56.52361064811888,76.49988574160255,0.1843305733202397,27.291050551531363,26
726,45,15.231210271316842,69.6320375077736,0.185079707541379,39.92850655739597,19
726,66,58.106113970039495,34.686980453483706,0.1840912715741875,17.32621283856514,19
726,85,29.091783814011862,51.50571292317145,0.184069556304057,20.962363308725994,15
727,13,46.67210037270342,4.380376578722878,0.18363187423193095,45.740845609023204,19
727,14,15.428949206754783,68.30489532424546,0.1841356223102619,39.11811275842336,23
727,32,63.47183200005908,55.35794006579958,0.1838757662059963,14.498199170466526,18
727,35,21.45846728195292,40.852864372463614,0.18378753301904227,29.97147277135205,17
727,52,77.87509039657947,71.68901891589957,0.1842553056989596,35.31903461522874,23
728,18,12.992150533547164,47.57049262259338,0.1831076020159235,37.08751040752812,27
728,33,55.92071607454135,30.39500980626122,0.1833938490070292,20.47951462637545,19
728,39,55.70321523412783,78.38982091064135,0.1837733781617139,28.957012887124193,16
728,55,45.57762898336111,20.236336479523032,0.18312429033468125,30.09041428044784,18
728,58,75.85195298352102,71.94629559509367,0.18474733895794973,33.911109734265686,20
729,6,64.38651200806646,82.276161327083,0.18362520648626338,35.33726528425946,23
729,28,45.891577553834,56.87411959528937,0.18277127662961065,8.008286658611938,26
729,34,3.0817834567939406,43.671738923236234,0.18383158825664814,47.34306635454508,21
729,51,26.586996145951957,96.91763773477238,0.18304977044716764,52.4350405748008,12
729,69,78.27352272502863,8.272999992243857,0.18291863440559084,50.40371630078472,18
730,9,82.7631171992582,63.166439912206485,0.1822894178400636,35.30972937554283,23
730,24,68.24955039749754,13.97524836093098,0.1822957026792932,40.38352164395039,18
730,37,5.830274168906602,28.138389202199654,0.18234563603555398,49.28381789866183,17
730,57,17.67727829392317,85.66142840923754,0.18311960582167758,48.12998872507312,20
730,70,48.66583308381603,49.07069943545209,0.18230377973534062,1.6259154035523802,22
731,16,32.58253581381519,37.045970603486886,0.18193406919012586,21.706564359261378,20
731,48,36.18126105533904,8.7649919316101,0.18218356911860054,43.488888654699714,16
731,49,11.800590212051532,96.18976645495145,0.21882738116337216,59.93904765101437,17
731,82,55.48524693914834,37.092228386243875,0.18184130565752532,14.024924314103254,24
731,83,82.97897431324131,80.82514720643019,0.18389568168460516,45.142025287436105,23
732,5,37.07980242325812,92.67649888486018,0.18169089049883405,44.589405271785346,21
732,62,4.161417386189248,49.39908192445189,0.1819988250810735,45.84252129384545,19
732,90,89.07924908785249,89.34466396978632,0.18431777225385837,55.45439831217919,19
732,93,37.36577288737101,9.446666806151526,0.18143938734408507,42.47583463411616,21
732,94,74.6789611349026,26.246051592286467,0.18175481911103727,34.2534843140716,20
733,3,76.1139701990353,78.60643052769538,0.1813639740353057,38.73328422806367,21
733,20,43.715191887233075,83.26781960578374,0.18099806279718134,33.85626432932715,16
733,36,85.34030732681661,23.393948586534073,0.18127795140279065,44.23595024151556,19
733,64,10.340296772255165,58.7644572177712,0.18129510226833842,40.616594766609076,24
733,81,23.02139908948808,3.741255617617978,0.18166667376963253,53.551062911236734,20
734,2,9.417734788764953,97.5622351636756,0.24725284105302428,62.52268758970457,18
734,22,83.2259801395201,80.47643574968019,0.18233807822916828,45.086349289293416,22
734,40,66.43135403273875,40.63868614400705,0.18067935370863247,18.91093843413398,16
734,46,44.61562755740307,38.10212260964825,0.1810638447508334,13.059515802526548,22
734,72,47.348940105695384,26.69756630918936,0.18071303034532804,23.45275110680658,22
735,8,55.45847870158348,6.381725610417533,0.1803637943509187,43.9584900839479,24
735,27,70.51653786263351,78.07290310219679,0.1800933058654857,34.77091046340611,26
735,47,30.151208914787652,63.028259311888846,0.18016706775907898,23.742578803538244,17
735,78,28.123378383900832,65.94226346919018,0.18014906111402793,27.06921383888075,21
735,95,93.68131505337793,24.097057500568475,0.1838452983078303,50.78404980819585,12
736,10,75.80877400853738,35.45259681298683,0.1796855421958833,29.626335502543604,26
736,29,13.979699812765745,11.453007353597345,0.18232142097728,52.75729966232435,24
736,50,90.8580690707607,69.97071338107496,0.18048919278622924,45.47759009820221,24
736,65,17.05929685368861,92.51201183767972,0.18066332921549821,53.78067565827367,26
737,15,74.47621559078172,96.750973243421,0.1865736320039253,52.77062278250554,25
737,25,19.990820247510833,0.7362269751005512,0.18014915654660132,57.684228365004735,24
737,41,81.40203846660347,16.697291990770392,0.18032264370746046,45.772900067682514,25
737,49,11.800590212051532,96.18976645495145,0.21382099412504113,59.93904765101437,26
738,49,11.800590212051532,96.18976645495145,0.2079572865477087,59.93904765101437,20
738,67,59.091549148141674,2.28038710296975,0.17933414895009947,48.577955092361506,17
738,87,16.460781758201815,4.491061939232899,0.18001517640500653,56.53266846425794,20
738,88,43.509706000303794,99.2375564055837,0.18131968563420198,49.66347628786701,23
738,95,93.68131505337793,24.097057500568475,0.18067598099285068,50.78404980819585,20
739,12,77.83834970737618,19.463870785196757,0.1791505636466592,41.321046717784526,17
739,15,74.47621559078172,96.750973243421,0.18072363814628958,52.77062278250554,24
739,23,38.74783790301745,28.83281039302441,0.17836845985490712,23.97208934812371,32
739,42,2.2712073133860478,9.004786077564175,0.2156745121255654,62.91776550282162,8
739,80,10.774094595589656,91.60118451376078,0.18274388660125795,57.17805704764476,19
740,38,29.35937577666836,66.1916514726895,0.17787018127288898,26.233660547888334,20
740,56,30.59566241506525,57.9219568941896,0.17785597392522504,20.959144022204473,19
740,58,75.85195298352102,71.94629559509367,0.17792285551103057,33.911109734265686,22
740,79,72.69946142868827,76.8647491917657,0.17786622013799336,35.170730704507434,14
740,97,15.328431662449404,17.926830815773908,0.17796933202487922,47.23140726789146,25
741,39,55.70321523412783,78.38982091064135,0.17753944803667562,28.957012887124193,15
741,74,43.89114603050467,2.1612079880330426,0.17751314536952054,48.22725492898028,26
741,76,14.024908899861078,55.40361435390494,0.17762377406662438,36.37865071369501,20
741,85,29.091783814011862,51.50571292317145,0.17755114095408317,20.962363308725994,18
741,89,89.1677266254914,74.86080194569492,0.1777036381830337,46.391489331474325,21
742,11,97.06980243949033,89.31211213221977,0.19772883008606307,61.327061416546535,32
742,42,2.2712073133860478,9.004786077564175,0.2132750004029348,62.91776550282162,23
742,45,15.231210271316842,69.6320375077736,0.17756227274955305,39.92850655739597,20
742,51,26.586996145951957,96.91763773477238,0.1776894048697444,52.4350405748008,15
742,77,10.857574113544356,67.22400930398116,0.1775478705542647,42.76442447619636,10
743,1,85.85979199113825,69.73680290593639,0.1768160387766531,40.93245742189787,29
743,35,21.45846728195292,40.852864372463614,0.1766671558785144,29.97147277135205,37
743,59,43.20930397751037,62.73088407024432,0.1765905087697403,14.428754682225943,34
744,4,12.811363267554587,45.038593789556714,0.17631703916967403,37.51813233095184,18
744,30,66.84029617904716,47.10962061431325,0.17613316727263273,17.08654056242027,27
744,32,63.47183200005908,55.35794006579958,0.17617953514469809,14.498199170466526,9
744,44,16.127177903360177,50.10447751033635,0.17616450441774686,33.87298322174735,24
744,92,77.2012432110988,66.16612631677611,0.1762454540367737,31.642554769160306,22
745,2,9.417734788764953,97.5622351636756,0.24075191660882975,62.52268758970457,22
745,48,36.18126105533904,8.7649919316101,0.17568603108220265,43.488888654699714,17
745,66,58.106113970039495,34.686980453483706,0.17578255418635236,17.32621283856514,21
745,90,89.07924908785249,89.34466396978632,0.1773856461425574,55.45439831217919,22
745,91,51.885836038644904,31.5929051830793,0.17575645540293394,18.503446088871144,18
746,52,77.87509039657947,71.68901891589957,0.17530779051052425,35.31903461522874,28
746,53,44.93615021437887,27.224156184515902,0.175534830510445,23.331987402676617,11
746,55,45.57762898336111,20.236336479523032,0.17526319916120378,30.09041428044784,23
746,57,17.67727829392317,85.66142840923754,0.1753594129726356,48.12998872507312,16
746,73,33.15689973425522,52.06724024715378,0.17531579620351992,16.969487582168895,22
747,17,46.95558112758079,18.94713590842857,0.17487810086008893,31.201744415342365,18
747,33,55.92071607454135,30.39500980626122,0.17508339129380415,20.47951462637545,17
747,34,3.0817834567939406,43.671738923236234,0.17508352051040335,47.34306635454508,21
747,60,58.40979689127356,64.984660155482,0.17478369815839848,17.183268714879727,20
747,98,59.93827915208435,87.45620408374644,0.1756657893084749,38.7522466041392,24
748,6,64.38651200806646,82.276161327083,0.17460237206943705,35.33726528425946,22
748,13,46.67210037270342,4.380376578722878,0.1748148833214777,45.740845609023204,20
748,68,95.85592132414453,48.23034369429002,0.17530867809708672,45.890055610409455,16
748,84,31.713889282271534,95.28993950697449,0.17766264801751286,48.842199640540684,20
748,99,19.643466571457324,31.03236729000948,0.17476731315441618,35.795114365222126,22
749,7,44.34141988273311,22.723872178477688,0.17407034145317313,27.856896415063034,21
749,20,43.715191887233075,83.26781960578374,0.1740081769734542,33.85626432932715,23
749,21,70.0265102002249,31.236664138204105,0.17406194260783128,27.443102657357606,17
749,22,83.2259801395201,80.47643574968019,0.17441917296111553,45.086349289293416,19
749,61,8.44443211398891,41.58074021706096,0.17511933995274698,42.399872141570086,20
750,16,32.58253581381519,37.045970603486886,0.1734834597115458,21.706564359261378,27
750,19,22.69093490508841,66.98139946825104,0.17412146259760397,32.15824877474573,23
750,31,56.52361064811888,76.49988574160255,0.17350708499352177,27.291050551531363,26
750,40,66.43135403273875,40.63868614400705,0.17364631528496205,18.91093843413398,24
751,14,15.428949206754783,68.30489532424546,0.173936583225438,39.11811275842336,26
751,24,68.24955039749754,13.97524836093098,0.1735444726746062,40.38352164395039,20
751,37,5.830274168906602,28.138389202199654,0.17394565515791807,49.28381789866183,17
751,43,72.23593505964503,46.18772302513874,0.1730505934777259,22.560369316786645,18
751,75,82.62919241943578,89.61607718397667,0.1754184107202773,51.32346217268826,19
752,0,77.39560485559633,43.88784397520523,0.1737445546322268,28.069157747880652,17
752,32,63.47183200005908,55.35794006579958,0.17267972403141044,14.498199170466526,23
752,62,4.161417386189248,49.39908192445189,0.1732533461273242,45.84252129384545,16
752,70,48.66583308381603,49.07069943545209,0.17263814202157388,1.6259154035523802,24
752,77,10.857574113544356,67.22400930398116,0.17327067873644827,42.76442447619636,20
753,5,37.07980242325812,92.67649888486018,0.17247214194081503,44.589405271785346,16
753,9,82.7631171992582,63.166439912206485,0.17233505848226166,35.30972937554283,23
753,46,44.61562755740307,38.10212260964825,0.17215128368824717,13.059515802526548,27
753,47,30.151208914787652,63.028259311888846,0.17257311114127122,23.742578803538244,20
753,94,74.6789611349026,26.246051592286467,0.17269274620012992,34.2534843140716,14
754,12,77.83834970737618,19.463870785196757,0.1718261429152642,41.321046717784526,17
754,29,13.979699812765745,11.453007353597345,0.17304328271326067,52.75729966232435,16
754,79,72.69946142868827,76.8647491917657,0.17198804946391122,35.170730704507434,27
754,84,31.713889282271534,95.28993950697449,0.17203030371588154,48.842199640540684,23
754,93,37.36577288737101,9.446666806151526,0.17203642034469105,42.47583463411616,17
755,28,45.891577553834,56.87411959528937,0.1713619140080035,8.008286658611938,22
755,39,55.70321523412783,78.38982091064135,0.1713419076910803,28.957012887124193,17
755,53,44.93615021437887,27.224156184515902,0.17139028973116804,23.331987402676617,25
755,82,55.48524693914834,37.092228386243875,0.17136730545231801,14.024924314103254,17
755,83,82.97897431324131,80.82514720643019,0.17386219759956217,45.142025287436105,19
756,3,76.1139701990353,78.60643052769538,0.1720402200816943,38.73328422806367,21
756,18,12.992150533547164,47.57049262259338,0.171033833979876,37.08751040752812,14
756,71,93.78264549749828,57.17280523760754,0.17276575207204853,44.366306830028755,9
756,72,47.348940105695384,26.69756630918936,0.1711803448390052,23.45275110680658,31
756,78,28.123378383900832,65.94226346919018,0.17106539735742268,27.06921383888075,25
757,2,9.417734788764953,97.5622351636756,0.23304258513310142,62.52268758970457,22
757,36,85.34030732681661,23.393948586534073,0.17155100259878936,44.23595024151556,17
757,50,90.8580690707607,69.97071338107496,0.1707004623616521,45.47759009820221,20
757,69,78.27352272502863,8.272999992243857,0.17216639093361547,50.40371630078472,23
757,88,43.509706000303794,99.2375564055837,0.17191713354007265,49.66347628786701,18
758,64,10.340296772255165,58.7644572177712,0.1704680978717734,40.616594766609076,23
758,67,59.091549148141674,2.28038710296975,0.17087216266515648,48.577955092361506,25
758,71,93.78264549749828,57.17280523760754,0.1705001237207741,44.366306830028755,28
758,85,29.091783814011862,51.50571292317145,0.16998880952136045,20.962363308725994,24
759,11,97.06980243949033,89.31211213221977,0.18681166203586763,61.327061416546535,20
759,38,29.35937577666836,66.1916514726895,0.16951563235504172,26.233660547888334,22
759,41,81.40203846660347,16.697291990770392,0.1695803509160362,45.772900067682514,19
759,56,30.59566241506525,57.9219568941896,0.16969781491271504,20.959144022204473,20
759,81,23.02139908948808,3.741255617617978,0.1712243491832412,53.551062911236734,19
760,2,9.417734788764953,97.5622351636756,0.22753070562414154,62.52268758970457,13
760,8,55.45847870158348,6.381725610417533,0.16941389950384156,43.9584900839479,23
760,76,14.024908899861078,55.40361435390494,0.16918493906689194,36.37865071369501,27
760,89,89.1677266254914,74.86080194569492,0.16914408965766045,46.391489331474325,24
760,95,93.68131505337793,24.097057500568475,0.17090651468698895,50.78404980819585,13
761,4,12.811363267554587,45.038593789556714,0.16870174568061552,37.51813233095184,16
761,25,19.990820247510833,0.7362269751005512,0.1691052881925873,57.684228365004735,18
761,45,15.231210271316842,69.6320375077736,0.16914596675284221,39.92850655739597,24
761,58,75.85195298352102,71.94629559509367,0.16881693562769387,33.911109734265686,26
761,68,95.85592132414453,48.23034369429002,0.16898314085350627,45.890055610409455,16
762,2,9.417734788764953,97.5622351636756,0.2242817864680726,62.52268758970457,21
762,10,75.80877400853738,35.45259681298683,0.16830351800663848,29.626335502543604,16
762,63,32.98612123327853,14.45241888660469,0.16873980948257536,39.40942265121521,22
762,90,89.07924908785249,89.34466396978632,0.16886786244323812,55.45439831217919,21
762,91,51.885836038644904,31.5929051830793,0.16823849392763396,18.503446088871144,20
763,0,77.39560485559633,43.88784397520523,0.16778662586662124,28.069157747880652,14
763,33,55.92071607454135,30.39500980626122,0.16800772106009698,20.47951462637545,23
763,57,17.67727829392317,85.66142840923754,0.16819767336102665,48.12998872507312,27
763,83,82.97897431324131,80.82514720643019,0.16814100628238385,45.142025287436105,21
763,87,16.460781758201815,4.491061939232899,0.1696717444077194,56.53266846425794,15
764,17,46.95558112758079,18.94713590842857,0.16740508281645933,31.201744415342365,22
764,26,78.69243775021384,66.48508565920321,0.16739672395907695,33.09099625640128,27
764,61,8.44443211398891,41.58074021706096,0.167385154874634,42.399872141570086,17
764,94,74.6789611349026,26.246051592286467,0.16740314295186992,34.2534843140716,14
764,96,12.275793241148602,83.11126721249062,0.1725383199444861,50.19434023873136,20
765,21,70.0265102002249,31.236664138204105,0.16709063178590772,27.443102657357606,14
765,27,70.51653786263351,78.07290310219679,0.16812138959149492,34.77091046340611,26
765,37,5.830274168906602,28.138389202199654,0.16694957256443396,49.28381789866183,17
765,66,58.106113970039495,34.686980453483706,0.1669979082805361,17.32621283856514,22
765,96,12.275793241148602,83.11126721249062,0.16803754107280605,50.19434023873136,21
766,13,46.67210037270342,4.380376578722878,0.16647941467646188,45.740845609023204,25
766,22,83.2259801395201,80.47643574968019,0.16679404684517365,45.086349289293416,13
766,86,25.596509056760276,93.60435700489633,0.1717365594356331,49.96869339923984,22
766,92,77.2012432110988,66.16612631677611,0.16690829706506874,31.642554769160306,21
766,97,15.328431662449404,17.926830815773908,0.16660169502528627,47.23140726789146,19
767,48,36.18126105533904,8.7649919316101,0.16721161688488592,43.488888654699714,22
767,60,58.40979689127356,64.984660155482,0.16614390742127227,17.183268714879727,21
767,62,4.161417386189248,49.39908192445189,0.16633139762761884,45.84252129384545,24
767,95,93.68131505337793,24.097057500568475,0.16655495186951344,50.78404980819585,12
767,98,59.93827915208435,87.45620408374644,0.1660594561700426,38.7522466041392,21
768,51,26.586996145951957,96.91763773477238,0.1685638695301597,52.4350405748008,13
768,55,45.57762898336111,20.236336479523032,0.16565694407132275,30.09041428044784,30
768,73,33.15689973425522,52.06724024715378,0.16568460862361525,16.969487582168895,19
768,75,82.62919241943578,89.61607718397667,0.16766291221445528,51.32346217268826,23
768,99,19.643466571457324,31.03236729000948,0.1656065924758171,35.795114365222126,15
769,6,64.38651200806646,82.276161327083,0.1653460542466742,35.33726528425946,22
769,34,3.0817834567939406,43.671738923236234,0.16554936406447862,47.34306635454508,19
769,43,72.23593505964503,46.18772302513874,0.1653098709188633,22.560369316786645,24
769,51,26.586996145951957,96.91763773477238,0.16559389219095647,52.4350405748008,15
769,93,37.36577288737101,9.446666806151526,0.16518525747877394,42.47583463411616,20
770,1,85.85979199113825,69.73680290593639,0.16483742028139592,40.93245742189787,26
770,18,12.992150533547164,47.57049262259338,0.16497954339572646,37.08751040752812,26
770,19,22.69093490508841,66.98139946825104,0.16488794574702437,32.15824877474573,25
770,36,85.34030732681661,23.393948586534073,0.16503917144017016,44.23595024151556,23
771,3,76.1139701990353,78.60643052769538,0.16443024247515903,38.73328422806367,22
771,5,37.07980242325812,92.67649888486018,0.16506391783114513,44.589405271785346,13
771,29,13.979699812765745,11.453007353597345,0.16560991060919053,52.75729966232435,18
771,30,66.84029617904716,47.10962061431325,0.16442877481714285,17.08654056242027,25
771,47,30.151208914787652,63.028259311888846,0.16434256075505232,23.742578803538244,22
772,20,43.715191887233075,83.26781960578374,0.16393632034280406,33.85626432932715,17
772,23,38.74783790301745,28.83281039302441,0.16421529380755734,23.97208934812371,21
772,44,16.127177903360177,50.10447751033635,0.16485457753506053,33.87298322174735,20
772,52,77.87509039657947,71.68901891589957,0.16386716278394972,35.31903461522874,21
772,82,55.48524693914834,37.092228386243875,0.16400844898572556,14.024924314103254,21
773,7,44.34141988273311,22.723872178477688,0.16439030895100895,27.856896415063034,26
773,14,15.428949206754783,68.30489532424546,0.16360674231645314,39.11811275842336,28
773,39,55.70321523412783,78.38982091064135,0.1637304143392555,28.957012887124193,27
773,40,66.43135403273875,40.63868614400705,0.16355421286675442,18.91093843413398,19
774,11,97.06980243949033,89.31211213221977,0.179077300261124,61.327061416546535,19
774,12,77.83834970737618,19.463870785196757,0.16379096823294753,41.321046717784526,20
774,74,43.89114603050467,2.1612079880330426,0.1643216248532373,48.22725492898028,21
774,77,10.857574113544356,67.22400930398116,0.1641948207217707,42.76442447619636,24
774,86,25.596509056760276,93.60435700489633,0.16526590067766045,49.96869339923984,16
775,9,82.7631171992582,63.166439912206485,0.16272580792382008,35.30972937554283,20
775,32,63.47183200005908,55.35794006579958,0.1627097440546917,14.498199170466526,26
775,42,2.2712073133860478,9.004786077564175,0.19989699652174098,62.91776550282162,17
775,54,9.63909621534993,90.26023965438416,0.17515736918641953,57.007801670843506,22
775,69,78.27352272502863,8.272999992243857,0.16303230394132429,50.40371630078472,15
776,24,68.24955039749754,13.97524836093098,0.16377412359197208,40.38352164395039,23
776,31,56.52361064811888,76.49988574160255,0.16217271623608315,27.291050551531363,19
776,50,90.8580690707607,69.97071338107496,0.1623413014703252,45.47759009820221,18
776,81,23.02139908948808,3.741255617617978,0.16336027741886058,53.551062911236734,21
776,84,31.713889282271534,95.28993950697449,0.1622194063853772,48.842199640540684,19
777,0,77.39560485559633,43.88784397520523,0.16182168833596294,28.069157747880652,19
777,4,12.811363267554587,45.038593789556714,0.1617466106443853,37.51813233095184,22
777,10,75.80877400853738,35.45259681298683,0.16174089865469152,29.626335502543604,14
777,59,43.20930397751037,62.73088407024432,0.16170556567572317,14.428754682225943,29
777,70,48.66583308381603,49.07069943545209,0.16190775760872197,1.6259154035523802,16
778,15,74.47621559078172,96.750973243421,0.16672646804885738,52.77062278250554,19
778,21,70.0265102002249,31.236664138204105,0.16138543263619293,27.443102657357606,29
778,28,45.891577553834,56.87411959528937,0.1615358206241814,8.008286658611938,23
778,42,2.2712073133860478,9.004786077564175,0.19552393849720984,62.91776550282162,14
778,54,9.63909621534993,90.26023965438416,0.16969147686286074,57.007801670843506,15
779,16,32.58253581381519,37.045970603486886,0.1611848018903167,21.706564359261378,30
779,56,30.59566241506525,57.9219568941896,0.16102773527579262,20.959144022204473,14
779,64,10.340296772255165,58.7644572177712,0.16090268258175333,40.616594766609076,18
779,68,95.85592132414453,48.23034369429002,0.16146779585323195,45.890055610409455,14
779,79,72.69946142868827,76.8647491917657,0.1609102260424975,35.170730704507434,24
780,22,83.2259801395201,80.47643574968019,0.1610666025522915,45.086349289293416,23
780,35,21.45846728195292,40.852864372463614,0.16049888384914604,29.97147277135205,15
780,53,44.93615021437887,27.224156184515902,0.16053631737658466,23.331987402676617,21
780,78,28.123378383900832,65.94226346919018,0.16048798911529372,27.06921383888075,25
780,94,74.6789611349026,26.246051592286467,0.16103663740694169,34.2534843140716,16
781,5,37.07980242325812,92.67649888486018,0.16011044229034802,44.589405271785346,15
781,38,29.35937577666836,66.1916514726895,0.16005320312344934,26.233660547888334,17
781,41,81.40203846660347,16.697291990770392,0.16062595887631353,45.772900067682514,16
781,61,8.44443211398891,41.58074021706096,0.16005195646921927,42.399872141570086,17
781,67,59.091549148141674,2.28038710296975,0.16016116396375873,48.577955092361506,16
781,90,89.07924908785249,89.34466396978632,0.16014870224888564,55.45439831217919,19
782,46,44.61562755740307,38.10212260964825,0.15991915395354206,13.059515802526548,18
782,63,32.98612123327853,14.45241888660469,0.15964556389623705,39.40942265121521,16
782,80,10.774094595589656,91.60118451376078,0.1688133611776046,57.17805704764476,20
782,83,82.97897431324131,80.82514720643019,0.15963369475699254,45.142025287436105,24
782,91,51.885836038644904,31.5929051830793,0.159683402484679,18.503446088871144,22
783,8,55.45847870158348,6.381725610417533,0.1593062993454191,43.9584900839479,15
783,85,29.091783814011862,51.50571292317145,0.1593850620766909,20.962363308725994,22
783,86,25.596509056760276,93.60435700489633,0.1598755644643351,49.96869339923984,23
783,95,93.68131505337793,24.097057500568475,0.16030096356265297,50.78404980819585,24
783,99,19.643466571457324,31.03236729000948,0.15916857695470898,35.795114365222126,16
784,45,15.231210271316842,69.6320375077736,0.15904733134103013,39.92850655739597,34
784,48,36.18126105533904,8.7649919316101,0.15869456763588638,43.488888654699714,37
784,75,82.62919241943578,89.61607718397667,0.1591182887927331,51.32346217268826,29
785,27,70.51653786263351,78.07290310219679,0.15825511193646993,34.77091046340611,22
785,29,13.979699812765745,11.453007353597345,0.158592671893979,52.75729966232435,21
785,37,5.830274168906602,28.138389202199654,0.15885975796369392,49.28381789866183,18
785,71,93.78264549749828,57.17280523760754,0.15836209636254783,44.366306830028755,21
785,88,43.509706000303794,99.2375564055837,0.1614700093459972,49.66347628786701,18
786,17,46.95558112758079,18.94713590842857,0.15792293769015328,31.201744415342365,19
786,33,55.92071607454135,30.39500980626122,0.1580699813279019,20.47951462637545,18
786,51,26.586996145951957,96.91763773477238,0.15863617472706196,52.4350405748008,13
786,58,75.85195298352102,71.94629559509367,0.15790669237292532,33.911109734265686,25
786,73,33.15689973425522,52.06724024715378,0.15776218108546625,16.969487582168895,25
787,34,3.0817834567939406,43.671738923236234,0.15739222878096307,47.34306635454508,17
787,65,17.05929685368861,92.51201183767972,0.16372592328377403,53.78067565827367,19
787,66,58.106113970039495,34.686980453483706,0.15748572103402744,17.32621283856514,19
787,72,47.348940105695384,26.69756630918936,0.1577009725454584,23.45275110680658,20
787,92,77.2012432110988,66.16612631677611,0.1578882741390785,31.642554769160306,25
788,44,16.127177903360177,50.10447751033635,0.1570715378221603,33.87298322174735,27
788,60,58.40979689127356,64.984660155482,0.15704463994529658,17.183268714879727,22
788,89,89.1677266254914,74.86080194569492,0.15793802162744772,46.391489331474325,17
788,97,15.328431662449404,17.926830815773908,0.15769176846892355,47.23140726789146,21
788,98,59.93827915208435,87.45620408374644,0.15693835148214544,38.7522466041392,13
789,11,97.06980243949033,89.31211213221977,0.17142972986589414,61.327061416546535,15
789,15,74.47621559078172,96.750973243421,0.16019216289407667,52.77062278250554,8
789,20,43.715191887233075,83.26781960578374,0.15659071086712192,33.85626432932715,25
789,25,19.990820247510833,0.7362269751005512,0.15876427462712386,57.684228365004735,26
789,76,14.024908899861078,55.40361435390494,0.15700511349890933,36.37865071369501,26
790,2,9.417734788764953,97.5622351636756,0.2132546485105683,62.52268758970457,19
790,6,64.38651200806646,82.276161327083,0.15610529523727837,35.33726528425946,18
790,26,78.69243775021384,66.48508565920321,0.15600916954832936,33.09099625640128,24
790,74,43.89114603050467,2.1612079880330426,0.1561459238202653,48.22725492898028,23
790,87,16.460781758201815,4.491061939232899,0.1602826880533152,56.53266846425794,16
791,15,74.47621559078172,96.750973243421,0.1581083204569865,52.77062278250554,23
791,23,38.74783790301745,28.83281039302441,0.15556527756161037,23.97208934812371,19
791,62,4.161417386189248,49.39908192445189,0.15574408664296507,45.84252129384545,25
791,68,95.85592132414453,48.23034369429002,0.15567853567417436,45.890055610409455,18
791,93,37.36577288737101,9.446666806151526,0.1560362081328412,42.47583463411616,15
792,3,76.1139701990353,78.60643052769538,0.15522179479135706,38.73328422806367,22
792,10,75.80877400853738,35.45259681298683,0.15534734341496545,29.626335502543604,18
792,56,30.59566241506525,57.9219568941896,0.15526194761005077,20.959144022204473,22
792,57,17.67727829392317,85.66142840923754,0.156061134718737,48.12998872507312,16
792,70,48.66583308381603,49.07069943545209,0.15523507670513872,1.6259154035523802,22
793,40,66.43135403273875,40.63868614400705,0.15503423918199363,18.91093843413398,13
793,47,30.151208914787652,63.028259311888846,0.15485820483859125,23.742578803538244,15
793,52,77.87509039657947,71.68901891589957,0.1548737873189555,35.31903461522874,24
793,77,10.857574113544356,67.22400930398116,0.15485231251453901,42.76442447619636,22
793,82,55.48524693914834,37.092228386243875,0.154857456107857,14.024924314103254,26
794,9,82.7631171992582,63.166439912206485,0.15436175633225233,35.30972937554283,23
794,13,46.67210037270342,4.380376578722878,0.15475997808486244,45.740845609023204,17
794,19,22.69093490508841,66.98139946825104,0.15436314117494118,32.15824877474573,25
794,35,21.45846728195292,40.852864372463614,0.15433346554319904,29.97147277135205,17
794,43,72.23593505964503,46.18772302513874,0.15464590115785098,22.560369316786645,18
795,5,37.07980242325812,92.67649888486018,0.1538287519428519,44.589405271785346,13
795,7,44.34141988273311,22.723872178477688,0.1540162042156143,27.856896415063034,25
795,18,12.992150533547164,47.57049262259338,0.15391416432972277,37.08751040752812,22
795,31,56.52361064811888,76.49988574160255,0.15398907397204084,27.291050551531363,25
795,36,85.34030732681661,23.393948586534073,0.15418715986006204,44.23595024151556,15
796,1,85.85979199113825,69.73680290593639,0.15366569615350523,40.93245742189787,23
796,24,68.24955039749754,13.97524836093098,0.15415341064511526,40.38352164395039,23
796,30,66.84029617904716,47.10962061431325,0.15351395126134262,17.08654056242027,16
796,49,11.800590212051532,96.18976645495145,0.19020108769595845,59.93904765101437,13
796,64,10.340296772255165,58.7644572177712,0.1534088460741901,40.616594766609076,25
797,0,77.39560485559633,43.88784397520523,0.15334059502725927,28.069157747880652,20
797,38,29.35937577666836,66.1916514726895,0.15296528395966852,26.233660547888334,27
797,50,90.8580690707607,69.97071338107496,0.1539370183372568,45.47759009820221,20
797,80,10.774094595589656,91.60118451376078,0.1611192797017753,57.17805704764476,12
797,81,23.02139908948808,3.741255617617978,0.15390555411656606,53.551062911236734,21
798,11,97.06980243949033,89.31211213221977,0.1661282762060069,61.327061416546535,18
798,61,8.44443211398891,41.58074021706096,0.15271227634594162,42.399872141570086,22
798,63,32.98612123327853,14.45241888660469,0.15278986645207268,39.40942265121521,20
798,88,43.509706000303794,99.2375564055837,0.1546340237228368,49.66347628786701,19
798,94,74.6789611349026,26.246051592286467,0.15350418173457145,34.2534843140716,21
799,39,55.70321523412783,78.38982091064135,0.1522090994918602,28.957012887124193,29
799,46,44.61562755740307,38.10212260964825,0.15234556598501042,13.059515802526548,18
799,55,45.57762898336111,20.236336479523032,0.1524264720142326,30.09041428044784,19
799,96,12.275793241148602,83.11126721249062,0.15603680355236701,50.19434023873136,18
799,99,19.643466571457324,31.03236729000948,0.1522704822394311,35.795114365222126,16
800,4,12.811363267554587,45.038593789556714,0.15210938199806526,37.51813233095184,24
800,12,77.83834970737618,19.463870785196757,0.15352276428123832,41.321046717784526,14
800,22,83.2259801395201,80.47643574968019,0.1518282583500365,45.086349289293416,20
800,28,45.891577553834,56.87411959528937,0.15180247749390216,8.008286658611938,21
800,53,44.93615021437887,27.224156184515902,0.1517166836429324,23.331987402676617,21
801,32,63.47183200005908,55.35794006579958,0.1513925226150131,14.498199170466526,30
801,49,11.800590212051532,96.18976645495145,0.18624435600211778,59.93904765101437,20
801,67,59.091549148141674,2.28038710296975,0.15210507264663298,48.577955092361506,16
801,87,16.460781758201815,4.491061939232899,0.15410187080172977,56.53266846425794,19
801,90,89.07924908785249,89.34466396978632,0.15157152372980712,55.45439831217919,15
802,14,15.428949206754783,68.30489532424546,0.15129249675400885,39.11811275842336,26
802,37,5.830274168906602,28.138389202199654,0.15116937518777368,49.28381789866183,20
802,69,78.27352272502863,8.272999992243857,0.1532833227037949,50.40371630078472,23
802,79,72.69946142868827,76.8647491917657,0.1508774158966673,35.170730704507434,19
802,89,89.1677266254914,74.86080194569492,0.15133359432841886,46.391489331474325,12
803,8,55.45847870158348,6.381725610417533,0.15163829711239965,43.9584900839479,13
803,33,55.92071607454135,30.39500980626122,0.1505256581125297,20.47951462637545,27
803,41,81.40203846660347,16.697291990770392,0.15194301330515592,45.772900067682514,10
803,65,17.05929685368861,92.51201183767972,0.15602292170654458,53.78067565827367,25
803,98,59.93827915208435,87.45620408374644,0.1509281459754491,38.7522466041392,25
804,15,74.47621559078172,96.750973243421,0.1502446627622501,52.77062278250554,18
804,40,66.43135403273875,40.63868614400705,0.15000566039372815,18.91093843413398,19
804,57,17.67727829392317,85.66142840923754,0.15007145204848116,48.12998872507312,16
804,85,29.091783814011862,51.50571292317145,0.15009140740973373,20.962363308725994,24
804,91,51.885836038644904,31.5929051830793,0.15012515204972252,18.503446088871144,23
805,17,46.95558112758079,18.94713590842857,0.14979953865737605,31.201744415342365,20
805,72,47.348940105695384,26.69756630918936,0.14953083436690906,23.45275110680658,21
805,78,28.123378383900832,65.94226346919018,0.14967853217113636,27.06921383888075,21
805,83,82.97897431324131,80.82514720643019,0.14953404300431158,45.142025287436105,25
805,96,12.275793241148602,83.11126721249062,0.1508961368979895,50.19434023873136,13
806,59,43.20930397751037,62.73088407024432,0.1491590660961928,14.428754682225943,24
806,66,58.106113970039495,34.686980453483706,0.1493257086686214,17.32621283856514,20
806,71,93.78264549749828,57.17280523760754,0.14910280296247838,44.366306830028755,21
806,80,10.774094595589656,91.60118451376078,0.156582082937544,57.17805704764476,16
806,93,37.36577288737101,9.446666806151526,0.14954534701226996,42.47583463411616,19
807,21,70.0265102002249,31.236664138204105,0.14870436405246448,27.443102657357606,26
807,27,70.51653786263351,78.07290310219679,0.14892196526666515,34.77091046340611,24
807,47,30.151208914787652,63.028259311888846,0.14870617290381702,23.742578803538244,19
807,86,25.596509056760276,93.60435700489633,0.14964320970842185,49.96869339923984,13
807,97,15.328431662449404,17.926830815773908,0.14880247147137765,47.23140726789146,18
808,6,64.38651200806646,82.276161327083,0.1484334794226379,35.33726528425946,24
808,16,32.58253581381519,37.045970603486886,0.14838678934122826,21.706564359261378,30
808,41,81.40203846660347,16.697291990770392,0.1487313646922438,45.772900067682514,16
808,84,31.713889282271534,95.28993950697449,0.15103597322165552,48.842199640540684,18
808,87,16.460781758201815,4.491061939232899,0.14835529978673373,56.53266846425794,12
809,2,9.417734788764953,97.5622351636756,0.20484609162902095,62.52268758970457,19
809,10,75.80877400853738,35.45259681298683,0.14793140008396594,29.626335502543604,22
809,25,19.990820247510833,0.7362269751005512,0.14834778487773026,57.684228365004735,22
809,60,58.40979689127356,64.984660155482,0.1477937472791667,17.183268714879727,19
809,92,77.2012432110988,66.16612631677611,0.1478351195948231,31.642554769160306,18
810,5,37.07980242325812,92.67649888486018,0.1477597337300542,44.589405271785346,18
810,13,46.67210037270342,4.380376578722878,0.14762927743727536,45.740845609023204,19
810,34,3.0817834567939406,43.671738923236234,0.14842146714506524,47.34306635454508,20
810,43,72.23593505964503,46.18772302513874,0.14738337609829866,22.560369316786645,20
810,58,75.85195298352102,71.94629559509367,0.14750853927925411,33.911109734265686,23
811,23,38.74783790301745,28.83281039302441,0.147185511023358,23.97208934812371,22
811,30,66.84029617904716,47.10962061431325,0.14694867168802667,17.08654056242027,21
811,35,21.45846728195292,40.852864372463614,0.14699218690503432,29.97147277135205,13
811,73,33.15689973425522,52.06724024715378,0.14697362428028796,16.969487582168895,25
811,75,82.62919241943578,89.61607718397667,0.14703450249819197,51.32346217268826,19
812,8,55.45847870158348,6.381725610417533,0.14690306222342858,43.9584900839479,19
812,29,13.979699812765745,11.453007353597345,0.14777535376407644,52.75729966232435,18
812,54,9.63909621534993,90.26023965438416,0.1588820860389688,57.007801670843506,19
812,88,43.509706000303794,99.2375564055837,0.14728510264995098,49.66347628786701,23
812,95,93.68131505337793,24.097057500568475,0.1479619447931556,50.78404980819585,21
813,3,76.1139701990353,78.60643052769538,0.14608015158128937,38.73328422806367,25
813,12,77.83834970737618,19.463870785196757,0.1477613031155302,41.321046717784526,18
813,56,30.59566241506525,57.9219568941896,0.1460232808701242,20.959144022204473,18
813,74,43.89114603050467,2.1612079880330426,0.14608771041371169,48.22725492898028,19
813,76,14.024908899861078,55.40361435390494,0.14610399601655505,36.37865071369501,20
814,20,43.715191887233075,83.26781960578374,0.14568399154343198,33.85626432932715,23
814,26,78.69243775021384,66.48508565920321,0.14570818497405166,33.09099625640128,19
814,70,48.66583308381603,49.07069943545209,0.14574335994673504,1.6259154035523802,26
814,81,23.02139908948808,3.741255617617978,0.1456114513470026,53.551062911236734,17
814,94,74.6789611349026,26.246051592286467,0.14562973472476226,34.2534843140716,15
815,0,77.39560485559633,43.88784397520523,0.14516374533073034,28.069157747880652,18
815,44,16.127177903360177,50.10447751033635,0.1452670301564725,33.87298322174735,22
815,50,90.8580690707607,69.97071338107496,0.14566738266909401,45.47759009820221,22
815,67,59.091549148141674,2.28038710296975,0.14558296329921047,48.577955092361506,18
815,77,10.857574113544356,67.22400930398116,0.1452979174034016,42.76442447619636,20
816,46,44.61562755740307,38.10212260964825,0.14483895314898698,13.059515802526548,18
816,52,77.87509039657947,71.68901891589957,0.14484916050924201,35.31903461522874,27
816,55,45.57762898336111,20.236336479523032,0.14473761005081237,30.09041428044784,19
816,86,25.596509056760276,93.60435700489633,0.14487752543294455,49.96869339923984,19
816,99,19.643466571457324,31.03236729000948,0.1451565555946854,35.795114365222126,17
817,24,68.24955039749754,13.97524836093098,0.14471115353990316,40.38352164395039,19
817,62,4.161417386189248,49.39908192445189,0.14435398305697514,45.84252129384545,19
817,63,32.98612123327853,14.45241888660469,0.1444584001406692,39.40942265121521,21
817,84,31.713889282271534,95.28993950697449,0.1451600692451486,48.842199640540684,19
817,89,89.1677266254914,74.86080194569492,0.14553013111873592,46.391489331474325,22
818,9,82.7631171992582,63.166439912206485,0.14424222660170638,35.30972937554283,29
818,18,12.992150533547164,47.57049262259338,0.14405900577030312,37.08751040752812,25
818,45,15.231210271316842,69.6320375077736,0.14425780539937302,39.92850655739597,23
818,69,78.27352272502863,8.272999992243857,0.14471211777189516,50.40371630078472,23
819,1,85.85979199113825,69.73680290593639,0.1438045347368408,40.93245742189787,24
819,7,44.34141988273311,22.723872178477688,0.1434632114477702,27.856896415063034,23
819,19,22.69093490508841,66.98139946825104,0.14356605523830124,32.15824877474573,20
819,57,17.67727829392317,85.66142840923754,0.14344674786143602,48.12998872507312,13
819,82,55.48524693914834,37.092228386243875,0.1437015680543935,14.024924314103254,20
820,22,83.2259801395201,80.47643574968019,0.14331864105315603,45.086349289293416,18
820,31,56.52361064811888,76.49988574160255,0.14313729785382406,27.291050551531363,23
820,36,85.34030732681661,23.393948586534073,0.1454742737271481,44.23595024151556,20
820,61,8.44443211398891,41.58074021706096,0.1430080510842968,42.399872141570086,23
820,87,16.460781758201815,4.491061939232899,0.14303660606667928,56.53266846425794,16
821,28,45.891577553834,56.87411959528937,0.14269411018754236,8.008286658611938,17
821,48,36.18126105533904,8.7649919316101,0.14263064966138672,43.488888654699714,14
821,53,44.93615021437887,27.224156184515902,0.14264156359321573,23.331987402676617,25
821,79,72.69946142868827,76.8647491917657,0.14284730871706694,35.170730704507434,24
821,96,12.275793241148602,83.11126721249062,0.14461285774243843,50.19434023873136,20
822,37,5.830274168906602,28.138389202199654,0.14223790551257312,49.28381789866183,22
822,40,66.43135403273875,40.63868614400705,0.14212399597371977,18.91093843413398,25
822,41,81.40203846660347,16.697291990770392,0.14222006998698897,45.772900067682514,11
822,54,9.63909621534993,90.26023965438416,0.15250302646922959,57.007801670843506,21
822,90,89.07924908785249,89.34466396978632,0.14372461853865226,55.45439831217919,21
823,12,77.83834970737618,19.463870785196757,0.14177353285180072,41.321046717784526,19
823,15,74.47621559078172,96.750973243421,0.14208393353082635,52.77062278250554,24
823,35,21.45846728195292,40.852864372463614,0.14170846424753283,29.97147277135205,23
823,80,10.774094595589656,91.60118451376078,0.1493232015466791,57.17805704764476,14
823,93,37.36577288737101,9.446666806151526,0.14181253326975088,42.47583463411616,20
824,4,12.811363267554587,45.038593789556714,0.14158295279619315,37.51813233095184,27
824,17,46.95558112758079,18.94713590842857,0.1414340144381263,31.201744415342365,29
824,51,26.586996145951957,96.91763773477238,0.14740767030108162,52.4350405748008,18
824,68,95.85592132414453,48.23034369429002,0.14415505285046779,45.890055610409455,26
825,11,97.06980243949033,89.31211213221977,0.1560172387968383,61.327061416546535,20
825,38,29.35937577666836,66.1916514726895,0.14101022178156986,26.233660547888334,15
825,66,58.106113970039495,34.686980453483706,0.14099736253998957,17.32621283856514,31
825,78,28.123378383900832,65.94226346919018,0.14081694136485484,27.06921383888075,19
825,97,15.328431662449404,17.926830815773908,0.14100376700030323,47.23140726789146,15
826,14,15.428949206754783,68.30489532424546,0.14047550787311855,39.11811275842336,22
826,47,30.151208914787652,63.028259311888846,0.14049618783133888,23.742578803538244,9
826,72,47.348940105695384,26.69756630918936,0.14052072637063912,23.45275110680658,21
826,91,51.885836038644904,31.5929051830793,0.1404817209789593,18.503446088871144,21
826,98,59.93827915208435,87.45620408374644,0.1404285315962498,38.7522466041392,27
827,64,10.340296772255165,58.7644572177712,0.1411775648538321,40.616594766609076,23
827,85,29.091783814011862,51.50571292317145,0.1400151285073865,20.962363308725994,38
827,92,77.2012432110988,66.16612631677611,0.1401297796284961,31.642554769160306,39
828,13,46.67210037270342,4.380376578722878,0.1395587035382331,45.740845609023204,20
828,29,13.979699812765745,11.453007353597345,0.14024150528752988,52.75729966232435,18
828,39,55.70321523412783,78.38982091064135,0.13955706743888138,28.957012887124193,28
828,60,58.40979689127356,64.984660155482,0.13950976621496833,17.183268714879727,18
828,71,93.78264549749828,57.17280523760754,0.13958589814397648,44.366306830028755,16
829,27,70.51653786263351,78.07290310219679,0.1390901239816945,34.77091046340611,27
829,33,55.92071607454135,30.39500980626122,0.1391679520556225,20.47951462637545,24
829,34,3.0817834567939406,43.671738923236234,0.1398979645478396,47.34306635454508,20
829,54,9.63909621534993,90.26023965438416,0.1463514902229084,57.007801670843506,17
829,94,74.6789611349026,26.246051592286467,0.13916305805499168,34.2534843140716,12
830,8,55.45847870158348,6.381725610417533,0.13884763087311758,43.9584900839479,23
830,43,72.23593505964503,46.18772302513874,0.13876863260369518,22.560369316786645,16
830,54,9.63909621534993,90.26023965438416,0.1424814946448547,57.007801670843506,17
830,59,43.20930397751037,62.73088407024432,0.13872816256157128,14.428754682225943,25
830,83,82.97897431324131,80.82514720643019,0.13881894383522164,45.142025287436105,19
831,6,64.38651200806646,82.276161327083,0.13829200031337172,35.33726528425946,22
831,32,63.47183200005908,55.35794006579958,0.13834254180845287,14.498199170466526,25
831,56,30.59566241506525,57.9219568941896,0.1383259442276509,20.959144022204473,25
831,99,19.643466571457324,31.03236729000948,0.13829421712078732,35.795114365222126,28
832,2,9.417734788764953,97.5622351636756,0.1952684909979231,62.52268758970457,20
832,21,70.0265102002249,31.236664138204105,0.13776999620725744,27.443102657357606,22
832,30,66.84029617904716,47.10962061431325,0.13790578617875246,17.08654056242027,16
832,42,2.2712073133860478,9.004786077564175,0.17907649856801885,62.91776550282162,18
832,58,75.85195298352102,71.94629559509367,0.1379158913357688,33.911109734265686,24
833,0,77.39560485559633,43.88784397520523,0.13743799633752016,28.069157747880652,15
833,5,37.07980242325812,92.67649888486018,0.1386891287321252,44.589405271785346,21
833,23,38.74783790301745,28.83281039302441,0.13767464130515125,23.97208934812371,28
833,26,78.69243775021384,66.48508565920321,0.13765258766513314,33.09099625640128,21
833,46,44.61562755740307,38.10212260964825,0.13733918839111356,13.059515802526548,15
834,10,75.80877400853738,35.45259681298683,0.13787242700157892,29.626335502543604,18
834,47,30.151208914787652,63.028259311888846,0.13690681569126817,23.742578803538244,26
834,67,59.091549148141674,2.28038710296975,0.13730144761026547,48.577955092361506,18
834,75,82.62919241943578,89.61607718397667,0.13792099474391303,51.32346217268826,21
834,76,14.024908899861078,55.40361435390494,0.13719527258276434,36.37865071369501,17
835,36,85.34030732681661,23.393948586534073,0.13775605201481575,44.23595024151556,14
835,48,36.18126105533904,8.7649919316101,0.13653020464241378,43.488888654699714,14
835,55,45.57762898336111,20.236336479523032,0.13659573581302567,30.09041428044784,23
835,86,25.596509056760276,93.60435700489633,0.13659063249245587,49.96869339923984,25
835,89,89.1677266254914,74.86080194569492,0.13697283166481655,46.391489331474325,24
836,41,81.40203846660347,16.697291990770392,0.13666563779394186,45.772900067682514,13
836,50,90.8580690707607,69.97071338107496,0.13645778871441966,45.47759009820221,22
836,73,33.15689973425522,52.06724024715378,0.13615906805398206,16.969487582168895,31
836,74,43.89114603050467,2.1612079880330426,0.13680517336113984,48.22725492898028,18
836,84,31.713889282271534,95.28993950697449,0.13680649263784153,48.842199640540684,16
837,3,76.1139701990353,78.60643052769538,0.13569323063426442,38.73328422806367,25
837,28,45.891577553834,56.87411959528937,0.13564223910066,8.008286658611938,25
837,44,16.127177903360177,50.10447751033635,0.1357292309133659,33.87298322174735,25
837,63,32.98612123327853,14.45241888660469,0.1355839321809819,39.40942265121521,25
838,20,43.715191887233075,83.26781960578374,0.13539625738071448,33.85626432932715,23
838,22,83.2259801395201,80.47643574968019,0.13568627499747882,45.086349289293416,19
838,62,4.161417386189248,49.39908192445189,0.13548854261231946,45.84252129384545,20
838,68,95.85592132414453,48.23034369429002,0.13529195937590582,45.890055610409455,18
838,87,16.460781758201815,4.491061939232899,0.1353744863658659,56.53266846425794,20
839,16,32.58253581381519,37.045970603486886,0.13511204192211887,21.706564359261378,19
839,38,29.35937577666836,66.1916514726895,0.13483061777225738,26.233660547888334,30
839,70,48.66583308381603,49.07069943545209,0.1347243429819258,1.6259154035523802,23
839,82,55.48524693914834,37.092228386243875,0.13512204150530316,14.024924314103254,28
840,19,22.69093490508841,66.98139946825104,0.1347191708059451,32.15824877474573,16
840,69,78.27352272502863,8.272999992243857,0.13445531260364163,50.40371630078472,21
840,77,10.857574113544356,67.22400930398116,0.13549974693854464,42.76442447619636,17
840,81,23.02139908948808,3.741255617617978,0.13597814157129734,53.551062911236734,19
840,88,43.509706000303794,99.2375564055837,0.13571841567377949,49.66347628786701,27
841,1,85.85979199113825,69.73680290593639,0.13384049274993798,40.93245742189787,27
841,25,19.990820247510833,0.7362269751005512,0.13612681944886057,57.684228365004735,21
841,45,15.231210271316842,69.6320375077736,0.13431524521345975,39.92850655739597,24
841,65,17.05929685368861,92.51201183767972,0.14218609305553925,53.78067565827367,13
841,95,93.68131505337793,24.097057500568475,0.13653864061532778,50.78404980819585,15
842,18,12.992150533547164,47.57049262259338,0.13339789500121657,37.08751040752812,24
842,49,11.800590212051532,96.18976645495145,0.1725613997617528,59.93904765101437,13
842,52,77.87509039657947,71.68901891589957,0.13350613306378523,35.31903461522874,25
842,93,37.36577288737101,9.446666806151526,0.13337542323312732,42.47583463411616,20
842,94,74.6789611349026,26.246051592286467,0.13383723075519013,34.2534843140716,18
843,7,44.34141988273311,22.723872178477688,0.13333900167387933,27.856896415063034,22
843,24,68.24955039749754,13.97524836093098,0.13481416381542763,40.38352164395039,15
843,31,56.52361064811888,76.49988574160255,0.13312481122086203,27.291050551531363,29
843,42,2.2712073133860478,9.004786077564175,0.17248151128782918,62.91776550282162,10
843,57,17.67727829392317,85.66142840923754,0.13545635397391131,48.12998872507312,24
844,36,85.34030732681661,23.393948586534073,0.13278197422521934,44.23595024151556,25
844,61,8.44443211398891,41.58074021706096,0.1326808204906165,42.399872141570086,24
844,78,28.123378383900832,65.94226346919018,0.13269802864101823,27.06921383888075,27
844,79,72.69946142868827,76.8647491917657,0.13278476286792068,35.170730704507434,24
845,9,82.7631171992582,63.166439912206485,0.132072219434328,35.30972937554283,23
845,12,77.83834970737618,19.463870785196757,0.13277347044244076,41.321046717784526,16
845,37,5.830274168906602,28.138389202199654,0.13223874577562902,49.28381789866183,22
845,43,72.23593505964503,46.18772302513874,0.13210624597220788,22.560369316786645,16
845,96,12.275793241148602,83.11126721249062,0.13506633481707556,50.19434023873136,23
846,35,21.45846728195292,40.852864372463614,0.13178074132590054,29.97147277135205,21
846,53,44.93615021437887,27.224156184515902,0.13178216037146068,23.331987402676617,28
846,60,58.40979689127356,64.984660155482,0.13178932393492138,17.183268714879727,19
846,65,17.05929685368861,92.51201183767972,0.13836927406841967,53.78067565827367,16
846,71,93.78264549749828,57.17280523760754,0.13204980681725817,44.366306830028755,16
847,0,77.39560485559633,43.88784397520523,0.1312047865108573,28.069157747880652,27
847,40,66.43135403273875,40.63868614400705,0.1313379932364298,18.91093843413398,15
847,49,11.800590212051532,96.18976645495145,0.1686961250224078,59.93904765101437,21
847,72,47.348940105695384,26.69756630918936,0.13139116368263207,23.45275110680658,20
847,97,15.328431662449404,17.926830815773908,0.1328931155830894,47.23140726789146,17
848,5,37.07980242325812,92.67649888486018,0.13089101519339846,44.589405271785346,22
848,30,66.84029617904716,47.10962061431325,0.1310022727086476,17.08654056242027,12
848,46,44.61562755740307,38.10212260964825,0.13082724000502854,13.059515802526548,25
848,83,82.97897431324131,80.82514720643019,0.13081216393887943,45.142025287436105,19
848,91,51.885836038644904,31.5929051830793,0.1311154644920712,18.503446088871144,22
849,10,75.80877400853738,35.45259681298683,0.1308292843994843,29.626335502543604,20
849,15,74.47621559078172,96.750973243421,0.13081490751564323,52.77062278250554,20
849,24,68.24955039749754,13.97524836093098,0.13035297986319844,40.38352164395039,18
849,34,3.0817834567939406,43.671738923236234,0.13097801135887832,47.34306635454508,25
849,51,26.586996145951957,96.91763773477238,0.13795047923600645,52.4350405748008,17
850,4,12.811363267554587,45.038593789556714,0.13001909056004318,37.51813233095184,24
850,11,97.06980243949033,89.31211213221977,0.14567496001842428,61.327061416546535,19
850,48,36.18126105533904,8.7649919316101,0.13025521241267993,43.488888654699714,24
850,84,31.713889282271534,95.28993950697449,0.13035240623021782,48.842199640540684,18
850,95,93.68131505337793,24.097057500568475,0.13133920881313654,50.78404980819585,15
851,11,97.06980243949033,89.31211213221977,0.14134451967994474,61.327061416546535,19
851,41,81.40203846660347,16.697291990770392,0.13056188048921966,45.772900067682514,18
851,51,26.586996145951957,96.91763773477238,0.13389934451941315,52.4350405748008,17
851,64,10.340296772255165,58.7644572177712,0.13082460215450822,40.616594766609076,25
851,74,43.89114603050467,2.1612079880330426,0.12953083277952943,48.22725492898028,21
852,17,46.95558112758079,18.94713590842857,0.12911502434487482,31.201744415342365,33
852,26,78.69243775021384,66.48508565920321,0.12901555839042003,33.09099625640128,33
852,76,14.024908899861078,55.40361435390494,0.12967732958968708,36.37865071369501,34
853,2,9.417734788764953,97.5622351636756,0.18611959935728664,62.52268758970457,19
853,6,64.38651200806646,82.276161327083,0.1287093505035553,35.33726528425946,26
853,21,70.0265102002249,31.236664138204105,0.12857635556090696,27.443102657357606,16
853,29,13.979699812765745,11.453007353597345,0.13065499364693378,52.75729966232435,18
853,33,55.92071607454135,30.39500980626122,0.12875924635076816,20.47951462637545,21
854,8,55.45847870158348,6.381725610417533,0.12853161500474708,43.9584900839479,21
854,13,46.67210037270342,4.380376578722878,0.12947015253248903,45.740845609023204,16
854,14,15.428949206754783,68.30489532424546,0.12962398647675688,39.11811275842336,18
854,19,22.69093490508841,66.98139946825104,0.12828338896599903,32.15824877474573,23
854,90,89.07924908785249,89.34466396978632,0.13191266598676282,55.45439831217919,22
855,57,17.67727829392317,85.66142840923754,0.12775173643472518,48.12998872507312,18
855,58,75.85195298352102,71.94629559509367,0.12783610822604347,33.911109734265686,22
855,59,43.20930397751037,62.73088407024432,0.12778691390584643,14.428754682225943,21
855,66,58.106113970039495,34.686980453483706,0.12775179865584554,17.32621283856514,24
855,67,59.091549148141674,2.28038710296975,0.12869443433282793,48.577955092361506,15
856,16,32.58253581381519,37.045970603486886,0.12730072302170237,21.706564359261378,29
856,32,63.47183200005908,55.35794006579958,0.12737079115503283,14.498199170466526,28
856,39,55.70321523412783,78.38982091064135,0.12729366292793623,28.957012887124193,19
856,56,30.59566241506525,57.9219568941896,0.12747023671516405,20.959144022204473,24
857,25,19.990820247510833,0.7362269751005512,0.12776988147460494,57.684228365004735,20
857,62,4.161417386189248,49.39908192445189,0.1269303608638942,45.84252129384545,18
857,68,95.85592132414453,48.23034369429002,0.12696060596008807,45.890055610409455,20
857,75,82.62919241943578,89.61607718397667,0.1282339713379539,51.32346217268826,21
857,96,12.275793241148602,83.11126721249062,0.12752439532167498,50.19434023873136,21
858,12,77.83834970737618,19.463870785196757,0.12646315446408857,41.321046717784526,14
858,27,70.51653786263351,78.07290310219679,0.12709009663694848,34.77091046340611,26
858,51,26.586996145951957,96.91763773477238,0.12865415426837756,52.4350405748008,21
858,55,45.57762898336111,20.236336479523032,0.12668658391050117,30.09041428044784,22
858,97,15.328431662449404,17.926830815773908,0.12670536181553127,47.23140726789146,17
859,2,9.417734788764953,97.5622351636756,0.18063787469124318,62.52268758970457,21
859,30,66.84029617904716,47.10962061431325,0.12606227549480806,17.08654056242027,22
859,42,2.2712073133860478,9.004786077564175,0.16633418456909585,62.91776550282162,18
859,50,90.8580690707607,69.97071338107496,0.12656608650378548,45.47759009820221,21
859,94,74.6789611349026,26.246051592286467,0.12636811871204534,34.2534843140716,18
860,23,38.74783790301745,28.83281039302441,0.12571664535294028,23.97208934812371,27
860,47,30.151208914787652,63.028259311888846,0.12557074770779406,23.742578803538244,16
860,77,10.857574113544356,67.22400930398116,0.12750037321894878,42.76442447619636,20
860,81,23.02139908948808,3.741255617617978,0.127342428328227,53.551062911236734,12
860,89,89.1677266254914,74.86080194569492,0.12630143573477864,46.391489331474325,25
861,20,43.715191887233075,83.26781960578374,0.1253198209224618,33.85626432932715,23
861,40,66.43135403273875,40.63868614400705,0.12514513306055938,18.91093843413398,21
861,43,72.23593505964503,46.18772302513874,0.12524095506666555,22.560369316786645,20
861,44,16.127177903360177,50.10447751033635,0.12509733078172147,33.87298322174735,18
861,99,19.643466571457324,31.03236729000948,0.12564697960751042,35.795114365222126,18
862,3,76.1139701990353,78.60643052769538,0.12493070535455335,38.73328422806367,26
862,29,13.979699812765745,11.453007353597345,0.12477831856499402,52.75729966232435,16
862,63,32.98612123327853,14.45241888660469,0.12477383607463215,39.40942265121521,15
862,93,37.36577288737101,9.446666806151526,0.12466538493011754,42.47583463411616,15
862,98,59.93827915208435,87.45620408374644,0.12655746588961553,38.7522466041392,28
863,7,44.34141988273311,22.723872178477688,0.1243285906729994,27.856896415063034,32
863,28,45.891577553834,56.87411959528937,0.1243904121105338,8.008286658611938,27
863,45,15.231210271316842,69.6320375077736,0.12432313571135711,39.92850655739597,27
863,70,48.66583308381603,49.07069943545209,0.12431812741217095,1.6259154035523802,14
864,13,46.67210037270342,4.380376578722878,0.1238216910494775,45.740845609023204,25
864,22,83.2259801395201,80.47643574968019,0.12587442213953465,45.086349289293416,21
864,42,2.2712073133860478,9.004786077564175,0.16128197941523928,62.91776550282162,15
864,71,93.78264549749828,57.17280523760754,0.12452705236126192,44.366306830028755,12
864,86,25.596509056760276,93.60435700489633,0.12487257126344063,49.96869339923984,27
865,60,58.40979689127356,64.984660155482,0.12347373111547125,17.183268714879727,32
865,82,55.48524693914834,37.092228386243875,0.12334208395211059,14.024924314103254,34
865,85,29.091783814011862,51.50571292317145,0.12335704800138099,20.962363308725994,34
866,11,97.06980243949033,89.31211213221977,0.13359790501019334,61.327061416546535,20
866,18,12.992150533547164,47.57049262259338,0.12289032113291426,37.08751040752812,15
866,35,21.45846728195292,40.852864372463614,0.1228846620238481,29.97147277135205,28
866,69,78.27352272502863,8.272999992243857,0.12385555382164003,50.40371630078472,20
866,84,31.713889282271534,95.28993950697449,0.12288429619017868,48.842199640540684,17
867,10,75.80877400853738,35.45259681298683,0.12254783037140314,29.626335502543604,15
867,14,15.428949206754783,68.30489532424546,0.12292036658299418,39.11811275842336,25
867,37,5.830274168906602,28.138389202199654,0.12246790280485793,49.28381789866183,14
867,72,47.348940105695384,26.69756630918936,0.12286475814967668,23.45275110680658,21
867,79,72.69946142868827,76.8647491917657,0.12269908872398096,35.170730704507434,25
868,61,8.44443211398891,41.58074021706096,0.12220688425380849,42.399872141570086,17
868,73,33.15689973425522,52.06724024715378,0.1223920692372434,16.969487582168895,25
868,91,51.885836038644904,31.5929051830793,0.12208949821396585,18.503446088871144,30
868,92,77.2012432110988,66.16612631677611,0.12284844718607082,31.642554769160306,28
869,21,70.0265102002249,31.236664138204105,0.12168108553526764,27.443102657357606,17
869,24,68.24955039749754,13.97524836093098,0.12204582703722046,40.38352164395039,18
869,38,29.35937577666836,66.1916514726895,0.12177326767027256,26.233660547888334,28
869,52,77.87509039657947,71.68901891589957,0.1223887409564712,35.31903461522874,25
869,80,10.774094595589656,91.60118451376078,0.13589263746969363,57.17805704764476,12
870,5,37.07980242325812,92.67649888486018,0.12121557850278106,44.589405271785346,15
870,36,85.34030732681661,23.393948586534073,0.12137884249245046,44.23595024151556,26
870,42,2.2712073133860478,9.004786077564175,0.15644802189440032,62.91776550282162,12
870,78,28.123378383900832,65.94226346919018,0.12116676454459009,27.06921383888075,26
870,83,82.97897431324131,80.82514720643019,0.12203692860125634,45.142025287436105,21
871,1,85.85979199113825,69.73680290593639,0.12157448188192257,40.93245742189787,16
871,9,82.7631171992582,63.166439912206485,0.12152415223725203,35.30972937554283,24
871,49,11.800590212051532,96.18976645495145,0.15860409669050377,59.93904765101437,13
871,64,10.340296772255165,58.7644572177712,0.12098187849192586,40.616594766609076,23
871,81,23.02139908948808,3.741255617617978,0.12215473085731801,53.551062911236734,24
872,31,56.52361064811888,76.49988574160255,0.1204374697860572,27.291050551531363,21
872,65,17.05929685368861,92.51201183767972,0.129188390890608,53.78067565827367,21
872,67,59.091549148141674,2.28038710296975,0.1215136732874235,48.577955092361506,23
872,75,82.62919241943578,89.61607718397667,0.12037711149237439,51.32346217268826,17
872,87,16.460781758201815,4.491061939232899,0.12315923056042055,56.53266846425794,18
873,15,74.47621559078172,96.750973243421,0.12108730501371986,52.77062278250554,22
873,33,55.92071607454135,30.39500980626122,0.1198914420504124,20.47951462637545,19
873,46,44.61562755740307,38.10212260964825,0.11987274277369837,13.059515802526548,19
873,53,44.93615021437887,27.224156184515902,0.11992061353667638,23.331987402676617,20
873,65,17.05929685368861,92.51201183767972,0.12445269644763757,53.78067565827367,20
874,0,77.39560485559633,43.88784397520523,0.11942036533894622,28.069157747880652,19
874,11,97.06980243949033,89.31211213221977,0.12749097568909082,61.327061416546535,16
874,12,77.83834970737618,19.463870785196757,0.11984641691084101,41.321046717784526,20
874,34,3.0817834567939406,43.671738923236234,0.11984037509928956,47.34306635454508,22
874,57,17.67727829392317,85.66142840923754,0.11975324423477858,48.12998872507312,23
875,47,30.151208914787652,63.028259311888846,0.11895140517675509,23.742578803538244,21
875,48,36.18126105533904,8.7649919316101,0.11953546395966536,43.488888654699714,21
875,71,93.78264549749828,57.17280523760754,0.11947371393292436,44.366306830028755,21
875,77,10.857574113544356,67.22400930398116,0.11989960834406983,42.76442447619636,20
875,94,74.6789611349026,26.246051592286467,0.11897166617739882,34.2534843140716,17
876,41,81.40203846660347,16.697291990770392,0.12089956208302464,45.772900067682514,15
876,58,75.85195298352102,71.94629559509367,0.11867331267195512,33.911109734265686,24
876,59,43.20930397751037,62.73088407024432,0.11867084022010502,14.428754682225943,25
876,62,4.161417386189248,49.39908192445189,0.1187151707645635,45.84252129384545,16
876,97,15.328431662449404,17.926830815773908,0.11907395777430316,47.23140726789146,20
877,4,12.811363267554587,45.038593789556714,0.11887202177918092,37.51813233095184,25
877,8,55.45847870158348,6.381725610417533,0.11886697455028424,43.9584900839479,17
877,22,83.2259801395201,80.47643574968019,0.11864529203831016,45.086349289293416,21
877,39,55.70321523412783,78.38982091064135,0.11859469069848451,28.957012887124193,20
877,93,37.36577288737101,9.446666806151526,0.11811942002503328,42.47583463411616,17
878,6,64.38651200806646,82.276161327083,0.1176852480975527,35.33726528425946,27
878,19,22.69093490508841,66.98139946825104,0.1181756316317927,32.15824877474573,22
878,70,48.66583308381603,49.07069943545209,0.1180399905622888,1.6259154035523802,27
878,99,19.643466571457324,31.03236729000948,0.11808354054573356,35.795114365222126,24
879,50,90.8580690707607,69.97071338107496,0.117690858717479,45.47759009820221,23
879,63,32.98612123327853,14.45241888660469,0.1178492046402441,39.40942265121521,23
879,66,58.106113970039495,34.686980453483706,0.11733198716088687,17.32621283856514,27
879,96,12.275793241148602,83.11126721249062,0.11810819294760926,50.19434023873136,27
880,27,70.51653786263351,78.07290310219679,0.11680643283092794,34.77091046340611,24
880,43,72.23593505964503,46.18772302513874,0.11678426028043945,22.560369316786645,18
880,44,16.127177903360177,50.10447751033635,0.11708149422146559,33.87298322174735,14
880,56,30.59566241506525,57.9219568941896,0.11705271059417471,20.959144022204473,24
880,74,43.89114603050467,2.1612079880330426,0.11841867212349456,48.22725492898028,20
881,18,12.992150533547164,47.57049262259338,0.11645745666161322,37.08751040752812,23
881,30,66.84029617904716,47.10962061431325,0.11653050313833185,17.08654056242027,25
881,55,45.57762898336111,20.236336479523032,0.11697056240201459,30.09041428044784,23
881,65,17.05929685368861,92.51201183767972,0.11829047110488576,53.78067565827367,13
881,90,89.07924908785249,89.34466396978632,0.12113376980403362,55.45439831217919,16
882,10,75.80877400853738,35.45259681298683,0.11613773902817157,29.626335502543604,13
882,25,19.990820247510833,0.7362269751005512,0.11761754271733169,57.684228365004735,20
882,40,66.43135403273875,40.63868614400705,0.11607494304431222,18.91093843413398,23
882,88,43.509706000303794,99.2375564055837,0.11998547836150947,49.66347628786701,25
882,89,89.1677266254914,74.86080194569492,0.1161676925592161,46.391489331474325,19
883,37,5.830274168906602,28.138389202199654,0.11585762787851306,49.28381789866183,17
883,51,26.586996145951957,96.91763773477238,0.11843964899344904,52.4350405748008,19
883,68,95.85592132414453,48.23034369429002,0.11650770879664216,45.890055610409455,24
883,87,16.460781758201815,4.491061939232899,0.11678902048998867,56.53266846425794,19
883,98,59.93827915208435,87.45620408374644,0.11582217355152515,38.7522466041392,21
884,1,85.85979199113825,69.73680290593639,0.11542088189150261,40.93245742189787,19
884,20,43.715191887233075,83.26781960578374,0.11531779748646115,33.85626432932715,17
884,29,13.979699812765745,11.453007353597345,0.11634598540928924,52.75729966232435,19
884,32,63.47183200005908,55.35794006579958,0.11518842349256792,14.498199170466526,24
884,76,14.024908899861078,55.40361435390494,0.11515515782906871,36.37865071369501,21
885,16,32.58253581381519,37.045970603486886,0.11461682049102209,21.706564359261378,24
885,17,46.95558112758079,18.94713590842857,0.11475406157170046,31.201744415342365,16
885,21,70.0265102002249,31.236664138204105,0.11462683088693816,27.443102657357606,16
885,26,78.69243775021384,66.48508565920321,0.11487074821529049,33.09099625640128,25
885,65,17.05929685368861,92.51201183767972,0.11464873524122866,53.78067565827367,19
886,3,76.1139701990353,78.60643052769538,0.11429194140181846,38.73328422806367,25
886,5,37.07980242325812,92.67649888486018,0.11450612095570716,44.589405271785346,21
886,23,38.74783790301745,28.83281039302441,0.11418179957732204,23.97208934812371,27
886,72,47.348940105695384,26.69756630918936,0.11417042041435278,23.45275110680658,27
887,24,68.24955039749754,13.97524836093098,0.11412414088357109,40.38352164395039,22
887,41,81.40203846660347,16.697291990770392,0.1150813953866401,45.772900067682514,10
887,54,9.63909621534993,90.26023965438416,0.12594140295835857,57.007801670843506,19
887,61,8.44443211398891,41.58074021706096,0.11433302781492446,42.399872141570086,25
887,83,82.97897431324131,80.82514720643019,0.11399671553186036,45.142025287436105,24
888,42,2.2712073133860478,9.004786077564175,0.14956634843211183,62.91776550282162,25
888,80,10.774094595589656,91.60118451376078,0.12907548619075523,57.17805704764476,14
888,84,31.713889282271534,95.28993950697449,0.11437479537840685,48.842199640540684,17
888,90,89.07924908785249,89.34466396978632,0.11619152077558408,55.45439831217919,22
888,95,93.68131505337793,24.097057500568475,0.11877480787142845,50.78404980819585,22
889,11,97.06980243949033,89.31211213221977,0.12068452828202576,61.327061416546535,21
889,45,15.231210271316842,69.6320375077736,0.11285097752344077,39.92850655739597,24
889,69,78.27352272502863,8.272999992243857,0.11409343118023166,50.40371630078472,19
889,81,23.02139908948808,3.741255617617978,0.11296241259715618,53.551062911236734,21
889,86,25.596509056760276,93.60435700489633,0.11354540730227439,49.96869339923984,15
890,13,46.67210037270342,4.380376578722878,0.11250866890688731,45.740845609023204,27
890,14,15.428949206754783,68.30489532424546,0.1125495709255765,39.11811275842336,28
890,28,45.891577553834,56.87411959528937,0.11251614520728521,8.008286658611938,20
890,79,72.69946142868827,76.8647491917657,0.11250699586235169,35.170730704507434,25
891,2,9.417734788764953,97.5622351636756,0.16854220873480408,62.52268758970457,12
891,9,82.7631171992582,63.166439912206485,0.11208522234034599,35.30972937554283,25
891,42,2.2712073133860478,9.004786077564175,0.1434099586363041,62.91776550282162,21
891,52,77.87509039657947,71.68901891589957,0.11241705351028164,35.31903461522874,20
891,77,10.857574113544356,67.22400930398116,0.11208559924355414,42.76442447619636,22
892,31,56.52361064811888,76.49988574160255,0.11152168567901669,27.291050551531363,32
892,33,55.92071607454135,30.39500980626122,0.11161221008484057,20.47951462637545,35
892,73,33.15689973425522,52.06724024715378,0.1117303527640429,16.969487582168895,33
893,0,77.39560485559633,43.88784397520523,0.11117222926412657,28.069157747880652,14
893,44,16.127177903360177,50.10447751033635,0.11124736660482698,33.87298322174735,15
893,46,44.61562755740307,38.10212260964825,0.11126246818942107,13.059515802526548,25
893,64,10.340296772255165,58.7644572177712,0.11114539166907915,40.616594766609076,20
893,92,77.2012432110988,66.16612631677611,0.1115324708362131,31.642554769160306,26
894,35,21.45846728195292,40.852864372463614,0.11072523864906397,29.97147277135205,24
894,48,36.18126105533904,8.7649919316101,0.11088017811097123,43.488888654699714,13
894,53,44.93615021437887,27.224156184515902,0.11092651754771676,23.331987402676617,19
894,71,93.78264549749828,57.17280523760754,0.11069968539944305,44.366306830028755,26
894,88,43.509706000303794,99.2375564055837,0.11184505632204078,49.66347628786701,18
895,2,9.417734788764953,97.5622351636756,0.16493366405981574,62.52268758970457,21
895,7,44.34141988273311,22.723872178477688,0.11031909366077323,27.856896415063034,25
895,75,82.62919241943578,89.61607718397667,0.1117897655100462,51.32346217268826,23
895,94,74.6789611349026,26.246051592286467,0.1109354857285942,34.2534843140716,15
895,97,15.328431662449404,17.926830815773908,0.11056723945413992,47.23140726789146,16
896,8,55.45847870158348,6.381725610417533,0.11080871729237321,43.9584900839479,18
896,10,75.80877400853738,35.45259681298683,0.11035568540381022,29.626335502543604,19
896,39,55.70321523412783,78.38982091064135,0.11014979610204231,28.957012887124193,25
896,47,30.151208914787652,63.028259311888846,0.10981752064917795,23.742578803538244,23
896,62,4.161417386189248,49.39908192445189,0.11077353537571723,45.84252129384545,15
897,34,3.0817834567939406,43.671738923236234,0.10995082991449104,47.34306635454508,21
897,36,85.34030732681661,23.393948586534073,0.10955738359640839,44.23595024151556,19
897,51,26.586996145951957,96.91763773477238,0.11126528526245354,52.4350405748008,19
897,74,43.89114603050467,2.1612079880330426,0.11027762211184824,48.22725492898028,19
897,90,89.07924908785249,89.34466396978632,0.10942206773201202,55.45439831217919,22
898,19,22.69093490508841,66.98139946825104,0.10908717977720946,32.15824877474573,21
898,43,72.23593505964503,46.18772302513874,0.10904456767699826,22.560369316786645,20
898,58,75.85195298352102,71.94629559509367,0.10892111438162105,33.911109734265686,23
898,78,28.123378383900832,65.94226346919018,0.10942004393065746,27.06921383888075,13
898,93,37.36577288737101,9.446666806151526,0.10994090919441787,42.47583463411616,23
899,4,12.811363267554587,45.038593789556714,0.10868873053281985,37.51813233095184,32
899,60,58.40979689127356,64.984660155482,0.10896458810825993,17.183268714879727,35
899,91,51.885836038644904,31.5929051830793,0.10866882988344366,18.503446088871144,33
900,12,77.83834970737618,19.463870785196757,0.10971170505657914,41.321046717784526,21
900,29,13.979699812765745,11.453007353597345,0.10854831508215063,52.75729966232435,14
900,38,29.35937577666836,66.1916514726895,0.10894404254861781,26.233660547888334,24
900,85,29.091783814011862,51.50571292317145,0.10838547674616535,20.962363308725994,19
900,89,89.1677266254914,74.86080194569492,0.10823854819414731,46.391489331474325,22
901,1,85.85979199113825,69.73680290593639,0.10775526064206047,40.93245742189787,20
901,57,17.67727829392317,85.66142840923754,0.10883554942853674,48.12998872507312,18
901,59,43.20930397751037,62.73088407024432,0.10767789321317123,14.428754682225943,17
901,63,32.98612123327853,14.45241888660469,0.1081538875762567,39.40942265121521,23
901,82,55.48524693914834,37.092228386243875,0.10802750555916944,14.024924314103254,22
902,17,46.95558112758079,18.94713590842857,0.10765590147593206,31.201744415342365,25
902,20,43.715191887233075,83.26781960578374,0.10770057167249085,33.85626432932715,17
902,21,70.0265102002249,31.236664138204105,0.10759991419734156,27.443102657357606,18
902,50,90.8580690707607,69.97071338107496,0.10781164911065023,45.47759009820221,19
902,96,12.275793241148602,83.11126721249062,0.10718463034396139,50.19434023873136,21
903,22,83.2259801395201,80.47643574968019,0.10868822780304352,45.086349289293416,22
903,56,30.59566241506525,57.9219568941896,0.10683247569675239,20.959144022204473,25
903,67,59.091549148141674,2.28038710296975,0.10932263750487727,48.577955092361506,23
903,98,59.93827915208435,87.45620408374644,0.10690800432167945,38.7522466041392,12
903,99,19.643466571457324,31.03236729000948,0.1074618070518309,35.795114365222126,18
904,27,70.51653786263351,78.07290310219679,0.10659158743826308,34.77091046340611,23
904,40,66.43135403273875,40.63868614400705,0.10636403801851288,18.91093843413398,16
904,55,45.57762898336111,20.236336479523032,0.10699587713279587,30.09041428044784,24
904,70,48.66583308381603,49.07069943545209,0.10638124208972957,1.6259154035523802,20
904,84,31.713889282271534,95.28993950697449,0.10711392078952368,48.842199640540684,17
905,6,64.38651200806646,82.276161327083,0.10607115798029806,35.33726528425946,26
905,18,12.992150533547164,47.57049262259338,0.1061980386734633,37.08751040752812,16
905,30,66.84029617904716,47.10962061431325,0.10588906267866587,17.08654056242027,12
905,66,58.106113970039495,34.686980453483706,0.10588295869322088,17.32621283856514,26
905,76,14.024908899861078,55.40361435390494,0.10607073465714965,36.37865071369501,20
906,0,77.39560485559633,43.88784397520523,0.10545603958640382,28.069157747880652,17
906,11,97.06980243949033,89.31211213221977,0.11217156664339815,61.327061416546535,16
906,37,5.830274168906602,28.138389202199654,0.10698163174949665,49.28381789866183,25
906,49,11.800590212051532,96.18976645495145,0.14767818458160747,59.93904765101437,20
906,94,74.6789611349026,26.246051592286467,0.10546109131304664,34.2534843140716,22
907,5,37.07980242325812,92.67649888486018,0.1053160790630211,44.589405271785346,20
907,41,81.40203846660347,16.697291990770392,0.1084608187512395,45.772900067682514,13
907,44,16.127177903360177,50.10447751033635,0.10506258642008263,33.87298322174735,25
907,48,36.18126105533904,8.7649919316101,0.10532413381617584,43.488888654699714,21
907,68,95.85592132414453,48.23034369429002,0.10575552527372233,45.890055610409455,21
908,26,78.69243775021384,66.48508565920321,0.1046204317780329,33.09099625640128,21
908,32,63.47183200005908,55.35794006579958,0.1046296557745063,14.498199170466526,18
908,41,81.40203846660347,16.697291990770392,0.10551701241601524,45.772900067682514,18
908,62,4.161417386189248,49.39908192445189,0.10489572102935525,45.84252129384545,18
908,78,28.123378383900832,65.94226346919018,0.10456604673790816,27.06921383888075,25
909,15,74.47621559078172,96.750973243421,0.10822643351736864,52.77062278250554,23
909,16,32.58253581381519,37.045970603486886,0.1041715066554654,21.706564359261378,27
909,24,68.24955039749754,13.97524836093098,0.10455831785885834,40.38352164395039,21
909,65,17.05929685368861,92.51201183767972,0.10517535457841484,53.78067565827367,19
909,87,16.460781758201815,4.491061939232899,0.10657100167167392,56.53266846425794,10
910,3,76.1139701990353,78.60643052769538,0.10385528392164706,38.73328422806367,23
910,8,55.45847870158348,6.381725610417533,0.10393626666325312,43.9584900839479,23
910,28,45.891577553834,56.87411959528937,0.10385147849833379,8.008286658611938,26
910,54,9.63909621534993,90.26023965438416,0.11661060470923468,57.007801670843506,17
910,87,16.460781758201815,4.491061939232899,0.10424316396752634,56.53266846425794,11
911,52,77.87509039657947,71.68901891589957,0.10393267936074342,35.31903461522874,32
911,69,78.27352272502863,8.272999992243857,0.10490981061469132,50.40371630078472,16
911,80,10.774094595589656,91.60118451376078,0.1208370253981932,57.17805704764476,23
911,97,15.328431662449404,17.926830815773908,0.10360669338159952,47.23140726789146,29
912,10,75.80877400853738,35.45259681298683,0.10287051962752027,29.626335502543604,17
912,53,44.93615021437887,27.224156184515902,0.10300932118811493,23.331987402676617,27
912,74,43.89114603050467,2.1612079880330426,0.1028211120533096,48.22725492898028,12
912,75,82.62919241943578,89.61607718397667,0.10312094845395853,51.32346217268826,21
912,86,25.596509056760276,93.60435700489633,0.10520066634634734,49.96869339923984,23
913,23,38.74783790301745,28.83281039302441,0.10241924837598669,23.97208934812371,15
913,57,17.67727829392317,85.66142840923754,0.10243883032068517,48.12998872507312,21
913,64,10.340296772255165,58.7644572177712,0.10239041038257833,40.616594766609076,20
913,72,47.348940105695384,26.69756630918936,0.10241510114337615,23.45275110680658,20
913,95,93.68131505337793,24.097057500568475,0.10814084660021997,50.78404980819585,24
914,12,77.83834970737618,19.463870785196757,0.10224721738282616,41.321046717784526,25
914,29,13.979699812765745,11.453007353597345,0.10240733990910743,52.75729966232435,16
914,45,15.231210271316842,69.6320375077736,0.10230713222560668,39.92850655739597,21
914,49,11.800590212051532,96.18976645495145,0.141643347422289,59.93904765101437,12
914,79,72.69946142868827,76.8647491917657,0.10196452564783004,35.170730704507434,26
915,9,82.7631171992582,63.166439912206485,0.1015119823541601,35.30972937554283,20
915,36,85.34030732681661,23.393948586534073,0.10156128478124407,44.23595024151556,15
915,77,10.857574113544356,67.22400930398116,0.10212242638870735,42.76442447619636,28
915,81,23.02139908948808,3.741255617617978,0.10249521228010448,53.551062911236734,22
915,98,59.93827915208435,87.45620408374644,0.10173746047835029,38.7522466041392,15
916,42,2.2712073133860478,9.004786077564175,0.13274630157154854,62.91776550282162,16
916,51,26.586996145951957,96.91763773477238,0.10293664942444267,52.4350405748008,22
916,67,59.091549148141674,2.28038710296975,0.10148635582177766,48.577955092361506,21
916,88,43.509706000303794,99.2375564055837,0.10292074158038295,49.66347628786701,21
916,95,93.68131505337793,24.097057500568475,0.10234398450193777,50.78404980819585,20
917,13,46.67210037270342,4.380376578722878,0.10067807637313396,45.740845609023204,18
917,20,43.715191887233075,83.26781960578374,0.10079285888423083,33.85626432932715,21
917,30,66.84029617904716,47.10962061431325,0.10075483172278087,17.08654056242027,19
917,61,8.44443211398891,41.58074021706096,0.10219991298160122,42.399872141570086,21
917,92,77.2012432110988,66.16612631677611,0.10072807729065923,31.642554769160306,21
918,11,97.06980243949033,89.31211213221977,0.10572694658976516,61.327061416546535,20
918,14,15.428949206754783,68.30489532424546,0.10045686912476971,39.11811275842336,22
918,21,70.0265102002249,31.236664138204105,0.10038489668198479,27.443102657357606,18
918,46,44.61562755740307,38.10212260964825,0.10035435935229368,13.059515802526548,23
918,85,29.091783814011862,51.50571292317145,0.1003688190498133,20.962363308725994,17
919,35,21.45846728195292,40.852864372463614,0.1001201214747691,29.97147277135205,25
919,40,66.43135403273875,40.63868614400705,0.0997594677267879,18.91093843413398,23
919,43,72.23593505964503,46.18772302513874,0.10022427616458268,22.560369316786645,22
919,59,43.20930397751037,62.73088407024432,0.10002816764146208,14.428754682225943,15
919,84,31.713889282271534,95.28993950697449,0.10021340321169099,48.842199640540684,15
920,7,44.34141988273311,22.723872178477688,0.0995259637180701,27.856896415063034,22
920,18,12.992150533547164,47.57049262259338,0.0995200701360758,37.08751040752812,25
920,39,55.70321523412783,78.38982091064135,0.09947957638175937,28.957012887124193,20
920,50,90.8580690707607,69.97071338107496,0.09972039167021743,45.47759009820221,20
920,93,37.36577288737101,9.446666806151526,0.10013042633806021,42.47583463411616,13
921,38,29.35937577666836,66.1916514726895,0.09924325643825238,26.233660547888334,27
921,58,75.85195298352102,71.94629559509367,0.09900191542814715,33.911109734265686,24
921,82,55.48524693914834,37.092228386243875,0.09897637162415286,14.024924314103254,30
921,99,19.643466571457324,31.03236729000948,0.09975003445530134,35.795114365222126,19
922,15,74.47621559078172,96.750973243421,0.10022521815988947,52.77062278250554,22
922,19,22.69093490508841,66.98139946825104,0.09943485761689766,32.15824877474573,23
922,41,81.40203846660347,16.697291990770392,0.09860568740847085,45.772900067682514,17
922,47,30.151208914787652,63.028259311888846,0.09925504519487276,23.742578803538244,13
922,63,32.98612123327853,14.45241888660469,0.09862284782041052,39.40942265121521,25
923,25,19.990820247510833,0.7362269751005512,0.10376437742094136,57.684228365004735,21
923,34,3.0817834567939406,43.671738923236234,0.0994702049934561,47.34306635454508,18
923,54,9.63909621534993,90.26023965438416,0.11006018781052347,57.007801670843506,20
923,71,93.78264549749828,57.17280523760754,0.0984790799591087,44.366306830028755,20
923,89,89.1677266254914,74.86080194569492,0.09844066803187367,46.391489331474325,21
924,0,77.39560485559633,43.88784397520523,0.09792697625203071,28.069157747880652,15
924,1,85.85979199113825,69.73680290593639,0.09846270366904786,40.93245742189787,20
924,70,48.66583308381603,49.07069943545209,0.09759972500553972,1.6259154035523802,22
924,73,33.15689973425522,52.06724024715378,0.0976001176407141,16.969487582168895,18
924,76,14.024908899861078,55.40361435390494,0.0976423064589061,36.37865071369501,25
925,17,46.95558112758079,18.94713590842857,0.09727289652353482,31.201744415342365,17
925,31,56.52361064811888,76.49988574160255,0.09731559747241339,27.291050551531363,16
925,55,45.57762898336111,20.236336479523032,0.09725049621992402,30.09041428044784,27
925,65,17.05929685368861,92.51201183767972,0.09758665965088752,53.78067565827367,20
925,83,82.97897431324131,80.82514720643019,0.10060734579644272,45.142025287436105,20
926,27,70.51653786263351,78.07290310219679,0.0968473025393994,34.77091046340611,22
926,32,63.47183200005908,55.35794006579958,0.09681029073747006,14.498199170466526,27
926,74,43.89114603050467,2.1612079880330426,0.09707345316233972,48.22725492898028,25
926,80,10.774094595589656,91.60118451376078,0.1125094750316257,57.17805704764476,26
927,22,83.2259801395201,80.47643574968019,0.09871739020546562,45.086349289293416,25
927,37,5.830274168906602,28.138389202199654,0.09679473698232853,49.28381789866183,17
927,68,95.85592132414453,48.23034369429002,0.09662495442240926,45.890055610409455,18
927,80,10.774094595589656,91.60118451376078,0.10665870182331594,57.17805704764476,21
927,87,16.460781758201815,4.491061939232899,0.09799524785015194,56.53266846425794,19
928,5,37.07980242325812,92.67649888486018,0.09635205668720308,44.589405271785346,16
928,23,38.74783790301745,28.83281039302441,0.09596088765846847,23.97208934812371,21
928,33,55.92071607454135,30.39500980626122,0.0961818622060176,20.47951462637545,21
928,56,30.59566241506525,57.9219568941896,0.09592383071470544,20.959144022204473,22
928,90,89.07924908785249,89.34466396978632,0.09763450583100919,55.45439831217919,20
929,10,75.80877400853738,35.45259681298683,0.09560604050245365,29.626335502543604,19
929,26,78.69243775021384,66.48508565920321,0.09556302772120481,33.09099625640128,25
929,48,36.18126105533904,8.7649919316101,0.09596622467034102,43.488888654699714,21
929,62,4.161417386189248,49.39908192445189,0.09620864289923958,45.84252129384545,19
929,86,25.596509056760276,93.60435700489633,0.09653676096849644,49.96869339923984,16
930,2,9.417734788764953,97.5622351636756,0.1522846077179526,62.52268758970457,23
930,29,13.979699812765745,11.453007353597345,0.09534649560974429,52.75729966232435,16
930,83,82.97897431324131,80.82514720643019,0.09530595861613887,45.142025287436105,24
930,93,37.36577288737101,9.446666806151526,0.09523750502085877,42.47583463411616,16
930,94,74.6789611349026,26.246051592286467,0.09558394337893841,34.2534843140716,21
931,6,64.38651200806646,82.276161327083,0.09478521793546382,35.33726528425946,26
931,24,68.24955039749754,13.97524836093098,0.09515089010078115,40.38352164395039,19
931,36,85.34030732681661,23.393948586534073,0.09472561668300526,44.23595024151556,13
931,42,2.2712073133860478,9.004786077564175,0.1255602842533322,62.91776550282162,19
931,98,59.93827915208435,87.45620408374644,0.09503103145133071,38.7522466041392,23
932,3,76.1139701990353,78.60643052769538,0.0941808594128351,38.73328422806367,25
932,44,16.127177903360177,50.10447751033635,0.09408183576330767,33.87298322174735,15
932,47,30.151208914787652,63.028259311888846,0.09423375521301729,23.742578803538244,23
932,66,58.106113970039495,34.686980453483706,0.09437827582325645,17.32621283856514,17
932,91,51.885836038644904,31.5929051830793,0.09427239100903469,18.503446088871144,20
933,8,55.45847870158348,6.381725610417533,0.0938311496919346,43.9584900839479,14
933,60,58.40979689127356,64.984660155482,0.09384737601200897,17.183268714879727,18
933,61,8.44443211398891,41.58074021706096,0.0941229069310805,42.399872141570086,18
933,72,47.348940105695384,26.69756630918936,0.09378586541293198,23.45275110680658,17
933,75,82.62919241943578,89.61607718397667,0.09388852271540564,51.32346217268826,14
933,96,12.275793241148602,83.11126721249062,0.09588998452772377,50.19434023873136,19
934,59,43.20930397751037,62.73088407024432,0.0935124608345559,14.428754682225943,26
934,78,28.123378383900832,65.94226346919018,0.09346000464839774,27.06921383888075,22
934,81,23.02139908948808,3.741255617617978,0.09340790443378781,53.551062911236734,21
934,88,43.509706000303794,99.2375564055837,0.09415259628854337,49.66347628786701,16
934,95,93.68131505337793,24.097057500568475,0.09369305866640551,50.78404980819585,15
935,9,82.7631171992582,63.166439912206485,0.09286965344417382,35.30972937554283,25
935,13,46.67210037270342,4.380376578722878,0.09278927242744706,45.740845609023204,18
935,21,70.0265102002249,31.236664138204105,0.09291363788626593,27.443102657357606,17
935,57,17.67727829392317,85.66142840923754,0.09315177017351273,48.12998872507312,16
935,85,29.091783814011862,51.50571292317145,0.09298536600360252,20.962363308725994,24
