round,alive,dead,newly_dead,residual_energy,consumed_energy,round_energy,ch_count,packets_generated,packets_delivered,bs_packets,throughput_bits,pdr,round_pdr,avg_intra_distance,max_intra_distance,avg_ch_bs_distance,cluster_imbalance,fitness,selection_time,evaluations,e_control,e_member_tx,e_ch_rx,e_aggregation,e_ch_tx,e_direct_tx
1,100,0,0,49.95526096313334,0.04473903686665892,0.04473903686665892,5,100,100,5,20000.0,1.0,1.0,27.459601262901423,61.300397336232884,17.130869589055255,0.13784048752090222,0.1708361337209133,0.01803199999994831,620,0.0,0.022654845713176996,0.018999999999997706,0.0020000000000030896,0.0010841911534811288,0.0
2,100,0,0,49.912155580307754,0.08784441969224588,0.04310538282558696,5,200,200,10,40000.0,1.0,1.0,20.28372410815335,44.55317681563245,29.10838476421808,0.14832396974191325,0.19457284755338317,0.012498299998696893,620,0.0,0.02090488339064933,0.018999999999997706,0.0020000000000030896,0.0012004994349368303,0.0
3,100,0,0,49.86892080296633,0.13107919703367088,0.043234777341425,5,300,300,15,60000.0,1.0,1.0,21.074809539355993,44.94281121410961,24.190289017267702,0.08366600265340755,0.17094794147724018,0.01821389999531675,620,0.0,0.021113680090451226,0.018999999999997706,0.0020000000000030896,0.00112109725097298,0.0
4,100,0,0,49.825778778060496,0.1742212219395043,0.04314202490583341,5,400,400,20,80000.0,1.0,1.0,20.74388553336584,46.39227090625187,25.63823925951283,0.1414213562373095,0.18346259997659922,0.011507999995956197,620,0.0,0.021000770207166397,0.019000000000004166,0.0019999999999966295,0.0011412546986662164,0.0
5,100,0,0,49.7828184400826,0.21718155991739962,0.042960337977895335,5,500,500,25,100000.0,1.0,1.0,19.15232128728332,47.929692137453465,27.625673930030985,0.08366600265340755,0.17775993848531324,0.013385399994149338,620,0.0,0.020788182688598056,0.019000000000004166,0.0019999999999966295,0.0011721552892964837,0.0
6,100,0,0,49.738496960142456,0.2615030398575442,0.04432147994014457,3,600,600,28,112000.0,1.0,1.0,24.803856193188615,57.75648415093316,20.468454048264476,0.08602325267042626,0.20795641049348765,0.013467000004311558,620,0.0,0.02227034452848642,0.01940000000000194,0.0019999999999979236,0.0006511354116582879,0.0
7,100,0,0,49.695211632693685,0.3047883673063154,0.04328532744877123,5,700,700,33,132000.0,1.0,1.0,21.169230681078723,48.42557656878674,26.34454872605671,0.14832396974191325,0.18773289365907883,0.011597600001550745,620,0.0,0.021134530794022055,0.018999999999997706,0.0020000000000030896,0.0011507966547483761,0.0
8,100,0,0,49.65219238734745,0.3478076126525522,0.0430192453462368,5,800,800,38,152000.0,1.0,1.0,19.646283937377437,44.25060574810616,26.20137428790187,0.16431676725154984,0.18637231796109938,0.14833219999854919,620,0.0,0.020858197749483054,0.018999999999997706,0.0020000000000030896,0.001161047596752951,0.0
9,100,0,0,49.60920643884602,0.390793561153977,0.04298594850142479,5,900,900,43,172000.0,1.0,1.0,19.627840236020262,35.625662824937706,38.10391433440382,0.09486832980505137,0.213746382126276,0.14726299999892944,620,0.0,0.020685642615802635,0.019000000000004166,0.0019999999999966295,0.0013003058856213556,0.0
10,100,0,0,49.5664009211569,0.4335990788431019,0.04280551768912488,5,1000,1000,48,192000.0,1.0,1.0,17.629245580854572,36.0997210802366,41.56992141497268,0.21447610589527216,0.238534107443956,0.07401279999612598,620,0.0,0.020438628991527708,0.019000000000004166,0.0019999999999966295,0.00136688869759638,0.0
11,100,0,0,49.52371772608279,0.47628227391720657,0.042683195074104674,5,1100,1100,53,212000.0,1.0,1.0,17.26956624982114,45.777107633903455,37.79454453690046,0.2607680962081059,0.23262931405597556,0.07692479999968782,620,0.0,0.020390312280440526,0.018999999999997706,0.0020000000000030896,0.0012928827936633525,0.0
12,100,0,0,49.48092519459709,0.5190748054029086,0.04279253148570206,5,1200,1200,58,232000.0,1.0,1.0,17.687522776690724,41.77748704351886,37.170204460628725,0.28982753492378877,0.2359383561824518,0.05324259999906644,620,0.0,0.020511915617476006,0.018999999999997706,0.0020000000000030896,0.0012806158682252544,0.0
13,100,0,0,49.43684542264233,0.5631545773576718,0.0440797719547632,5,1300,1300,63,252000.0,1.0,1.0,23.767405559637375,51.3003298450023,45.00906826552128,0.07745966692414834,0.24242595306079434,0.05396140000084415,620,0.0,0.02167124666915754,0.018999999999997706,0.0020000000000030896,0.001408525285604867,0.0
14,100,0,0,49.39373697394555,0.6062630260544495,0.04310844869677766,5,1400,1400,68,272000.0,1.0,1.0,19.264664230467822,41.96427224993905,45.21502286464194,0.1341640786499874,0.24164110390589022,0.10413179999886779,620,0.0,0.020697541112070894,0.018999999999997706,0.0020000000000030896,0.0014109075847059671,0.0
15,100,0,0,49.35059918129886,0.6494008187011389,0.04313779264668938,5,1500,1500,73,292000.0,1.0,1.0,19.90861088153858,44.6410625733518,39.05666972781218,0.1224744871391589,0.2217971092232704,0.05801639999845065,620,0.0,0.020805152615764655,0.019000000000004166,0.0019999999999966295,0.0013326400309239261,0.0
16,100,0,0,49.307374221775255,0.6926257782247447,0.04322495952360583,5,1600,1600,78,312000.0,1.0,1.0,20.161568003118347,45.72776962390421,39.346223544646435,0.12649110640673517,0.22409720975744338,0.12311469999986002,620,0.0,0.02090664098904682,0.018999999999997706,0.0020000000000030896,0.001318318534558216,0.0
17,100,0,0,49.263620418667855,0.7363795813321445,0.04375380310739985,5,1700,1700,83,332000.0,1.0,1.0,22.679565002075886,44.76954986548251,49.3905372852928,0.09486832980505137,0.25666173323894165,0.04782410000188975,620,0.0,0.021263972938307063,0.018999999999997706,0.001999999999995984,0.0014898301690990934,0.0
18,100,0,0,49.220400086409335,0.7795999135906655,0.043220332258520955,5,1800,1800,88,352000.0,1.0,1.0,20.09695339095529,44.13325648091199,44.03179845639429,0.044721359549995794,0.2270465355099377,0.055871700002171565,620,0.0,0.02081087926043068,0.018999999999997706,0.0020000000000030896,0.0014094529980894777,0.0
19,100,0,0,49.17669179854747,0.8233082014525266,0.043708287861861095,5,1900,1900,93,372000.0,1.0,1.0,23.138412218787362,51.57875765535797,26.676749611698096,0.14491376746189438,0.1934832127937448,0.0527014000035706,620,0.0,0.021552642769449903,0.018999999999997706,0.001999999999995984,0.001155645092417501,0.0
20,100,0,0,49.13349389897961,0.8665061010203914,0.043197899567864795,5,2000,2000,98,392000.0,1.0,1.0,21.216018209215814,41.29267083972379,21.945767208251368,0.2607680962081059,0.19179272075365145,0.08288549999997485,620,0.0,0.021092974288833943,0.018999999999997706,0.001999999999995984,0.001104925279037161,0.0
21,100,0,0,49.08999339580599,0.9100066041940096,0.0435005031736182,5,2100,2100,103,412000.0,1.0,1.0,21.616989481533853,50.8095774906177,26.153535868245392,0.18708286933869706,0.19534367575332956,0.037616800000250805,620,0.0,0.02133388885963683,0.018999999999997706,0.0020000000000030896,0.001166614313980574,0.0
22,100,0,0,49.046933033418966,0.9530669665810336,0.04306036238702404,5,2200,2200,108,432000.0,1.0,1.0,19.23681126210098,44.94281121410961,32.04350554972322,0.25099800796022265,0.2184694985579486,0.09892409999883967,620,0.0,0.020841306977388285,0.019000000000004166,0.0019999999999966295,0.0012190554096349615,0.0
23,100,0,0,49.00391359878548,0.9960864012145194,0.04301943463348579,5,2300,2300,113,452000.0,1.0,1.0,19.435177324974614,46.39227090625187,28.23291890931368,0.24083189157584592,0.20528449497394138,0.03995579999900656,620,0.0,0.020849695657126688,0.019000000000004166,0.0019999999999966295,0.0011697389763583033,0.0
24,100,0,0,48.96036582162536,1.0396341783746408,0.04354777716012137,5,2400,2400,118,472000.0,1.0,1.0,22.41377577074903,57.90404753006889,27.30451757740683,0.09486832980505137,0.18691957857958014,0.13817289999860805,620,0.0,0.021365627752011562,0.019000000000004166,0.002000000000003735,0.0011821494081019068,0.0
25,100,0,0,48.91756027262728,1.0824397273727229,0.04280554899808209,5,2500,2500,123,492000.0,1.0,1.0,18.510929542454733,41.51740752295253,29.722806481319616,0.20493901531919198,0.20262033085240974,0.03766959999484243,620,0.0,0.02061516580042877,0.019000000000004166,0.002000000000003735,0.0011903831976454171,0.0
26,100,0,0,48.87396310080777,1.1260368991922292,0.043597171819506286,5,2600,2600,128,512000.0,1.0,1.0,21.571036226334872,54.26167951991455,39.72613683465447,0.2073644135332772,0.24130914313795349,0.047401699994225055,620,0.0,0.02127636671426103,0.018999999999997706,0.0020000000000030896,0.0013208051052444603,0.0
27,100,0,0,48.82895160031687,1.17104839968313,0.04501150049090086,3,2700,2700,131,524000.0,1.0,1.0,27.170139186763812,62.946926415962764,19.078971761701563,0.05099019513592785,0.2051782671722606,0.05385940000269329,620,0.0,0.02294802736691537,0.01940000000000194,0.0019999999999979236,0.0006634731239856251,0.0
28,100,0,0,48.78542579052328,1.214574209476723,0.043525809793592884,5,2800,2800,136,544000.0,1.0,1.0,21.76409013684562,47.0086790211082,38.09695771025696,0.14832396974191325,0.22772015439513044,0.06179559999873163,620,0.0,0.02122250968319861,0.019000000000004166,0.002000000000003735,0.001303300110386374,0.0
29,100,0,0,48.74121616073224,1.2587838392677568,0.04420962979103393,5,2900,2900,141,564000.0,1.0,1.0,24.17633115934355,55.07673015702348,41.05923191051808,0.1140175425099138,0.2369013963404328,0.05377450000378303,620,0.0,0.021859730918137643,0.018999999999997706,0.0020000000000030896,0.0013498988728954942,0.0
30,100,0,0,48.69847905195008,1.3015209480499195,0.042737108782162636,5,3000,3000,146,584000.0,1.0,1.0,17.38572750161033,34.68786645783164,41.57487516135511,0.24083189157584592,0.24291676629569733,0.09527589999925112,620,0.0,0.020383520488408635,0.018999999999997706,0.0020000000000030896,0.001353588293753205,0.0
31,100,0,0,48.65491724735477,1.345082752645233,0.04356180459531345,5,3100,3100,151,604000.0,1.0,1.0,21.77392174285919,44.6410625733518,44.62744763802747,0.20976176963403032,0.2578453387876767,0.1224660000007134,620,0.0,0.021161461706505236,0.018999999999997706,0.002000000000010195,0.00140034288880031,0.0
32,100,0,0,48.61164530600266,1.3883546939973428,0.04327194135210988,5,3200,3200,156,624000.0,1.0,1.0,21.09382622602052,45.67735706746433,32.46979981800095,0.170293863659264,0.21196207857976565,0.06954919999407139,620,0.0,0.021027246866545113,0.018999999999997706,0.0020000000000030896,0.0012446944855639686,0.0
33,100,0,0,48.568230979274276,1.4317690207257243,0.043414326728381525,5,3300,3300,161,644000.0,1.0,1.0,21.306828945222144,45.83261970226794,37.28796054268484,0.24083189157584592,0.23785783544255076,0.05164760000479873,620,0.0,0.021084820097435397,0.019000000000004166,0.0019999999999966295,0.0013295066309453318,0.0
34,100,0,0,48.524474842932094,1.4755251570679064,0.04375613634218212,5,3400,3400,166,664000.0,1.0,1.0,23.073887170264797,51.04739072075031,28.32181716801649,0.1224744871391589,0.19608739895701993,0.10559800000191899,620,0.0,0.02158437880554942,0.018999999999997706,0.0020000000000030896,0.001171757536631901,0.0
35,100,0,0,48.480705481403405,1.5192945185965954,0.04376936152868893,5,3500,3500,171,684000.0,1.0,1.0,23.717579621226204,47.889509457580985,32.10685580087116,0.2345207879911715,0.2260902282823384,0.05424089999723947,620,0.0,0.02151935431041352,0.019000000000010623,0.001999999999990173,0.001250007218274618,0.0
36,100,0,0,48.43742721870372,1.5625727812962822,0.04327826269968682,5,3600,3600,176,704000.0,1.0,1.0,20.70439573287541,42.326665390133584,35.99201358020902,0.15811388300841897,0.2207015639107731,0.08594000000448432,620,0.0,0.02099916239508559,0.018999999999997706,0.0020000000000030896,0.0012791003046004334,0.0
37,100,0,0,48.39387191618609,1.606128083813907,0.04355530251762474,5,3700,3700,181,724000.0,1.0,1.0,21.299565441382907,50.09917332998639,42.27936685591145,0.18165902124584948,0.24556893065504626,0.10634480000589974,620,0.0,0.021184231310435564,0.018999999999997706,0.0020000000000173004,0.0013710712071741682,0.0
38,100,0,0,48.35015288914972,1.6498471108502812,0.043719027036374314,5,3800,3800,186,744000.0,1.0,1.0,22.960539758444966,45.41503472416281,35.41673552432307,0.2,0.23001113868577602,0.059447500003443565,620,0.0,0.02142265436916091,0.019000000000004166,0.0019999999999966295,0.0012963726672126086,0.0
39,100,0,0,48.3070146568561,1.6929853431439028,0.04313823229362157,5,3900,3900,191,764000.0,1.0,1.0,20.45573815316771,42.5223096017503,36.79986345067014,0.16431676725154984,0.22388280146013181,0.05950699999812059,620,0.0,0.02083908651864874,0.019000000000004166,0.0019999999999966295,0.0012991457749720325,0.0
40,100,0,0,48.26416019361516,1.7358398063848384,0.04285446324093556,5,4000,4000,196,784000.0,1.0,1.0,18.822503458449344,37.70270280217066,36.77997491683026,0.18708286933869706,0.2238880791657912,0.07473400000162655,620,0.0,0.020574474670389975,0.019000000000004166,0.0019999999999966295,0.0012799885705447878,0.0
41,100,0,0,48.220998529171865,1.7790014708281348,0.04316166444329639,5,4100,4100,201,804000.0,1.0,1.0,20.115379525498717,46.14513746255741,34.58751729932464,0.2607680962081059,0.23082916036598178,0.0495431000017561,620,0.0,0.020902054317183172,0.019000000000010623,0.0019999999999972783,0.001259610126105315,0.0
42,100,0,0,48.17800104883787,1.8219989511621293,0.04299748033399453,5,4200,4200,206,824000.0,1.0,1.0,19.030724662640605,40.69305715595004,37.81112286956939,0.15811388300841897,0.22356653370336022,0.0920962000018335,620,0.0,0.020679437019232694,0.018999999999991246,0.0020000000000095497,0.0013180433147610415,0.0
43,100,0,0,48.134300827136734,1.8656991728632661,0.043700221701136854,5,4300,4300,211,844000.0,1.0,1.0,21.909856525895385,43.44959833630196,46.27713062382337,0.1224744871391589,0.25079372128296745,0.041971899998316076,620,0.0,0.021261833707093558,0.018999999999991246,0.001999999999995339,0.0014383879940567112,0.0
44,100,0,0,48.09068485911159,1.9093151408884097,0.04361596802514356,5,4400,4400,216,864000.0,1.0,1.0,22.718426584772704,46.41450386228339,28.383808605830364,0.1341640786499874,0.19812196527355802,0.16080330000113463,620,0.0,0.021435165928018307,0.019000000000004166,0.0019999999999966295,0.001180802097124456,0.0
45,100,0,0,48.04758303201137,1.9524169679886327,0.043101827100223034,5,4500,4500,221,884000.0,1.0,1.0,19.70651198640717,45.777107633903455,27.78757988879201,0.161245154965971,0.19382663603616562,0.06537659999594325,620,0.0,0.020905152433250862,0.018999999999997706,0.0020000000000030896,0.0011966746669713757,0.0
46,100,0,0,48.00359536183574,1.9964046381642575,0.04398767017562477,5,4600,4600,226,904000.0,1.0,1.0,23.26938272325184,55.07673015702348,45.14401881080915,0.13784048752090222,0.2531168504479481,0.05093930000293767,620,0.0,0.021570501543337173,0.018999999999997706,0.0020000000000030896,0.0014171686322868027,0.0
47,100,0,0,47.96048882215572,2.0395111778442825,0.04310653968002498,5,4700,4700,231,924000.0,1.0,1.0,19.89710873499889,44.73917614674445,34.64185878923452,0.2810693864511039,0.23356827411071002,0.09306500000093365,620,0.0,0.020840549845729583,0.018999999999997706,0.0020000000000030896,0.0012659898342946008,0.0
48,100,0,0,47.917722107296015,2.082277892703985,0.042766714859702404,5,4800,4800,236,944000.0,1.0,1.0,17.72807196966202,40.94093391586133,37.10379996930673,0.17320508075688773,0.22099447135823602,0.09599490000255173,620,0.0,0.020484212775265576,0.019000000000004166,0.0019999999999966295,0.0012825020844360324,0.0
49,100,0,0,47.87448302308307,2.125516976916927,0.0432390842129422,5,4900,4900,241,964000.0,1.0,1.0,20.380013368127358,44.036003661088,41.0131452442902,0.13784048752090222,0.2336360073138944,0.0417405999978655,620,0.0,0.020890238449666754,0.018999999999997706,0.0020000000000030896,0.0013488457632746531,0.0
50,100,0,0,47.83071254715893,2.1692874528410684,0.043770475924141294,5,5000,5000,246,984000.0,1.0,1.0,23.39781185316816,52.231681646691655,33.789060624609434,0.21447610589527216,0.2288828784471541,0.019474900000204798,620,0.0,0.021503189809017442,0.018999999999997706,0.0020000000000030896,0.0012672861151230563,0.0
51,100,0,0,47.78717048488534,2.212829515114663,0.043542062273594695,5,5100,5100,251,1004000.0,1.0,1.0,21.522261833958037,42.96748788625872,42.09376617897451,0.170293863659264,0.2445647178146405,0.13614070000039646,620,0.0,0.021148951487653278,0.018999999999997706,0.0020000000000030896,0.001393110785940621,0.0
52,100,0,0,47.74303966732171,2.2569603326782897,0.04413081756362658,4,5200,5200,255,1020000.0,1.0,1.0,23.45419594876034,48.44323990708682,41.36700995447252,0.10954451150103323,0.2579008359452732,0.054173899996385444,620,0.0,0.021853320436193258,0.01919999999999659,0.0020000000000037384,0.0010774971274329914,0.0
53,100,0,0,47.699513163350005,2.300486836649995,0.04352650397170521,5,5300,5300,260,1040000.0,1.0,1.0,22.065937657705714,48.44913004979104,28.22942357160041,0.17888543819998318,0.20348950221123732,0.04619020000245655,620,0.0,0.02133942311424164,0.019000000000004166,0.0019999999999966295,0.0011870808574627745,0.0
54,100,0,0,47.656250738090236,2.343749261909764,0.04326242525976909,5,5400,5400,265,1060000.0,1.0,1.0,20.330501418597773,38.51521556384763,42.60170648502038,0.13784048752090222,0.23894012888034985,0.0773031999997329,620,0.0,0.020877117370886822,0.019000000000004166,0.0019999999999966295,0.0013853078888814707,0.0
55,100,0,0,47.61156647975927,2.3884335202407314,0.04468425833096745,5,5500,5500,270,1080000.0,1.0,1.0,25.415155765279263,65.30302594348217,43.38265982639754,0.161245154965971,0.25646942518184856,0.06385759999830043,620,0.0,0.022294813477820696,0.018999999999997706,0.001999999999995984,0.0013894448531530657,0.0
56,100,0,0,47.567327686111,2.4326723138890003,0.04423879364826888,5,5600,5600,275,1100000.0,1.0,1.0,24.80278729580746,45.41503472416281,46.58296175446523,0.151657508881031,0.2628354340418024,0.08612870000069961,620,0.0,0.02177419160657479,0.018999999999997706,0.0020000000000030896,0.001464602041693297,0.0
57,100,0,0,47.523497166136714,2.476502833863286,0.043830519974285664,5,5700,5700,280,1120000.0,1.0,1.0,23.100703464343745,48.96861417198446,37.378197358440396,0.08944271909999159,0.22048690157382264,0.12419609999778913,620,0.0,0.021510423618686048,0.019000000000004166,0.0019999999999966295,0.001320096355598821,0.0
58,100,0,0,47.47931035168504,2.5206896483149634,0.04418681445167749,5,5800,5800,285,1140000.0,1.0,1.0,24.747542577933316,63.11521837494984,29.2840314329655,0.054772255750516606,0.19440938220358422,0.040989599998283666,620,0.0,0.02199279321713732,0.018999999999997706,0.0020000000000030896,0.0011940212345393775,0.0
59,100,0,0,47.43610327599362,2.5638967240063835,0.043207075691420016,5,5900,5900,290,1160000.0,1.0,1.0,20.610853423124603,41.09969836081372,40.23515698458782,0.1,0.22616749097771394,0.05268130000331439,620,0.0,0.020867673334940662,0.018999999999997706,0.0020000000000030896,0.0013394023564785584,0.0
60,100,0,0,47.39266999951387,2.6073300004861295,0.04343327647974604,5,6000,6000,295,1180000.0,1.0,1.0,21.99620036080594,45.67735706746433,27.39782085490479,0.17606816861659008,0.20052248066789558,0.06275749999622349,620,0.0,0.021234533884076257,0.018999999999997706,0.0020000000000030896,0.001198742595668989,0.0
61,100,0,0,47.34919595974605,2.650804040253952,0.0434740397678226,5,6100,6100,300,1200000.0,1.0,1.0,21.287551235839356,53.251913429810884,29.975676621129914,0.11832159566199232,0.19829622196165433,0.07968510000500828,620,0.0,0.021214198360048897,0.018999999999991246,0.0020000000000024443,0.0012598414077800157,0.0
62,100,0,0,47.30605904212645,2.6939409578735507,0.04313691761959859,5,6200,6200,305,1220000.0,1.0,1.0,19.50887367672595,45.72776962390421,41.83095707633488,0.15811388300841897,0.23831161253424732,0.08984159999818075,620,0.0,0.020781407785904094,0.019000000000004166,0.0019999999999966295,0.0013555098336937021,0.0
63,100,0,0,47.26326824860182,2.7367317513981817,0.042790793524631,6,6300,6300,311,1244000.0,1.0,1.0,18.101507120261743,36.27032638594439,40.95687774342655,0.21817424229271426,0.26072555839240336,0.04998350000096252,620,0.0,0.02032700573171553,0.018800000000011738,0.0019999999999966295,0.001663787792907101,0.0
64,100,0,0,47.22029590363935,2.7797040963606534,0.04297234496247171,5,6400,6400,316,1264000.0,1.0,1.0,19.803755305172952,41.29267083972379,25.551859056724766,0.2073644135332772,0.19486220235755042,0.11679110000113724,620,0.0,0.020832070230333954,0.018999999999997706,0.0020000000000030896,0.0011402747321369588,0.0
65,100,0,0,47.1762814617267,2.8237185382732974,0.04401444191264403,5,6500,6500,321,1284000.0,1.0,1.0,23.390175188013902,51.60025294176729,42.854813300436746,0.151657508881031,0.2490513828429335,0.03963539999676868,620,0.0,0.021632283249140016,0.018999999999997706,0.0020000000000030896,0.001382158663503219,0.0
66,100,0,0,47.13341618559228,2.8665838144077185,0.04286527613442104,5,6600,6600,326,1304000.0,1.0,1.0,18.579427987077235,45.777107633903455,33.14789431997643,0.13784048752090222,0.20604867029590984,0.05409140000119805,620,0.0,0.020637890958809635,0.018999999999997706,0.0020000000000030896,0.001227385175610607,0.0
67,100,0,0,47.09033138600938,2.9096686139906183,0.04308479958289979,5,6700,6700,331,1324000.0,1.0,1.0,19.16555656860611,40.02814440924319,42.54427000596404,0.27748873851023215,0.25737017820698627,0.08391860000119777,620,0.0,0.020698701409280318,0.019000000000004166,0.0019999999999966295,0.0013860981736186773,0.0
68,100,0,0,47.04738797977293,2.952612020227072,0.04294340623645354,5,6800,6800,336,1344000.0,1.0,1.0,18.302199955847495,36.0997210802366,43.594265214081375,0.17320508075688773,0.24401451299687998,0.05956289999448927,620,0.0,0.020544353667439452,0.018999999999997706,0.001999999999995984,0.001399052569020398,0.0
69,100,0,0,47.00478398757234,2.9952160124276617,0.04260399220058986,6,6900,6900,342,1368000.0,1.0,1.0,17.15952943806797,40.566287560097415,39.74007233579652,0.1979898987322333,0.2530202917550229,0.09109829999943031,620,0.0,0.020211453174177052,0.018799999999998818,0.001999999999995339,0.001592539026418649,0.0
70,100,0,0,46.96109156768618,3.038908432313818,0.04369241988615613,5,7000,7000,347,1388000.0,1.0,1.0,22.403970936631627,47.929692137453465,34.39227295417544,0.151657508881031,0.21966171468299245,0.13775449999957345,620,0.0,0.021405927870858932,0.018999999999991246,0.001999999999995339,0.001286492015310614,0.0
71,100,0,0,46.91824341733775,3.0817565826622513,0.04284815034843348,5,7100,7100,352,1408000.0,1.0,1.0,18.8286136681472,37.70270280217066,35.59739285574935,0.21908902300206642,0.2268097645411285,0.06782119999843417,620,0.0,0.020581598786094446,0.018999999999997706,0.0020000000000030896,0.0012665515623382362,0.0
72,100,0,0,46.87479651191842,3.1252034880815813,0.04344690541933005,5,7200,7200,357,1428000.0,1.0,1.0,20.945323869125204,42.634258380969115,45.11791841644174,0.13038404810405296,0.24801422957482075,0.0854135999979917,620,0.0,0.02101906973871337,0.019000000000004166,0.0019999999999966295,0.0014278356806158854,0.0
73,100,0,0,46.831203198311584,3.1687968016884156,0.04359331360683427,4,7300,7300,361,1444000.0,1.0,1.0,21.69518134183333,51.02532251894374,30.309016799591756,0.1019803902718557,0.21899045173081924,0.038913600001251325,620,0.0,0.021420984900487383,0.019200000000003055,0.001999999999997275,0.0009723287063465591,0.0
74,100,0,0,46.788110841853836,3.211889158146164,0.04309235645774834,5,7400,7400,366,1464000.0,1.0,1.0,20.08725698369182,38.391156407183274,37.97270954646936,0.2645751311064591,0.24401077394728554,0.12166589999833377,620,0.0,0.020785514139504357,0.019000000000004166,0.0019999999999966295,0.0013068423182431843,0.0
75,100,0,0,46.74420006404898,3.2557999359510177,0.04391077780485375,5,7500,7500,371,1484000.0,1.0,1.0,23.39482661293065,51.52142531951748,38.19238810372539,0.170293863659264,0.23787941144554284,0.04292149999673711,620,0.0,0.021597471209489072,0.018999999999997706,0.0020000000000030896,0.0013133065953638834,0.0
76,100,0,0,46.70075303802514,3.299246961974859,0.04344702602384132,5,7600,7600,376,1504000.0,1.0,1.0,20.94816788976937,43.63277393411621,43.835075233922254,0.27748873851023215,0.26662426995781735,0.15487699999357574,620,0.0,0.021034323631738516,0.018999999999997706,0.0020000000000030896,0.0014127023921020054,0.0
77,100,0,0,46.657506806009586,3.342493193990414,0.04324623201555511,4,7700,7700,380,1520000.0,1.0,1.0,19.700236371198475,41.80954533659964,35.07440497961381,0.04,0.22082113767006517,0.06553040000289911,620,0.0,0.021023569446853685,0.019200000000003055,0.001999999999997275,0.0010226625687010937,0.0
78,100,0,0,46.61446663638279,3.3855333636172134,0.04304016962679924,5,7800,7800,385,1540000.0,1.0,1.0,19.026978119508396,43.47246996785355,38.230523616080475,0.1341640786499874,0.22303379611719298,0.0976165999963996,620,0.0,0.02070932766157796,0.018999999999997706,0.0020000000000030896,0.0013308419652204861,0.0
79,100,0,0,46.57148203394329,3.4285179660567096,0.0429846024394962,5,7900,7900,390,1560000.0,1.0,1.0,19.437912050555084,44.37822238832288,27.467799195419435,0.20493901531919198,0.20073613485609829,0.0985789999976987,620,0.0,0.020821039398740027,0.018999999999997706,0.0020000000000030896,0.0011635630407553776,0.0
80,100,0,0,46.52738015362107,3.472619846378933,0.04410188032222351,5,8000,8000,395,1580000.0,1.0,1.0,24.455625979351787,54.99195705766687,34.65318535935849,0.13038404810405296,0.2235350986364481,0.04740470000251662,620,0.0,0.0218377591102481,0.019000000000004166,0.002000000000003735,0.001264121211967506,0.0
81,100,0,0,46.48364331968862,3.5163566803113824,0.043736833932449315,5,8100,8100,400,1600000.0,1.0,1.0,23.04155257378415,57.94993364824937,29.75723445515188,0.23021728866442676,0.21982456166923198,0.13751130000309786,620,0.0,0.021522999940536636,0.018999999999997706,0.0020000000000030896,0.0012138339919118835,0.0
82,100,0,0,46.440247085504424,3.5597529144955757,0.04339623418419336,5,8200,8200,405,1620000.0,1.0,1.0,21.203369595493594,56.52578489070232,33.19370321868429,0.161245154965971,0.21539304279776794,0.05285110000113491,620,0.0,0.021103993769635565,0.018999999999997706,0.001999999999995984,0.0012922404145641053,0.0
83,100,0,0,46.39693713874656,3.6030628612534414,0.0433099467578657,5,8300,8300,410,1640000.0,1.0,1.0,21.18744924521691,38.431091361836884,38.08337892075148,0.07071067811865475,0.21744501222394058,0.052496399999654386,620,0.0,0.02097472808659262,0.018999999999997706,0.0020000000000030896,0.0013352186712722869,0.0
84,100,0,0,46.35284674003205,3.6471532599679506,0.04409039871450915,3,8400,8400,413,1652000.0,1.0,1.0,23.857329393926804,49.35900012539785,23.757941892610365,0.061644140029689765,0.21771061592667199,0.08383640000101877,620,0.0,0.022020019660622836,0.01939999999999548,0.0020000000000043837,0.0006703790538864496,0.0
85,100,0,0,46.30929171141912,3.690708288580879,0.04355502861292848,5,8500,8500,418,1672000.0,1.0,1.0,21.657978338516354,47.35430092932509,36.89171505409123,0.151657508881031,0.2270003073327283,0.09162749999813968,620,0.0,0.02126482718964695,0.019000000000004166,0.0019999999999966295,0.0012902014232807346,0.0
86,100,0,0,46.26589854883682,3.734101451163177,0.04339316258229786,5,8600,8600,423,1692000.0,1.0,1.0,21.292846868863634,44.6410625733518,41.03504766506664,0.10488088481701516,0.23297972761042685,0.0454262999992352,620,0.0,0.021032929451173743,0.019000000000004166,0.0019999999999966295,0.001360233131123323,0.0
87,100,0,0,46.22284423828099,3.7771557617190084,0.04305431055583142,5,8700,8700,428,1712000.0,1.0,1.0,19.214688434979525,40.566287560097415,39.291889011545535,0.3301514803843836,0.2569521452450089,0.01549420000083046,620,0.0,0.020734658645544357,0.019000000000004166,0.0019999999999966295,0.001319651910286268,0.0
88,100,0,0,46.17991824202672,3.820081757973277,0.04292599625426874,5,8800,8800,433,1732000.0,1.0,1.0,18.766964542259892,42.17883189331137,40.64174591454197,0.2664582518894846,0.25066447274924475,0.1552529999971739,620,0.0,0.020559169691708234,0.019000000000004166,0.0019999999999966295,0.0013668265625597087,0.0
89,100,0,0,46.13580835240324,3.864191647596762,0.04410988962348483,5,8900,8900,438,1752000.0,1.0,1.0,24.105392358534726,49.47164749106781,41.51101521819685,0.14832396974191325,0.24716514517396954,0.05998890000046231,620,0.0,0.021745635961899268,0.018999999999991246,0.0020000000000024443,0.0013642536615918743,0.0
90,100,0,0,46.092032871396945,3.9079671286030546,0.043775481006292694,5,9000,9000,443,1772000.0,1.0,1.0,22.24206001427442,57.90404753006889,33.5256501574811,0.30495901363953815,0.24192480035193384,0.05386300000100164,620,0.0,0.021526283865149765,0.018999999999997706,0.001999999999995984,0.0012491971411492386,0.0
91,100,0,0,46.048940145215596,3.951059854784404,0.043092726181349406,5,9100,9100,448,1792000.0,1.0,1.0,19.487444640895305,37.232253142512825,40.36946185709087,0.15811388300841897,0.23511429872189366,0.06715010000334587,620,0.0,0.020732249589570984,0.019000000000004166,0.0019999999999966295,0.0013604765917776263,0.0
92,100,0,0,46.005513301000974,3.994486698999026,0.04342684421462195,5,9200,9200,453,1812000.0,1.0,1.0,20.6248477989348,39.195704422103134,44.03649377335714,0.2863564212655271,0.2674690254876589,0.054974400001810864,620,0.0,0.021001792728405633,0.019000000000004166,0.0019999999999966295,0.0014250514862155228,0.0
93,100,0,0,45.962444576326234,4.037555423673766,0.043068724674739656,5,9300,9300,458,1832000.0,1.0,1.0,19.69498168003359,37.177875360589944,39.28900226484036,0.14832396974191325,0.23058250304381317,0.09037249999528285,620,0.0,0.020728213473638846,0.018999999999997706,0.001999999999995984,0.0013405112011071196,0.0
94,100,0,0,45.91811681337163,4.081883186628367,0.044327762954601724,5,9400,9400,463,1852000.0,1.0,1.0,25.9259218254045,44.880333197177464,43.469672750352075,0.08944271909999159,0.24774957309394427,0.12699540000176057,620,0.0,0.021941047676847347,0.019000000000004166,0.0019999999999966295,0.0013867152777535807,0.0
95,100,0,0,45.875194004821104,4.124805995178896,0.04292280855052866,5,9500,9500,468,1872000.0,1.0,1.0,18.218943520551008,42.44518042019159,37.82145418959068,0.27018512172212594,0.24155081224945527,0.03835270000126911,620,0.0,0.020595886443729228,0.019000000000004166,0.0019999999999966295,0.0013269221067986336,0.0
96,100,0,0,45.83147854537543,4.1685214546245675,0.043715459445671456,5,9600,9600,473,1892000.0,1.0,1.0,21.9896966974195,40.566287560097415,47.588685952445175,0.18165902124584948,0.26690632141973464,0.05755140000110259,620,0.0,0.021247068965351446,0.018999999999991246,0.0020000000000095497,0.001468390480319215,0.0
97,100,0,0,45.788098886355456,4.211901113644544,0.0433796590199762,5,9700,9700,478,1912000.0,1.0,1.0,21.267041813817986,41.6690606843281,41.997042610701925,0.1673320053068151,0.24500615797097292,0.07147519999853102,620,0.0,0.021001701410675366,0.019000000000010623,0.0020000000000043837,0.0013779576092858292,0.0
98,100,0,0,45.743839031065434,4.256160968934566,0.04425985529002219,5,9800,9800,483,1932000.0,1.0,1.0,25.66337407527502,60.06259218395171,23.59837410416826,0.08944271909999159,0.18596808063395476,0.03695259999949485,620,0.0,0.022111314888668687,0.018999999999997706,0.001999999999995984,0.00114854040135981,0.0
99,100,0,0,45.700593395071174,4.299406604928826,0.04324563599426057,5,9900,9900,488,1952000.0,1.0,1.0,20.971581994775434,37.15704347176941,41.384889746253585,0.170293863659264,0.24417246564331485,0.08950909999839496,620,0.0,0.020899588877348663,0.018999999999997706,0.001999999999995984,0.0013460471169182142,0.0
100,100,0,0,45.656492197244724,4.343507802755276,0.044101197826449834,5,10000,10000,493,1972000.0,1.0,1.0,24.70698102531374,54.4719962420932,30.042431039720242,0.1673320053068151,0.2159684644073317,0.03544249999686144,620,0.0,0.0218538390565044,0.018999999999997706,0.0020000000000030896,0.0012473587699446398,0.0
101,100,0,0,45.61341032515837,4.38658967484163,0.04308187208635417,5,10100,10100,498,1992000.0,1.0,1.0,20.202316328262622,43.47246996785355,29.25442855219901,0.2,0.20855687071852722,0.14494200000626734,620,0.0,0.020883912110924996,0.019000000000004166,0.0019999999999966295,0.0011979599754283754,0.0
102,100,0,0,45.57045290344823,4.429547096551772,0.04295742171014183,5,10200,10200,503,2012000.0,1.0,1.0,19.46422407738179,40.14347498522288,29.361166094617136,0.17888543819998318,0.2042792714713828,0.06438019999768585,620,0.0,0.02076979885936936,0.018999999999997706,0.001999999999995984,0.00118762285077878,0.0
103,100,0,0,45.527318239770366,4.472681760229634,0.04313466367786134,5,10300,10300,508,2032000.0,1.0,1.0,19.760697508698062,45.30047250695338,34.22108699375621,0.2280350850198276,0.22783520576716987,0.041458700005023275,620,0.0,0.020862925912794594,0.019000000000004166,0.0019999999999966295,0.00127173776506595,0.0
104,100,0,0,45.48439125505452,4.515608744945482,0.04292698471584799,5,10400,10400,513,2052000.0,1.0,1.0,18.836952331759466,35.17154218100938,40.29300894438164,0.3361547262794322,0.26013721282186686,0.08019449999846984,620,0.0,0.020577023522513116,0.018999999999997706,0.002000000000010195,0.0013499611933269762,0.0
105,100,0,0,45.441441903355205,4.558558096644795,0.042949351699313354,5,10500,10500,518,2072000.0,1.0,1.0,18.582558086657585,40.94093391586133,41.24068838657372,0.1341640786499874,0.232808444177102,0.03026970000064466,620,0.0,0.02060738437554477,0.018999999999997706,0.0020000000000030896,0.0013419673237677898,0.0
106,100,0,0,45.39849854696151,4.6015014530384875,0.04294335639369251,6,10600,10600,524,2096000.0,1.0,1.0,19.097667510190625,38.042176100122504,42.509192762470725,0.066332495807108,0.2468798580559364,0.06665290000091773,620,0.0,0.0204928059487699,0.018800000000005274,0.0019999999999959876,0.0016505504449213504,0.0
107,100,0,0,45.354788683922465,4.6452113160775355,0.043709863039048,5,10700,10700,529,2116000.0,1.0,1.0,23.197415486303548,50.25606537087422,31.210625385343594,0.216794833886788,0.2231923805492032,0.06650399999489309,620,0.0,0.021494273489032878,0.018999999999997706,0.0020000000000030896,0.0012155895500143288,0.0
108,100,0,0,45.309880949905796,4.690119050094204,0.044907734016668144,5,10800,10800,534,2136000.0,1.0,1.0,27.73262815841257,47.197570127091225,50.98499144762398,0.21908902300206642,0.29539633181378055,0.12461189999885391,620,0.0,0.022385403265410275,0.018999999999997706,0.001999999999995984,0.0015223307512641782,0.0
109,100,0,0,45.2664479293491,4.7335520706509016,0.043433020556697954,5,10900,10900,539,2156000.0,1.0,1.0,20.66767204948832,51.60025294176729,41.013120656660064,0.17606816861659008,0.243185790502777,0.050919299996166956,620,0.0,0.021081390457347027,0.018999999999997706,0.0020000000000030896,0.0013516300993501318,0.0
110,100,0,0,45.222763616521526,4.777236383478474,0.04368431282757257,4,11000,11000,543,2172000.0,1.0,1.0,21.782707646604607,45.455680862973985,41.54788208836095,0.04898979485566356,0.24832681746619292,0.0538583999950788,620,0.0,0.021391206332587842,0.01919999999999659,0.001999999999996633,0.0010931064949915026,0.0
111,100,0,0,45.17895457051323,4.821045429486773,0.043809046008298935,5,11100,11100,548,2192000.0,1.0,1.0,22.513902722716825,44.6031879800801,46.80404268890723,0.1414213562373095,0.2601028542433713,0.057200599992938805,620,0.0,0.02136536869137018,0.018999999999997706,0.0020000000000030896,0.0014436773169279604,0.0
112,100,0,0,45.13579252792094,4.864207472079059,0.04316204259228584,5,11200,11200,553,2212000.0,1.0,1.0,19.818481697434475,37.82301009325286,39.70909824366113,0.1414213562373095,0.23171964508175333,0.06506459999945946,620,0.0,0.020809264640590186,0.018999999999997706,0.001999999999995984,0.0013527779517019667,0.0
113,100,0,0,45.09233206715201,4.907667932847993,0.04346046076893373,5,11300,11300,558,2232000.0,1.0,1.0,21.03208309879331,51.52142531951748,39.42072895366194,0.22583179581272428,0.24673962783850117,0.10070129999803612,620,0.0,0.021144302415834204,0.018999999999997706,0.001999999999995984,0.001316158353105834,0.0
114,100,0,0,45.04914536723874,4.9508546327612635,0.04318669991327084,5,11400,11400,563,2252000.0,1.0,1.0,19.834776499348617,47.929692137453465,35.985696102230655,0.25298221281347033,0.23733301753936054,0.044534200002090074,620,0.0,0.020902940581102314,0.018999999999997706,0.0020000000000030896,0.0012837593321677332,0.0
115,100,0,0,45.005169813859105,4.994830186140895,0.04397555337963155,5,11500,11500,568,2272000.0,1.0,1.0,23.940964118793364,46.04016347107614,49.04949909635042,0.1414213562373095,0.27086828215676173,0.0856287999995402,620,0.0,0.021493386583514962,0.018999999999997706,0.0020000000000030896,0.0014821667961157914,0.0
116,100,0,0,44.96150079440195,5.03849920559805,0.0436690194571554,4,11600,11600,572,2288000.0,1.0,1.0,22.950259498654987,47.7672421054949,20.90372187515314,0.2135415650406262,0.21045820275906865,0.1091725000005681,620,0.0,0.02159579196174377,0.019200000000003055,0.0020000000000043802,0.0008732274954041941,0.0
117,100,0,0,44.91687904338393,5.083120956616071,0.04462175101802046,4,11700,11700,576,2304000.0,1.0,1.0,26.752220149067067,60.5923597681487,17.990218977570677,0.2135415650406262,0.20975367469290465,0.0516526999999769,620,0.0,0.02256409521174163,0.019200000000003055,0.001999999999997275,0.0008576558062785011,0.0
118,100,0,0,44.87399432946078,5.126005670539222,0.04288471392315074,5,11800,11800,581,2324000.0,1.0,1.0,18.519642057887843,40.34617808088855,33.19160659071518,0.19235384061671346,0.21648795562861695,0.08168179999483982,620,0.0,0.020612515293748856,0.019000000000004166,0.002000000000003735,0.0012721986293939835,0.0
119,100,0,0,44.83097055931509,5.169029440684909,0.04302377014568748,5,11900,11900,586,2344000.0,1.0,1.0,19.46916757210264,45.777107633903455,29.176511443635434,0.1414213562373095,0.19847031243489216,0.05741180000040913,620,0.0,0.020827014328780535,0.018999999999997706,0.0020000000000030896,0.0011967558169061476,0.0
120,100,0,0,44.787976117320795,5.212023882679205,0.042994441994295585,5,12000,12000,591,2364000.0,1.0,1.0,19.790760536270376,42.784237547814605,29.517053370827178,0.151657508881031,0.20173020968237343,0.08142919999954756,620,0.0,0.02080968416725426,0.018999999999997706,0.0020000000000030896,0.001184757827040528,0.0
121,100,0,0,44.74486376821751,5.255136231782487,0.0431123491032821,5,12100,12100,596,2384000.0,1.0,1.0,19.942910714493628,44.25060574810616,28.706070614124663,0.10954451150103321,0.1933416361900288,0.025794300003326498,620,0.0,0.020912706710944917,0.018999999999997706,0.0020000000000030896,0.0011996423923363864,0.0
122,100,0,0,44.700489514788345,5.2995104852116555,0.044374253429168675,4,12200,12200,600,2400000.0,1.0,1.0,25.27866400217128,54.4719962420932,29.50080940037278,0.0282842712474619,0.2155883848692946,0.12963719999970635,620,0.0,0.02218536112270897,0.019200000000003055,0.0020000000000043802,0.0009888923064522714,0.0
123,100,0,0,44.65708586905731,5.342914130942688,0.043403645731032725,5,12300,12300,605,2420000.0,1.0,1.0,21.03828948846145,48.79058238920568,35.37797225440482,0.27386127875258304,0.24173249982930894,0.03752179999719374,620,0.0,0.0211434854621686,0.019000000000004166,0.0019999999999966295,0.0012601602688633307,0.0
124,100,0,0,44.61378682865159,5.386213171348409,0.043299040405720746,5,12400,12400,610,2440000.0,1.0,1.0,19.653012552793896,44.50562719079747,47.62787989589302,0.2280350850198276,0.2706390479052777,0.05673650000244379,620,0.0,0.020840731859152584,0.018999999999997706,0.001999999999995984,0.0014583085465744716,0.0
125,100,0,0,44.570772722021324,5.429227277978676,0.043014106630266724,5,12500,12500,615,2460000.0,1.0,1.0,19.66088894512603,42.128591274267144,36.23204564848818,0.282842712474619,0.2427675024047003,0.07245379999949364,620,0.0,0.02074824752193649,0.018999999999997706,0.0020000000000030896,0.0012658591083294368,0.0
126,100,0,0,44.527658112315265,5.472341887684735,0.04311460970605907,5,12600,12600,620,2480000.0,1.0,1.0,20.06413192865566,40.94093391586133,40.78518258005567,0.18165902124584948,0.24311471359818979,0.06510310000157915,620,0.0,0.020780960798532533,0.019000000000004166,0.0019999999999966295,0.0013336489075257418,0.0
127,100,0,0,44.48376574679645,5.5162342532035495,0.04389236551881481,5,12700,12700,625,2500000.0,1.0,1.0,23.728690432626657,47.86439978106134,40.501056105426414,0.23021728866442676,0.25751048695237716,0.07181359999958659,620,0.0,0.02155196237669088,0.018999999999997706,0.0020000000000030896,0.0013404031421231366,0.0
128,100,0,0,44.43985730249606,5.560142697503942,0.04390844430039209,5,12800,12800,630,2520000.0,1.0,1.0,23.689169060930713,51.3003298450023,38.23246784897684,0.1140175425099138,0.23264765832469117,0.032879400001547765,620,0.0,0.02157448871304979,0.018999999999997706,0.0020000000000030896,0.0013339555873415065,0.0
129,100,0,0,44.39610998581689,5.603890014183108,0.043747316679166204,5,12900,12900,635,2540000.0,1.0,1.0,22.179875991494367,46.14513746255741,43.95308067570522,0.20248456731316583,0.2607068032205621,0.14342970000143396,620,0.0,0.021351450531923888,0.018999999999997706,0.001999999999995984,0.0013958661472486256,0.0
130,100,0,0,44.35245564976541,5.64754435023459,0.043654336051481835,5,13000,13000,640,2560000.0,1.0,1.0,21.80613220442311,40.20184417195862,46.12484630087769,0.1,0.2514313311235672,0.055966599997191224,620,0.0,0.02120980804821926,0.018999999999997706,0.0020000000000030896,0.0014445280032617802,0.0
131,100,0,0,44.30916681268882,5.690833187311178,0.04328883707658804,5,13100,13100,645,2580000.0,1.0,1.0,19.679705977256646,41.945618572767316,44.394959435502514,0.2664582518894846,0.2655592333837463,0.048078400002850685,620,0.0,0.020864628813392017,0.018999999999997706,0.0020000000000030896,0.0014242082631952258,0.0
132,100,0,0,44.26536785577698,5.734632144223021,0.04379895691184288,5,13200,13200,650,2600000.0,1.0,1.0,22.36709942155374,46.571045140633444,46.65626385003539,0.1140175425099138,0.25676099897189975,0.0673869999955059,620,0.0,0.02135401703500861,0.019000000000004166,0.0019999999999966295,0.0014449398768334731,0.0
133,100,0,0,44.22134296433592,5.778657035664082,0.0440248914410617,4,13300,13300,654,2616000.0,1.0,1.0,24.377784330216624,51.91216946987618,26.458508020222187,0.2727636339397171,0.24132067273035224,0.050640800000110175,620,0.0,0.021887401672586293,0.01919999999999659,0.001999999999996633,0.0009374897684821804,0.0
134,100,0,0,44.17795103740252,5.822048962597478,0.04339192693339555,5,13400,13400,659,2636000.0,1.0,1.0,21.226673756293476,47.047707181006096,36.572450856267245,0.13784048752090222,0.22606136144988284,0.12245110000367276,620,0.0,0.02108775848526534,0.018999999999991246,0.0020000000000024443,0.0013041684481365223,0.0
135,100,0,0,44.134122808007206,5.865877191992794,0.0438282293953165,5,13500,13500,664,2656000.0,1.0,1.0,22.98915112032404,44.880333197177464,39.76967874718287,0.08366600265340755,0.23224358035168943,0.1722596000035992,620,0.0,0.021500760502831895,0.018999999999997706,0.0020000000000030896,0.0013274688924838074,0.0
136,100,0,0,44.090853399335245,5.909146600664755,0.04326940867196072,5,13600,13600,669,2676000.0,1.0,1.0,20.96777188115029,43.63277393411621,27.86531633089902,0.27018512172212594,0.21796712911438193,0.11928229999466566,620,0.0,0.02110227731687786,0.019000000000004166,0.002000000000003735,0.0011671313550749574,0.0
137,100,0,0,44.04767796584054,5.952322034159458,0.043175433494702986,5,13700,13700,674,2696000.0,1.0,1.0,20.16275186486394,45.83261970226794,37.666167938436644,0.20976176963403032,0.2384771108177469,0.09462599999824306,620,0.0,0.02087647999844222,0.019000000000004166,0.0019999999999966295,0.0012989534962599691,0.0
138,100,0,0,44.0038971888373,5.9961028111627,0.04378077700324212,5,13800,13800,679,2716000.0,1.0,1.0,22.446863205310986,49.063682990352724,49.9436654456794,0.13038404810405296,0.2692568595251454,0.09623770000325749,620,0.0,0.021274599983279074,0.018999999999997706,0.001999999999995984,0.001506177019969357,0.0
139,100,0,0,43.96017686130406,6.039823138695937,0.043720327533236514,5,13900,13900,684,2736000.0,1.0,1.0,23.36820653578004,48.52930215067639,26.22278015888859,0.2073644135332772,0.20778912283122114,0.045586200001707766,620,0.0,0.02153170983042685,0.018999999999997706,0.0020000000000030896,0.0011886177028088696,0.0
140,100,0,0,43.916645427415645,6.083354572584355,0.04353143388841829,4,14000,14000,688,2752000.0,1.0,1.0,21.936858012692237,43.242575120136244,26.720633276686783,0.0632455532033676,0.20581882744839622,0.15813570000318578,620,0.0,0.021403267736381792,0.01919999999999659,0.001999999999996633,0.0009281661520432749,0.0
141,100,0,0,43.87310538959646,6.126894610403539,0.04354003781918436,5,14100,14100,693,2772000.0,1.0,1.0,22.499081020124862,44.25060574810616,33.0777657925691,0.21213203435596423,0.2294885228031832,0.1503556999959983,620,0.0,0.02130602598580822,0.018999999999997706,0.0020000000000030896,0.001234011833375348,0.0
142,100,0,0,43.82949768194902,6.170502318050978,0.04360770764743904,5,14200,14200,698,2792000.0,1.0,1.0,21.588271454231396,51.17268262234865,38.55641243172187,0.13038404810405296,0.23109374852607883,0.09397619999799645,620,0.0,0.021263293006938966,0.019000000000004166,0.0019999999999966295,0.0013444146404992807,0.0
143,100,0,0,43.786208898813044,6.213791101186956,0.04328878313597784,5,14300,14300,703,2812000.0,1.0,1.0,20.046195382648335,40.566287560097415,43.088936480018255,0.20493901531919198,0.25405976475134956,0.06548550000297837,620,0.0,0.02090710649626004,0.019000000000004166,0.001999999999989524,0.0013816766397241054,0.0
144,100,0,0,43.742387259021825,6.257612740978175,0.04382163979121856,3,14400,14400,706,2824000.0,1.0,1.0,22.085503100156792,48.42557656878674,26.279294893168373,0.09899494936611665,0.2294129559399772,0.06466419999924256,620,0.0,0.02173704007702071,0.01940000000000194,0.0019999999999979236,0.0006845997141979865,0.0
145,100,0,0,43.69913385779874,6.300866142201258,0.04325340122308319,5,14500,14500,711,2844000.0,1.0,1.0,20.172420536731252,47.929692137453465,25.06601721740055,0.24289915602982237,0.20282582054635967,0.056677100001252256,620,0.0,0.021106239498038804,0.018999999999997706,0.0020000000000030896,0.0011471617250435884,0.0
146,100,0,0,43.65598108580435,6.344018914195651,0.043152771994392936,5,14600,14600,716,2864000.0,1.0,1.0,20.05451407289899,46.14513746255741,34.972421098389106,0.1414213562373095,0.21874238485044314,0.08266559999901801,620,0.0,0.020850482579142238,0.018999999999997706,0.002000000000010195,0.0013022894152427966,0.0
147,100,0,0,43.61188887325868,6.388111126741322,0.04409221254567086,5,14700,14700,721,2884000.0,1.0,1.0,23.18449625966777,47.41017950077941,46.364887524872465,0.13038404810405296,0.2579790913984756,0.13564860000042245,620,0.0,0.021637850370993306,0.019000000000004166,0.002000000000003735,0.0014543621746696545,0.0
148,100,0,0,43.56909636499105,6.430903635008953,0.042792508267631035,5,14800,14800,726,2904000.0,1.0,1.0,18.25613174731241,37.172336036407394,33.42382442779357,0.24083189157584592,0.22502151100709394,0.07822350000060396,620,0.0,0.020550803237178172,0.018999999999997706,0.0020000000000030896,0.0012417050304520671,0.0
149,100,0,0,43.525444606711226,6.4745553932887745,0.043651758279821706,5,14900,14900,731,2924000.0,1.0,1.0,22.979239938131727,51.60025294176729,26.61861031882256,0.35777087639996635,0.23128224790673252,0.05789540000114357,620,0.0,0.021493919003930273,0.018999999999997706,0.0020000000000030896,0.0011578392758906375,0.0
150,100,0,0,43.48249657247666,6.517503427523337,0.042948034234562726,5,15000,15000,736,2944000.0,1.0,1.0,18.527179179979928,36.0997210802366,41.76670242447928,0.17888543819998318,0.24285413861930316,0.07216260000132024,620,0.0,0.02057925838927588,0.019000000000004166,0.002000000000003735,0.0013687758452789467,0.0
151,100,0,0,43.439458254846,6.560541745153998,0.04303831763066057,5,15100,15100,741,2964000.0,1.0,1.0,19.234979669109205,50.25606537087422,34.663346944273584,0.13038404810405296,0.2146583893649916,0.038763399999879766,620,0.0,0.020754333841942696,0.019000000000004166,0.0019999999999966295,0.0012839837887170802,0.0
152,100,0,0,43.395763474769325,6.604236525230675,0.043694780076677375,5,15200,15200,746,2984000.0,1.0,1.0,22.302137951474478,42.44518042019159,42.76130720970476,0.13784048752090222,0.24716527894734613,0.12134800000058021,620,0.0,0.021301141082787467,0.019000000000004166,0.0019999999999966295,0.0013936389938891125,0.0
153,100,0,0,43.35135331057276,6.648646689427238,0.04441016419656307,5,15300,15300,751,3004000.0,1.0,1.0,25.37542015973046,46.14513746255741,50.45464446653561,0.17888543819998318,0.28306611103297846,0.14235809999809135,620,0.0,0.021885891981050065,0.018999999999997706,0.0020000000000030896,0.0015242722155122124,0.0
154,100,0,0,43.308202729475845,6.691797270524155,0.04315058109691705,5,15400,15400,756,3024000.0,1.0,1.0,19.690478717757113,39.91489282559108,38.31621355343903,0.18165902124584948,0.2352694781749029,0.048339799999666866,620,0.0,0.020825452958476376,0.018999999999997706,0.0020000000000030896,0.0013251281384398794,0.0
155,100,0,0,43.26443646260499,6.735563537395009,0.043766266870854054,5,15500,15500,761,3044000.0,1.0,1.0,23.482841465172044,40.00643707537882,46.26925496922254,0.10488088481701516,0.2571367311598157,0.07361249999667052,620,0.0,0.021334990602284165,0.018999999999997706,0.0020000000000030896,0.0014312762685690927,0.0
156,100,0,0,43.219416893810674,6.780583106189326,0.045019568794316456,5,15600,15600,766,3064000.0,1.0,1.0,25.60528740840896,66.44464880628483,42.257612244717045,0.223606797749979,0.26667790157446014,0.08498459999827901,620,0.0,0.022635387260706352,0.018999999999997706,0.0020000000000030896,0.0013841815336093077,0.0
157,100,0,0,43.1758285574673,6.824171442532702,0.043588336343376,5,15700,15700,771,3084000.0,1.0,1.0,22.016211973022138,46.631025915737844,39.17679151715264,0.24289915602982237,0.2517637771582067,0.10732310000457801,620,0.0,0.021242878447850444,0.019000000000004166,0.002000000000003735,0.0013454578955176544,0.0
158,100,0,0,43.13309021617815,6.866909783821853,0.04273834128915155,5,15800,15800,776,3104000.0,1.0,1.0,17.592973950788036,36.639128201184526,38.76228600080394,0.18708286933869706,0.23309263287489962,0.04002269999909913,620,0.0,0.020425112419495406,0.019000000000004166,0.002000000000003735,0.001313228869648242,0.0
159,100,0,0,43.08901885353781,6.910981146462191,0.04407136264033795,5,15900,15900,781,3124000.0,1.0,1.0,25.047302730535307,60.06259218395171,29.046506084754384,0.16431676725154984,0.21515207578579132,0.18098720000125468,620,0.0,0.02185779355539097,0.018999999999997706,0.0020000000000030896,0.0012135690849461866,0.0
160,100,0,0,43.046330625026016,6.953669374973984,0.04268822851179266,5,16000,16000,786,3144000.0,1.0,1.0,17.208183490605688,44.25060574810616,35.019767415559514,0.22583179581272428,0.2264936010265705,0.09489179999945918,620,0.0,0.020412198893346556,0.018999999999997706,0.0020000000000030896,0.0012760296184453068,0.0
161,100,0,0,43.0033845461871,6.9966154538129,0.042946078838916435,5,16100,16100,791,3164000.0,1.0,1.0,19.063204382163587,38.392430080398945,36.16411693935008,0.23021728866442676,0.23467255863687284,0.0718674999952782,620,0.0,0.020662458837513498,0.018999999999997706,0.0020000000000030896,0.0012836200014021415,0.0
162,100,0,0,42.957074941475426,7.042925058524574,0.04630960471167356,2,16200,16200,793,3172000.0,1.0,1.0,31.804428989671095,60.17174111437702,15.604096514491491,0.02,0.22674925672588675,0.10982149999472313,620,0.0,0.024289926182646582,0.019599999999994372,0.00199999999999792,0.00041967852903468383,0.0
163,100,0,0,42.913884774552265,7.086115225447735,0.04319016692316069,5,16300,16300,798,3192000.0,1.0,1.0,19.82339726611658,46.14513746255741,39.35241921439332,0.1140175425099138,0.22933929756295787,0.05386630000430159,620,0.0,0.020844467281449397,0.018999999999997706,0.001999999999995984,0.0013456996417176015,0.0
164,100,0,0,42.8703973753741,7.129602624625903,0.04348739917816857,4,16400,16400,802,3208000.0,1.0,1.0,21.121365021410462,47.0086790211082,34.81982093411578,0.09797958971132711,0.23559147559887175,0.1714062000028207,620,0.0,0.021278693375059277,0.019200000000003055,0.0020000000000043802,0.0010087058031018614,0.0
165,100,0,0,42.82637665570195,7.173623344298051,0.04402071967214738,5,16500,16500,807,3228000.0,1.0,1.0,23.32917563594437,53.995834308918056,38.345782511023025,0.20248456731316583,0.24733903680571823,0.059416299998702016,620,0.0,0.021703334103008842,0.019000000000004166,0.0019999999999966295,0.0013173855691377412,0.0
166,100,0,0,42.78256667463587,7.2174333253641265,0.04380998106607592,5,16600,16600,812,3248000.0,1.0,1.0,23.153450186535228,43.82688714286126,40.45895080048749,0.28809720581775866,0.26482678634189705,0.053486099997826386,620,0.0,0.02145124909075946,0.018999999999997706,0.0020000000000030896,0.0013587319753156635,0.0
167,100,0,0,42.73968608868432,7.260313911315677,0.04288058595155064,5,16700,16700,817,3268000.0,1.0,1.0,19.01581405249571,35.215450966419645,35.346910722559585,0.3301514803843836,0.2474517288075832,0.036569399999279995,620,0.0,0.02061487401731199,0.018999999999997706,0.0020000000000030896,0.0012657119342378564,0.0
168,100,0,0,42.696507592724814,7.303492407275186,0.04317849595950918,5,16800,16800,822,3288000.0,1.0,1.0,20.918716096686985,39.05421668738983,32.09347808909587,0.26267851073127396,0.23107869426811528,0.09863730000506621,620,0.0,0.02089969206787856,0.018999999999997706,0.002000000000010195,0.0012788038916227151,0.0
169,100,0,0,42.65349634809032,7.3465036519096785,0.04301124463449213,5,16900,16900,827,3308000.0,1.0,1.0,18.75865051453299,50.09917332998639,34.19771921095394,0.18165902124584948,0.22130363909478123,0.03830839999864111,620,0.0,0.020756997088504647,0.018999999999997706,0.0020000000000030896,0.0012542475459866864,0.0
170,100,0,0,42.609981052258625,7.390018947741375,0.04351529583169622,4,17000,17000,831,3324000.0,1.0,1.0,21.56145917300084,42.128591274267144,37.96429533100136,0.12,0.25015089938594004,0.11574149999796646,620,0.0,0.021280191995103337,0.01919999999999659,0.0020000000000037384,0.0010351038365925547,0.0
171,100,0,0,42.566401588175786,7.433598411824214,0.04357946408283908,5,17100,17100,836,3344000.0,1.0,1.0,21.5108034295832,50.97660023449597,31.744411446263303,0.18973665961010275,0.22082816919215534,0.05022380000445992,620,0.0,0.0213441699040402,0.018999999999997706,0.0020000000000030896,0.0012352941787980853,0.0
172,100,0,0,42.52296036444218,7.477039635557823,0.043441223733609036,5,17200,17200,841,3364000.0,1.0,1.0,21.283922285863223,42.5223096017503,41.812023534518254,0.2607680962081059,0.26214645507647233,0.054381000001740176,620,0.0,0.021068532662901873,0.019000000000004166,0.0019999999999966295,0.0013726910707063666,0.0
173,100,0,0,42.478993464933,7.521006535067002,0.043966899509179314,5,17300,17300,846,3384000.0,1.0,1.0,22.785864991482946,47.41017950077941,46.295889644180825,0.170293863659264,0.26507358369905776,0.022327300001052208,620,0.0,0.021512186420828527,0.018999999999997706,0.001999999999995984,0.0014547130883570958,0.0
174,100,0,0,42.43447810776874,7.56552189223126,0.04451535716425781,4,17400,17400,850,3400000.0,1.0,1.0,25.63215387967048,54.4719962420932,29.927159716201853,0.07483314773547883,0.2268457485095434,0.057722799996554386,620,0.0,0.02235061884513101,0.01919999999999659,0.001999999999996633,0.0009647383191335734,0.0
175,100,0,0,42.39120363550333,7.608796364496669,0.04327447226540926,5,17500,17500,855,3420000.0,1.0,1.0,20.192729800546008,43.28684886553131,38.65551714282772,0.09486832980505137,0.22580897294440824,0.04123220000474248,620,0.0,0.020956545895479906,0.018999999999997706,0.0020000000000030896,0.001317926369928557,0.0
176,100,0,0,42.34833612279585,7.65166387720415,0.042867512707481126,5,17600,17600,860,3440000.0,1.0,1.0,17.958678465150083,36.530831006648484,43.04398610502784,0.20976176963403032,0.252240022160375,0.0752546000003349,620,0.0,0.020489064396684853,0.019000000000004166,0.002000000000003735,0.0013784483107883716,0.0
177,100,0,0,42.3040995835256,7.695900416474402,0.044236539270251285,5,17700,17700,865,3460000.0,1.0,1.0,24.55654581638635,46.631025915737844,47.426094976052056,0.170293863659264,0.27312489186704647,0.061595799998031,620,0.0,0.021776744842298967,0.019000000000004166,0.0019999999999966295,0.0014597944279515218,0.0
178,100,0,0,42.2611594446786,7.738840555321403,0.04294013884700121,5,17800,17800,870,3480000.0,1.0,1.0,19.31077242259766,40.279925986355074,29.436670595752325,0.28460498941515416,0.2231456749619554,0.12398160000157077,620,0.0,0.02076405537239623,0.019000000000004166,0.0019999999999966295,0.0011760834746041837,0.0
179,100,0,0,42.218496557192175,7.781503442807825,0.04266288748642211,6,17900,17900,876,3504000.0,1.0,1.0,18.620573832265364,32.488797352190126,36.00905372259542,0.056568542494923796,0.22817757654764817,0.05742409999947995,620,0.0,0.02028101652081915,0.018799999999998818,0.001999999999995339,0.0015818709656088004,0.0
180,100,0,0,42.175027406865915,7.824972593134085,0.043469150326259864,5,18000,18000,881,3524000.0,1.0,1.0,21.47982404197452,57.21685754904761,30.299179626255317,0.08366600265340755,0.20073872725677583,0.05546979999780888,620,0.0,0.02121365379004203,0.018999999999997706,0.0020000000000030896,0.0012554965362170378,0.0
181,100,0,0,42.13179071949735,7.868209280502647,0.04323668736856234,5,18100,18100,886,3544000.0,1.0,1.0,20.32505218406871,41.14113780429365,41.84810280839083,0.282842712474619,0.26368280482572387,0.062334200003533624,620,0.0,0.020862366853378944,0.018999999999991246,0.0020000000000024443,0.0013743205151897087,0.0
182,100,0,0,42.0886929460385,7.911307053961501,0.043097773458853794,5,18200,18200,891,3564000.0,1.0,1.0,19.731717106229308,42.784237547814605,37.62332497180686,0.2469817807045694,0.24388218385694072,0.034138099996198434,620,0.0,0.02077678855766152,0.018999999999997706,0.0020000000000030896,0.0013209849011914798,0.0
183,100,0,0,42.04532627415688,7.954673725843122,0.043366671881621244,5,18300,18300,896,3584000.0,1.0,1.0,20.07396789041958,46.56183655042357,42.83507905841032,0.3781534080237808,0.2812545947491123,0.1286848000017926,620,0.0,0.020979085944567544,0.018999999999997706,0.0020000000000030896,0.0013875859370529042,0.0
184,100,0,0,42.00125161225476,7.998748387745238,0.04407466190211551,4,18400,18400,900,3600000.0,1.0,1.0,24.535603013474898,51.57875765535797,22.493219743857722,0.0848528137423857,0.20326906683935328,0.049027599998225924,620,0.0,0.021989242515076057,0.01919999999999659,0.001999999999996633,0.0008854193870462268,0.0
185,100,0,0,41.95805735293824,8.04194264706176,0.043194259316521766,5,18500,18500,905,3620000.0,1.0,1.0,20.48956342174139,38.85103018683387,38.154898699698414,0.22135943621178655,0.24451354196915157,0.12899180000385968,620,0.0,0.020892305658584576,0.018999999999997706,0.0020000000000030896,0.0013019536579363944,0.0
186,100,0,0,41.914349392626754,8.085650607373246,0.043707960311486715,5,18600,18600,910,3640000.0,1.0,1.0,22.549654371244973,44.734773131894315,48.83592618625682,0.1414213562373095,0.27059521778521967,0.05450750000454718,620,0.0,0.02122901390341525,0.019000000000004166,0.0019999999999966295,0.0014789464080706693,0.0
187,100,0,0,41.871335528366636,8.128664471633364,0.043013864260117884,5,18700,18700,915,3660000.0,1.0,1.0,19.0024520761607,38.629797303192184,37.94601237677504,0.30983866769659335,0.2532905903469562,0.03134720000525704,620,0.0,0.020686743958847842,0.018999999999997706,0.0020000000000030896,0.0013271203012692467,0.0
188,100,0,0,41.827807213124096,8.172192786875904,0.04352831524253986,5,18800,18800,920,3680000.0,1.0,1.0,20.855878586467796,44.50562719079747,50.054124420745325,0.1224744871391589,0.2684959600571427,0.08328600000095321,620,0.0,0.021024680429668763,0.019000000000004166,0.0019999999999966295,0.0015036348128703025,0.0
189,100,0,0,41.784573315542396,8.215426684457604,0.043233897581700376,5,18900,18900,925,3700000.0,1.0,1.0,20.691067374472844,41.29267083972379,37.083328534265654,0.216794833886788,0.24113488964262345,0.04678079999575857,620,0.0,0.02093776467012276,0.018999999999997706,0.001999999999995984,0.0012961329115839249,0.0
190,100,0,0,41.741495193899375,8.258504806100625,0.043078121643020495,5,19000,19000,930,3720000.0,1.0,1.0,19.185495566970623,39.195704422103134,40.030312726722244,0.2932575659723036,0.2584142443706706,0.07900140000128886,620,0.0,0.020707897387062246,0.019000000000004166,0.001999999999989524,0.0013702242559645583,0.0
191,100,0,0,41.69764626344354,8.302353736556462,0.043848930455837376,5,19100,19100,935,3740000.0,1.0,1.0,23.114593723677917,54.4719962420932,34.22863055385036,0.2073644135332772,0.23637558257388175,0.0348595999967074,620,0.0,0.021591629074556806,0.019000000000010623,0.001999999999990173,0.001257301381279774,0.0
192,100,0,0,41.6536763260316,8.3463236739684,0.04396993741193711,5,19200,19200,940,3760000.0,1.0,1.0,22.86591591974072,46.14513746255741,48.818807190679244,0.14491376746189438,0.2713642727006769,0.038996299997961614,620,0.0,0.021477859677872857,0.018999999999997706,0.0020000000000030896,0.0014920777340634572,0.0
193,100,0,0,41.61016538025607,8.38983461974393,0.043510945775530274,5,19300,19300,945,3780000.0,1.0,1.0,21.11695915752352,43.99458230324657,42.95924446049316,0.2810693864511039,0.2701507921767502,0.12708269999711774,620,0.0,0.021127449886499505,0.018999999999997706,0.0020000000000030896,0.0013834958890299731,0.0
194,100,0,0,41.56719982782198,8.43280017217802,0.04296555243409017,5,19400,19400,950,3800000.0,1.0,1.0,19.05142267802635,42.44518042019159,31.672798954159056,0.2588435821108957,0.22711167252449002,0.05467960000532912,620,0.0,0.02073818949353523,0.018999999999997706,0.001999999999995984,0.0012273629405612496,0.0
195,100,0,0,41.52395308801315,8.476046911986849,0.043246739808829204,5,19500,19500,955,3820000.0,1.0,1.0,20.681876051981785,44.880333197177464,34.830391041582544,0.1140175425099138,0.21899692443155788,0.0587768999976106,620,0.0,0.02096675665158898,0.019000000000004166,0.0019999999999966295,0.0012799831572394282,0.0
196,100,0,0,41.47955708778992,8.520442912210079,0.0443960002232302,5,19600,19600,960,3840000.0,1.0,1.0,23.90563389321409,65.30302594348217,36.42627700796898,0.2073644135332772,0.24497091401547047,0.06428359999699751,620,0.0,0.022098598590524432,0.019000000000004166,0.002000000000003735,0.00129740163269787,0.0
197,100,0,0,41.436131423128124,8.563868576871876,0.04342566466179676,5,19700,19700,965,3860000.0,1.0,1.0,21.77799058400637,44.036003661088,39.68654662837914,0.19748417658131498,0.249265199216621,0.06115660000068601,620,0.0,0.021082494332858914,0.018999999999997706,0.0020000000000030896,0.001343170328937049,0.0
198,100,0,0,41.39325220297663,8.606747797023367,0.04287922015149093,5,19800,19800,970,3880000.0,1.0,1.0,18.34762215616337,47.86439978106134,37.94720395888399,0.23021728866442676,0.24154245947845943,0.07967780000035418,620,0.0,0.020581171274677956,0.018999999999997706,0.001999999999995984,0.00129804887681928,0.0
199,100,0,0,41.349897677883334,8.650102322116666,0.0433545250932994,5,19900,19900,975,3900000.0,1.0,1.0,21.230866827840515,48.52930215067639,30.870271231527887,0.2469817807045694,0.2280136677597914,0.13234150000062073,620,0.0,0.021141084843122826,0.018999999999997706,0.0020000000000030896,0.001213440250175779,0.0
200,100,0,0,41.30690259129775,8.69309740870225,0.042995086585584374,5,20000,20000,980,3920000.0,1.0,1.0,19.03427653278907,37.172336036407394,39.10151032652211,0.2664582518894846,0.2523998677470492,0.051337999997485895,620,0.0,0.02068062732490006,0.019000000000004166,0.0019999999999966295,0.0013144592606835204,0.0
201,100,0,0,41.263769249381845,8.736230750618155,0.043133341915904566,5,20100,20100,985,3940000.0,1.0,1.0,19.37814317496098,44.632183103673505,35.58417985562055,0.161245154965971,0.22588727560606553,0.05304079999768874,620,0.0,0.020789666733534773,0.018999999999997706,0.0020000000000030896,0.0013436751823689974,0.0
202,100,0,0,41.21945877561815,8.78054122438185,0.04431047376369435,4,20200,20200,989,3956000.0,1.0,1.0,24.193832336134694,46.56183655042357,46.40706450794737,0.0938083151964686,0.28065627383593006,0.07310000000143191,620,0.0,0.021959290429542477,0.019200000000003055,0.001999999999997275,0.0011511833341515398,0.0
203,100,0,0,41.176183893888975,8.823816106111025,0.04327488172917526,5,20300,20300,994,3976000.0,1.0,1.0,20.480150963443478,44.036003661088,42.66678499498961,0.2280350850198276,0.26096749719231915,0.05028080000192858,620,0.0,0.02087253371227149,0.019000000000004166,0.0019999999999966295,0.0014023480169029767,0.0
204,100,0,0,41.13185306055798,8.86814693944202,0.044330833330995745,5,20400,20400,999,3996000.0,1.0,1.0,25.029934319320077,47.889509457580985,45.17557804761012,0.3535533905932738,0.2979898701255223,0.10627060000115307,620,0.0,0.021902941559801548,0.019000000000004166,0.0019999999999966295,0.0014278917711934014,0.0
205,100,0,0,41.088000592254005,8.911999407745995,0.04385246830397449,5,20500,20500,1004,4016000.0,1.0,1.0,22.816648386813384,43.26204514824189,45.50964783901327,0.1140175425099138,0.2555893064190463,0.1289531000002171,620,0.0,0.021394473068987452,0.019000000000004166,0.0019999999999966295,0.0014579952349862424,0.0
206,100,0,0,41.04470288506088,8.955297114939121,0.0432977071931262,5,20600,20600,1009,4036000.0,1.0,1.0,21.299304016188135,42.53011760134678,35.139471914688656,0.15811388300841897,0.22798765976648414,0.03642369999579387,620,0.0,0.021034568324175495,0.018999999999997706,0.0020000000000030896,0.001263138868949909,0.0
207,100,0,0,41.00121254016595,8.998787459834048,0.04349034489492709,5,20700,20700,1014,4056000.0,1.0,1.0,21.13787082316437,43.63277393411621,42.63922203310538,0.15491933384829668,0.24957186505151652,0.05297240000072634,620,0.0,0.021077965858999903,0.018999999999997706,0.0020000000000030896,0.0014123790359263921,0.0
208,100,0,0,40.95709395847867,9.042906041521327,0.04411858168727889,3,20800,20800,1017,4068000.0,1.0,1.0,23.1601578578044,50.08264615550851,26.395341626312895,0.09899494936611665,0.2361880628733846,0.036622699997678865,620,0.0,0.02203064295029833,0.0194000000000084,0.0019999999999914635,0.0006879387369806977,0.0
209,100,0,0,40.9135166682126,9.086483331787399,0.0435772902660716,5,20900,20900,1022,4088000.0,1.0,1.0,21.873924847779676,42.44518042019159,42.41318988545603,0.18973665961010275,0.25736582666711105,0.06305090000387281,620,0.0,0.021211409176231655,0.018999999999997706,0.0020000000000030896,0.0013658810898391494,0.0
210,100,0,0,40.870699886841145,9.129300113158855,0.042816781371456614,5,21000,21000,1027,4108000.0,1.0,1.0,18.281500707558923,39.131207891670414,38.271520292861986,0.20248456731316583,0.23860577384731074,0.03787269999884302,620,0.0,0.02050607405646332,0.019000000000004166,0.0019999999999966295,0.0013107073149924986,0.0
211,100,0,0,40.826888544954365,9.173111455045635,0.04381134188678004,5,21100,21100,1032,4128000.0,1.0,1.0,22.7364574748629,49.35667766420248,36.229887286184564,0.22135943621178655,0.24447079403286553,0.05870449999929406,620,0.0,0.021507597089062358,0.018999999999997706,0.0020000000000030896,0.0013037447977168881,0.0
212,100,0,0,40.78319990142636,9.216800098573643,0.043688643528007276,5,21200,21200,1037,4148000.0,1.0,1.0,22.510403876742075,51.52142531951748,33.907559798802815,0.2683281572999748,0.24402188098556615,0.0838348000033875,620,0.0,0.021436384072401893,0.019000000000004166,0.0019999999999966295,0.0012522594556045874,0.0
213,100,0,0,40.73996402946262,9.26003597053738,0.04323587196373779,5,21300,21300,1042,4168000.0,1.0,1.0,20.6545894301967,44.37822238832288,29.0073840174214,0.1673320053068151,0.20915625683989192,0.13719080000009853,620,0.0,0.021036837695653787,0.018999999999997706,0.001999999999995984,0.0011990342680903154,0.0
214,100,0,0,40.69700329333649,9.302996706663507,0.042960736126126164,5,21400,21400,1047,4188000.0,1.0,1.0,19.248728062037728,42.43034398254765,34.55449583853589,0.13038404810405296,0.21822615825764557,0.05483430000458611,620,0.0,0.020679165858489057,0.018999999999997706,0.0020000000000030896,0.0012815702676363117,0.0
215,100,0,0,40.653814659031575,9.346185340968425,0.043188634304918594,5,21500,21500,1052,4208000.0,1.0,1.0,19.992537203955006,50.964009169083795,34.8016765295947,0.216794833886788,0.23370699935262335,0.050916899999720044,620,0.0,0.02090687588918172,0.018999999999997706,0.001999999999995984,0.0012817584157431838,0.0
216,100,0,0,40.61041682543131,9.389583174568692,0.04339783360026672,5,21600,21600,1057,4228000.0,1.0,1.0,21.267451949002357,42.128591274267144,42.5358909096155,0.18165902124584948,0.2557823333480553,0.058700599998701364,620,0.0,0.021023607422904433,0.019000000000004166,0.0019999999999966295,0.0013742261773614928,0.0
217,100,0,0,40.567049683009465,9.432950316990535,0.04336714242184314,5,21700,21700,1062,4248000.0,1.0,1.0,21.30030830262459,43.71925873217579,37.996333050019466,0.19235384061671346,0.24092611356257593,0.04945109999971464,620,0.0,0.02101865063215058,0.018999999999991246,0.0020000000000024443,0.001348491789698869,0.0
218,100,0,0,40.523894363616876,9.476105636383124,0.04315531939258932,5,21800,21800,1067,4268000.0,1.0,1.0,19.16967394859517,46.14513746255741,42.7880040882924,0.2588435821108957,0.26394850262784797,0.10000199999922188,620,0.0,0.02075502986591715,0.019000000000010623,0.0019999999999972783,0.0014002895266642668,0.0
219,100,0,0,40.48062920067541,9.51937079932459,0.04326516294146643,5,21900,21900,1072,4288000.0,1.0,1.0,20.977758943382266,35.0401259023991,41.78470233905747,0.22583179581272428,0.25926557794416927,0.04337130000203615,620,0.0,0.020890256504024762,0.018999999999997706,0.001999999999995984,0.0013749064374479758,0.0
220,100,0,0,40.436962831236954,9.563037168763046,0.04366636943845492,5,22000,22000,1077,4308000.0,1.0,1.0,22.884722381729507,53.02210208101136,32.358743222285156,0.223606797749979,0.2336049686277255,0.12912250000226777,620,0.0,0.021404036440301866,0.018999999999991246,0.0020000000000024443,0.0012623329981593656,0.0
221,100,0,0,40.392651092477415,9.607348907522585,0.04431173875953931,5,22100,22100,1082,4328000.0,1.0,1.0,24.812316748559628,44.853007547705595,46.222760311976764,0.29154759474226505,0.290377525988397,0.055296099999395665,620,0.0,0.021855203470671825,0.018999999999997706,0.001999999999995984,0.0014565352888737948,0.0
222,100,0,0,40.34938661980358,9.650613380196418,0.043264472673833154,5,22200,22200,1087,4348000.0,1.0,1.0,20.27735139591977,47.929692137453465,33.681834067322725,0.15811388300841897,0.22204162055866483,0.035509799999999814,620,0.0,0.020997169922466696,0.018999999999997706,0.0020000000000030896,0.001267302751365662,0.0
223,100,0,0,40.30632731154076,9.693672688459237,0.04305930826281923,5,22300,22300,1092,4368000.0,1.0,1.0,19.855181316829082,44.73917614674445,31.232320608721047,0.3178049716414141,0.23788757259544943,0.08167749999847729,620,0.0,0.020858861078473012,0.019000000000004166,0.0019999999999966295,0.0012004471843454212,0.0
224,100,0,0,40.26298096216814,9.737019037831857,0.043346349372619386,5,22400,22400,1097,4388000.0,1.0,1.0,20.39461450380017,48.10464013828593,39.60320735407123,0.17606816861659008,0.24426209332451382,0.018967699994391296,620,0.0,0.021006697508106242,0.018999999999997706,0.0020000000000030896,0.0013396518645123479,0.0
225,100,0,0,40.219933905673955,9.780066094326045,0.043047056494188496,5,22500,22500,1102,4408000.0,1.0,1.0,19.6464038376645,44.036003661088,36.09151961094952,0.2,0.23526598988316297,0.04675829999905545,620,0.0,0.0207620181917747,0.018999999999991246,0.0020000000000024443,0.001285038302420105,0.0
226,100,0,0,40.175827472085565,9.824172527914435,0.04410643358838939,5,22600,22600,1107,4428000.0,1.0,1.0,23.26045198815647,55.98995530052302,43.15523079275634,0.25298221281347033,0.27396442235368684,0.10237000000051921,620,0.0,0.021726100572777796,0.019000000000004166,0.0019999999999966295,0.0013803330156108018,0.0
227,100,0,0,40.131753333672044,9.868246666327956,0.044074138413520814,5,22700,22700,1112,4448000.0,1.0,1.0,24.42063230653734,53.02210208101136,43.314710640024806,0.1224744871391589,0.25726207739743984,0.03868979999970179,620,0.0,0.02168224031585453,0.019000000000004166,0.0019999999999966295,0.0013918980976654893,0.0
228,100,0,0,40.088920535519236,9.911079464480764,0.04283279815280849,5,22800,22800,1117,4468000.0,1.0,1.0,18.08539673738595,40.02814440924319,37.74359913368481,0.07071067811865475,0.21814426128647268,0.12058940000133589,620,0.0,0.020518389135347093,0.018999999999991246,0.0020000000000095497,0.001314409017460605,0.0
229,100,0,0,40.04485368597316,9.955146314026841,0.04406684954607698,4,22900,22900,1121,4484000.0,1.0,1.0,23.44237346084218,54.26167951991455,28.97136298172898,0.11661903789690602,0.22908816761574832,0.056508499998017214,620,0.0,0.021900704085922484,0.019200000000003055,0.0020000000000043802,0.0009661454601470609,0.0
230,100,0,0,40.00131175520881,9.99868824479119,0.043541930764348535,5,23000,23000,1126,4504000.0,1.0,1.0,22.578092916460964,45.67735706746433,31.324811142194665,0.1224744871391589,0.21529585144346275,0.030916700001398567,620,0.0,0.02129987522144461,0.018999999999997706,0.0020000000000030896,0.001242055542903131,0.0
231,100,0,0,39.95685043737479,10.04314956262521,0.04446131783402052,5,23100,23100,1131,4524000.0,1.0,1.0,24.551597161614804,65.40970234692226,35.907107379144605,0.1673320053068151,0.24033832978046576,0.03957740000623744,620,0.0,0.022171686796866652,0.018999999999997706,0.0020000000000030896,0.0012896310371530717,0.0
232,100,0,0,39.91341223165393,10.086587768346071,0.04343820572086088,5,23200,23200,1136,4544000.0,1.0,1.0,20.95513388517692,46.902459566518644,37.529972717345025,0.27386127875258304,0.25445410561867465,0.06991109999944456,620,0.0,0.021144823806238833,0.019000000000004166,0.0019999999999966295,0.00129338191462125,0.0
233,100,0,0,39.8698722319808,10.1301277680192,0.04353999967312916,5,23300,23300,1141,4564000.0,1.0,1.0,21.83022697358893,43.82688714286126,36.26236164077575,0.22583179581272428,0.24509738274026252,0.07665190000261646,620,0.0,0.021271573244455055,0.018999999999997706,0.0020000000000030896,0.0012684264286733082,0.0
234,100,0,0,39.82448438625119,10.175515613748807,0.04538784572960708,3,23400,23400,1144,4576000.0,1.0,1.0,28.011620941388756,66.58049903753641,22.244564198635043,0.05099019513592785,0.22862843202145797,0.07324250000237953,620,0.0,0.023317849378869937,0.01939999999999548,0.0020000000000043837,0.0006699963507372786,0.0
235,100,0,0,39.781155443735635,10.218844556264365,0.043328942515557856,5,23500,23500,1149,4596000.0,1.0,1.0,21.74033894363224,47.7672421054949,32.38094118814073,0.2,0.2286580697640954,0.15814610000234097,620,0.0,0.02108192416478971,0.019000000000004166,0.0019999999999966295,0.0012470183507673482,0.0
236,100,0,0,39.736786460734834,10.263213539265166,0.044368983000801165,5,23600,23600,1154,4616000.0,1.0,1.0,25.214559731469834,51.52142531951748,44.94543071454548,0.15811388300841897,0.2692511153056066,0.05417149999993853,620,0.0,0.02195202551944675,0.018999999999997706,0.0020000000000030896,0.00141695748135362,0.0
237,100,0,0,39.6933467479626,10.3066532520374,0.04343971277223346,5,23700,23700,1159,4636000.0,1.0,1.0,20.678896472167253,43.55272613368452,46.32053724790408,0.3286335345030997,0.2898663547322686,0.05516190000344068,620,0.0,0.021004852503750726,0.019000000000004166,0.001999999999989524,0.0014348602684890466,0.0
238,100,0,0,39.65038029675512,10.349619703244883,0.04296645120748366,5,23800,23800,1164,4656000.0,1.0,1.0,19.03738664223552,37.543710335594795,38.359734322497694,0.151657508881031,0.23481943230310987,0.07636230000207433,620,0.0,0.020655483060743052,0.019000000000010623,0.0019999999999972783,0.001310968146732705,0.0
239,100,0,0,39.60618118793165,10.393818812068353,0.04419910882347011,5,23900,23900,1169,4676000.0,1.0,1.0,24.1057671030416,51.17268262234865,48.90205619511319,0.28460498941515416,0.29605857650193856,0.03978740000457037,620,0.0,0.02169199394487009,0.018999999999997706,0.001999999999995984,0.0015071148786063304,0.0
240,100,0,0,39.562364568696914,10.437635431303086,0.04381661923473246,5,24000,24000,1174,4696000.0,1.0,1.0,22.33459577748116,43.845167822317,47.78063271278249,0.151657508881031,0.2710188634197043,0.10436670000490267,620,0.0,0.021343518429404185,0.018999999999997706,0.0020000000000030896,0.0014731008053274763,0.0
241,100,0,0,39.51956238056442,10.480437619435577,0.042802188132490926,5,24100,24100,1179,4716000.0,1.0,1.0,17.752041484108776,34.63128451518611,42.163643603495686,0.223606797749979,0.25467319632354446,0.03659380000317469,620,0.0,0.02043645915870229,0.018999999999997706,0.0020000000000030896,0.0013657289737878386,0.0
242,100,0,0,39.47519177637477,10.524808223625229,0.044370604189651885,4,24200,24200,1183,4732000.0,1.0,1.0,25.23839489958966,49.86186280514868,35.7900358611125,0.07483314773547883,0.24870803603577643,0.11082270000042627,620,0.0,0.022151103481647283,0.01919999999999659,0.0020000000000037384,0.0010195007080042728,0.0
243,100,0,0,39.43177449796839,10.56822550203161,0.04341727840638043,5,24300,24300,1188,4752000.0,1.0,1.0,21.000072808730565,50.1480959684368,31.355803335526424,0.1140175425099138,0.21101790810175,0.03774909999629017,620,0.0,0.02113513980260251,0.018999999999997706,0.002000000000010195,0.0012821386037700222,0.0
244,100,0,0,39.38872886302963,10.611271136970373,0.04304563493876401,5,24400,24400,1193,4772000.0,1.0,1.0,19.57772856176389,40.484586827511045,37.60879320145586,0.1673320053068151,0.23577251876012278,0.05888109999796143,620,0.0,0.020728071818268745,0.019000000000010623,0.0019999999999972783,0.001317563120487364,0.0
245,100,0,0,39.34553093750292,10.654469062497078,0.043197925526705205,5,24500,24500,1198,4792000.0,1.0,1.0,20.471840483286584,46.40529726611344,29.119055903634937,0.216794833886788,0.21831383052269626,0.07002970000030473,620,0.0,0.02101535780904129,0.019000000000004166,0.0019999999999966295,0.0011825677176631189,0.0
246,100,0,0,39.302623816560285,10.697376183439715,0.04290712094263682,5,24600,24600,1203,4812000.0,1.0,1.0,18.7627819636928,46.58970715906268,32.71892967200456,0.27018512172212594,0.2341596920808091,0.06415430000197375,620,0.0,0.020672357648876982,0.019000000000004166,0.0019999999999966295,0.0012347632937590447,0.0
247,100,0,0,39.25955828879677,10.740441711203232,0.0430655277635168,5,24700,24700,1208,4832000.0,1.0,1.0,20.005176915480064,35.15130878624277,33.134267926080575,0.19493588689617927,0.22690056754319463,0.04046409999864409,620,0.0,0.020803472695206437,0.019000000000004166,0.001999999999989524,0.0012620550683166698,0.0
248,100,0,0,39.21630904936722,10.783690950632781,0.04324923942954939,5,24800,24800,1213,4852000.0,1.0,1.0,20.79185755871366,49.50190085411332,32.30741997821716,0.22583179581272428,0.23073932517005438,0.10611230000358773,620,0.0,0.021024368599412924,0.019000000000004166,0.0019999999999966295,0.0012248708301356714,0.0
249,100,0,0,39.173275002110124,10.826724997889876,0.0430340472570947,5,24900,24900,1218,4872000.0,1.0,1.0,19.881061564110375,37.11793906278533,32.05055038919869,0.3209361307176243,0.24203645740446475,0.05213459999504266,620,0.0,0.020793563194217768,0.019000000000004166,0.0019999999999966295,0.0012404840628761349,0.0
250,100,0,0,39.129447771594805,10.870552228405195,0.043827230515319116,5,25000,25000,1223,4892000.0,1.0,1.0,22.718863970073862,51.17268262234865,42.12186942747051,0.1341640786499874,0.252649464708686,0.12120259999937844,620,0.0,0.021461507443000016,0.019000000000004166,0.0019999999999966295,0.0013657230723183034,0.0
251,100,0,0,39.08572197213691,10.91427802786309,0.043725799457895675,5,25100,25100,1228,4912000.0,1.0,1.0,22.790177297881932,47.889509457580985,39.60006635644494,0.170293863659264,0.2500963030453662,0.05503429999953369,620,0.0,0.021395615698423853,0.018999999999997706,0.001999999999995984,0.0013301837594781318,0.0
252,100,0,0,39.04287515131648,10.95712484868352,0.04284682082042934,5,25200,25200,1233,4932000.0,1.0,1.0,18.344849723552866,33.91090158068013,39.791761103567886,0.1414213562373095,0.23683447834049906,0.04522690000158036,620,0.0,0.020520878918446783,0.018999999999997706,0.0020000000000030896,0.0013259419019817642,0.0
253,100,0,0,38.999183908824385,11.000816091175615,0.04369124249209477,5,25300,25300,1238,4952000.0,1.0,1.0,22.603186172996825,43.63277393411621,43.736837056558905,0.2073644135332772,0.26846186160727514,0.04340379999484867,620,0.0,0.021272919558192882,0.019000000000004166,0.0019999999999966295,0.001418322933901095,0.0
254,100,0,0,38.95487499335695,11.045125006643048,0.04430891546743254,5,25400,25400,1243,4972000.0,1.0,1.0,23.874140600670508,49.37741552303244,51.54813424111929,0.23021728866442676,0.29645920831376604,0.03928089999681106,620,0.0,0.021769481470570895,0.019000000000004166,0.002000000000003735,0.0015394339968537452,0.0
255,100,0,0,38.90782253059985,11.092177469400148,0.047052462757100955,2,25500,25500,1245,4980000.0,1.0,1.0,34.764542397806714,60.5923597681487,12.488887120390416,0.02,0.22903614593040406,0.12384949999977835,620,0.0,0.025038378910537062,0.01960000000000083,0.001999999999998569,0.0004140838465644947,0.0
256,100,0,0,38.86351484393523,11.136485156064772,0.0443076866646237,5,25600,25600,1250,5000000.0,1.0,1.0,24.628747450894558,47.249316730281144,50.34056276377613,0.10488088481701516,0.2774275986328638,0.04847669999435311,620,0.0,0.021796758066798816,0.018999999999997706,0.0020000000000030896,0.0015109285978240905,0.0
257,100,0,0,38.82051361212658,11.179486387873418,0.04300123180864546,5,25700,25700,1255,5020000.0,1.0,1.0,19.093123144911928,39.131207891670414,38.74597483506047,0.2932575659723036,0.2572199742342965,0.14554689999931725,620,0.0,0.020650570965926818,0.019000000000004166,0.0019999999999966295,0.0013506608427178435,0.0
258,100,0,0,38.77674561565959,11.223254384340407,0.0437679964669897,5,25800,25800,1260,5040000.0,1.0,1.0,23.383351806689795,54.99195705766687,34.13674972371812,0.31144823004794875,0.25580591879183195,0.039110099998652004,620,0.0,0.021532083884984843,0.018999999999997706,0.0020000000000030896,0.0012359125820040617,0.0
259,100,0,0,38.731961110897416,11.268038889102584,0.04478450476217688,4,25900,25900,1264,5056000.0,1.0,1.0,25.064258840945048,66.95360588373119,38.76369084359597,0.07483314773547883,0.2594162163555149,0.03665519999776734,620,0.0,0.022528277502033234,0.019200000000003055,0.001999999999997275,0.0010562272601433165,0.0
260,100,0,0,38.68848499882185,11.311515001178151,0.043476112075566675,5,26000,26000,1269,5076000.0,1.0,1.0,21.681141234532873,56.52578489070232,30.575750795930297,0.08366600265340755,0.20675913716483565,0.09769609999784734,620,0.0,0.021265387541205882,0.018999999999997706,0.001999999999995984,0.0012107245343671025,0.0
261,100,0,0,38.64536446124752,11.354635538752483,0.04312053757433176,5,26100,26100,1274,5096000.0,1.0,1.0,20.275918188975506,44.55317681563245,33.86847455950419,0.27202941017470883,0.24227585861845102,0.03046129999711411,620,0.0,0.020849162275517585,0.018999999999997706,0.0020000000000030896,0.001271375298813382,0.0
262,100,0,0,38.60244211090508,11.39755788909492,0.042922350342436744,5,26200,26200,1279,5116000.0,1.0,1.0,18.18200169584057,38.003667084566885,43.591819319393146,0.2810693864511039,0.2702319764294278,0.09320190000289585,620,0.0,0.020532928161657082,0.018999999999997706,0.001999999999995984,0.0013894221807859708,0.0
263,100,0,0,38.55791819583939,11.442081804160608,0.04452391506568887,4,26300,26300,1283,5132000.0,1.0,1.0,26.042082964583656,60.06259218395171,22.672188373660056,0.1019803902718557,0.21438742535691002,0.03331850000540726,620,0.0,0.02240194778350002,0.01919999999999659,0.002000000000010844,0.0009219672821814129,0.0
264,100,0,0,38.5150890225258,11.4849109774742,0.04282917331359215,5,26400,26400,1288,5152000.0,1.0,1.0,17.784572833868985,42.46233388016245,36.00398012252994,0.2345207879911715,0.23836307841213805,0.037207800000032876,620,0.0,0.020524973714863393,0.018999999999997706,0.001999999999995984,0.0013041995987350674,0.0
265,100,0,0,38.471657067369044,11.528342932630956,0.043431955156755464,5,26500,26500,1293,5172000.0,1.0,1.0,21.148745157356373,45.777107633903455,40.9617418358612,0.19235384061671346,0.2523324702520007,0.18553519999841228,620,0.0,0.021063066286906462,0.018999999999997706,0.0020000000000030896,0.001368888869848206,0.0
266,100,0,0,38.42854961188757,11.571450388112432,0.043107455481475654,5,26600,26600,1298,5192000.0,1.0,1.0,20.62077609397567,37.70270280217066,33.39499517262006,0.216794833886788,0.2322629554587714,0.05587869999726536,620,0.0,0.02085689459207174,0.018999999999997706,0.0020000000000030896,0.0012505608894031184,0.0
267,100,0,0,38.38504446562173,11.614955534378268,0.04350514626583646,5,26700,26700,1303,5212000.0,1.0,1.0,21.29512730963559,42.634258380969115,43.58844609530429,0.1341640786499874,0.2521162009523874,0.03326709999964805,620,0.0,0.021105383238364084,0.018999999999997706,0.0020000000000030896,0.0013997630274715789,0.0
268,100,0,0,38.34139298587733,11.658607014122673,0.04365147974440475,5,26800,26800,1308,5232000.0,1.0,1.0,23.01570065581823,50.09917332998639,26.162649853418703,0.22583179581272428,0.21607695399956625,0.06883229999948526,620,0.0,0.021503258804393965,0.018999999999997706,0.001999999999995984,0.0011482209400170973,0.0
269,100,0,0,38.29814891930899,11.701851080691007,0.04324406656833446,5,26900,26900,1313,5252000.0,1.0,1.0,20.00075254589082,47.929692137453465,35.173152590262475,0.2607680962081059,0.24360362911101666,0.0675931000005221,620,0.0,0.020991659831814502,0.018999999999997706,0.0020000000000030896,0.0012524067365191627,0.0
270,100,0,0,38.25499106489938,11.745008935100621,0.04315785440961406,5,27000,27000,1318,5272000.0,1.0,1.0,20.105953757642265,44.73917614674445,32.49040402931935,0.170293863659264,0.22174584694290514,0.07784649999666726,620,0.0,0.02091886650183028,0.019000000000004166,0.001999999999989524,0.00123898790779009,0.0
271,100,0,0,38.21201432318852,11.78798567681148,0.0429767417108593,5,27100,27100,1323,5292000.0,1.0,1.0,18.65571998912403,41.401969089330564,40.43497175045335,0.26267851073127396,0.25775385399894735,0.036699300006148405,620,0.0,0.0206198968947362,0.019000000000004166,0.002000000000003735,0.0013568448161151991,0.0
272,100,0,0,38.16820615062072,11.831793849379281,0.04380817256780034,5,27200,27200,1328,5312000.0,1.0,1.0,22.993802688926586,46.0349423016895,43.71956089337445,0.12649110640673517,0.2573935846061123,0.13723729999765055,620,0.0,0.021418036748691804,0.018999999999997706,0.0020000000000030896,0.0013901358191077406,0.0
273,100,0,0,38.12506687253808,11.874933127461922,0.0431392780826414,5,27300,27300,1333,5332000.0,1.0,1.0,19.433970952373983,36.0997210802366,42.86688277352756,0.13784048752090222,0.24868243652322294,0.05115329999534879,620,0.0,0.020749497849777754,0.018999999999997706,0.0020000000000030896,0.0013897802328628472,0.0
274,100,0,0,38.081799276097314,11.918200723902686,0.04326759644076361,5,27400,27400,1338,5352000.0,1.0,1.0,20.471159163051297,42.787278143094554,39.20327995918219,0.36193922141707713,0.2728313742439745,0.04347109999798704,620,0.0,0.020940981442350903,0.018999999999997706,0.0020000000000030896,0.0013266149984119124,0.0
275,100,0,0,38.03799615620911,11.962003843790889,0.04380311988820296,5,27500,27500,1343,5372000.0,1.0,1.0,22.070328383279698,46.56183655042357,47.219278642754084,0.24289915602982237,0.282230538360343,0.07685279999714112,620,0.0,0.021322162887116747,0.018999999999997706,0.001999999999995984,0.00148095700109252,0.0
276,100,0,0,37.99346433778718,12.00653566221282,0.044531818421930325,4,27600,27600,1347,5388000.0,1.0,1.0,24.44472150387905,59.20641591058751,38.458760958890494,0.14696938456699069,0.2675612673399434,0.04033369999524439,620,0.0,0.022267144895650404,0.019200000000003055,0.001999999999997275,0.0010646735262795914,0.0
277,100,0,0,37.94879227911287,12.051207720887128,0.044672058674308346,5,27700,27700,1352,5408000.0,1.0,1.0,26.726770136018676,47.7672421054949,53.442148073623606,0.17606816861659008,0.30141037306357243,0.09558000000106404,620,0.0,0.022096345023655317,0.018999999999997706,0.0020000000000030896,0.001575713650652233,0.0
278,100,0,0,37.90536380544744,12.094636194552557,0.043428473665429124,5,27800,27800,1357,5428000.0,1.0,1.0,20.669810749277257,39.131207891670414,48.3678083893741,0.3271085446759225,0.2953073502532984,0.04505260000587441,620,0.0,0.020940200112192997,0.019000000000004166,0.0019999999999966295,0.0014882735532353308,0.0
279,100,0,0,37.86154644215455,12.138453557845452,0.043817363292895095,4,27900,27900,1361,5444000.0,1.0,1.0,22.737995180626484,46.080841037231934,35.24590375657269,0.1697056274847714,0.25662853574557604,0.15083239999512443,620,0.0,0.021589733191305527,0.01919999999999013,0.0020000000000101985,0.0010276301015892386,0.0
280,100,0,0,37.817090792761704,12.182909207238296,0.04445564939284452,5,28000,28000,1366,5464000.0,1.0,1.0,24.80100981978135,66.16530247369157,39.10859727123941,0.1341640786499874,0.24822278170402623,0.05374940000183415,620,0.0,0.02213080999182182,0.018999999999997706,0.0020000000000030896,0.0013248394010219045,0.0
281,100,0,0,37.77389626776657,12.226103732233433,0.043194524995136874,5,28100,28100,1371,5484000.0,1.0,1.0,19.973929409019387,43.28684886553131,36.727272542652386,0.13784048752090222,0.2298497913056147,0.06793820000166306,620,0.0,0.020877512825677513,0.019000000000004166,0.001999999999989524,0.00131701216946567,0.0
282,100,0,0,37.73069957736334,12.269300422636661,0.04319669040322793,5,28200,28200,1376,5504000.0,1.0,1.0,20.231576397248407,36.00709550608714,41.86828086273575,0.14491376746189438,0.24781110973164272,0.04133390000060899,620,0.0,0.020828459059060833,0.019000000000004166,0.0019999999999966295,0.001368231344166304,0.0
283,100,0,0,37.68618784456365,12.313812155436352,0.04451173279969112,5,28300,28300,1381,5524000.0,1.0,1.0,25.243521608663468,46.40529726611344,47.50458049110574,0.20976176963403032,0.28437120170531965,0.1306043000004138,620,0.0,0.02203070136158658,0.018999999999997706,0.001999999999995984,0.001481031438110847,0.0
284,100,0,0,37.64244303663635,12.357556963363649,0.04374480792729685,5,28400,28400,1386,5544000.0,1.0,1.0,22.251952158613648,49.12809277657281,43.178753998201564,0.18708286933869706,0.26323052109963463,0.04741910000302596,620,0.0,0.021341569547814743,0.018999999999997706,0.0020000000000030896,0.0014032383794813086,0.0
285,100,0,0,37.598736412313855,12.401263587686145,0.04370662432249617,5,28500,28500,1391,5564000.0,1.0,1.0,22.88349266761634,44.880333197177464,31.359926233731596,0.2345207879911715,0.23460644318907137,0.12774879999778932,620,0.0,0.021485688724020235,0.019000000000004166,0.0019999999999966295,0.0012209355984751369,0.0
286,100,0,0,37.55550795258653,12.444492047413469,0.04322845972732381,5,28600,28600,1396,5584000.0,1.0,1.0,20.815199157219794,41.29267083972379,35.906524537516496,0.14832396974191325,0.23152436324058615,0.049365999999281485,620,0.0,0.020942565223442955,0.018999999999997706,0.0020000000000030896,0.0012858945038800584,0.0
287,100,0,0,37.51233960732169,12.487660392678308,0.04316834526483859,5,28700,28700,1401,5604000.0,1.0,1.0,20.338003612159966,48.42557656878674,28.60714831725228,0.1414213562373095,0.20655878668137345,0.0838614999956917,620,0.0,0.020976961718481846,0.018999999999997706,0.0020000000000030896,0.0011913835463559508,0.0
288,100,0,0,37.466570143802706,12.533429856197294,0.0457694635189867,3,28800,28800,1404,5616000.0,1.0,1.0,30.516540286296785,62.38463157749325,11.542520220963349,0.03741657386773941,0.1996649916032537,0.04875239999819314,620,0.0,0.023747254763101466,0.01939999999999548,0.0020000000000043837,0.0006222087558853673,0.0
289,100,0,0,37.42274191699941,12.577258083000586,0.043828226803292125,5,28900,28900,1409,5636000.0,1.0,1.0,22.964525884510415,46.41450386228339,36.868067079643154,0.24083189157584592,0.25079596020771866,0.10165769999730401,620,0.0,0.021519279364397903,0.019000000000004166,0.0019999999999966295,0.0013089474388934264,0.0
290,100,0,0,37.37944419337351,12.620555806626491,0.043297723625904894,5,29000,29000,1414,5656000.0,1.0,1.0,20.452454158481142,47.0086790211082,39.9496241847819,0.19748417658131498,0.25047828435420216,0.04144169999926817,620,0.0,0.02096871767523112,0.018999999999997706,0.0020000000000030896,0.001329005950672979,0.0
291,100,0,0,37.33537727998365,12.664622720016347,0.044066913389855245,3,29100,29100,1417,5668000.0,1.0,1.0,22.66185886977881,51.61224893838696,35.80050747201357,0.07071067811865474,0.26341477993105444,0.15105790000234265,620,0.0,0.021910741176661475,0.01939999999999548,0.0020000000000043837,0.0007561722131939064,0.0
292,100,0,0,37.29214113590677,12.707858864093232,0.04323614407688581,5,29200,29200,1422,5688000.0,1.0,1.0,20.972614443500387,37.61772267289318,40.17351306514597,0.15811388300841897,0.24652509532443834,0.03339789999881759,620,0.0,0.020907969026033868,0.019000000000004166,0.0019999999999966295,0.0013281750508511436,0.0
293,100,0,0,37.249355893726516,12.750644106273484,0.04278524218025126,5,29300,29300,1427,5708000.0,1.0,1.0,17.760862282814553,36.73858614955544,38.39985031208304,0.2345207879911715,0.24548370865375574,0.04642239999520825,620,0.0,0.020483546810957876,0.018999999999997706,0.0020000000000030896,0.0013016953692925881,0.0
294,100,0,0,37.20530031602659,12.794699683973413,0.04405557769992896,5,29400,29400,1432,5728000.0,1.0,1.0,23.541183084270013,45.90266174211773,51.79127651594375,0.07071067811865475,0.2747308597837608,0.061693100004049484,620,0.0,0.02151649453959692,0.018999999999997706,0.0020000000000030896,0.001539083160331245,0.0
295,100,0,0,37.16162389010913,12.838376109890874,0.043676425917460904,5,29500,29500,1437,5748000.0,1.0,1.0,22.756318137212567,44.75032169293572,38.57794944466701,0.24289915602982237,0.25839305420937375,0.04786450000392506,620,0.0,0.021339193011733926,0.019000000000004166,0.001999999999989524,0.0013372329057332877,0.0
296,100,0,0,37.11843525152812,12.881564748471881,0.04318863858100741,5,29600,29600,1442,5768000.0,1.0,1.0,20.397312854294047,44.6410625733518,36.86195022358361,0.10954451150103321,0.22734059655246325,0.06371349999972153,620,0.0,0.020876110997086528,0.019000000000004166,0.0019999999999966295,0.0013125275839200867,0.0
297,100,0,0,37.074991560305854,12.925008439694146,0.0434436912222651,5,29700,29700,1447,5788000.0,1.0,1.0,21.53188456257359,47.35430092932509,27.716672893898703,0.23021728866442676,0.21952980842762893,0.06943909999972675,620,0.0,0.021278620159044692,0.019000000000004166,0.0019999999999966295,0.0011650710632196137,0.0
298,100,0,0,37.03123417038214,12.968765829617858,0.04375738992371225,5,29800,29800,1452,5808000.0,1.0,1.0,22.580891441644518,44.9601086963379,42.9791617524679,0.08366600265340755,0.24830154925352974,0.1399673000050825,620,0.0,0.021375346530618344,0.019000000000004166,0.002000000000003735,0.0013820433930860077,0.0
299,100,0,0,36.98705461151855,13.012945388481448,0.04417955886358982,5,29900,29900,1457,5828000.0,1.0,1.0,23.512565314765165,59.20641591058751,38.978742144285036,0.09486832980505137,0.23799859981471969,0.05559009999706177,620,0.0,0.021841491513576727,0.018999999999997706,0.0020000000000030896,0.0013380673500122953,0.0
300,100,0,0,36.94267392054711,13.057326079452892,0.044380690971443926,5,30000,30000,1462,5848000.0,1.0,1.0,25.249937191626323,48.980883052519644,45.48852831841424,0.19235384061671346,0.278392451544722,0.05687729999772273,620,0.0,0.021959940316385484,0.019000000000004166,0.0019999999999966295,0.0014207506550576454,0.0
301,100,0,0,36.89973356286692,13.10026643713308,0.042940357680187446,5,30100,30100,1467,5868000.0,1.0,1.0,19.34456414239454,37.172336036407394,34.512045404106566,0.25099800796022265,0.23919355565846692,0.054918499998166226,620,0.0,0.02068048855106497,0.018999999999997706,0.0020000000000030896,0.0012598691291216824,0.0
302,100,0,0,36.85543638303952,13.144563616960482,0.044297179827403,3,30200,30200,1470,5880000.0,1.0,1.0,23.91109962403803,61.996978092899056,38.36097955491749,0.061644140029689765,0.2739795311143534,0.038270400000328664,620,0.0,0.02211981460057899,0.01939999999999548,0.0020000000000043837,0.0007773652268241449,0.0
303,100,0,0,36.812377722078296,13.187622277921704,0.04305866096122202,5,30300,30300,1475,5900000.0,1.0,1.0,18.876255040485944,38.392430080398945,43.559711529985904,0.19493588689617927,0.2592138493907932,0.09919059999810997,620,0.0,0.02065323511623518,0.018999999999997706,0.001999999999995984,0.0014054258449931467,0.0
304,100,0,0,36.769081870554466,13.230918129445534,0.043295851523829754,5,30400,30400,1480,5920000.0,1.0,1.0,20.47608935661186,38.59485251174309,41.55647612468856,0.08944271909999159,0.24042772545125138,0.051594500000646804,620,0.0,0.02093086759884244,0.019000000000004166,0.0019999999999966295,0.001364983924986518,0.0
305,100,0,0,36.72531053742707,13.27468946257293,0.04377133312739545,4,30500,30500,1484,5936000.0,1.0,1.0,23.05282803659269,51.31610385408795,24.19509102421302,0.0632455532033676,0.2073543401627259,0.15581640000164043,620,0.0,0.021665080684925897,0.01919999999999659,0.0020000000000037384,0.0009062524424692242,0.0
306,100,0,0,36.682068406501344,13.317931593498656,0.043242130925726485,5,30600,30600,1489,5956000.0,1.0,1.0,20.69468458961586,42.44518042019159,35.2472692794772,0.08366600265340755,0.2201821680708811,0.06037389999983134,620,0.0,0.020943998697909194,0.018999999999997706,0.0020000000000030896,0.0012981322278164953,0.0
307,100,0,0,36.63780827751379,13.362191722486209,0.044260128987552605,4,30700,30700,1493,5972000.0,1.0,1.0,25.643674636495348,53.69588382109165,21.01265749339398,0.1697056274847714,0.21902089796233729,0.06902030000492232,620,0.0,0.0221760903977426,0.019200000000003055,0.001999999999997275,0.000884038589809677,0.0
308,100,0,0,36.59498633436425,13.40501366563575,0.04282194314954069,5,30800,30800,1498,5992000.0,1.0,1.0,18.518026209134938,36.54359702316548,35.709991107130215,0.14491376746189438,0.2263719923454076,0.04745879999973113,620,0.0,0.020552741731258095,0.019000000000004166,0.0019999999999966295,0.0012692014182817957,0.0
309,100,0,0,36.551703677380765,13.448296322619235,0.04328265698348588,5,30900,30900,1503,6012000.0,1.0,1.0,20.10483036165505,46.902459566518644,40.89391140944896,0.2345207879911715,0.26001342396101684,0.09896139999909792,620,0.0,0.02093761786638737,0.018999999999991246,0.002000000000016655,0.0013450391170906073,0.0
310,100,0,0,36.50836433277376,13.491635667226241,0.043339344607005614,5,31000,31000,1508,6032000.0,1.0,1.0,20.437364603855915,52.633160815678785,36.55083643334152,0.25099800796022265,0.24919486495337514,0.05066400000214344,620,0.0,0.021046765788511834,0.019000000000004166,0.002000000000003735,0.0012925788184858789,0.0
311,100,0,0,36.46443469946761,13.53556530053239,0.043929633306149185,5,31100,31100,1513,6052000.0,1.0,1.0,23.012787834081486,45.90266174211773,51.19540126819492,0.07745966692414834,0.27462539360416843,0.13006400000449503,620,0.0,0.02140293274278804,0.018999999999997706,0.0020000000000030896,0.0015267005633603503,0.0
312,100,0,0,36.421163544248394,13.578836455751606,0.043271155219215984,5,31200,31200,1518,6072000.0,1.0,1.0,20.189812767197836,40.02814440924319,39.95015274633359,0.29154759474226505,0.26281502933163775,0.05978009999671485,620,0.0,0.02092499200185216,0.018999999999997706,0.0020000000000030896,0.0013461632173630278,0.0
313,100,0,0,36.37776569878377,13.622234301216231,0.04339784546462511,5,31300,31300,1523,6092000.0,1.0,1.0,21.196162347933043,42.128591274267144,41.91372432454184,0.170293863659264,0.2555836280212866,0.07769960000587162,620,0.0,0.021037746534943835,0.018999999999991246,0.001999999999995339,0.0013600989296946864,0.0
314,100,0,0,36.334580831142176,13.665419168857824,0.04318486764159246,5,31400,31400,1528,6112000.0,1.0,1.0,20.107639299380132,35.625662824937706,42.126728575873884,0.16431676725154984,0.2529494514459209,0.04587809999793535,620,0.0,0.02079225872974888,0.018999999999997706,0.0019999999999888787,0.0013926089118569962,0.0
315,100,0,0,36.29025189197648,13.709748108023518,0.04432893916569469,5,31500,31500,1533,6132000.0,1.0,1.0,24.47943442362922,46.40529726611344,46.38235545353161,0.1414213562373095,0.27040711700835124,0.10438609999982873,620,0.0,0.021861646398264156,0.019000000000004166,0.0019999999999966295,0.0014672927674297398,0.0
316,100,0,0,36.24514813089146,13.754851869108542,0.045103761085023564,3,31600,31600,1536,6144000.0,1.0,1.0,27.769260343089083,60.06259218395171,22.196547706590923,0.09899494936611665,0.23753150332176934,0.04962580000574235,620,0.0,0.023038920143648056,0.01940000000000194,0.0019999999999979236,0.000664840941375644,0.0
317,100,0,0,36.20118857942301,13.798811420576989,0.04395955146844699,5,31700,31700,1541,6164000.0,1.0,1.0,23.30016731643928,47.889509457580985,47.49437813636524,0.14491376746189438,0.2746561722814437,0.11955489999672864,620,0.0,0.02150421028833449,0.018999999999997706,0.0020000000000030896,0.0014553411801117022,0.0
318,100,0,0,36.15838691949201,13.84161308050799,0.04280165993100127,5,31800,31800,1546,6184000.0,1.0,1.0,17.920367301919534,44.6410625733518,34.57000671462389,0.21213203435596423,0.23181505427632004,0.05707270000129938,620,0.0,0.020517562940440826,0.018999999999997706,0.0020000000000030896,0.0012840969905596467,0.0
319,100,0,0,36.11534968512947,13.884650314870527,0.04303723436253648,5,31900,31900,1551,6204000.0,1.0,1.0,19.0444815466037,40.43849689448431,40.82164490625714,0.27748873851023215,0.26418830880448524,0.1137040000030538,620,0.0,0.02069254500992912,0.018999999999997706,0.0020000000000030896,0.001344689352606565,0.0
320,100,0,0,36.070628648035175,13.929371351964825,0.04472103709429831,3,32000,32000,1554,6216000.0,1.0,1.0,26.19635977190059,49.51920731467058,25.27142834985716,0.15937377450509227,0.25319157858193925,0.03697459999966668,620,0.0,0.02263660906809406,0.01939999999999548,0.0020000000000043837,0.0006844280262043867,0.0
321,100,0,0,36.02734130516422,13.97265869483578,0.04328734287095415,5,32100,32100,1559,6236000.0,1.0,1.0,20.62855955964976,51.37805873194581,33.8153863193041,0.19235384061671346,0.23276456670266218,0.10558760000276379,620,0.0,0.021023409239205648,0.019000000000004166,0.0019999999999966295,0.0012639336317477046,0.0
322,100,0,0,35.98376513311572,14.016234866884282,0.04357617204850328,5,32200,32200,1564,6256000.0,1.0,1.0,22.08480012993004,54.99195705766687,25.83485830864443,0.08944271909999159,0.19529645328511816,0.03708090000145603,620,0.0,0.02141062198776922,0.018999999999997706,0.0020000000000030896,0.001165550060733267,0.0
323,100,0,0,35.93990571457016,14.060094285429841,0.043859418545558526,5,32300,32300,1569,6276000.0,1.0,1.0,23.059417459744452,50.653413556713346,30.497461941309744,0.21213203435596423,0.23069271241823877,0.1282433000014862,620,0.0,0.021646645376591778,0.018999999999991246,0.0020000000000024443,0.001212773168973058,0.0
324,100,0,0,35.89713441561581,14.10286558438419,0.04277129895434939,5,32400,32400,1574,6296000.0,1.0,1.0,17.347930126055854,35.70521316528869,42.83128115438761,0.11832159566199232,0.24357270034460737,0.04498710000189021,620,0.0,0.020401642669568787,0.018999999999997706,0.001999999999995984,0.0013696562847869131,0.0
325,100,0,0,35.853671936200186,14.146328063799814,0.043462479415623534,5,32500,32500,1579,6316000.0,1.0,1.0,21.791502219357437,43.654668206523354,40.860351472422984,0.2949576240750525,0.27313282261782246,0.04526160000386881,620,0.0,0.021114465818996564,0.018999999999997706,0.001999999999995984,0.0013480135966332796,0.0
326,100,0,0,35.81047244155067,14.189527558449328,0.04319949464951378,5,32600,32600,1584,6336000.0,1.0,1.0,21.06591898374997,44.036003661088,32.30826098527156,0.1414213562373095,0.2215519630821654,0.086961799999699,620,0.0,0.020958801850206044,0.018999999999997706,0.001999999999995984,0.001240692799314047,0.0
327,100,0,0,35.76745208263738,14.232547917362623,0.04302035891329581,5,32700,32700,1589,6356000.0,1.0,1.0,18.74728191522063,37.94609461289875,42.036977695799095,0.33166247903553997,0.27622101854803993,0.0927942999987863,620,0.0,0.020648092726609946,0.019000000000004166,0.002000000000003735,0.0013722661866779617,0.0
328,100,0,0,35.7245445955963,14.2754554044037,0.042907487041077275,5,32800,32800,1594,6376000.0,1.0,1.0,18.31195722733659,40.43849689448431,39.52426276561401,0.1140175425099138,0.23457718763865068,0.04689749999670312,620,0.0,0.020562884922810554,0.019000000000004166,0.0019999999999966295,0.0013446021182659251,0.0
329,100,0,0,35.68164691672143,14.318353083278573,0.042897678874872724,5,32900,32900,1599,6396000.0,1.0,1.0,18.991876280646448,40.14347498522288,30.25927405297758,0.24289915602982237,0.22612953936355973,0.15274369999679038,620,0.0,0.020685285095659367,0.018999999999997706,0.0020000000000030896,0.0012123937792125616,0.0
330,100,0,0,35.637470253557986,14.362529746442014,0.04417666316344082,5,33000,33000,1604,6416000.0,1.0,1.0,24.358817024868962,55.43765753812124,37.98412816824041,0.1224744871391589,0.24443125428500384,0.031241399999998976,620,0.0,0.021856619257654586,0.019000000000004166,0.0019999999999966295,0.0013200439057854396,0.0
331,100,0,0,35.594211441203015,14.405788558796985,0.043258812354970644,5,33100,33100,1609,6436000.0,1.0,1.0,21.16415125028296,41.29267083972379,37.229873075631474,0.23664319132398465,0.25223209830448756,0.03191750000405591,620,0.0,0.020953100479594866,0.018999999999997706,0.0020000000000030896,0.001305711875374982,0.0
332,100,0,0,35.55019875618613,14.449801243813873,0.04401268501688804,5,33200,33200,1614,6456000.0,1.0,1.0,23.254739752244333,47.67647972799377,50.59946647178601,0.151657508881031,0.28658363586581875,0.0571847000028356,620,0.0,0.021499253879049718,0.019000000000004166,0.0019999999999966295,0.0015134311378375287,0.0
333,100,0,0,35.50692398523939,14.49307601476061,0.04327477094673782,5,33300,33300,1619,6476000.0,1.0,1.0,20.241050040483277,34.68786645783164,44.52125005551336,0.23874672772626643,0.27308439240763355,0.09138560000428697,620,0.0,0.020836433017862532,0.019000000000004166,0.0019999999999966295,0.001438337928874489,0.0
334,100,0,0,35.46348213931142,14.536517860688583,0.04344184592797262,5,33400,33400,1624,6496000.0,1.0,1.0,21.099251881622212,46.56183655042357,38.43696275070676,0.303315017762062,0.2660212850549979,0.03520130000106292,620,0.0,0.0211116834552314,0.018999999999997706,0.0020000000000030896,0.001330162472740426,0.0
335,100,0,0,35.420025842898326,14.579974157101674,0.043456296413090456,4,33500,33500,1628,6512000.0,1.0,1.0,21.11061435563126,44.880333197177464,36.41725700962377,0.07483314773547883,0.24585855901678633,0.08011780000379076,620,0.0,0.0212429104502192,0.01919999999999659,0.0020000000000037384,0.0010133859628709274,0.0
336,100,0,0,35.37507367522746,14.624926324772538,0.044952167670864185,3,33600,33600,1631,6524000.0,1.0,1.0,27.07846909940734,57.75648415093316,21.044343954682557,0.17378147196982766,0.24530248790266088,0.05007810000097379,620,0.0,0.02289853790446017,0.01940000000000194,0.0019999999999979236,0.0006536297664041513,0.0
337,100,0,0,35.33045423586484,14.669545764135158,0.04461943936262003,5,33700,33700,1636,6544000.0,1.0,1.0,25.914869540910466,66.3001772079934,37.92920505816204,0.18165902124584948,0.2575135686192949,0.12714459999551764,620,0.0,0.022323753935779678,0.018999999999997706,0.0020000000000030896,0.0012956854268395546,0.0
338,100,0,0,35.28676162166825,14.713238378331752,0.04369261419659409,4,33800,33800,1640,6560000.0,1.0,1.0,21.198801629826708,47.047707181006096,42.214077514037626,0.1019803902718557,0.268714552064791,0.0549920999983442,620,0.0,0.021391847798589936,0.01919999999999659,0.0020000000000037384,0.0011007663980038274,0.0
339,100,0,0,35.24311429658724,14.756885703412763,0.04364732508101099,5,33900,33900,1645,6580000.0,1.0,1.0,21.416192862529325,47.41017950077941,46.82021372640126,0.35777087639996635,0.30021565078561585,0.05693279999832157,620,0.0,0.021166689050055254,0.019000000000010623,0.001999999999990173,0.0014806360309549405,0.0
340,100,0,0,35.19960141055521,14.80039858944479,0.04351288603202619,5,34000,34000,1650,6600000.0,1.0,1.0,22.39673689514465,46.39227090625187,31.434819089648848,0.1224744871391589,0.2200413754665172,0.07408579999901121,620,0.0,0.021278631710281104,0.018999999999997706,0.0020000000000030896,0.001234254321744288,0.0
341,100,0,0,35.15636974211282,14.843630257887177,0.04323166844238813,5,34100,34100,1655,6620000.0,1.0,1.0,20.717800739798037,42.43034398254765,30.944447009306153,0.161245154965971,0.22090865129248285,0.06718890000047395,620,0.0,0.020999850210557724,0.018999999999997706,0.0019999999999888787,0.0012318182318438176,0.0
342,100,0,0,35.113473293213595,14.886526706786405,0.042896448899227835,5,34200,34200,1660,6640000.0,1.0,1.0,18.638281579761003,47.86439978106134,32.714860873919086,0.2073644135332772,0.22896448601085345,0.0811831999963033,620,0.0,0.020626188088371578,0.018999999999997706,0.0020000000000030896,0.0012702608108554614,0.0
343,100,0,0,35.07008440732153,14.92991559267847,0.04338888589206391,5,34300,34300,1665,6660000.0,1.0,1.0,20.679341032326043,47.35430092932509,36.182388075871664,0.2588435821108957,0.2523612601923011,0.12323250000190455,620,0.0,0.021121073665497647,0.018999999999997706,0.001999999999995984,0.0012678122265725733,0.0
344,100,0,0,35.025759062337606,14.974240937662394,0.04432534498392471,3,34400,34400,1668,6672000.0,1.0,1.0,24.1469413366783,51.37805873194581,23.11256481331992,0.11575836902790225,0.23737748214715884,0.0396102999948198,620,0.0,0.022251054148831884,0.01940000000000194,0.0019999999999979236,0.0006742908350929611,0.0
345,100,0,0,34.98165562799448,15.018344372005522,0.044103434343128356,5,34500,34500,1673,6692000.0,1.0,1.0,23.396894679775276,44.38041285239903,49.85163554966019,0.16431676725154984,0.28742521407084703,0.04339240000263089,620,0.0,0.02159704577002941,0.018999999999997706,0.0020000000000030896,0.0015063885730981497,0.0
346,100,0,0,34.93905094137273,15.060949058627273,0.04260468662175043,5,34600,34600,1678,6712000.0,1.0,1.0,17.066160519845177,36.65880747587403,36.20021629508052,0.19235384061671346,0.23473949735147442,0.049564200002350844,620,0.0,0.020328182481222257,0.018999999999997706,0.0020000000000030896,0.0012765041405273791,0.0
347,100,0,0,34.895776699190726,15.104223300809274,0.04327424218200093,5,34700,34700,1683,6732000.0,1.0,1.0,20.366992938849222,50.97660023449597,38.64608724582109,0.17606816861659008,0.2473671226770562,0.10622399999556364,620,0.0,0.020952168690548945,0.019000000000004166,0.002000000000003735,0.0013220734914440868,0.0
348,100,0,0,34.852409137619716,15.147590862380284,0.04336756157101007,5,34800,34800,1688,6752000.0,1.0,1.0,20.36809917987032,42.56049269302947,45.804232491274966,0.13784048752090222,0.2620684716412892,0.07116369999857852,620,0.0,0.02092054122494602,0.019000000000004166,0.0019999999999966295,0.0014470203460632547,0.0
349,100,0,0,34.80914852148697,15.190851478513032,0.04326061613274845,5,34900,34900,1693,6772000.0,1.0,1.0,20.512670162047797,35.355598641180826,43.370611196639494,0.23874672772626643,0.2701970219586085,0.07128340000053868,620,0.0,0.020836578631652003,0.019000000000004166,0.0019999999999966295,0.001424037501095654,0.0
350,100,0,0,34.76632256393592,15.233677436064077,0.042825957551045235,5,35000,35000,1698,6792000.0,1.0,1.0,18.693927705343267,41.29267083972379,29.966826455437246,0.11832159566199232,0.20764137506513086,0.11398390000249492,620,0.0,0.020619280178166832,0.018999999999997706,0.0020000000000030896,0.001206677372877607,0.0
351,100,0,0,34.72249226924942,15.277507730750578,0.04383029468650079,3,35100,35100,1701,6804000.0,1.0,1.0,22.16810851252165,44.9601086963379,32.06039945431612,0.0787400787401181,0.2564215342123848,0.034926400003314484,620,0.0,0.021702298612630955,0.01940000000000194,0.0019999999999979236,0.0007279960738699742,0.0
352,100,0,0,34.67834871103199,15.321651288968013,0.044143558217434986,5,35200,35200,1706,6824000.0,1.0,1.0,23.89786780478311,46.0349423016895,50.475863090711854,0.151657508881031,0.28958203853804326,0.05114619999949355,620,0.0,0.02163094260134102,0.018999999999997706,0.0020000000000030896,0.0015126156160931714,0.0
353,100,0,0,34.635241527368976,15.364758472631024,0.04310718366301103,5,35300,35300,1711,6844000.0,1.0,1.0,20.616461047811868,45.70704488092566,28.720429669112622,0.27018512172212594,0.23093793869134727,0.06031049999728566,620,0.0,0.020914603771480245,0.018999999999997706,0.001999999999995984,0.0011925798915370933,0.0
354,100,0,0,34.59197539558522,15.408024604414777,0.043266131783752826,5,35400,35400,1716,6864000.0,1.0,1.0,20.434332563663425,40.75470745745773,42.05494355557131,0.170293863659264,0.2545709860228545,0.06143200000224169,620,0.0,0.02087216397425351,0.018999999999997706,0.0020000000000030896,0.0013939678094985197,0.0
355,100,0,0,34.548575528038064,15.451424471961936,0.04339986754715852,5,35500,35500,1721,6884000.0,1.0,1.0,20.037346340718933,45.90266174211773,49.10681085620628,0.15811388300841897,0.27801047684433855,0.043994300001941156,620,0.0,0.020914692322442363,0.019000000000004166,0.002000000000003735,0.0014851752247082572,0.0
356,100,0,0,34.50440297836205,15.495597021637948,0.04417254967601281,5,35600,35600,1726,6904000.0,1.0,1.0,24.55469250991496,51.17268262234865,45.685540563011976,0.07071067811865475,0.2629259940367361,0.10791590000008,620,0.0,0.021737360629380476,0.018999999999997706,0.0020000000000030896,0.0014351890466315353,0.0
357,100,0,0,34.460629579516684,15.539370420483316,0.04377339884536724,4,35700,35700,1730,6920000.0,1.0,1.0,23.38785421384145,49.76378105508738,25.928579814007747,0.0565685424949238,0.21653977308708497,0.039513700001407415,620,0.0,0.021659250696188792,0.019200000000003055,0.0020000000000043802,0.0009141481491710124,0.0
358,100,0,0,34.41697662343188,15.583023376568121,0.043652956084805794,5,35800,35800,1735,6940000.0,1.0,1.0,22.638342752703082,42.5223096017503,38.51694977636738,0.303315017762062,0.2716650996303075,0.13077699999848846,620,0.0,0.021289725415435612,0.018999999999997706,0.0020000000000030896,0.0013632306693693863,0.0
359,100,0,0,34.373881499611784,15.626118500388216,0.04309512382009473,5,35900,35900,1740,6960000.0,1.0,1.0,19.575302037111047,37.14648171870903,41.90716160245633,0.223606797749979,0.2633893626112477,0.0426932000045781,620,0.0,0.020723293052682834,0.018999999999997706,0.0020000000000030896,0.0013718307674110974,0.0
360,100,0,0,34.329780793973555,15.670219206026445,0.04410070563822899,3,36000,36000,1743,6972000.0,1.0,1.0,22.65596187165133,48.845366631445565,30.372026786229885,0.061644140029689765,0.25052541950461693,0.050028799996653106,620,0.0,0.02198703667855284,0.01939999999999548,0.0020000000000043837,0.0007136689596762835,0.0
361,100,0,0,34.28601211436485,15.713987885635149,0.043768679608703565,5,36100,36100,1748,6992000.0,1.0,1.0,23.273403827410355,52.993404829511945,28.869604861514482,0.14491376746189438,0.21929101928615227,0.0775260000009439,620,0.0,0.021545561247855005,0.019000000000004166,0.002000000000003735,0.0012231183608406582,0.0
362,100,0,0,34.24195894943609,15.75804105056391,0.0440531649287621,3,36200,36200,1751,7004000.0,1.0,1.0,22.820032008025027,52.82771749606646,33.18175883476696,0.056568542494923796,0.25915195620657566,0.05812989999685669,620,0.0,0.021919317332994126,0.01940000000000194,0.0019999999999979236,0.0007338475957681112,0.0
363,100,0,0,34.198769921328676,15.801230078671324,0.04318902810741321,5,36300,36300,1756,7024000.0,1.0,1.0,19.93677403047837,48.52930215067639,31.377345444395054,0.19493588689617927,0.22755288592688755,0.05667689999972936,620,0.0,0.020964592194196996,0.018999999999997706,0.0020000000000030896,0.001224435913215416,0.0
364,100,0,0,34.155967763563986,15.844032236436014,0.04280215776469021,5,36400,36400,1761,7044000.0,1.0,1.0,18.101462973138624,33.91090158068013,39.87125033278471,0.170293863659264,0.2469779784327631,0.0834307000041008,620,0.0,0.02046494980351099,0.019000000000004166,0.0019999999999966295,0.0013372079611784216,0.0
365,100,0,0,34.11277906319088,15.887220936809122,0.043188700373107736,5,36500,36500,1766,7064000.0,1.0,1.0,19.940503493532486,47.21058321759298,37.08952789061182,0.2449489742783178,0.25340822977844285,0.12463459999707993,620,0.0,0.020903197921192884,0.018999999999997706,0.002000000000010195,0.0012855024519069502,0.0
366,100,0,0,34.0694909092942,15.930509090705797,0.043288153896675396,5,36600,36600,1771,7084000.0,1.0,1.0,20.459084931514916,40.44967434231495,43.738053059767246,0.22135943621178655,0.27201140666748624,0.05077150000579422,620,0.0,0.020899909116593562,0.019000000000004166,0.002000000000003735,0.0013882447800739328,0.0
367,100,0,0,34.02546783187103,15.974532168128967,0.044023077423169354,5,36700,36700,1776,7104000.0,1.0,1.0,23.09122003558953,47.7672421054949,51.7114960753672,0.2073644135332772,0.29783735085130164,0.05689259999780916,620,0.0,0.02147919762355599,0.019000000000010623,0.001999999999990173,0.0015438797996125686,0.0
368,100,0,0,33.9824098233918,16.017590176608202,0.043058008479235355,5,36800,36800,1781,7124000.0,1.0,1.0,20.24052073447516,45.67735706746433,28.56268600218125,0.27202941017470883,0.2311725035399954,0.07463470000220696,620,0.0,0.02086826700630695,0.019000000000004166,0.0019999999999966295,0.001189741472927608,0.0
369,100,0,0,33.93903292457524,16.060967075424763,0.04337689881656104,5,36900,36900,1786,7144000.0,1.0,1.0,22.028978749968655,41.878979965069824,30.02956044134188,0.151657508881031,0.2215497565275913,0.039922500000102445,620,0.0,0.0211515962650779,0.018999999999997706,0.001999999999995984,0.0012253025514894489,0.0
370,100,0,0,33.89607903909077,16.103920960909228,0.042953885484465104,5,37000,37000,1791,7164000.0,1.0,1.0,18.413721036653346,33.94322981972949,42.012470624934096,0.2469817807045694,0.2664115301828287,0.09526880000339588,620,0.0,0.020579086905996746,0.018999999999997706,0.0020000000000030896,0.001374798578467562,0.0
371,100,0,0,33.85285129871306,16.147148701286937,0.04322774037770927,5,37100,37100,1796,7184000.0,1.0,1.0,19.500517284638505,40.58299993308165,47.26696181512583,0.2469817807045694,0.28567496732669384,0.04508620000706287,620,0.0,0.020775175887102648,0.018999999999997706,0.0020000000000030896,0.0014525644906058233,0.0
372,100,0,0,33.80686942000604,16.193130579993962,0.04598187870702475,2,37200,37200,1798,7192000.0,1.0,1.0,30.05145590701116,57.05462752768579,32.713839782353645,0.04,0.29234162064818936,0.12244080000527902,620,0.0,0.02389571249305078,0.01960000000000083,0.001999999999998569,0.0004861662139745704,0.0
373,100,0,0,33.763490394189375,16.236509605810625,0.04337902581666242,5,37300,37300,1803,7212000.0,1.0,1.0,20.692935308016544,50.1480959684368,41.760792420104984,0.20976176963403032,0.26522406147342104,0.05717770000046585,620,0.0,0.021015053984747567,0.019000000000004166,0.002000000000003735,0.0013639718319069516,0.0
374,100,0,0,33.719990846757895,16.280009153242105,0.04349954743148032,5,37400,37400,1808,7232000.0,1.0,1.0,21.373641913644263,42.128591274267144,44.7352377799523,0.18973665961010275,0.27329330525431994,0.05497969999851193,620,0.0,0.02104950906984726,0.018999999999997706,0.001999999999995984,0.001450038361639372,0.0
375,100,0,0,33.67600798004452,16.323992019955483,0.043982866713378144,5,37500,37500,1813,7252000.0,1.0,1.0,23.76577221500348,51.17268262234865,40.60111769770692,0.18973665961010275,0.26495709226429975,0.07766130000527482,620,0.0,0.021605788476492194,0.018999999999997706,0.001999999999995984,0.0013770782368922596,0.0
376,100,0,0,33.63267114080139,16.367328859198608,0.043336839243124814,5,37600,37600,1818,7272000.0,1.0,1.0,20.845824477604243,43.654668206523354,42.68270886046828,0.22583179581272428,0.27136383773266615,0.08112260000052629,620,0.0,0.020968497763178107,0.018999999999997706,0.0020000000000030896,0.0013683414799459115,0.0
377,100,0,0,33.58852941342516,16.411470586574843,0.04414172737623545,5,37700,37700,1823,7292000.0,1.0,1.0,23.714130464001766,48.44913004979104,48.643894806479445,0.1224744871391589,0.27674167506114133,0.06878880000294885,620,0.0,0.02164160360891998,0.018999999999997706,0.001999999999995984,0.0015001237673217815,0.0
378,100,0,0,33.544227460524056,16.455772539475944,0.04430195290110106,5,37800,37800,1828,7312000.0,1.0,1.0,24.468167317843633,57.21685754904761,43.208301396615596,0.14832396974191325,0.26505735904168226,0.04275400000187801,620,0.0,0.021897241342145435,0.019000000000004166,0.0019999999999966295,0.0014047115589548298,0.0
379,100,0,0,33.50029232024537,16.49970767975463,0.04393514027868406,5,37900,37900,1833,7332000.0,1.0,1.0,23.1294488988103,49.063682990352724,49.53318331952532,0.13784048752090222,0.2814972749026369,0.14595009999902686,620,0.0,0.021436886813688716,0.019000000000004166,0.0019999999999966295,0.0014982534649945478,0.0
380,100,0,0,33.456767419891314,16.543232580108686,0.04352490035405765,5,38000,38000,1838,7352000.0,1.0,1.0,22.06364133692632,56.52578489070232,30.791702002133842,0.13038404810405296,0.2209759502631939,0.05601820000447333,620,0.0,0.021318793064331487,0.019000000000004166,0.0019999999999966295,0.0012061072897253666,0.0
381,100,0,0,33.41330368124794,16.58669631875206,0.04346373864337494,5,38100,38100,1843,7372000.0,1.0,1.0,21.791478344283227,48.42557656878674,31.638725140502107,0.09486832980505137,0.21437938793476666,0.05957940000371309,620,0.0,0.021206561527279177,0.018999999999997706,0.0020000000000030896,0.0012571771160949652,0.0
382,100,0,0,33.36708976168117,16.63291023831883,0.04621391956676746,3,38200,38200,1846,7384000.0,1.0,1.0,32.2618280119747,62.38463157749325,11.198789880070969,0.05099019513592785,0.20990351778000324,0.08094279999932041,620,0.0,0.02419268684091236,0.01940000000000194,0.0019999999999979236,0.0006212327258552364,0.0
383,100,0,0,33.32370649156308,16.67629350843692,0.04338327011809184,5,38300,38300,1851,7404000.0,1.0,1.0,21.604352622287035,53.69588382109165,29.218367200868794,0.09486832980505137,0.20977807948526966,0.041016000002855435,620,0.0,0.021208237355956783,0.019000000000004166,0.0019999999999966295,0.0011750327621342649,0.0
384,100,0,0,33.28100621590478,16.71899378409522,0.042700275658297926,5,38400,38400,1856,7424000.0,1.0,1.0,17.37702059301337,40.02814440924319,38.79577059506808,0.16431676725154984,0.24141057310889671,0.09906320000300184,620,0.0,0.02038563624719103,0.018999999999997706,0.0020000000000030896,0.0013146394111061,0.0
385,100,0,0,33.23781907918386,16.762180920816142,0.043187136720924,5,38500,38500,1861,7444000.0,1.0,1.0,19.903674254243896,42.46233388016245,39.55076023933882,0.15811388300841897,0.2484091863384879,0.040439900003548246,620,0.0,0.02083880321637821,0.019000000000004166,0.0019999999999966295,0.0013483335045449962,0.0
386,100,0,0,33.19471810280021,16.80528189719979,0.043100976383648515,5,38600,38600,1866,7464000.0,1.0,1.0,19.122355710831762,46.14513746255741,40.06465861822257,0.27018512172212594,0.26525871951409813,0.15133760000026086,620,0.0,0.020737777330069207,0.018999999999997706,0.0020000000000030896,0.0013631990535785121,0.0
387,100,0,0,33.15067837033106,16.849321629668943,0.044039732469151716,5,38700,38700,1871,7484000.0,1.0,1.0,23.722651704732254,47.249316730281144,44.915746873008416,0.19235384061671346,0.27897460479198427,0.05229260000487557,620,0.0,0.021631846018919987,0.018999999999997706,0.0020000000000030896,0.001407886450230933,0.0
388,100,0,0,33.107672021495915,16.892327978504085,0.043006348835142205,5,38800,38800,1876,7504000.0,1.0,1.0,19.10983374303286,33.23285632770035,41.27985261596394,0.40987803063838396,0.29037721763049784,0.07724949999828823,620,0.0,0.020633785782266045,0.019000000000004166,0.0019999999999966295,0.001372563052875364,0.0
389,100,0,0,33.063064599797855,16.936935400202145,0.044607421698060534,5,38900,38900,1881,7524000.0,1.0,1.0,26.692660677734185,64.76271914724525,26.945675360405993,0.14491376746189438,0.22185746213845609,0.06286030000046594,620,0.0,0.022418206868408674,0.018999999999997706,0.0020000000000030896,0.001189214829651064,0.0
390,100,0,0,33.01990246969982,16.980097530300178,0.04316213009803249,5,39000,39000,1886,7544000.0,1.0,1.0,19.186760545950367,40.23918499263223,43.84147872055028,0.2949576240750525,0.28169042652595633,0.10075079999660375,620,0.0,0.020749844765951764,0.018999999999997706,0.001999999999995984,0.0014122853320870377,0.0
391,100,0,0,32.975767366594084,17.024232633405916,0.04413510310573798,5,39100,39100,1891,7564000.0,1.0,1.0,23.637482299695584,50.1480959684368,45.66368120629495,0.35213633723318016,0.302876415465032,0.035910899998270907,620,0.0,0.021695235516610012,0.018999999999997706,0.0020000000000030896,0.001439867589127175,0.0
392,100,0,0,32.932607685844395,17.067392314155605,0.04315968074968879,5,39200,39200,1896,7584000.0,1.0,1.0,20.269388719136717,36.73858614955544,34.980062481142014,0.3563705936241092,0.2649662315474143,0.1387386999995215,620,0.0,0.020877114452176215,0.018999999999997706,0.0020000000000030896,0.001282566297511778,0.0
393,100,0,0,32.8883856049872,17.1116143950128,0.04422208085719603,3,39300,39300,1899,7596000.0,1.0,1.0,23.363149392996224,53.30999658443986,32.34653633745107,0.061644140029689765,0.2600158552442523,0.056302799996046815,620,0.0,0.022095274350839134,0.01940000000000194,0.0019999999999979236,0.0007268065063570361,0.0
394,100,0,0,32.84394647159879,17.15605352840121,0.044439133388408436,5,39400,39400,1904,7616000.0,1.0,1.0,25.05602155878561,50.42076058388424,52.030155150088945,0.1414213562373095,0.293380562635036,0.06581439999717986,620,0.0,0.021887513959285343,0.018999999999997706,0.0020000000000030896,0.0015516194291222973,0.0
395,100,0,0,32.800969627541726,17.199030372458274,0.04297684405706548,5,39500,39500,1909,7636000.0,1.0,1.0,19.425717059465406,41.29267083972379,30.6503779969975,0.13784048752090222,0.21558496830702595,0.06303959999786457,620,0.0,0.020756746284924077,0.018999999999997706,0.0020000000000030896,0.0012200977721406048,0.0
396,100,0,0,32.75811122520627,17.24188877479373,0.04285840233545457,5,39600,39600,1914,7656000.0,1.0,1.0,18.707536402309486,37.172336036407394,35.58054968963416,0.20248456731316583,0.23942953193485036,0.11789889999636216,620,0.0,0.02058491783817118,0.018999999999997706,0.001999999999995984,0.0012734844972897008,0.0
397,100,0,0,32.715095077413956,17.284904922586044,0.043016147792314996,6,39700,39700,1920,7680000.0,1.0,1.0,19.56965232260569,42.688047642013885,42.32223923395283,0.12328828005937953,0.2708641256655939,0.04107859999930952,620,0.0,0.020576022260833327,0.018799999999998818,0.0020000000000024443,0.0016401255314804075,0.0
398,100,0,0,32.6715812340007,17.328418765999302,0.04351384341325826,5,39800,39800,1925,7700000.0,1.0,1.0,21.30709406273481,48.29305668591056,33.60386502197918,0.1673320053068151,0.23393802887919263,0.14371979999850737,620,0.0,0.021260969916092165,0.019000000000004166,0.0019999999999966295,0.0012528734971652966,0.0
399,100,0,0,32.62846787843459,17.37153212156541,0.04311335556610629,5,39900,39900,1930,7720000.0,1.0,1.0,19.773205688491224,43.47246996785355,33.370536322200635,0.1140175425099138,0.22186483742077134,0.05412340000475524,620,0.0,0.020857060950845607,0.018999999999997706,0.0020000000000030896,0.0012562946152598897,0.0
400,100,0,0,32.582183888437235,17.417816111562765,0.046283989997355945,2,40000,40000,1932,7728000.0,1.0,1.0,31.42376179235016,61.4582127084714,28.03922972135217,0.14,0.29511279501448273,0.08298649999778718,620,0.0,0.02421191262662603,0.01960000000000083,0.001999999999998569,0.00047207737073051703,0.0
401,100,0,0,32.53769529156512,17.46230470843488,0.04448859687211382,5,40100,40100,1937,7748000.0,1.0,1.0,25.84780188309381,53.67684101984767,42.386906030658615,0.16431676725154984,0.2712973939163553,0.049041300000681076,620,0.0,0.022117528862530378,0.019000000000004166,0.0019999999999966295,0.0013710680095826433,0.0
402,100,0,0,32.494344941087725,17.505655058912275,0.04335035047739666,5,40200,40200,1942,7768000.0,1.0,1.0,21.258710433181292,48.43756466504249,36.56621783506804,0.36193922141707713,0.27217384852289933,0.10987480000039795,620,0.0,0.021066736698131194,0.019000000000004166,0.0019999999999966295,0.0012836137792646696,0.0
403,100,0,0,32.451099831218514,17.548900168781486,0.04324510986921126,5,40300,40300,1947,7788000.0,1.0,1.0,20.992816107898786,45.67735706746433,26.68631395778142,0.22135943621178655,0.21958638032621958,0.05145510000147624,620,0.0,0.02108695570104402,0.018999999999997706,0.0020000000000030896,0.0011581541681664476,0.0
404,100,0,0,32.407439233218795,17.592560766781205,0.04366059799971822,4,40400,40400,1951,7804000.0,1.0,1.0,21.582685203180233,43.63277393411621,41.05333316618252,0.0848528137423857,0.26612753891334107,0.14609789999667555,620,0.0,0.021374238107114252,0.019200000000003055,0.001999999999997275,0.0010863598926036389,0.0
405,100,0,0,32.36380478554189,17.636195214458112,0.04363444767690794,5,40500,40500,1956,7824000.0,1.0,1.0,21.892546854483165,47.35430092932509,41.37141862550754,0.2073644135332772,0.26640889943827606,0.06004160000156844,620,0.0,0.021284661208596845,0.019000000000004166,0.0019999999999966295,0.001349786468310299,0.0
406,100,0,0,32.31980228659348,17.68019771340652,0.044002498948408686,5,40600,40600,1961,7844000.0,1.0,1.0,23.65752290554764,46.04016347107614,50.76268884697748,0.151657508881031,0.2916029511776626,0.07137909999437397,620,0.0,0.021485461287007013,0.018999999999997706,0.001999999999995984,0.0015170376614079828,0.0
407,100,0,0,32.275496103784086,17.724503896215914,0.044306182809393135,5,40700,40700,1966,7864000.0,1.0,1.0,24.36746364633275,45.90266174211773,54.18381632051317,0.06324555320336758,0.28701740576550994,0.061439199998858385,620,0.0,0.021714133793985013,0.019000000000004166,0.002000000000003735,0.001592049015400221,0.0
408,100,0,0,32.23123429566562,17.768765704334378,0.044261808118463364,5,40800,40800,1971,7884000.0,1.0,1.0,24.35703175141255,47.91294205338944,49.54028318633607,0.10488088481701516,0.2775731154243217,0.11140200000227196,620,0.0,0.02173693486006556,0.019000000000004166,0.0019999999999966295,0.0015248732583970082,0.0
409,100,0,0,32.18807558484307,17.81192441515693,0.04315871082255285,5,40900,40900,1976,7904000.0,1.0,1.0,20.119228122274215,46.080841037231934,30.908613426297375,0.10488088481701516,0.2141113406319569,0.07931810000445694,620,0.0,0.020914972402977128,0.018999999999997706,0.0020000000000030896,0.0012437384195749246,0.0
410,100,0,0,32.14435615495059,17.855643845049407,0.04371942989247657,4,41000,41000,1980,7920000.0,1.0,1.0,22.03299853738369,48.44913004979104,28.386408132087162,0.2383275057562597,0.2507171928059508,0.14120270000421442,620,0.0,0.02156498511440219,0.019200000000003055,0.001999999999997275,0.0009544447780740484,0.0
411,100,0,0,32.100635210039975,17.899364789960025,0.04372094491061773,4,41100,41100,1984,7936000.0,1.0,1.0,23.113114544610042,37.61772267289318,41.283587027746655,0.12328828005937952,0.27634168616661475,0.06058750000374857,620,0.0,0.021446196779535853,0.019200000000003055,0.0020000000000043802,0.0010747481310744433,0.0
412,100,0,0,32.056517940170785,17.943482059829215,0.04411726986919007,5,41200,41200,1989,7956000.0,1.0,1.0,23.79947472961794,52.81489320118752,30.92376437869651,0.3420526275297414,0.2585219084768813,0.061374199998681433,620,0.0,0.021905190488617166,0.018999999999997706,0.0020000000000030896,0.0012120793805721064,0.0
413,100,0,0,32.01291942028778,17.98708057971222,0.04359851988300534,5,41300,41300,1994,7976000.0,1.0,1.0,22.27088976828791,48.980883052519644,35.418569313930746,0.19235384061671346,0.24651158696907266,0.0634425000025658,620,0.0,0.021315268930074183,0.019000000000004166,0.0019999999999966295,0.0012832509529303593,0.0
414,100,0,0,31.969539904229155,18.030460095770845,0.043379516058625,5,41400,41400,1999,7996000.0,1.0,1.0,20.579901721720233,42.81002738707354,41.40858428816532,0.13784048752090222,0.24990059797112574,0.09037700000044424,620,0.0,0.021001540084245818,0.019000000000004166,0.0019999999999966295,0.001377975974378387,0.0
415,100,0,0,31.925129197617213,18.074870802382787,0.044410706611941464,4,41500,41500,2003,8012000.0,1.0,1.0,25.275322751739335,54.4719962420932,36.34468986659776,0.14966629547095767,0.26820979557793523,0.11941099999967264,620,0.0,0.022168329516830454,0.019199999999999825,0.002000000000000505,0.0010423770951106803,0.0
416,100,0,0,31.882256015608764,18.117743984391236,0.04287318200844936,5,41600,41600,2008,8032000.0,1.0,1.0,18.329045287386506,35.15130878624277,38.831643135872696,0.27202941017470883,0.259720040931596,0.05552280000119936,620,0.0,0.0205299764856548,0.018999999999997706,0.001999999999995984,0.0013432055228008721,0.0
417,100,0,0,31.838679566603023,18.161320433396977,0.04357644900574087,5,41700,41700,2013,8052000.0,1.0,1.0,22.11581273587732,46.39227090625187,29.856431797189565,0.08944271909999159,0.21056418244541453,0.03438620000088122,620,0.0,0.02132184051472663,0.018999999999997706,0.001999999999999537,0.0012546084910169952,0.0
418,100,0,0,31.79479304000924,18.20520695999076,0.043886526593784225,4,41800,41800,2017,8068000.0,1.0,1.0,22.773177868628853,51.31610385408795,28.825145021032057,0.04898979485566356,0.22453712619843993,0.04148999999597436,620,0.0,0.021743957003732106,0.019199999999999825,0.002000000000000505,0.0009425695900517894,0.0
419,100,0,0,31.75089481440074,18.24910518559926,0.043898225608497654,4,41900,41900,2021,8084000.0,1.0,1.0,22.97380432619526,50.25606537087422,38.84060708094638,0.14696938456699069,0.2716341185939235,0.07207890000427142,620,0.0,0.02163678184685125,0.019199999999999825,0.0020000000000040576,0.001061443761642522,0.0
420,100,0,0,31.70753734850408,18.29246265149592,0.043357465896662006,5,42000,42000,2026,8104000.0,1.0,1.0,21.847446093141997,40.89521992380656,34.93391120359694,0.09486832980505137,0.22868587508271526,0.04772969999612542,620,0.0,0.02108695655226711,0.019000000000000936,0.001999999999996307,0.0012705093443976523,0.0
421,100,0,0,31.664760788678855,18.335239211321145,0.042776559825224325,5,42100,42100,2031,8124000.0,1.0,1.0,17.90699105673075,37.172336036407394,37.09934190355815,0.151657508881031,0.23576867691817607,0.10562819999904605,620,0.0,0.020491999895440927,0.018999999999997706,0.0020000000000030896,0.0012845599297826027,0.0
422,100,0,0,31.62193770271145,18.37806229728855,0.042823085967405916,5,42200,42200,2036,8144000.0,1.0,1.0,17.67769893730035,38.28220263366901,40.350176153090935,0.2345207879911715,0.25789264836048326,0.19299560000217753,620,0.0,0.020473364661420135,0.018999999999997706,0.0020000000000030896,0.0013497213059849855,0.0
423,100,0,0,31.57864513931049,18.42135486068951,0.04329256340096066,5,42300,42300,2041,8164000.0,1.0,1.0,20.53752721614205,38.7288905651009,41.47590882232343,0.19235384061671346,0.261494043782887,0.0890161999996053,620,0.0,0.020937227512618506,0.019000000000000936,0.0019999999999998595,0.001355335888341358,0.0
424,100,0,0,31.53480170759441,18.46519829240559,0.043843431716076964,5,42400,42400,2046,8184000.0,1.0,1.0,24.053458802798694,47.0086790211082,34.23949897787419,0.08944271909999159,0.22753801495132903,0.09685460000036983,620,0.0,0.021571151060854277,0.019000000000000936,0.0019999999999998595,0.0012722806552218913,0.0
425,100,0,0,31.49152872939296,18.50847127060704,0.043272978201450485,5,42500,42500,2051,8204000.0,1.0,1.0,20.584390044843946,37.82301009325286,41.84785437481564,0.054772255750516606,0.2419303207797903,0.05024250000133179,620,0.0,0.02088618723953317,0.018999999999997706,0.0020000000000030896,0.0013867909619165175,0.0
426,100,0,0,31.44768293248028,18.55231706751972,0.04384579691268087,5,42600,42600,2056,8224000.0,1.0,1.0,22.469644058055348,42.82122691959061,47.52534526377837,0.08366600265340755,0.2690227902048574,0.11472080000385176,620,0.0,0.021370463376900517,0.018999999999997706,0.0020000000000030896,0.001475333535779555,0.0
427,100,0,0,31.40366960741125,18.59633039258875,0.044013325069030884,5,42700,42700,2061,8244000.0,1.0,1.0,23.3586448724179,55.07673015702348,44.67934275014675,0.09486832980505137,0.2635138733642271,0.03658480000012787,620,0.0,0.021597025169999284,0.019000000000000936,0.0020000000000034122,0.0014162998990272513,0.0
428,100,0,0,31.36039300618686,18.63960699381314,0.043276601224388145,5,42800,42800,2066,8264000.0,1.0,1.0,20.883769463339373,49.50190085411332,33.98313474368865,0.2607680962081059,0.24941664915147616,0.14475360000506043,620,0.0,0.02101852162334339,0.019000000000000936,0.0019999999999998595,0.0012580796010439599,0.0
429,100,0,0,31.316952368569346,18.683047631430654,0.04344063761751471,5,42900,42900,2071,8284000.0,1.0,1.0,21.1815087422586,49.51920731467058,30.996629885458994,0.07745966692414834,0.21329363756796832,0.028064300000551157,620,0.0,0.021217525485887734,0.019000000000004166,0.0019999999999966295,0.0012231121316261806,0.0
430,100,0,0,31.274011855844705,18.725988144155295,0.04294051272464117,5,43000,43000,2076,8304000.0,1.0,1.0,19.16143766846557,41.4683062603497,34.03457752392977,0.27202941017470883,0.24763288649596374,0.05958729999838397,620,0.0,0.020692242514158465,0.019000000000000936,0.0019999999999998595,0.0012482702104819055,0.0
431,100,0,0,31.229970334144863,18.770029665855137,0.044041521699842434,5,43100,43100,2081,8324000.0,1.0,1.0,23.853481664087308,44.50562719079747,50.80544788540399,0.07745966692414834,0.2788577193648972,0.010116800003743265,620,0.0,0.021519204450491713,0.018999999999997706,0.0020000000000030896,0.0015223172493499249,0.0
432,100,0,0,31.185799454600804,18.814200545399196,0.044170879544058295,4,43200,43200,2085,8340000.0,1.0,1.0,23.157351070725117,58.20327107483653,40.7190771561362,0.08944271909999159,0.2707384379472481,0.06361089999700198,620,0.0,0.021889381876217584,0.019200000000003055,0.0020000000000008275,0.0010814976678368282,0.0
433,100,0,0,31.140753418432034,18.859246581567966,0.04504603616877034,5,43300,43300,2090,8360000.0,1.0,1.0,27.737828818527824,50.40967245159191,50.294912076266314,0.24289915602982237,0.3106308514505449,0.03228980000130832,620,0.0,0.022521799860570013,0.019000000000000936,0.0020000000000034122,0.0015242363081959809,0.0
434,100,0,0,31.09612211192644,18.90387788807356,0.044631306505593216,5,43400,43400,2095,8380000.0,1.0,1.0,25.91373002897862,51.3003298450023,51.98194867480854,0.2549509756796392,0.3169049704341388,0.039489200004027225,620,0.0,0.02208782772340001,0.019000000000004166,0.002000000000000182,0.0015434787821888563,0.0
435,100,0,0,31.052007745447895,18.947992254552105,0.04411436647854572,4,43500,43500,2099,8396000.0,1.0,1.0,23.5615428592829,54.99195705766687,37.66812350435104,0.27712812921102037,0.29045432481907674,0.11054009999497794,620,0.0,0.021860346248612217,0.019200000000003055,0.001999999999997275,0.0010540202299331725,0.0
436,100,0,0,31.008544240088618,18.991455759911382,0.04346350535927712,5,43600,43600,2104,8416000.0,1.0,1.0,22.031163485563123,46.39227090625187,34.0491438667697,0.23874672772626643,0.24924692982636312,0.042535900000075344,620,0.0,0.02119532064416063,0.019000000000000936,0.0019999999999998595,0.0012681847151156944,0.0
437,100,0,0,30.961719417724765,19.038280582275235,0.04682482236385255,3,43700,43700,2107,8428000.0,1.0,1.0,33.343737588103174,75.29486671880929,44.03709837213608,0.16309506430300091,0.33044421335063895,0.1508553000021493,620,0.0,0.024570677797132845,0.01939999999999871,0.0020000000000011536,0.0008541445667198388,0.0
438,100,0,0,30.918572107148847,19.081427892851153,0.04314731057591814,5,43800,43800,2112,8448000.0,1.0,1.0,19.795333512221944,46.1199690550455,29.324356044706967,0.09486832980505137,0.20843034550809428,0.0648843000017223,620,0.0,0.020934571869410945,0.018999999999997706,0.0020000000000030896,0.0012127387065064,0.0
439,100,0,0,30.875683128804102,19.124316871195898,0.042888978344745254,5,43900,43900,2117,8468000.0,1.0,1.0,18.804807882837974,40.34617808088855,33.8216948257237,0.151657508881031,0.22903022947044613,0.05427869999402901,620,0.0,0.02062320209047286,0.018999999999997706,0.0020000000000030896,0.0012657762542716,0.0
440,100,0,0,30.832721373127068,19.167278626872932,0.042961755677033864,5,44000,44000,2122,8488000.0,1.0,1.0,18.808795790759216,43.28684886553131,39.33402820222906,0.1140175425099138,0.24112929198033162,0.03719529999943916,620,0.0,0.02062787960933221,0.019000000000000936,0.001999999999996307,0.0013338760677044093,0.0
441,100,0,0,30.78967680231329,19.21032319768671,0.04304457081377677,5,44100,44100,2127,8508000.0,1.0,1.0,18.92153129146873,43.47246996785355,38.261174274369104,0.1224744871391589,0.23926642201764084,0.01731590000417782,620,0.0,0.020712607486260026,0.018999999999997706,0.001999999999995984,0.0013319633275230558,0.0
442,100,0,0,30.746145135729325,19.253854864270675,0.043531666583966455,5,44200,44200,2132,8528000.0,1.0,1.0,22.05097406538212,50.09917332998639,34.37343764908732,0.2280350850198276,0.24956317651939694,0.011520400003064424,620,0.0,0.021262931436648813,0.019000000000004166,0.002000000000000182,0.0012687351473132935,0.0
443,100,0,0,30.703276768944093,19.296723231055907,0.04286836678523187,5,44300,44300,2137,8548000.0,1.0,1.0,18.007429067519563,45.777107633903455,38.892192597684186,0.2449489742783178,0.2576704185474804,0.12077359999966575,620,0.0,0.02054651363000204,0.018999999999997706,0.001999999999999537,0.0013218531552325885,0.0
444,100,0,0,30.659858725019667,19.340141274980333,0.04341804392442583,5,44400,44400,2142,8568000.0,1.0,1.0,22.12235314612803,48.52930215067639,23.748492141801723,0.10488088481701516,0.1976871563799446,0.05382570000074338,620,0.0,0.02128834223865894,0.019000000000000936,0.001999999999996307,0.0011297016857696462,0.0
445,100,0,0,30.616620689075255,19.383379310924745,0.043238035944412445,5,44500,44500,2147,8588000.0,1.0,1.0,21.457678352876147,45.67735706746433,25.13591058216904,0.29154759474226505,0.22858333283608157,0.12735760000214214,620,0.0,0.02109589501849385,0.019000000000000936,0.0019999999999998595,0.0011421409259178006,0.0
446,100,0,0,30.573591676112652,19.426408323887348,0.04302901296260231,5,44600,44600,2152,8608000.0,1.0,1.0,19.613915396911995,44.25060574810616,32.5326969076189,0.19235384061671346,0.2333666589407099,0.0506937999962247,620,0.0,0.02079976621083901,0.019000000000004166,0.0019999999999966295,0.0012292467517625028,0.0
447,100,0,0,30.530131199436607,19.469868800563393,0.0434604766760458,5,44700,44700,2157,8628000.0,1.0,1.0,21.609219588586978,51.60025294176729,29.996659752959157,0.18973665961010275,0.22944524048721193,0.050333799998043105,620,0.0,0.02124487512315909,0.019000000000000936,0.0019999999999998595,0.0012156015528859143,0.0
448,100,0,0,30.487011036991774,19.512988963008226,0.043120162444832744,5,44800,44800,2162,8648000.0,1.0,1.0,19.887457995533204,43.447960757646946,32.90029741762883,0.17606816861659008,0.23284135094699387,0.02321720000327332,620,0.0,0.020879635396209295,0.018999999999997706,0.001999999999999537,0.0012405270486262054,0.0
449,100,0,0,30.443071843604983,19.556928156395017,0.043939193386790976,4,44900,44900,2166,8664000.0,1.0,1.0,22.507702472039117,46.14513746255741,43.584237850925504,0.12328828005937952,0.2849742108550663,0.07898720000230242,620,0.0,0.02162927202037679,0.019199999999999825,0.002000000000000505,0.0011099213664138574,0.0
450,100,0,0,30.399982162012556,19.600017837987444,0.0430896815924271,5,45000,45000,2171,8684000.0,1.0,1.0,19.537565586524256,43.37248617337165,41.1977277701762,0.3591656999213594,0.2860429576088803,0.03377819999877829,620,0.0,0.020740389076770782,0.019000000000004166,0.0019999999999966295,0.0013492925156555202,0.0
451,100,0,0,30.355767738131668,19.644232261868332,0.04421442388088792,4,45100,45100,2175,8700000.0,1.0,1.0,24.82801084393607,43.447960757646946,45.07011806499704,0.07483314773547883,0.2876284309657391,0.1079198000006727,620,0.0,0.021889303965870965,0.019199999999999825,0.002000000000000505,0.0011251199150166258,0.0
452,100,0,0,30.312428657102224,19.687571342897776,0.04333908102944406,5,45200,45200,2180,8720000.0,1.0,1.0,20.15333166791744,42.80881108257635,44.22542903283913,0.27748873851023215,0.2843233071624548,0.1288178999966476,620,0.0,0.020922977638321072,0.018999999999997706,0.001999999999999537,0.0014161033911257448,0.0
453,100,0,0,30.267760792882676,19.732239207117324,0.04466786421954794,4,45300,45300,2184,8736000.0,1.0,1.0,25.95886764204452,54.4719962420932,45.87579735483229,0.11661903789690602,0.29933272602592437,0.05834309999772813,620,0.0,0.022328030037289892,0.019200000000003055,0.001999999999997275,0.0011398341822577152,0.0
454,100,0,0,30.22368684815614,19.77631315184386,0.044073944726534364,5,45400,45400,2189,8756000.0,1.0,1.0,23.41892582597594,48.18768123988309,50.45887953747061,0.1224744871391589,0.28397243932152877,0.12960830000520218,620,0.0,0.02155009956023335,0.018999999999997706,0.001999999999995984,0.001523845166307325,0.0
455,100,0,0,30.17993377442356,19.82006622557644,0.04375307373258153,5,45500,45500,2194,8776000.0,1.0,1.0,22.440007410103483,46.56183655042357,43.71951956657528,0.303315017762062,0.2924957264108258,0.07837260000087554,620,0.0,0.021332997157635702,0.019000000000000936,0.0019999999999998595,0.0014200765749450284,0.0
456,100,0,0,30.136824177249068,19.863175822750932,0.043109597174492365,5,45600,45600,2199,8796000.0,1.0,1.0,20.228550997213468,42.17883189331137,37.50444147071885,0.08366600265340755,0.23521293486988828,0.12487590000091586,620,0.0,0.020794774148615858,0.018999999999997706,0.0020000000000030896,0.001314823025875711,0.0
457,100,0,0,30.09320857547315,19.90679142452685,0.04361560177591883,5,45700,45700,2204,8816000.0,1.0,1.0,22.282721280006406,47.151861302736926,27.418384456261208,0.1414213562373095,0.21665176993545882,0.12307500000315486,620,0.0,0.021424483851795628,0.019000000000004166,0.0019999999999966295,0.001191117924122409,0.0
458,100,0,0,30.04984907035762,19.95015092964238,0.04335950511552866,5,45800,45800,2209,8836000.0,1.0,1.0,20.881694177458407,43.28684886553131,36.88712109864382,0.03162277660168379,0.2271817084422921,0.060340000003634486,620,0.0,0.021060045231426017,0.018999999999997706,0.0020000000000030896,0.00129945988410185,0.0
459,100,0,0,30.006450525225013,19.993549474774987,0.043398545132607325,5,45900,45900,2214,8856000.0,1.0,1.0,21.55630796059979,41.29267083972379,39.36291026065702,0.1140175425099138,0.24588923339155214,0.05697639999561943,620,0.0,0.021036470477636016,0.019000000000004166,0.0019999999999966295,0.0013620746549705132,0.0
460,100,0,0,29.96339430374925,20.03660569625075,0.04305622147576216,5,46000,46000,2219,8876000.0,1.0,1.0,19.52136253032296,48.845366631445565,34.4595066739229,0.3507135583350037,0.2645815805527702,0.04712730000028387,620,0.0,0.02081207747146152,0.019000000000000936,0.001999999999996307,0.0012441440043033936,0.0
461,100,0,0,29.91891912675791,20.08108087324209,0.04447517699134096,4,46100,46100,2223,8892000.0,1.0,1.0,25.955778366728712,50.468042265999316,27.859168654152818,0.13564659966250536,0.24564148588696771,0.063195499998983,620,0.0,0.022326919908273624,0.019200000000003055,0.001999999999997275,0.0009482570830670056,0.0
462,100,0,0,29.875664194300853,20.124335805699147,0.04325493245705658,5,46200,46200,2228,8912000.0,1.0,1.0,20.283858285422063,48.52930215067639,30.038676948252863,0.21213203435596423,0.2316070185535157,0.10474869999598013,620,0.0,0.0210385837890108,0.018999999999997706,0.001999999999999537,0.0012163486680485391,0.0
463,100,0,0,29.832376756895815,20.167623243104185,0.04328743740503782,5,46300,46300,2233,8932000.0,1.0,1.0,21.116134248293356,40.89521992380656,34.10901917501428,0.23874672772626643,0.2503338297818403,0.041832099996099714,620,0.0,0.021003756556975617,0.018999999999997706,0.001999999999999537,0.0012836808480649609,0.0
464,100,0,0,29.78930451564178,20.21069548435822,0.04307224125403408,5,46400,46400,2238,8952000.0,1.0,1.0,18.96493685155987,51.02532251894374,37.76799191273183,0.170293863659264,0.2464793897610593,0.14790830000129063,620,0.0,0.02074155100506303,0.018999999999997706,0.0020000000000030896,0.0013306902489702566,0.0
465,100,0,0,29.745819697974575,20.254180302025425,0.043484817667206244,5,46500,46500,2243,8972000.0,1.0,1.0,21.174153694244485,46.56183655042357,39.58805803467036,0.36606010435446257,0.28716190909198236,0.056406600000627805,620,0.0,0.02113792189952335,0.019000000000000936,0.0019999999999998595,0.0013468957676820992,0.0
466,100,0,0,29.702040509243623,20.297959490756377,0.043779188730951546,5,46600,46600,2248,8992000.0,1.0,1.0,23.0480556829193,46.27278594548687,36.204847223739584,0.30166206257996714,0.27078529097366044,0.06047099999705097,620,0.0,0.02147066872702652,0.018999999999997706,0.0020000000000030896,0.0013085200039242295,0.0
467,100,0,0,29.658173299763455,20.341826700236545,0.04386720948016887,5,46700,46700,2253,9012000.0,1.0,1.0,22.877492087997666,51.60025294176729,42.341248520690236,0.16431676725154984,0.26961169119804146,0.08481539999775123,620,0.0,0.0214888095593615,0.019000000000000936,0.0019999999999998595,0.0013783999208065723,0.0
468,100,0,0,29.614479634872215,20.385520365127785,0.04369366489124005,5,46800,46800,2258,9032000.0,1.0,1.0,22.457191305552797,42.784237547814605,42.35778806665725,0.29154759474226505,0.2874117752575969,0.16449189999548253,620,0.0,0.021303676920329195,0.019000000000000936,0.0019999999999998595,0.001389987970910056,0.0
469,100,0,0,29.57004741419441,20.42995258580559,0.04443222067780539,5,46900,46900,2263,9052000.0,1.0,1.0,24.89305307097986,46.40529726611344,50.22552520389274,0.161245154965971,0.2951914517145712,0.13438929999392712,620,0.0,0.0219080041955948,0.018999999999997706,0.0020000000000030896,0.0015242164822097948,0.0
470,100,0,0,29.526708087673214,20.473291912326786,0.04333932652119543,5,47000,47000,2268,9072000.0,1.0,1.0,20.509146847858656,47.0086790211082,38.14891336453597,0.2664582518894846,0.2665634688933747,0.062051000000792556,620,0.0,0.02101195131170286,0.019000000000000936,0.0019999999999998595,0.0013273752094917768,0.0
471,100,0,0,29.479996731723,20.520003268277,0.04671135595021525,2,47100,47100,2270,9080000.0,1.0,1.0,32.29823925895263,66.3001772079934,24.67075874481273,0.16,0.2950586276686456,0.06042449999949895,620,0.0,0.02465817924269942,0.01960000000000083,0.001999999999998569,0.0004531767075164339,0.0
472,100,0,0,29.436237298920116,20.563762701079884,0.04375943280288297,5,47200,47200,2275,9100000.0,1.0,1.0,22.93033787919423,45.72776962390421,41.43980465521389,0.10954451150103321,0.2593628158253645,0.08225859999947716,620,0.0,0.021393810312744677,0.019000000000004166,0.002000000000000182,0.0013656224901339442,0.0
473,100,0,0,29.3934958688254,20.6065041311746,0.04274143009471487,5,47300,47300,2280,9120000.0,1.0,1.0,17.822304516322077,38.042176100122504,31.958052351781294,0.17320508075688773,0.2275837735685049,0.04725950000283774,620,0.0,0.020519393508749317,0.018999999999997706,0.001999999999999537,0.0012220365859683113,0.0
474,100,0,0,29.35067612533043,20.64932387466957,0.0428197434949702,5,47400,47400,2285,9140000.0,1.0,1.0,18.42332823252906,37.70270280217066,37.050794693608005,0.21447610589527216,0.2513177791548907,0.10576980000041658,620,0.0,0.020518688158560394,0.019000000000000936,0.0019999999999998595,0.0013010553364090072,0.0
475,100,0,0,29.3077831324719,20.6922168675281,0.042892992858529766,5,47500,47500,2290,9160000.0,1.0,1.0,18.542018502523902,38.392430080398945,38.54312405052798,0.15811388300841897,0.24808802217578987,0.04314509999676375,620,0.0,0.02057557579394853,0.018999999999997706,0.001999999999999537,0.0013174170645839922,0.0
476,100,0,0,29.26411208840873,20.73588791159127,0.04367104406317068,5,47600,47600,2295,9180000.0,1.0,1.0,22.318123418955935,40.00643707537882,47.61645291857347,0.1341640786499874,0.2795853034126972,0.1837228000003961,620,0.0,0.021207687467349245,0.019000000000000936,0.001999999999996307,0.0014633565958241945,0.0
477,100,0,0,29.221253252928435,20.778746747071565,0.042858835480295454,5,47700,47700,2300,9200000.0,1.0,1.0,18.45491510530231,42.17883189331137,37.86629568142446,0.14832396974191325,0.24445245984111819,0.08834780000324827,620,0.0,0.020564505078880302,0.019000000000004166,0.0019999999999966295,0.0012943304014143564,0.0
478,100,0,0,29.17715679642797,20.82284320357203,0.044096456500465564,5,47800,47800,2305,9220000.0,1.0,1.0,24.722519561180476,54.64305952778754,21.366326963879413,0.16431676725154984,0.2082999925102415,0.050781400001142174,620,0.0,0.021959227925133717,0.018999999999997706,0.0020000000000030896,0.0011372285753310507,0.0
479,100,0,0,29.134475481108375,20.865524518891625,0.042681315319594404,5,47900,47900,2310,9240000.0,1.0,1.0,17.688125717220107,36.351270229031385,36.43375420006167,0.17888543819998318,0.24284619708054653,0.11773900000116555,620,0.0,0.020398551780608898,0.018999999999997706,0.0020000000000030896,0.0012827635389847103,0.0
480,100,0,0,29.091279893874955,20.908720106125045,0.043195587233419985,5,48000,48000,2315,9260000.0,1.0,1.0,20.04994219876845,45.72776962390421,36.67994014373179,0.14832396974191325,0.2444023552318495,0.045883700004196726,620,0.0,0.020904509925575354,0.019000000000000936,0.0019999999999998595,0.0012910773078438353,0.0
481,100,0,0,29.04817733139959,20.95182266860041,0.04310256247536515,5,48100,48100,2320,9280000.0,1.0,1.0,19.763630179160174,42.31951456766879,35.59401783957171,0.16431676725154984,0.24271563230261223,0.14301079999859212,620,0.0,0.020824412930725344,0.019000000000004166,0.0019999999999966295,0.0012781495446390068,0.0
482,100,0,0,29.00499199444974,20.99500800555026,0.043185336949850495,5,48200,48200,2325,9300000.0,1.0,1.0,19.421139682581966,36.686547609141414,45.601861848240425,0.216794833886788,0.2818918181284301,0.05887590000202181,620,0.0,0.02076397795994822,0.019000000000000936,0.0019999999999998595,0.0014213589899014778,0.0
483,100,0,0,28.962183644989917,21.037816355010083,0.042808349459821926,5,48300,48300,2330,9320000.0,1.0,1.0,18.029377172375703,40.14347498522288,36.66052393502309,0.21908902300206642,0.2508378738611129,0.07278840000071796,620,0.0,0.020502110258870943,0.018999999999997706,0.0020000000000030896,0.0013062392009501878,0.0
484,100,0,0,28.917972535126406,21.082027464873594,0.044211109863510956,5,48400,48400,2335,9340000.0,1.0,1.0,23.811444479717302,46.14513746255741,51.21532818797853,0.18708286933869706,0.3046065098639092,0.06763010000577196,620,0.0,0.021680778678902612,0.018999999999997706,0.0020000000000030896,0.0015303311846075474,0.0
485,100,0,0,28.872484408062245,21.127515591937755,0.04548812706416072,3,48500,48500,2338,9352000.0,1.0,1.0,28.362112686298058,59.20641591058751,45.44090834756838,0.03741657386773941,0.3150468252001307,0.10263980000308948,620,0.0,0.023233885936573273,0.01939999999999871,0.0020000000000047063,0.0008542411275840323,0.0
486,100,0,0,28.82789079648495,21.17210920351505,0.04459361157729447,5,48600,48600,2343,9372000.0,1.0,1.0,25.040718459134112,65.30302594348217,40.65047359303959,0.170293863659264,0.2722403127070494,0.054534199996851385,620,0.0,0.022244256359609693,0.018999999999997706,0.001999999999995984,0.001349355217691084,0.0
487,100,0,0,28.783428980002103,21.216571019997897,0.04446181648284764,5,48700,48700,2348,9392000.0,1.0,1.0,25.111524920349986,58.84740922283555,38.352884503943564,0.23021728866442676,0.2740882502726925,0.13701750000473112,620,0.0,0.022152509047291602,0.018999999999997706,0.001999999999999537,0.001309307435558793,0.0
488,100,0,0,28.739658832828706,21.260341167171294,0.043770147173397334,5,48800,48800,2353,9412000.0,1.0,1.0,23.587342249697308,51.37805873194581,23.928808265847845,0.19235384061671346,0.21873493501374697,0.0647363000025507,620,0.0,0.021599040036562656,0.018999999999997706,0.001999999999999537,0.0011711071368374348,0.0
489,100,0,0,28.696425062433274,21.303574937566726,0.04323377039543175,5,48900,48900,2358,9432000.0,1.0,1.0,20.208594343861357,48.44913004979104,29.857521483290622,0.19748417658131498,0.2315088282307314,0.05785199999809265,620,0.0,0.021037838123799446,0.019000000000000936,0.001999999999996307,0.0011959322716350584,0.0
490,100,0,0,28.653478942071665,21.346521057928335,0.042946120361609275,5,49000,49000,2363,9452000.0,1.0,1.0,18.90481974714104,36.88109692299005,38.32565902862723,0.15491933384829668,0.2492401585453867,0.10733069999696454,620,0.0,0.020616146123092705,0.019000000000000936,0.0019999999999998595,0.0013299742385157742,0.0
491,100,0,0,28.61030559149168,21.38969440850832,0.04317335057998406,5,49100,49100,2368,9472000.0,1.0,1.0,19.544708879201085,44.73917614674445,43.591874553802924,0.2,0.27113323897245056,0.10295319999568164,620,0.0,0.02077003709642611,0.019000000000000936,0.0019999999999998595,0.001403313483557156,0.0
492,100,0,0,28.566885484848427,21.433114515151573,0.043420106643253575,5,49200,49200,2373,9492000.0,1.0,1.0,21.414725783195035,36.73858614955544,40.35973365303386,0.19235384061671346,0.2662804320071549,0.04649290000088513,620,0.0,0.021044626758328633,0.019000000000000936,0.0020000000000034122,0.001375479884920594,0.0
493,100,0,0,28.523618786133284,21.476381213866716,0.04326669871514355,5,49300,49300,2378,9512000.0,1.0,1.0,20.75438753628998,41.09969836081372,39.875418225925124,0.3361547262794322,0.28277883698192763,0.14200300000084098,620,0.0,0.020917788821090966,0.019000000000000936,0.001999999999996307,0.001348909894055339,0.0
494,100,0,0,28.479755163968107,21.520244836031893,0.04386362216517625,5,49400,49400,2383,9532000.0,1.0,1.0,22.742915024500313,62.946926415962764,29.0231963096036,0.19493588689617927,0.23471078237563153,0.0558556000032695,620,0.0,0.021638701366434532,0.019000000000000936,0.0019999999999998595,0.001224920798740925,0.0
495,100,0,0,28.43557254283887,21.56442745716113,0.04418262112923799,5,49500,49500,2388,9552000.0,1.0,1.0,24.187770373484046,48.44913004979104,48.630158803811426,0.13038404810405296,0.285069792413264,0.05490589999681106,620,0.0,0.021695450831181518,0.018999999999997706,0.0020000000000030896,0.0014871702980556734,0.0
496,100,0,0,28.392706139492415,21.607293860507585,0.04286640334645497,5,49600,49600,2393,9572000.0,1.0,1.0,18.328769027797385,43.37248617337165,38.83727907893112,0.23021728866442676,0.26011115361282056,0.08314980000432115,620,0.0,0.020534123433908036,0.018999999999997706,0.001999999999995984,0.001332279912553247,0.0
497,100,0,0,28.349693460294443,21.650306539705557,0.04301267919797169,5,49700,49700,2398,9592000.0,1.0,1.0,19.783343293195472,41.29267083972379,31.45555481472535,0.1673320053068151,0.23041258192247316,0.04052959999535233,620,0.0,0.020792590779961984,0.018999999999997706,0.0020000000000030896,0.0012200884180089133,0.0
498,100,0,0,28.306433849180074,21.693566150819926,0.04325961111436882,5,49800,49800,2403,9612000.0,1.0,1.0,20.304778248850965,50.40967245159191,35.75592436503,0.27748873851023215,0.2618945726693158,0.11067940000066301,620,0.0,0.020986495781876613,0.019000000000000936,0.0019999999999998595,0.0012731153324914146,0.0
499,100,0,0,28.263571863646632,21.736428136353368,0.04286198553344178,5,49900,49900,2408,9632000.0,1.0,1.0,18.929744876570723,43.28684886553131,32.5689407333314,0.13784048752090222,0.2278186568358686,0.12609669999801554,620,0.0,0.020637573005377163,0.018999999999997706,0.0020000000000030896,0.001224412528063823,0.0
500,100,0,0,28.219625932753207,21.780374067246793,0.043945930893425356,4,50000,50000,2412,9648000.0,1.0,1.0,22.592052728895712,52.633160815678785,32.500137206662664,0.04898979485566356,0.24262508452111503,0.06356550000054995,620,0.0,0.02174336148650724,0.019199999999999825,0.002000000000000505,0.001002569406917786,0.0
501,100,0,0,28.176382923200453,21.823617076799547,0.04324300955275362,5,50100,50100,2417,9668000.0,1.0,1.0,20.16956199688699,42.095136875154836,43.47051820113645,0.216794833886788,0.2766969526005504,0.05415280000306666,620,0.0,0.02085239592865662,0.019000000000004166,0.0019999999999966295,0.0013906136240962041,0.0
502,100,0,0,28.13243937255163,21.86756062744837,0.04394355064882305,5,50200,50200,2422,9688000.0,1.0,1.0,22.77261970943363,44.9601086963379,45.87037275659595,0.15811388300841897,0.2797781147920163,0.06779110000206856,620,0.0,0.021501725586027476,0.018999999999997706,0.001999999999999537,0.0014418250627983298,0.0
503,100,0,0,28.08936126089652,21.91063873910348,0.04307811165510955,5,50300,50300,2427,9708000.0,1.0,1.0,19.44286200863061,36.0095692137346,41.58297957182988,0.2588435821108957,0.2760241678919243,0.089774000000034,620,0.0,0.020700433120488526,0.018999999999997706,0.0020000000000030896,0.0013776785346202303,0.0
504,100,0,0,28.0458351414577,21.9541648585423,0.04352611943881968,5,50400,50400,2432,9728000.0,1.0,1.0,22.42136572167143,48.52930215067639,29.442417411453516,0.2607680962081059,0.2444819842280515,0.09394279999833088,620,0.0,0.021312626877612928,0.019000000000000936,0.0019999999999998595,0.0012134925612059533,0.0
505,100,0,0,28.00300780273666,21.99699219726334,0.04282733872103961,5,50500,50500,2437,9748000.0,1.0,1.0,18.559739187908555,41.51740752295253,36.25225849418492,0.37682887362833545,0.2752125469732081,0.052042099996469915,620,0.0,0.020549673423914783,0.018999999999997706,0.0020000000000030896,0.001277665297124031,0.0
506,100,0,0,27.959391842337073,22.040608157662927,0.04361596039958826,5,50600,50600,2442,9768000.0,1.0,1.0,21.289731075050458,41.840556796342774,45.082831398335664,0.27018512172212594,0.2896187864845571,0.16495250000298256,620,0.0,0.021162928127179015,0.018999999999997706,0.0020000000000030896,0.00145303227240845,0.0
507,100,0,0,27.916295138335077,22.083704861664923,0.0430967040019965,5,50700,50700,2447,9788000.0,1.0,1.0,19.684873998643475,42.00195722031378,36.87150884335887,0.29832867780352595,0.2679560231792346,0.05786289999377914,620,0.0,0.020781961857210263,0.019000000000000936,0.001999999999996307,0.001314742144788994,0.0
508,100,0,0,27.872907027787065,22.127092972212935,0.04338811054801184,5,50800,50800,2452,9808000.0,1.0,1.0,20.989336385552857,40.22890490042217,41.61311444371554,0.216794833886788,0.27381484442014004,0.05707059999986086,620,0.0,0.021031844078525097,0.019000000000004166,0.002000000000000182,0.0013562664694823923,0.0
509,100,0,0,27.82920227252582,22.17079772747418,0.04370475526124551,5,50900,50900,2457,9828000.0,1.0,1.0,21.855175936510605,50.09917332998639,43.453505804380775,0.1414213562373095,0.27037843447242416,0.0749467999994522,620,0.0,0.02131168237734471,0.018999999999997706,0.0020000000000030896,0.001393072883900004,0.0
510,100,0,0,27.78542274251039,22.21457725748961,0.04377953001542778,5,51000,51000,2462,9848000.0,1.0,1.0,22.378789737534053,44.036003661088,47.54189640052285,0.2810693864511039,0.30250720754879745,0.03874279999581631,620,0.0,0.021297826798736708,0.019000000000000936,0.0019999999999998595,0.0014817032166902777,0.0
511,100,0,0,27.742128360277494,22.257871639722506,0.04329438223289728,5,51100,51100,2467,9868000.0,1.0,1.0,20.327768807481775,43.447960757646946,39.89716644542578,0.13038404810405296,0.2540510662780317,0.11155069999949774,620,0.0,0.020930816420570153,0.019000000000004166,0.002000000000000182,0.0013635658123227756,0.0
512,100,0,0,27.698639757264722,22.301360242735278,0.04348860301277213,5,51200,51200,2472,9888000.0,1.0,1.0,21.791996929431882,42.688047642013885,41.65311738223661,0.21908902300206642,0.2765833429958396,0.12257880000106525,620,0.0,0.021105705800721353,0.018999999999997706,0.0020000000000030896,0.0013828972120499827,0.0
513,100,0,0,27.6545953443219,22.3454046556781,0.0440444129428208,5,51300,51300,2477,9908000.0,1.0,1.0,23.695696632669325,53.02210208101136,41.718482972588006,0.14832396974191325,0.2649734479208748,0.067308800003957,620,0.0,0.0216545315911425,0.019000000000000936,0.0019999999999998595,0.0013898813516775022,0.0
514,100,0,0,27.61148387142966,22.38851612857034,0.043111472892242375,5,51400,51400,2482,9928000.0,1.0,1.0,20.589467039888437,47.7672421054949,31.0556213190971,0.13784048752090222,0.22666442383205904,0.05576429999928223,620,0.0,0.020900595900808838,0.019000000000000936,0.001999999999996307,0.0012108769914362938,0.0
515,100,0,0,27.568096719976687,22.431903280023313,0.043387151452972006,5,51500,51500,2487,9948000.0,1.0,1.0,21.35440885636678,38.391156407183274,39.55307232820191,0.18165902124584948,0.2588601565744397,0.08555329999944661,620,0.0,0.021015618857276763,0.018999999999997706,0.001999999999999537,0.0013715325956979996,0.0
516,100,0,0,27.525152037006162,22.474847962993838,0.042944682970524894,5,51600,51600,2492,9968000.0,1.0,1.0,18.775479601578756,34.59181431125041,39.69544170058585,0.2449489742783178,0.2666002113915349,0.06129920000239508,620,0.0,0.020604950166887903,0.018999999999997706,0.0020000000000030896,0.0013397328036361955,0.0
517,100,0,0,27.48104386726932,22.51895613273068,0.04410816973684106,5,51700,51700,2497,9988000.0,1.0,1.0,23.74687391874452,45.67735706746433,52.339807133711176,0.10954451150103321,0.2944832649546705,0.09808519999933196,620,0.0,0.02155501961418338,0.019000000000000936,0.001999999999996307,0.0015531501226604405,0.0
518,100,0,0,27.43802251639911,22.56197748360089,0.043021350870212416,5,51800,51800,2502,10008000.0,1.0,1.0,19.660334840052506,44.73917614674445,31.84643135599931,0.2280350850198276,0.24110383603480406,0.051732300002186093,620,0.0,0.02080449180048305,0.018999999999997706,0.0020000000000030896,0.0012168590697285708,0.0
519,100,0,0,27.39435062480026,22.60564937519974,0.04367189159884788,5,51900,51900,2507,10028000.0,1.0,1.0,22.582045336968513,43.45050539050771,41.67321190252877,0.044721359549995794,0.2488838114530028,0.13251170000148704,620,0.0,0.02129571337523828,0.019000000000004166,0.0019999999999966295,0.0013761782236088038,0.0
520,100,0,0,27.351270131749164,22.648729868250836,0.043080493051096624,5,52000,52000,2512,10048000.0,1.0,1.0,20.292803479052672,43.71925873217579,32.67694750822383,0.054772255750516606,0.21944703331896032,0.05365359999996144,620,0.0,0.02085049633981484,0.019000000000004166,0.0019999999999966295,0.0012299967112809895,0.0
521,100,0,0,27.30797806484151,22.69202193515849,0.04329206690765375,5,52100,52100,2517,10068000.0,1.0,1.0,20.550957009678847,51.52142531951748,28.14811870462922,0.20248456731316583,0.22794004502360976,0.05747840000549331,620,0.0,0.02109659528371921,0.019000000000000936,0.0019999999999998595,0.0011954716239337415,0.0
522,100,0,0,27.265134825346593,22.734865174653407,0.04284323949491764,5,52200,52200,2522,10088000.0,1.0,1.0,18.028645600116818,44.044313623035606,38.58266849354491,0.19748417658131498,0.2548290217044831,0.08254460000171093,620,0.0,0.020542587564552406,0.018999999999997706,0.001999999999995984,0.0013006519303715436,0.0
523,100,0,0,27.221887502085107,22.778112497914893,0.04324732326148606,5,52300,52300,2527,10108000.0,1.0,1.0,20.199618396066718,40.89521992380656,44.800427064148636,0.2810693864511039,0.2920272195366319,0.04842310000094585,620,0.0,0.020839652292981015,0.019000000000000936,0.001999999999996307,0.0014076709685078015,0.0
524,100,0,0,27.177966941398964,22.822033058601036,0.04392056068614281,5,52400,52400,2532,10128000.0,1.0,1.0,23.153366149694687,43.37303509377235,48.221701621811384,0.3255764119219941,0.3104237330209899,0.10962999999901513,620,0.0,0.021392307875068184,0.019000000000000936,0.001999999999996307,0.0015282528110773796,0.0
525,100,0,0,27.131925325404712,22.868074674595288,0.04604161599425183,2,52500,52500,2534,10136000.0,1.0,1.0,30.017311702313847,71.54898727424644,22.36855331837974,0.0,0.2612551281064285,0.036874599994916935,620,0.0,0.024000392695736394,0.01960000000000083,0.001999999999998569,0.0004412232985160358,0.0
526,100,0,0,27.088700317641145,22.911299682358855,0.04322500776356719,5,52600,52600,2539,10156000.0,1.0,1.0,20.281992059872554,47.249316730281144,36.72256231816813,0.23664319132398465,0.2602098713646323,0.15855929999815999,620,0.0,0.02092408267987267,0.019000000000000936,0.0019999999999998595,0.001300925083693727,0.0
527,100,0,0,27.0453269889408,22.9546730110592,0.04337332870034416,5,52700,52700,2544,10176000.0,1.0,1.0,20.33431843106081,46.14513746255741,38.69460816659834,0.18708286933869706,0.2591408885076167,0.052784300001803786,620,0.0,0.02101705000139731,0.019000000000000936,0.0019999999999998595,0.0013562786989460562,0.0
528,100,0,0,27.001479875456102,22.998520124543898,0.0438471134846985,3,52800,52800,2547,10188000.0,1.0,1.0,22.032349445998797,46.39227090625187,34.46085252766595,0.12569805089976535,0.280778996290844,0.10350389999803156,620,0.0,0.021697110506597284,0.01939999999999871,0.0020000000000011536,0.0007500029781013495,0.0
529,100,0,0,26.95818750234333,23.04181249765667,0.043292373112773674,5,52900,52900,2552,10208000.0,1.0,1.0,20.17830649380912,42.82122691959061,38.61613921888606,0.21213203435596423,0.26239311405173904,0.042656300000089686,620,0.0,0.020944046320600762,0.019000000000000936,0.0020000000000034122,0.0013483267921685638,0.0
530,100,0,0,26.914865757864856,23.085134242135144,0.04332174447847237,5,53000,53000,2557,10228000.0,1.0,1.0,20.478399393538933,38.699305790412524,41.420701222211875,0.3301514803843836,0.2901280240069644,0.09987099999852944,620,0.0,0.02096196492821889,0.019000000000000936,0.0019999999999998595,0.0013597795502526822,0.0
531,100,0,0,26.87087916746922,23.12912083253078,0.04398659039563668,4,53100,53100,2561,10244000.0,1.0,1.0,24.59784204527436,45.67735706746433,29.808572344250674,0.12961481396815722,0.25225256428381504,0.05105129999719793,620,0.0,0.021817469209349127,0.01919999999999659,0.0020000000000037384,0.0009691211862872251,0.0
532,100,0,0,26.826811990014708,23.173188009985292,0.04406717745451161,5,53200,53200,2566,10264000.0,1.0,1.0,23.448788405329758,45.62151779729729,49.497936380808234,0.15811388300841897,0.2907523439837961,0.14321020000352291,620,0.0,0.021568300172802424,0.018999999999997706,0.0020000000000030896,0.0014988772817083884,0.0
533,100,0,0,26.782502560392466,23.217497439607534,0.044309429622241936,3,53300,53300,2569,10276000.0,1.0,1.0,24.546800737984483,50.25606537087422,22.91097616221094,0.05099019513592785,0.23727929511542636,0.06182569999509724,620,0.0,0.022245284316838365,0.01940000000000194,0.0020000000000014763,0.0006641453054001545,0.0
534,100,0,0,26.73888185781803,23.26111814218197,0.04362070257443662,5,53400,53400,2574,10296000.0,1.0,1.0,21.89766304659944,50.964009169083795,34.35357979443809,0.13784048752090222,0.24072222229770485,0.09124829999927897,620,0.0,0.02136998954830105,0.018999999999997706,0.0020000000000030896,0.0012507130261347754,0.0
535,100,0,0,26.69571373104575,23.30428626895425,0.043168126772279436,5,53500,53500,2579,10316000.0,1.0,1.0,19.89945789277477,49.35900012539785,30.429042490398267,0.25099800796022265,0.24068957597653265,0.0485088999994332,620,0.0,0.020954494943122626,0.019000000000000936,0.001999999999996307,0.0012136318291595671,0.0
536,100,0,0,26.651544091198254,23.348455908801746,0.044169639847496,5,53600,53600,2584,10336000.0,1.0,1.0,25.56386823631935,52.993404829511945,19.78301251984155,0.08366600265340755,0.19439120282975625,0.10811000000103377,620,0.0,0.022060228493753442,0.018999999999994476,0.002000000000002767,0.0011094113537453154,0.0
537,100,0,0,26.60748732761844,23.39251267238156,0.04405676357981392,5,53700,53700,2589,10356000.0,1.0,1.0,24.37895519602508,47.35430092932509,39.436833224811366,0.151657508881031,0.26462544412335187,0.044732400005159434,620,0.0,0.021734012502129474,0.019000000000000936,0.0020000000000034122,0.0013227510776800955,0.0
538,100,0,0,26.562959864333884,23.437040135666116,0.044527463284556035,3,53800,53800,2592,10368000.0,1.0,1.0,25.432134990158698,51.91216946987618,20.49947856381044,0.11313708498984759,0.24133362471540168,0.13971110000420595,620,0.0,0.02247621259971666,0.01939999999999871,0.0020000000000011536,0.0006512506848395105,0.0
539,100,0,0,26.519819965263366,23.480180034736634,0.04313989907051763,5,53900,53900,2597,10388000.0,1.0,1.0,20.248320501452266,40.28532090114795,40.63040110975133,0.2073644135332772,0.2675425242129832,0.056806000000506174,620,0.0,0.020786631844508463,0.019000000000004166,0.0019999999999966295,0.00135326722600837,0.0
540,100,0,0,26.4767289905598,23.5232710094402,0.04309097470356704,5,54000,54000,2602,10408000.0,1.0,1.0,19.854883800846963,45.18184722861047,36.170154582935865,0.19748417658131498,0.251538006000808,0.1204001000005519,620,0.0,0.02082391642813164,0.018999999999997706,0.0020000000000030896,0.0012670582754346071,0.0
541,100,0,0,26.43264139651193,23.56735860348807,0.04408759404786977,5,54100,54100,2607,10428000.0,1.0,1.0,23.707821057398256,47.41017950077941,46.326205121931174,0.20976176963403032,0.28928791719965113,0.09047409999766387,620,0.0,0.02161144662045089,0.018999999999997706,0.001999999999999537,0.0014761474274216368,0.0
542,100,0,0,26.38899096976277,23.61100903023723,0.043650426749159976,5,54200,54200,2612,10448000.0,1.0,1.0,22.59271465434419,53.02210208101136,38.34894403468177,0.08366600265340755,0.2472389124906757,0.07036549999611452,620,0.0,0.021345896609606285,0.018999999999997706,0.0020000000000030896,0.0013045301395528952,0.0
543,100,0,0,26.346087722753403,23.653912277246597,0.04290324700936665,5,54300,54300,2617,10468000.0,1.0,1.0,18.56750352305754,45.777107633903455,40.04675086965342,0.2607680962081059,0.2706777406846069,0.13032640000164974,620,0.0,0.020574672661279436,0.019000000000000936,0.001999999999996307,0.0013285743480899725,0.0
544,100,0,0,26.303108072575984,23.696891927424016,0.04297965017741845,5,54400,54400,2622,10488000.0,1.0,1.0,18.838325231005552,42.17883189331137,43.11849752200546,0.21213203435596423,0.27304731347417566,0.0553037999998196,620,0.0,0.02058632276384742,0.019000000000000936,0.0019999999999998595,0.0013933274135702334,0.0
545,100,0,0,26.259801591231803,23.740198408768197,0.04330648134418169,5,54500,54500,2627,10508000.0,1.0,1.0,20.42913565201354,40.566287560097415,42.24090446323313,0.2073644135332772,0.2741814398914586,0.0601435999997193,620,0.0,0.020941136592604437,0.018999999999997706,0.001999999999999537,0.001365344751580011,0.0
546,100,0,0,26.215715826479247,23.784284173520753,0.044085764752555434,5,54600,54600,2632,10528000.0,1.0,1.0,23.198196522256737,51.3003298450023,48.9459934151492,0.10488088481701516,0.28595399737543564,0.07748020000144606,620,0.0,0.021601985570367077,0.019000000000000936,0.0019999999999998595,0.0014837791821875612,0.0
547,100,0,0,26.172406277524143,23.827593722475857,0.043309548955104304,5,54700,54700,2637,10548000.0,1.0,1.0,20.41497766624311,50.04174979897997,39.66041627070429,0.21908902300206642,0.267231799275234,0.07654599999659695,620,0.0,0.02096827683512359,0.019000000000004166,0.0019999999999966295,0.0013412721199799194,0.0
548,100,0,0,26.129034552324452,23.870965447675548,0.043371725199691014,5,54800,54800,2642,10568000.0,1.0,1.0,20.41740723909688,42.128591274267144,45.28756976361232,0.24083189157584592,0.2887654428561059,0.11269789999641944,620,0.0,0.02095323494831902,0.018999999999994476,0.002000000000002767,0.0014184902513747488,0.0
549,100,0,0,26.08594097074645,23.91405902925355,0.04309358157800247,5,54900,54900,2647,10588000.0,1.0,1.0,19.003372419306704,41.90561813950833,41.73903532211295,0.33166247903553997,0.2886502102870344,0.12962810000317404,620,0.0,0.02069037960659159,0.018999999999997706,0.001999999999999537,0.0014032019714136368,0.0
550,100,0,0,26.042048865535527,23.957951134464473,0.04389210521092224,5,55000,55000,2652,10608000.0,1.0,1.0,22.82928062836732,45.00088910745028,45.17868104111202,0.2073644135332772,0.28901012479382904,0.05922790000477107,620,0.0,0.021464381259100662,0.018999999999997706,0.0020000000000030896,0.0014277239518207807,0.0
551,100,0,0,25.99735912448221,24.00264087551779,0.044689741053318244,5,55100,55100,2657,10628000.0,1.0,1.0,25.906567075568397,49.86186280514868,54.37982700253044,0.2280350850198276,0.3186564911440022,0.05909260000044014,620,0.0,0.02208866515508845,0.019000000000004166,0.0019999999999966295,0.0016010758982289985,0.0
552,100,0,0,25.95380922574248,24.04619077425752,0.04354989873973025,5,55200,55200,2662,10648000.0,1.0,1.0,22.291763301800657,46.205911193082386,39.796148848350455,0.25099800796022265,0.27669424187155767,0.12318930000037653,620,0.0,0.02119818058828926,0.019000000000000936,0.001999999999996307,0.0013517181514437482,0.0
553,100,0,0,25.910294679597357,24.089705320402643,0.04351454614512207,4,55300,55300,2666,10664000.0,1.0,1.0,20.96779540010162,41.51740752295253,33.47708873448385,0.1979898987322333,0.2653520922490331,0.07934409999870695,620,0.0,0.021292907861742094,0.019199999999999825,0.002000000000000505,0.0010216382833796445,0.0
554,100,0,0,25.866367568611935,24.133632431388065,0.04392711098542179,5,55400,55400,2671,10684000.0,1.0,1.0,23.32652647947404,64.76271914724525,36.562190885972576,0.28809720581775866,0.2746257231129421,0.06735139999364037,620,0.0,0.02161159414948699,0.019000000000000936,0.0019999999999998595,0.0013155168359340053,0.0
555,100,0,0,25.823048793227162,24.176951206772838,0.04331877538477258,5,55500,55500,2676,10704000.0,1.0,1.0,20.91315594201989,40.94122990066516,37.637701530456106,0.21908902300206642,0.26235533055747917,0.11626049999904353,620,0.0,0.02102878577936096,0.018999999999997706,0.001999999999999537,0.0012899896054143767,0.0
556,100,0,0,25.779563391288978,24.220436608711022,0.04348540193818451,5,55600,55600,2681,10724000.0,1.0,1.0,22.883406007453498,45.67735706746433,25.52136578005429,0.2073644135332772,0.22637719063454093,0.06102829999872483,620,0.0,0.021345182586095746,0.018999999999997706,0.0020000000000030896,0.0011402193520879678,0.0
557,100,0,0,25.73633019738724,24.26366980261276,0.043233193901738076,5,55700,55700,2686,10744000.0,1.0,1.0,21.072072300163597,43.654668206523354,32.0752601268197,0.2645751311064591,0.2519407341056837,0.05203599999367725,620,0.0,0.020967328077343694,0.018999999999997706,0.001999999999999537,0.0012658658243971388,0.0
558,100,0,0,25.69202654351263,24.30797345648737,0.04430365387461066,5,55800,55800,2691,10764000.0,1.0,1.0,24.51623425602885,58.82523360296037,38.80608694337748,0.22135943621178655,0.27474361335280784,0.0668255999989924,620,0.0,0.021997830252541206,0.018999999999997706,0.0020000000000030896,0.001305823622068658,0.0
559,100,0,0,25.648918384495882,24.351081615504118,0.04310815901674658,5,55900,55900,2696,10784000.0,1.0,1.0,20.0947951212748,41.29267083972379,34.78712725936765,0.18708286933869706,0.24702945199017945,0.10157510000135517,620,0.0,0.020848722197225555,0.019000000000000936,0.0019999999999998595,0.0012594368195202321,0.0
560,100,0,0,25.60475609233276,24.39524390766724,0.044162292163122174,5,56000,56000,2701,10804000.0,1.0,1.0,24.844014021830787,54.99195705766687,28.590539614433787,0.17320508075688773,0.23603739305786517,0.056201100000180304,620,0.0,0.02197423445514346,0.019000000000004166,0.0019999999999966295,0.0011880577079779187,0.0
561,100,0,0,25.56176811179899,24.43823188820101,0.04298798053376984,5,56100,56100,2706,10824000.0,1.0,1.0,19.206141316110877,35.15130878624277,40.76873600099328,0.1673320053068151,0.26064758026332324,0.12389650000113761,620,0.0,0.020622986160745427,0.018999999999997706,0.0020000000000030896,0.0013649943730236203,0.0
562,100,0,0,25.518479584540884,24.481520415459116,0.04328852725810606,5,56200,56200,2711,10844000.0,1.0,1.0,20.344943511565226,39.632542735437006,45.912944476332434,0.151657508881031,0.27808138287187406,0.05797570000140695,620,0.0,0.02084862895264905,0.018999999999997706,0.001999999999999537,0.0014398983054597636,0.0
563,100,0,0,25.473770300603757,24.526229699396243,0.04470928393712725,4,56300,56300,2715,10860000.0,1.0,1.0,25.368072444918578,54.408109920883014,42.9685280686665,0.0565685424949238,0.28572155556677586,0.09388429999671644,620,0.0,0.022408392884504025,0.019200000000003055,0.001999999999997275,0.0011008910526228988,0.0
564,100,0,0,25.429069035635056,24.570930964364944,0.04470126496870108,4,56400,56400,2719,10876000.0,1.0,1.0,24.996180155412645,64.37241731900149,41.077122064928794,0.0848528137423857,0.2834891256853545,0.06827240000711754,620,0.0,0.022417418436674552,0.019199999999999825,0.001999999999996952,0.001083846532029753,0.0
565,100,0,0,25.385246995407837,24.614753004592163,0.04382204022721936,4,56500,56500,2723,10892000.0,1.0,1.0,22.181841957189032,48.79058238920568,38.67105388655748,0.27568097504180444,0.2981355719095189,0.09666750000178581,620,0.0,0.021562001148456744,0.01919999999999659,0.0020000000000037384,0.001060039078762287,0.0
566,100,0,0,25.34091713570023,24.65908286429977,0.044329859707605834,5,56600,56600,2728,10912000.0,1.0,1.0,24.377363379121824,46.56183655042357,51.46033165722777,0.25298221281347033,0.3199100145489826,0.04321250000066357,620,0.0,0.02179524780677866,0.018999999999997706,0.001999999999999537,0.0015346119008299297,0.0
567,100,0,0,25.2976141094632,24.7023858905368,0.043303026237030195,5,56700,56700,2733,10932000.0,1.0,1.0,20.127314415050055,50.08264615550851,30.993598015905707,0.19235384061671346,0.23718232213779877,0.14518669999961276,620,0.0,0.0210945434740637,0.018999999999997706,0.0020000000000030896,0.0012084827629657013,0.0
568,100,0,0,25.253673992734043,24.746326007265957,0.0439401167291571,5,56800,56800,2738,10952000.0,1.0,1.0,23.015876175130632,57.05462752768579,33.82042436480206,0.15811388300841897,0.24737512195873507,0.05063739999604877,620,0.0,0.021694019771608453,0.019000000000000936,0.001999999999996307,0.0012460969575514014,0.0
569,100,0,0,25.210634380538835,24.789365619461165,0.043039612195208576,5,56900,56900,2743,10972000.0,1.0,1.0,19.170411828641537,44.036003661088,38.73264243608598,0.21213203435596423,0.2625887820305256,0.07485230000020238,620,0.0,0.02072923345375699,0.018999999999997706,0.0020000000000030896,0.0013103787414507906,0.0
570,100,0,0,25.166788555053483,24.833211444946517,0.04384582548535221,4,57000,57000,2747,10988000.0,1.0,1.0,22.446142614284906,51.31610385408795,27.084531832866105,0.1854723699099141,0.24910702079574165,0.11378220000187866,620,0.0,0.021710339021748126,0.019199999999999825,0.001999999999996952,0.0009354864636073046,0.0
571,100,0,0,25.123730990478936,24.876269009521064,0.04305756457454635,5,57100,57100,2752,11008000.0,1.0,1.0,19.59526332634341,37.15704347176941,38.933391885407744,0.09486832980505137,0.24679706261298515,0.046745799998461735,620,0.0,0.020749686770734854,0.019000000000000936,0.0019999999999998595,0.0013078778038106975,0.0
572,100,0,0,25.07967449498022,24.92032550501978,0.044056495498715265,5,57200,57200,2757,11028000.0,1.0,1.0,23.097100793003765,50.07466599906012,46.61541627261138,0.19748417658131498,0.29404913625210594,0.13554479999584146,620,0.0,0.02161435907785858,0.019000000000000936,0.0019999999999998595,0.0014421364208558884,0.0
573,100,0,0,25.03548351944278,24.96451648055722,0.04419097553743967,3,57300,57300,2760,11040000.0,1.0,1.0,23.793864323775093,53.251913429810884,40.49794167451679,0.028284271247461898,0.29152307638455016,0.052999500003352296,620,0.0,0.021992169094811942,0.01940000000000194,0.0019999999999979236,0.000798806442627864,0.0
574,100,0,0,24.992591582884362,25.007408417115638,0.042891936558419275,5,57400,57400,2765,11060000.0,1.0,1.0,19.09940576373984,40.34617808088855,31.87333933018656,0.11832159566199232,0.22681742828836535,0.0762613999977475,620,0.0,0.02065584357124095,0.019000000000000936,0.0019999999999998595,0.0012360929871775284,0.0
575,100,0,0,24.948328179561166,25.051671820438834,0.044263403323196115,3,57500,57500,2768,11072000.0,1.0,1.0,24.609636216701308,54.51453483494304,20.64012511721307,0.12328828005937953,0.24466240994716618,0.039781799998309,620,0.0,0.022210369435729405,0.01939999999999871,0.0020000000000011536,0.0006530338874668473,0.0
576,100,0,0,24.903816548580824,25.096183451419176,0.04451163098034172,5,57600,57600,2773,11092000.0,1.0,1.0,24.87017473493464,49.37741552303244,52.29530891391836,0.23021728866442676,0.3157813717775899,0.12986369999998715,620,0.0,0.02195827654363569,0.019000000000000936,0.0019999999999998595,0.0015533544367052343,0.0
577,100,0,0,24.859255999056177,25.140744000943823,0.04456054952464683,5,57700,57700,2778,11112000.0,1.0,1.0,25.61280443444752,67.54569833823807,31.118693394570492,0.18165902124584948,0.2470735342936186,0.11840939999819966,620,0.0,0.022314042378440035,0.019000000000000936,0.0019999999999998595,0.0012465071462059996,0.0
578,100,0,0,24.815995854092176,25.184004145907824,0.04326014496400177,5,57800,57800,2783,11132000.0,1.0,1.0,20.70507978389544,45.96045062574443,30.356379736810787,0.12649110640673517,0.22546069804017516,0.05637109999952372,620,0.0,0.021002177563754998,0.019000000000000936,0.001999999999996307,0.0012579674002495267,0.0
579,100,0,0,24.77281562922902,25.22718437077098,0.04318022486315698,4,57900,57900,2787,11148000.0,1.0,1.0,19.895801938021226,37.958867923534946,32.80598698367754,0.12328828005937952,0.25123229431851674,0.06093700000201352,620,0.0,0.021004544078646603,0.019200000000003055,0.0020000000000008275,0.0009756807845064941,0.0
580,100,0,0,24.729734737548664,25.270265262451336,0.04308089168035423,5,58000,58000,2792,11168000.0,1.0,1.0,20.538826477810662,43.47246996785355,27.441134637812134,0.18165902124584948,0.22437750129965628,0.07379710000532214,620,0.0,0.02091598386723348,0.018999999999994476,0.002000000000002767,0.0011649078131235058,0.0
581,100,0,0,24.68568983054404,25.31431016945596,0.0440449070046256,4,58100,58100,2796,11184000.0,1.0,1.0,24.06760404087659,43.37303509377235,38.34355764540605,0.0632455532033676,0.2693128863692098,0.10307720000128029,620,0.0,0.02179771759565341,0.019199999999999825,0.001999999999996952,0.001047189408975413,0.0
582,100,0,0,24.64194049039298,25.35805950960702,0.04374934015105936,5,58200,58200,2801,11204000.0,1.0,1.0,22.036384812729366,44.76954986548251,50.70695535434752,0.1224744871391589,0.2927804076576434,0.053069800000230316,620,0.0,0.02123069261339694,0.018999999999997706,0.0020000000000030896,0.0015186475376616215,0.0
583,100,0,0,24.598021089065234,25.401978910934766,0.04391940132774508,5,58300,58300,2806,11224000.0,1.0,1.0,23.52929734960782,52.32859129008028,43.22178027086992,0.18708286933869706,0.27925510384965135,0.13754180000250926,620,0.0,0.02152076045479845,0.019000000000000936,0.0019999999999998595,0.0013986408729458333,0.0
584,100,0,0,24.553785483229785,25.446214516770215,0.04423560583544983,3,58400,58400,2809,11236000.0,1.0,1.0,24.192609512656325,50.21786407559444,26.852162701908487,0.12083045973594574,0.26220493424244556,0.05564429999503773,620,0.0,0.022148476822589913,0.01940000000000194,0.0019999999999979236,0.0006871290128600549,0.0
585,100,0,0,24.5104665684202,25.4895334315798,0.04331891480958561,5,58500,58500,2814,11256000.0,1.0,1.0,20.403927842215595,43.63277393411621,40.59990051272524,0.25298221281347033,0.27739441422657074,0.08668880000186618,620,0.0,0.02095746289717937,0.018999999999997706,0.001999999999999537,0.0013614519124089952,0.0
586,100,0,0,24.46737941070622,25.53262058929378,0.04308715771398042,6,58600,58600,2820,11280000.0,1.0,1.0,20.90442777427101,41.6690606843281,32.8961471173233,0.066332495807108,0.24558841759672576,0.04886650000116788,620,0.0,0.020776676720181797,0.018799999999998818,0.0020000000000024443,0.0015104809937973585,0.0
587,100,0,0,24.42344658237985,25.57655341762015,0.04393282832636913,5,58700,58700,2825,11300000.0,1.0,1.0,22.697160834149763,46.14513746255741,47.505764435120085,0.08944271909999159,0.2792690676072614,0.11107510000147158,620,0.0,0.02145680840006392,0.019000000000000936,0.0019999999999998595,0.0014760199263044171,0.0
588,100,0,0,24.37985501120672,25.62014498879328,0.04359157117313117,4,58800,58800,2829,11316000.0,1.0,1.0,21.825068714908948,36.942781282448315,42.393944857406574,0.10954451150103323,0.2850687891846308,0.04084849999344442,620,0.0,0.021299756261303315,0.01919999999999659,0.0020000000000037384,0.0010918149118275267,0.0
589,100,0,0,24.33690909799522,25.66309090200478,0.0429459132114971,5,58900,58900,2834,11336000.0,1.0,1.0,18.92802049176398,41.77748704351886,34.098359742177,0.3847076812334269,0.27361009588586854,0.17008219999843277,620,0.0,0.020692673438642117,0.019000000000000936,0.0019999999999998595,0.0012532397728541866,0.0
590,100,0,0,24.29351202412519,25.70648797587481,0.04339707387003244,5,59000,59000,2839,11356000.0,1.0,1.0,20.917326387042856,42.04761672861814,42.50060983329142,0.23021728866442676,0.28162722226798814,0.0565193999937037,620,0.0,0.021016144509520274,0.019000000000000936,0.0019999999999998595,0.0013809293605113737,0.0
591,100,0,0,24.250571483299392,25.749428516700608,0.04294054082579635,5,59100,59100,2844,11376000.0,1.0,1.0,18.81395187582456,38.65632097191221,41.686256357091196,0.27386127875258304,0.2809815363162051,0.08435760000429582,620,0.0,0.02058642190862514,0.018999999999997706,0.0020000000000030896,0.0013541189171704104,0.0
592,100,0,0,24.207074365744162,25.792925634255838,0.04349711755522989,5,59200,59200,2849,11396000.0,1.0,1.0,21.156016261600943,48.44913004979104,38.99598452853057,0.2949576240750525,0.280618540105189,0.051534099999116734,620,0.0,0.021172961477414987,0.018999999999997706,0.001999999999999537,0.001324156077817662,0.0
593,100,0,0,24.164037183722083,25.835962816277917,0.04303718202207918,5,59300,59300,2854,11416000.0,1.0,1.0,19.495848808592182,41.29267083972379,36.94075041236865,0.11832159566199232,0.24402306208600227,0.0999496000004001,620,0.0,0.020720332205243608,0.019000000000000936,0.001999999999996307,0.001316849816838328,0.0
594,100,0,0,24.120970343006825,25.879029656993175,0.04306684071525879,5,59400,59400,2859,11436000.0,1.0,1.0,19.706334999187316,45.91121969527359,32.792198588681856,0.151657508881031,0.23683605433967805,0.05214429999614367,620,0.0,0.02079665895944771,0.019000000000004166,0.0019999999999966295,0.0012701817558102846,0.0
595,100,0,0,24.077711585207386,25.922288414792614,0.043258757799438996,5,59500,59500,2864,11456000.0,1.0,1.0,20.182614940204044,45.18184722861047,38.49268048597901,0.31937438845342625,0.2807198288753871,0.12212539999745786,620,0.0,0.02092570835877794,0.019000000000000936,0.0019999999999998595,0.001333049440660261,0.0
596,100,0,0,24.033962254499404,25.966037745500596,0.043749330707981926,5,59600,59600,2869,11476000.0,1.0,1.0,21.915146056423122,48.44913004979104,44.830844001121655,0.42544094772365293,0.31511247584671576,0.06324909999966621,620,0.0,0.02129326949892274,0.019000000000000936,0.0019999999999998595,0.0014560612090583902,0.0
597,100,0,0,23.990342611432702,26.009657388567298,0.04361964306670174,4,59700,59700,2873,11492000.0,1.0,1.0,22.121761211780495,48.42557656878674,25.062670573892632,0.1414213562373095,0.23461958020423446,0.06427439999970375,620,0.0,0.02150832291718885,0.019199999999999825,0.002000000000000505,0.0009113201495125622,0.0
598,100,0,0,23.94697158884083,26.05302841115917,0.0433710225918702,5,59800,59800,2878,11512000.0,1.0,1.0,20.41698229724675,44.45404922694304,43.35711865942016,0.3331666249791536,0.2975506764409846,0.06091310000192607,620,0.0,0.020974382523114343,0.019000000000000936,0.0019999999999998595,0.0013966400687550617,0.0
599,100,0,0,23.90300262563871,26.09699737436129,0.04396896320212207,4,59900,59900,2882,11528000.0,1.0,1.0,22.358856975200542,45.43041618949427,45.51758631062749,0.07483314773547883,0.2900375405347983,0.10159930000372697,620,0.0,0.02161523280717148,0.019199999999999825,0.001999999999996952,0.0011537303949538114,0.0
600,100,0,0,23.859551373220718,26.140448626779282,0.043451252417991526,5,60000,60000,2887,11548000.0,1.0,1.0,21.618062162467787,45.41503472416281,32.49290160816073,0.08944271909999159,0.2293634238319153,0.05577359999733744,620,0.0,0.021196604424726928,0.018999999999997706,0.0020000000000030896,0.0012546479932638022,0.0
601,100,0,0,23.816107324108277,26.183892675891723,0.04344404911244126,5,60100,60100,2892,11568000.0,1.0,1.0,21.85931538158204,48.44913004979104,28.937682487602338,0.151657508881031,0.22830598461886806,0.17677190000540577,620,0.0,0.021240959356010336,0.019000000000000936,0.0019999999999998595,0.0012030897564301313,0.0
602,100,0,0,23.772555395746174,26.227444604253826,0.04355192836210264,5,60200,60200,2897,11588000.0,1.0,1.0,21.628843183413995,46.0349423016895,41.36556138421875,0.29154759474226505,0.28832090680815936,0.09330030000273837,620,0.0,0.021152012606762582,0.019000000000000936,0.0019999999999998595,0.001399915755339265,0.0
603,100,0,0,23.728583707486827,26.271416292513173,0.043971688259347275,3,60300,60300,2900,11600000.0,1.0,1.0,23.22919445646338,48.25836487413423,26.47731059002443,0.07483314773547882,0.2524293939964895,0.04920290000154637,620,0.0,0.02188229423056498,0.01940000000000194,0.0019999999999979236,0.0006893940287824307,0.0
604,100,0,0,23.685283384564364,26.314716615435636,0.04330032292246244,5,60400,60400,2905,11620000.0,1.0,1.0,20.06304486322367,40.91284132236201,46.102979632764,0.10488088481701516,0.2724351805015689,0.10212719999981346,620,0.0,0.02087398747695346,0.019000000000000936,0.001999999999996307,0.0014263354455117394,0.0
605,100,0,0,23.642461077611163,26.357538922388837,0.04282230695320166,5,60500,60500,2910,11640000.0,1.0,1.0,18.678212368903207,37.1813264445933,32.003927332655635,0.2664582518894846,0.24871826040276823,0.052595900000596885,620,0.0,0.020607445829444515,0.019000000000000936,0.0019999999999998595,0.00121486112375635,0.0
606,100,0,0,23.59887283390782,26.40112716609218,0.043588243703343466,5,60600,60600,2915,11660000.0,1.0,1.0,21.803520710811483,42.553932974920635,46.940972863919185,0.18708286933869706,0.29102646766174994,0.1504685999971116,620,0.0,0.021136397448461963,0.019000000000000936,0.0019999999999998595,0.0014518462548807065,0.0
607,100,0,0,23.555721441947625,26.444278558052375,0.04315139196019402,5,60700,60700,2920,11680000.0,1.0,1.0,19.87430763966005,41.401969089330564,39.565959097289785,0.216794833886788,0.26810149293809993,0.05425709999690298,620,0.0,0.020826059549442277,0.019000000000000936,0.0019999999999998595,0.0013253324107509457,0.0
608,100,0,0,23.51160532191309,26.48839467808691,0.044116120034534134,3,60800,60800,2923,11692000.0,1.0,1.0,23.555276376673035,47.86439978106134,28.04973863053394,0.0787400787401181,0.2593084399900069,0.08375499999965541,620,0.0,0.022016615307041576,0.01940000000000194,0.0019999999999979236,0.0006995047274926947,0.0
609,100,0,0,23.468513270289186,26.531486729710814,0.04309205162390484,5,60900,60900,2928,11712000.0,1.0,1.0,19.538025129455068,35.94806918697876,40.96053041500077,0.13784048752090222,0.26018617023093094,0.04501009999512462,620,0.0,0.020741347133590438,0.018999999999997706,0.0020000000000030896,0.0013507044903136034,0.0
610,100,0,0,23.424010603231824,26.575989396768176,0.04450266705736183,5,61000,61000,2933,11732000.0,1.0,1.0,25.402229082489264,55.98995530052302,42.48324464087271,0.2949576240750525,0.29555511668484624,0.1074575000020559,620,0.0,0.022096383108447526,0.018999999999997706,0.0020000000000030896,0.0014062839489135115,0.0
611,100,0,0,23.380700030039314,26.619299969960686,0.043310573192510304,5,61100,61100,2938,11752000.0,1.0,1.0,19.996275441730333,47.0086790211082,40.15416445240483,0.25298221281347033,0.2653055700420061,0.04443339999852469,620,0.0,0.020888160952637236,0.019000000000000936,0.0019999999999998595,0.0014224122398722727,0.0
612,100,0,0,23.337258662693124,26.662741337306876,0.04344136734619042,5,61200,61200,2943,11772000.0,1.0,1.0,21.146185623733842,40.22890490042217,45.11878792220215,0.24899799195977462,0.2918024328621015,0.16364030000113416,620,0.0,0.021029686003792847,0.019000000000004166,0.0019999999999966295,0.0014116813423967756,0.0
613,100,0,0,23.29342974418634,26.70657025581366,0.043828918506783054,4,61300,61300,2947,11788000.0,1.0,1.0,23.21023515128685,49.76378105508738,30.565786522382506,0.1414213562373095,0.25420814074476694,0.04353059999994002,620,0.0,0.021659360092897373,0.01919999999999659,0.0020000000000037384,0.0009695584138853519,0.0
614,100,0,0,23.250223700612878,26.749776299387122,0.043206043573462694,5,61400,61400,2952,11808000.0,1.0,1.0,20.59726836862848,34.96687461836663,40.111509665335674,0.2073644135332772,0.26853101324082235,0.06481779999739956,620,0.0,0.020870891308607753,0.019000000000000936,0.001999999999996307,0.0013351522648576974,0.0
615,100,0,0,23.206275086131527,26.793724913868473,0.043948614481351456,3,61500,61500,2955,11820000.0,1.0,1.0,22.71104207491319,48.4679326647834,31.598185407971254,0.05099019513592785,0.2631855992443695,0.06562520000443328,620,0.0,0.0218238919247824,0.01940000000000194,0.0019999999999979236,0.0007247225565691906,0.0
616,100,0,0,23.16368397448108,26.83631602551892,0.04259111165044516,5,61600,61600,2960,11840000.0,1.0,1.0,16.698161461687807,35.15130878624277,39.425746208895745,0.16431676725154984,0.25190999026880406,0.06310710000252584,620,0.0,0.02027195686586225,0.018999999999997706,0.0020000000000030896,0.0013191547845821106,0.0
617,100,0,0,23.120468758729338,26.879531241270662,0.043215215751743585,5,61700,61700,2965,11860000.0,1.0,1.0,20.583547786400494,43.71925873217579,30.414599855358794,0.17888543819998318,0.23341654695568737,0.09010429999761982,620,0.0,0.020987247274945275,0.018999999999997706,0.001999999999995984,0.0012279684768046195,0.0
618,100,0,0,23.07650370661526,26.92349629338474,0.04396505211407842,4,61800,61800,2969,11876000.0,1.0,1.0,23.512819604717862,52.633160815678785,32.567493260980235,0.18110770276274835,0.2678218323556707,0.13074300000153016,620,0.0,0.02179274228868522,0.01919999999999659,0.0020000000000001857,0.0009723098253964224,0.0
619,100,0,0,23.03144186146813,26.96855813853187,0.045061845147127855,5,61900,61900,2974,11896000.0,1.0,1.0,28.009171776351288,54.408109920883014,46.25964315174822,0.13784048752090222,0.2942769585569997,0.056365500000538304,620,0.0,0.022630519495120183,0.019000000000000936,0.001999999999996307,0.001431325652010429,0.0
620,100,0,0,22.988555417856123,27.011444582143877,0.04288644361200866,5,62000,62000,2979,11916000.0,1.0,1.0,18.176063347994084,42.44518042019159,37.72934890967866,0.2469817807045694,0.26253204386477835,0.05938210000022082,620,0.0,0.02056426518093346,0.019000000000000936,0.0019999999999998595,0.0013221784310744056,0.0
621,100,0,0,22.945194291735305,27.054805708264695,0.04336112612081777,5,62100,62100,2984,11936000.0,1.0,1.0,20.212119913330266,42.82122691959061,43.20208378185602,0.36193922141707713,0.3015468058320184,0.08237399999779882,620,0.0,0.020945128656595813,0.019000000000000936,0.0019999999999998595,0.0014159974642211637,0.0
622,100,0,0,22.90206257569572,27.09793742430428,0.043131716039585655,5,62200,62200,2989,11956000.0,1.0,1.0,19.643112805373587,45.96045062574443,37.04296986087022,0.27748873851023215,0.26817757795791225,0.060002099999110214,620,0.0,0.0208242835837531,0.018999999999997706,0.001999999999999537,0.0013074324558353112,0.0
623,100,0,0,22.857793149029824,27.142206850970176,0.044269426665895395,3,62300,62300,2992,11968000.0,1.0,1.0,23.818862374380565,50.97660023449597,42.41285143776108,0.028284271247461898,0.29778951831277045,0.08980010000232141,620,0.0,0.022052575135298014,0.01940000000000194,0.0019999999999979236,0.0008168515305975177,0.0
624,100,0,0,22.81349293079735,27.18650706920265,0.04430021823247543,3,62400,62400,2995,11980000.0,1.0,1.0,24.481959101360758,48.206920712245825,26.14892711325074,0.09899494936611665,0.2581850076302094,0.12817400000494672,620,0.0,0.02220404674504195,0.01940000000000194,0.0019999999999979236,0.0006961714874336167,0.0
625,100,0,0,22.76924038849756,27.23075961150244,0.04425254229978748,4,62500,62500,2999,11996000.0,1.0,1.0,24.803925093414563,57.90404753006889,22.116746328445153,0.07483314773547883,0.22253686478963391,0.08833889999368694,620,0.0,0.022169533261003238,0.019199999999999825,0.002000000000000505,0.0008830090387839107,0.0
626,100,0,0,22.725131982074323,27.274868017925677,0.04410840642323777,5,62600,62600,3004,12016000.0,1.0,1.0,23.874093227434003,44.91415044683376,48.68272263911008,0.19493588689617927,0.2955166555250618,0.044326799994450994,620,0.0,0.021603112939974523,0.019000000000004166,0.0019999999999966295,0.0015052934832624487,0.0
627,100,0,0,22.68208311309956,27.31791688690044,0.04304886897476479,5,62700,62700,3009,12036000.0,1.0,1.0,19.44328784131543,41.14113780429365,37.10594933114565,0.2664582518894846,0.26715259138722103,0.07829649999621324,620,0.0,0.020742435329125897,0.018999999999994476,0.002000000000002767,0.001306433645641647,0.0
628,100,0,0,22.638943432369317,27.361056567630683,0.04313968073024199,5,62800,62800,3014,12056000.0,1.0,1.0,19.97355159990524,42.128591274267144,33.81976628910253,0.30495901363953815,0.26390351755682323,0.10163309999916237,620,0.0,0.020895038198304405,0.018999999999997706,0.001999999999999537,0.0012446425319403431,0.0
629,100,0,0,22.59459570057205,27.40540429942795,0.044347731797266476,3,62900,62900,3017,12068000.0,1.0,1.0,24.483768632255586,57.21685754904761,36.52750870121865,0.1019803902718557,0.29212490187368517,0.05368820000148844,620,0.0,0.022177450242022445,0.01939999999999548,0.0020000000000043837,0.0007702815552441677,0.0
630,100,0,0,22.5509637198368,27.4490362801632,0.04363198073524899,5,63000,63000,3022,12088000.0,1.0,1.0,22.071716893049512,39.49866654350953,48.706161469624945,0.2345207879911715,0.3048304630477277,0.15783030000602594,620,0.0,0.021145584947976914,0.018999999999997706,0.0020000000000030896,0.0014863957872712774,0.0
631,100,0,0,22.50707080022428,27.49292919977572,0.04389291961252084,5,63100,63100,3027,12108000.0,1.0,1.0,23.285727356462672,44.75032169293572,48.28016766773775,0.23021728866442676,0.3055845096144717,0.05555619999358896,620,0.0,0.021418616316132955,0.019000000000004166,0.0019999999999966295,0.0014743032963870917,0.0
632,100,0,0,22.464235436123605,27.535764563876395,0.04283536410067512,5,63200,63200,3032,12128000.0,1.0,1.0,18.299409847497568,44.45404922694304,34.760010350754136,0.1,0.2327976957131427,0.08911190000071656,620,0.0,0.020554020410433083,0.019000000000000936,0.0019999999999998595,0.0012813436902412434,0.0
633,100,0,0,22.420518384919124,27.579481615080876,0.04371705120448155,5,63300,63300,3037,12148000.0,1.0,1.0,22.435059009837747,48.980883052519644,41.489199425743536,0.2645751311064591,0.2880460783962645,0.08200859999487875,620,0.0,0.021359597706052114,0.018999999999997706,0.0020000000000030896,0.0013574534984286402,0.0
634,100,0,0,22.377404644378558,27.622595355621442,0.043113740540565715,5,63400,63400,3042,12168000.0,1.0,1.0,19.81191116412194,44.593467033046835,34.834395097642236,0.3082207001484488,0.26807206179325394,0.08342830000037793,620,0.0,0.02083962040045506,0.018999999999997706,0.0020000000000030896,0.0012741201401098579,0.0
635,100,0,0,22.33381485549195,27.66618514450805,0.043589788886606584,5,63500,63500,3047,12188000.0,1.0,1.0,21.72557823881902,42.43034398254765,47.51835870749652,0.10954451150103321,0.2825524066033377,0.12924280000152066,620,0.0,0.021136654230797802,0.019000000000000936,0.0019999999999998595,0.001453134655807986,0.0
636,100,0,0,22.290113808252737,27.709886191747263,0.043701047239213864,5,63600,63600,3052,12208000.0,1.0,1.0,22.946784427618436,48.068169856763205,23.6307151414842,0.20248456731316583,0.22366539913411937,0.06232900000031805,620,0.0,0.021556595122799393,0.018999999999997706,0.0020000000000030896,0.0011444521164136745,0.0
637,100,0,0,22.246537123827384,27.753462876172616,0.04357668442535356,5,63700,63700,3057,12228000.0,1.0,1.0,21.318271443372836,42.553932974920635,49.25150516805134,0.23237900077244503,0.305682481534462,0.07608550000441028,620,0.0,0.021077639042584195,0.019000000000000936,0.0019999999999998595,0.0014990453827685712,0.0
638,100,0,0,22.201613933988924,27.798386066011076,0.04492318983846033,5,63800,63800,3062,12248000.0,1.0,1.0,26.996263507529253,51.47889284399704,55.61732438692893,0.19235384061671346,0.32893640762665866,0.0899241000006441,620,0.0,0.02230177808998235,0.018999999999997706,0.001999999999999537,0.0016214117484807389,0.0
639,100,0,0,22.157983846465957,27.842016153534043,0.04363008752296693,5,63900,63900,3067,12268000.0,1.0,1.0,22.086456350681335,55.98995530052302,28.697346120262324,0.20493901531919198,0.23876143647699757,0.10736919999908423,620,0.0,0.021446583466218527,0.018999999999997706,0.0020000000000030896,0.0011835040567476085,0.0
640,100,0,0,22.114791549556607,27.885208450443393,0.04319229690934989,5,64000,64000,3072,12288000.0,1.0,1.0,20.576878780083018,44.880333197177464,33.70742978744728,0.07071067811865475,0.2311587129656756,0.039891000000352506,620,0.0,0.020955651122200436,0.018999999999997706,0.0020000000000030896,0.0012366457871486602,0.0
641,100,0,0,22.071276885579316,27.928723114420684,0.04351466397729098,5,64100,64100,3077,12308000.0,1.0,1.0,20.875571736269514,44.632183103673505,42.93205036868522,0.10954451150103321,0.26687025385435015,0.1310994999948889,620,0.0,0.021121195533496007,0.019000000000000936,0.001999999999996307,0.0013934684437977296,0.0
642,100,0,0,22.0276359440078,27.9723640559922,0.043640941571517544,4,64200,64200,3081,12324000.0,1.0,1.0,22.254209250825113,49.35900012539785,32.45280360878147,0.15748015748023622,0.26407357666074754,0.056721399996604305,620,0.0,0.021459117630286073,0.01919999999999659,0.0020000000000037384,0.0009818239412311414,0.0
643,100,0,0,21.983261234378677,28.016738765621323,0.044374709629121156,3,64300,64300,3084,12336000.0,1.0,1.0,24.09527657121993,50.283971535369105,38.738910398661154,0.07071067811865474,0.29565024877130813,0.0841320999970776,620,0.0,0.022192917126044875,0.01940000000000194,0.0019999999999979236,0.0007817925030764172,0.0
644,100,0,0,21.939565370852403,28.060434629147597,0.04369586352627408,5,64400,64400,3089,12356000.0,1.0,1.0,22.616398994797088,45.70704488092566,44.951863432231725,0.2588435821108957,0.3002073127328977,0.04804250000597676,620,0.0,0.021289556301788082,0.019000000000000936,0.001999999999996307,0.0014063072244887564,0.0
645,100,0,0,21.895853857188023,28.104146142811977,0.04371151366438042,4,64500,64500,3093,12372000.0,1.0,1.0,22.07188534671617,41.09969836081372,44.29199300897164,0.25768197453450253,0.3129815991497164,0.11704149999422953,620,0.0,0.021362404839241123,0.01919999999999659,0.0020000000000037384,0.001149108825138967,0.0
646,100,0,0,21.852610842821168,28.147389157178832,0.04324301436685474,5,64600,64600,3098,12392000.0,1.0,1.0,20.56306448654678,40.43849689448431,37.870479547345624,0.3591656999213594,0.2829515973039224,0.036078400000405964,620,0.0,0.020896507709920797,0.019000000000000936,0.0019999999999998595,0.001346506656933144,0.0
647,100,0,0,21.809872218802543,28.190127781197457,0.04273862401862516,5,64700,64700,3103,12412000.0,1.0,1.0,18.200058090213574,42.17883189331137,35.00958275623911,0.2073644135332772,0.2515117963584774,0.16965389999677427,620,0.0,0.020473325023278477,0.019000000000004166,0.002000000000000182,0.0012652989953423344,0.0
648,100,0,0,21.766578108080388,28.233421891919612,0.0432941107221545,5,64800,64800,3108,12432000.0,1.0,1.0,20.54150338667576,39.632542735437006,41.980621163160166,0.2073644135332772,0.2787021151790381,0.07741019999957643,620,0.0,0.020922691390190096,0.019000000000000936,0.0019999999999998595,0.001371419331963608,0.0
649,100,0,0,21.721015109296925,28.278984890703075,0.04556299878346337,4,64900,64900,3112,12448000.0,1.0,1.0,28.99290644453434,51.47889284399704,56.886991268352574,0.0282842712474619,0.3234279700275209,0.0658082000009017,620,0.0,0.023039764816921604,0.01919999999999659,0.0020000000000001857,0.00132323396654499,0.0
650,100,0,0,21.676556375103374,28.323443624896626,0.04445873419355095,4,65000,65000,3116,12464000.0,1.0,1.0,25.50927560188731,52.993404829511945,19.062272880881302,0.1854723699099141,0.23206253566232313,0.11181390000274405,620,0.0,0.02237856297269758,0.019199999999999825,0.002000000000000505,0.0008801712208530432,0.0
651,100,0,0,21.633027326815004,28.366972673184996,0.04352904828837012,5,65100,65100,3121,12484000.0,1.0,1.0,21.933150942129558,48.52930215067639,34.72540045940233,0.3178049716414141,0.273779586794314,0.036034600001585204,620,0.0,0.021249043925397615,0.018999999999994476,0.002000000000002767,0.0012800043629752622,0.0
652,100,0,0,21.589427656288827,28.410572343711173,0.04359967052617719,4,65200,65200,3125,12500000.0,1.0,1.0,21.497336660683725,41.51740752295253,33.98431818874209,0.1649242250247064,0.26762152046123083,0.1438583999988623,620,0.0,0.021371801922512645,0.019199999999999825,0.002000000000000505,0.001027868603664217,0.0
653,100,0,0,21.54525360160928,28.45474639839072,0.044174054679547936,5,65300,65300,3130,12520000.0,1.0,1.0,24.770124530598164,60.5923597681487,23.4464260366107,0.2,0.22651880049004225,0.055591500000446104,620,0.0,0.022018237598672386,0.018999999999997706,0.0020000000000030896,0.0011558170808747548,0.0
654,100,0,0,21.501982327127138,28.498017672872862,0.043271274482140853,5,65400,65400,3135,12540000.0,1.0,1.0,20.16757708142288,46.41450386228339,34.09396929356348,0.2073644135332772,0.25148813002779613,0.07750460000534076,620,0.0,0.02101022024993071,0.019000000000000936,0.0019999999999998595,0.0012610542322093465,0.0
655,100,0,0,21.459150497157975,28.540849502842025,0.04283182996916324,5,65500,65500,3140,12560000.0,1.0,1.0,18.118373502436754,38.391156407183274,36.61587703670431,0.24083189157584592,0.2604259133495061,0.08052830000087852,620,0.0,0.020553197471215867,0.018999999999997706,0.001999999999999537,0.0012786324979501273,0.0
656,100,0,0,21.415834047496535,28.584165952503465,0.04331644966143955,5,65600,65600,3145,12580000.0,1.0,1.0,21.01002484145324,38.80874507315441,40.099593063124324,0.151657508881031,0.26456948316068846,0.08571200000005774,620,0.0,0.02098170948854161,0.019000000000000936,0.001999999999996307,0.0013347401729006947,0.0
657,100,0,0,21.371781865378168,28.628218134621832,0.044052182118367256,3,65700,65700,3148,12592000.0,1.0,1.0,23.689130797765507,47.0086790211082,25.15140898970095,0.056568542494923796,0.24897840513438857,0.13120530000014696,620,0.0,0.02197211988172043,0.01940000000000194,0.0019999999999979236,0.0006800622366469611,0.0
658,100,0,0,21.327610880225564,28.672389119774436,0.0441709851526042,3,65800,65800,3151,12604000.0,1.0,1.0,23.530610747259423,50.97660023449597,40.146754209941754,0.03741657386773941,0.2935217964611416,0.06132259999867529,620,0.0,0.021975164080306087,0.01940000000000194,0.0020000000000014763,0.0007958210722947001,0.0
659,100,0,0,21.28428504796196,28.71571495203804,0.04332583226360498,5,65900,65900,3156,12624000.0,1.0,1.0,20.50385360411189,41.401969089330564,43.54793130403382,0.054772255750516606,0.2601568575809955,0.04897550000168849,620,0.0,0.020923003215930436,0.018999999999997706,0.0020000000000030896,0.0014028290476737482,0.0
660,100,0,0,21.24073435613396,28.75926564386604,0.04355069182799909,5,66000,66000,3161,12644000.0,1.0,1.0,21.14101433536159,60.74231744344997,39.36296167441729,0.27202941017470883,0.2811396177111571,0.09664479999628384,620,0.0,0.02123364218371293,0.019000000000004166,0.0019999999999966295,0.0013170496442853619,0.0
661,100,0,0,21.19760418929752,28.80239581070248,0.04313016683643767,5,66100,66100,3166,12664000.0,1.0,1.0,19.303143415528346,50.09917332998639,37.3208230411578,0.18708286933869706,0.2580014847618901,0.038780599999881815,620,0.0,0.020846476220700794,0.019000000000000936,0.0019999999999998595,0.0012836906157360772,0.0
662,100,0,0,21.154562385006273,28.845437614993727,0.043041804291249264,5,66200,66200,3171,12684000.0,1.0,1.0,19.657283195543283,42.17883189331137,35.800647892094,0.1414213562373095,0.2471098872865502,0.10173710000526626,620,0.0,0.02075802572420571,0.019000000000004166,0.002000000000000182,0.0012837785670392066,0.0
663,100,0,0,21.111405031768122,28.888594968231878,0.04315735323815062,5,66300,66300,3176,12704000.0,1.0,1.0,20.51543996666263,36.54359702316548,39.77236645541613,0.20248456731316583,0.2705364112533659,0.04390290000446839,620,0.0,0.02080774109729333,0.018999999999997706,0.001999999999999537,0.0013496121408600459,0.0
664,100,0,0,21.06739902237014,28.93260097762986,0.04400600939798238,5,66400,66400,3181,12724000.0,1.0,1.0,24.00222125974995,45.41503472416281,41.11998561600901,0.2073644135332772,0.2792804646139797,0.13930510000500362,620,0.0,0.021622820012765942,0.019000000000000936,0.0019999999999998595,0.001383189385215644,0.0
665,100,0,0,21.023285509293924,28.976714490706076,0.04411351307621558,5,66500,66500,3186,12744000.0,1.0,1.0,24.75731005286807,44.50562719079747,46.57268214030579,0.1140175425099138,0.28875938874412665,0.053795899999386165,620,0.0,0.021679052277587374,0.018999999999997706,0.001999999999999537,0.0014344607986309654,0.0
666,100,0,0,20.980083896334914,29.019916103665086,0.043201612959009594,5,66600,66600,3191,12764000.0,1.0,1.0,19.851124267803023,35.69138920362406,46.1344482431811,0.3209361307176243,0.3076235150228358,0.0853720999948564,620,0.0,0.020753310302904282,0.019000000000000936,0.0019999999999998595,0.0014483026561045165,0.0
667,100,0,0,20.936842604685843,29.063157395314157,0.0432412916490712,5,66700,66700,3196,12784000.0,1.0,1.0,20.38268399114291,37.15704347176941,43.46100873388394,0.14491376746189438,0.2709490222690725,0.05492170000070473,620,0.0,0.020843132089186867,0.019000000000000936,0.001999999999996307,0.001398159559887091,0.0
668,100,0,0,20.893055156864886,29.106944843135114,0.043787447820957226,5,66800,66800,3201,12804000.0,1.0,1.0,22.059826448601168,57.90305569643319,40.66654990822273,0.3449637662132068,0.29869766649481,0.10973809999995865,620,0.0,0.02142684453223964,0.019000000000000936,0.001999999999996307,0.0013606032887203412,0.0
669,100,0,0,20.84768671034918,29.15231328965082,0.04536844651570604,5,66900,66900,3206,12824000.0,1.0,1.0,28.730548339941755,51.47889284399704,56.92839487000191,0.19493588689617927,0.33473064771400246,0.15289739999570884,620,0.0,0.02271574903248208,0.018999999999997706,0.0020000000000030896,0.0016526974832231645,0.0
670,100,0,0,20.803135482559128,29.196864517440872,0.04455122779005194,4,67000,67000,3210,12840000.0,1.0,1.0,26.358476197372795,51.91216946987618,20.33842843862659,0.17204650534085253,0.23866309263179666,0.07211119999556104,620,0.0,0.022480091781709177,0.019199999999999825,0.002000000000000505,0.0008711360083424324,0.0
671,100,0,0,20.756548947420054,29.243451052579946,0.04658653513907396,3,67100,67100,3213,12852000.0,1.0,1.0,31.738908165026622,75.14936671814158,52.861613290861136,0.061644140029689765,0.35812793037948454,0.06482370000594528,620,0.0,0.024249386953250962,0.01939999999999871,0.0020000000000011536,0.0009371481858231334,0.0
672,100,0,0,20.713103991478448,29.286896008521552,0.04344495594160591,4,67200,67200,3217,12868000.0,1.0,1.0,20.454392174564532,46.40529726611344,41.96182192303609,0.29933259094191533,0.3137356299840543,0.07949609999923268,620,0.0,0.02114441198127537,0.019199999999999825,0.001999999999996952,0.0011005439603337663,0.0
673,100,0,0,20.669912844499652,29.330087155500348,0.04319114697879556,5,67300,67300,3222,12888000.0,1.0,1.0,20.408809712871246,44.25060574810616,32.77895859269766,0.3346640106136302,0.2698597573471191,0.10162280000076862,620,0.0,0.020951346853518515,0.019000000000004166,0.002000000000000182,0.0012398001252726942,0.0
674,100,0,0,20.625426378210445,29.374573621789555,0.04448646628920727,3,67400,67400,3225,12900000.0,1.0,1.0,25.32162739131116,50.8095774906177,20.759446058120204,0.07483314773547882,0.24387536548370012,0.05299440000089817,620,0.0,0.02243122946449816,0.01939999999999871,0.0020000000000011536,0.0006552368247092488,0.0
675,100,0,0,20.582494133562587,29.417505866437413,0.04293224464785794,5,67500,67500,3230,12920000.0,1.0,1.0,18.138798637351833,35.70521316528869,44.17744890066888,0.13038404810405296,0.27046932669844903,0.1379056000005221,620,0.0,0.020533429937131586,0.019000000000004166,0.002000000000000182,0.0013988147107220072,0.0
676,100,0,0,20.539564118355937,29.460435881644063,0.042930015206650296,5,67600,67600,3235,12940000.0,1.0,1.0,18.43117386799508,42.46233388016245,36.72574242328069,0.170293863659264,0.25379897910156135,0.07103630000347039,620,0.0,0.0206287551699198,0.019000000000004166,0.0019999999999966295,0.0013012600367297011,0.0
677,100,0,0,20.496695960733625,29.503304039266375,0.042868157622312,5,67700,67700,3240,12960000.0,1.0,1.0,18.97246407112643,41.80954533659964,32.644929762455504,0.2,0.24644610544679385,0.0807076999990386,620,0.0,0.020633589355451676,0.018999999999997706,0.0020000000000030896,0.001234568266859526,0.0
678,100,0,0,20.45373341175706,29.54626658824294,0.04296254897656482,5,67800,67800,3245,12980000.0,1.0,1.0,19.704091305943365,42.784237547814605,36.29306537836244,0.15491933384829668,0.25306648144323496,0.09579610000218963,620,0.0,0.020679325388002212,0.019000000000004166,0.0019999999999966295,0.0012832235885618104,0.0
679,100,0,0,20.409285670529826,29.590714329470174,0.04444774122723416,4,67900,67900,3249,12996000.0,1.0,1.0,25.978452616285768,54.64305952778754,19.221145592943348,0.14696938456699069,0.23180029666771937,0.05623639999976149,620,0.0,0.022371628569423763,0.019199999999999825,0.002000000000000505,0.0008761126578100686,0.0
680,100,0,0,20.366199488285993,29.633800511714007,0.04308618224383309,5,68000,68000,3254,13016000.0,1.0,1.0,19.932156461448436,46.39227090625187,33.82251237244844,0.28460498941515416,0.26535540478285247,0.1257402999981423,620,0.0,0.020850051036816808,0.019000000000000936,0.0020000000000034122,0.0012361312070119368,0.0
681,100,0,0,20.322491233711467,29.677508766288533,0.04370825457452554,5,68100,68100,3259,13036000.0,1.0,1.0,22.279611289477117,46.56183655042357,41.849361248784454,0.054772255750516606,0.25457253228033955,0.06021809999947436,620,0.0,0.021300541268317374,0.018999999999997706,0.0020000000000030896,0.00140771330620737,0.0
682,100,0,0,20.278993229663847,29.721006770336153,0.0434980040476205,5,68200,68200,3264,13056000.0,1.0,1.0,21.49991807818437,45.91121969527359,38.20839894324422,0.20248456731316583,0.26908694405078204,0.07074890000512823,620,0.0,0.02120256669144638,0.018999999999997706,0.0020000000000030896,0.0012954373561733235,0.0
683,100,0,0,20.235812514833373,29.764187485166627,0.04318071483047348,5,68300,68300,3269,13076000.0,1.0,1.0,19.944974798533533,44.880333197177464,35.847347508185926,0.25099800796022265,0.2655387322600647,0.06304990000353428,620,0.0,0.020862347474395193,0.019000000000000936,0.0019999999999998595,0.0013183673560774878,0.0
684,100,0,0,20.192611453444457,29.807388546555543,0.043201061388916884,5,68400,68400,3274,13096000.0,1.0,1.0,20.218835306278873,41.29267083972379,39.24902818627787,0.19235384061671346,0.2635580250575602,0.13115610000386368,620,0.0,0.02085116078837501,0.019000000000004166,0.0019999999999966295,0.0013499006005410763,0.0
685,100,0,0,20.149201421833606,29.850798578166394,0.04341003161085055,5,68500,68500,3279,13116000.0,1.0,1.0,20.382866300152607,40.604623045965155,47.960103717125335,0.25099800796022265,0.30531886642714756,0.04041509999660775,620,0.0,0.02094457935474381,0.019000000000000936,0.0019999999999998595,0.001465452256105948,0.0
686,100,0,0,20.105640737554275,29.894359262445725,0.04356068427933124,5,68600,68600,3284,13136000.0,1.0,1.0,21.653312934416988,45.41503472416281,44.048129739220904,0.08944271909999159,0.27099490083592076,0.1276438000058988,620,0.0,0.021154716508061,0.018999999999997706,0.0020000000000030896,0.0014059677712694452,0.0
687,100,0,0,20.06230508014846,29.93769491985154,0.04333565740581591,5,68700,68700,3289,13156000.0,1.0,1.0,20.824563385719728,56.52578489070232,35.94000125575684,0.10954451150103321,0.24670614131901758,0.062283899998874404,620,0.0,0.021040252988342445,0.018999999999997706,0.0020000000000030896,0.0012954044174726675,0.0
688,100,0,0,20.018033496697868,29.981966503302132,0.04427158345059112,5,68800,68800,3294,13176000.0,1.0,1.0,24.61962245654473,48.18768123988309,51.3726813159956,0.1224744871391589,0.2993246526479577,0.06688880000001518,620,0.0,0.021731799552210163,0.018999999999997706,0.0020000000000030896,0.0015397838983801648,0.0
689,100,0,0,19.97483006519837,30.02516993480163,0.043203431499499345,5,68900,68900,3299,13196000.0,1.0,1.0,20.622492148993565,43.37248617337165,31.370973264572363,0.23021728866442676,0.2506628801928188,0.0627258000022266,620,0.0,0.02099076145474399,0.019000000000004166,0.0019999999999966295,0.0012126700447545602,0.0
690,100,0,0,19.92860218838986,30.07139781161014,0.04622787680850848,4,69000,69000,3303,13212000.0,1.0,1.0,30.16609553696991,76.00583832052293,48.21125572773426,0.0848528137423857,0.31725863309185554,0.05757080000330461,620,0.0,0.02383468521199461,0.019200000000003055,0.001999999999997275,0.0011931915965135431,0.0
691,100,0,0,19.88010243131458,30.11989756868542,0.048499757075280314,5,69100,69100,3308,13232000.0,1.0,1.0,38.1789937931867,88.92058823804031,50.0712469421729,0.20248456731316583,0.34132670629822603,0.09260859999631066,620,0.0,0.02598950812144807,0.019000000000000936,0.0019999999999998595,0.00151024895383145,0.0
692,100,0,0,19.83676324545089,30.16323675454911,0.04333918586369023,5,69200,69200,3313,13252000.0,1.0,1.0,20.554875489411664,47.0086790211082,39.74052651007382,0.3646916505762094,0.2950554095874519,0.12992710000253282,620,0.0,0.02098646899318979,0.019000000000004166,0.0019999999999966295,0.0013527168704996484,0.0
693,100,0,0,19.79236905831674,30.20763094168326,0.044394187134148666,3,69300,69300,3316,13264000.0,1.0,1.0,23.660114527049657,51.26060000357739,37.439983325137355,0.07071067811865474,0.2938939365405639,0.060521899999002926,620,0.0,0.022221438377872715,0.01939999999999871,0.0020000000000011536,0.0007727487562760871,0.0
694,100,0,0,19.749440782063147,30.250559217936853,0.04292827625359408,5,69400,69400,3321,13284000.0,1.0,1.0,18.583519524955573,44.6410625733518,40.41359106724512,0.2073644135332772,0.2723693390335088,0.08642919999692822,620,0.0,0.020565078313708796,0.019000000000000936,0.0019999999999998595,0.0013631979398844862,0.0
695,100,0,0,19.705503123336523,30.294496876663477,0.04393765872662314,5,69500,69500,3326,13304000.0,1.0,1.0,23.166105053509817,49.39975721512993,45.92489837985012,0.4171330722922842,0.3292079249592318,0.04723999999987427,620,0.0,0.02147068670106833,0.018999999999997706,0.0020000000000030896,0.0014669720255540142,0.0
696,100,0,0,19.661877918348193,30.338122081651807,0.04362520498833078,4,69600,69600,3330,13320000.0,1.0,1.0,21.749325576168122,46.080841037231934,40.18676210227427,0.0848528137423857,0.2803879466006339,0.1156881000060821,620,0.0,0.021352111487278336,0.019199999999999825,0.002000000000000505,0.0010730935010521137,0.0
697,100,0,0,19.61912581816533,30.38087418183467,0.04275210018286302,5,69700,69700,3335,13340000.0,1.0,1.0,17.531685174802806,42.46233388016245,34.80084705915535,0.27748873851023215,0.26281310985220874,0.054689099997631274,620,0.0,0.020473480156258717,0.019000000000000936,0.0019999999999998595,0.0012786200266035053,0.0
698,100,0,0,19.576064103072,30.423935896928,0.04306171509333012,5,69800,69800,3340,13360000.0,1.0,1.0,19.5447301752035,44.25060574810616,30.94113303680274,0.151657508881031,0.2364583889302207,0.13567740000144113,620,0.0,0.020837751959017936,0.018999999999997706,0.001999999999999537,0.0012239631343149426,0.0
699,100,0,0,19.532556157600368,30.467443842399632,0.043507945471631615,5,69900,69900,3345,13380000.0,1.0,1.0,22.072912828215358,42.784237547814605,37.69115211549739,0.18165902124584948,0.26808943791080053,0.05760949999967124,620,0.0,0.02118128168994815,0.018999999999997706,0.001999999999999537,0.0013266637816862215,0.0
700,100,0,0,19.489210334302484,30.510789665697516,0.04334582329788361,5,70000,70000,3350,13400000.0,1.0,1.0,20.767511223143025,50.97079036034981,36.148940323371214,0.322490309931942,0.2816999540883782,0.07910160000028554,620,0.0,0.021082476523773153,0.019000000000004166,0.0019999999999966295,0.0012633467741096638,0.0
701,100,0,0,19.446254605268386,30.553745394731614,0.042955729034098056,5,70100,70100,3355,13420000.0,1.0,1.0,18.621353683060015,37.70270280217066,40.663196118165246,0.2280350850198276,0.276557860049251,0.04493600000569131,620,0.0,0.020610392163536773,0.019000000000000936,0.001999999999996307,0.00134533687056404,0.0
702,100,0,0,19.402567564948804,30.597432435051196,0.04368704031958259,5,70200,70200,3360,13440000.0,1.0,1.0,23.11529318316634,50.225204390922364,36.7172521929066,0.17606816861659008,0.2669856836249404,0.11449339999671793,620,0.0,0.02137871873957664,0.019000000000000936,0.0019999999999998595,0.0013083215800051562,0.0
703,100,0,0,19.359238266093843,30.640761733906157,0.043329298854960285,5,70300,70300,3365,13460000.0,1.0,1.0,21.36024789879549,45.67735706746433,33.37759945130442,0.161245154965971,0.24998905448432984,0.037350600003264844,620,0.0,0.02105011848486882,0.019000000000000936,0.0019999999999998595,0.0012791803700906712,0.0
704,100,0,0,19.31554998696919,30.68445001303081,0.043688279124651785,5,70400,70400,3370,13480000.0,1.0,1.0,22.164705202057277,48.44913004979104,43.12088236948379,0.14832396974191325,0.28132382715621335,0.14313599999877624,620,0.0,0.021302091070197093,0.019000000000000936,0.0020000000000034122,0.0013861880544503435,0.0
705,100,0,0,19.271601772989772,30.728398227010228,0.04394821397941939,5,70500,70500,3375,13500000.0,1.0,1.0,23.79886711336023,56.166848563307205,34.99579351442533,0.12649110640673517,0.2559456868132888,0.056210400005511474,620,0.0,0.021665661928636837,0.019000000000004166,0.002000000000000182,0.0012825520507782073,0.0
706,100,0,0,19.227488736302952,30.772511263697048,0.044113036686820095,3,70600,70600,3378,13512000.0,1.0,1.0,23.618944967661044,44.94281121410961,26.746987581957004,0.03741657386773941,0.2562080568677331,0.08086059999914141,620,0.0,0.02202260773584186,0.01939999999999871,0.0020000000000047063,0.0006904289509748196,0.0
707,100,0,0,19.18432207412668,30.81567792587332,0.0431666621762723,5,70700,70700,3383,13532000.0,1.0,1.0,20.289155438332937,42.326665390133584,36.65458736722745,0.07745966692414834,0.2464342803001615,0.04570349999994505,620,0.0,0.020883541281985885,0.019000000000000936,0.0019999999999998595,0.0012831208942856165,0.0
708,100,0,0,19.1412321526793,30.8587678473207,0.043089921447379,5,70800,70800,3388,13552000.0,1.0,1.0,20.386700784564397,41.29267083972379,27.628643253535223,0.3420526275297414,0.25753246040696576,0.11723529999289894,620,0.0,0.02091890775458083,0.018999999999997706,0.0020000000000030896,0.0011710136927973736,0.0
709,100,0,0,19.09838485985589,30.90161514014411,0.042847292823410044,5,70900,70900,3393,13572000.0,1.0,1.0,18.321164621925973,38.042176100122504,31.40834248928354,0.25298221281347033,0.2519735200341433,0.18312839999998687,620,0.0,0.02064114371088266,0.019000000000000936,0.0019999999999998595,0.0012061491125265889,0.0
710,100,0,0,19.055109603041814,30.944890396958186,0.04327525681407707,5,71000,71000,3398,13592000.0,1.0,1.0,20.10102184250346,46.14513746255741,32.75825229358797,0.15811388300841897,0.24589676517497464,0.062348999999812804,620,0.0,0.020980407588474748,0.018999999999997706,0.001999999999999537,0.001294849225605077,0.0
711,100,0,0,19.011912666613593,30.988087333386407,0.04319693642822031,5,71100,71100,3403,13612000.0,1.0,1.0,19.557040195860672,48.44323990708682,36.562177310628826,0.17888543819998318,0.260470661636377,0.07450740000058431,620,0.0,0.02088977007302617,0.019000000000000936,0.0020000000000034122,0.0013071663551897927,0.0
712,100,0,0,18.968938815705854,31.031061184294146,0.042973850907738864,5,71200,71200,3408,13632000.0,1.0,1.0,18.9050841015113,36.32264276068533,42.80355033688052,0.18165902124584948,0.27933129000732076,0.06657119999727001,620,0.0,0.020597838612303576,0.019000000000000936,0.001999999999996307,0.001376012295438045,0.0
713,100,0,0,18.92473981057355,31.07526018942645,0.04419900513230601,5,71300,71300,3413,13652000.0,1.0,1.0,24.122306727143883,46.14513746255741,50.881281795627864,0.1140175425099138,0.30589446528034336,0.10180419999960577,620,0.0,0.021665431884432707,0.019000000000000936,0.0019999999999998595,0.0015335732478725106,0.0
714,100,0,0,18.877696421168086,31.122303578831914,0.04704338940546293,2,71400,71400,3415,13660000.0,1.0,1.0,32.387921365065004,75.9261067862715,36.250209453808246,0.04,0.32851157654919344,0.05684179999661865,620,0.0,0.02493746474038616,0.01960000000000083,0.001999999999998569,0.000505924665077373,0.0
715,100,0,0,18.834199679430675,31.165800320569325,0.04349674173741036,5,71500,71500,3420,13680000.0,1.0,1.0,21.714795941461517,41.401969089330564,41.48470725006753,0.216794833886788,0.28704449682005695,0.12655809999705525,620,0.0,0.021110892435597606,0.018999999999997706,0.001999999999999537,0.0013858493018155116,0.0
716,100,0,0,18.79023238830044,31.20976761169956,0.043967291130236674,5,71600,71600,3425,13700000.0,1.0,1.0,23.747045851452558,47.86439978106134,44.22652259737389,0.19235384061671346,0.2969122847712483,0.05975559999933466,620,0.0,0.021570337178943078,0.019000000000000936,0.0019999999999998595,0.0013969539512928009,0.0
717,100,0,0,18.745405645129612,31.254594354870388,0.04482674317082669,5,71700,71700,3430,13720000.0,1.0,1.0,26.32151369162021,51.390733093567874,53.42644041382365,0.18439088914585774,0.3204339646065353,0.07907279999926686,620,0.0,0.022244130431008813,0.019000000000000936,0.0019999999999998595,0.0015826127398170797,0.0
718,100,0,0,18.702284875991598,31.297715124008402,0.04312076913801377,5,71800,71800,3435,13740000.0,1.0,1.0,19.95374738217785,49.35900012539785,32.85738683622447,0.31937438845342625,0.26929163969496217,0.04878900000039721,620,0.0,0.020882718057723793,0.019000000000000936,0.0019999999999998595,0.001238051080289182,0.0
719,100,0,0,18.657122934198487,31.342877065801513,0.04516194179311128,5,71900,71900,3440,13760000.0,1.0,1.0,28.53987545856503,51.02532251894374,51.72568216013978,0.19235384061671346,0.3239199834190453,0.1053609000009601,620,0.0,0.022619998017407994,0.019000000000000936,0.0020000000000034122,0.0015419437756989396,0.0
720,100,0,0,18.61224452806145,31.38775547193855,0.04487840613703753,5,72000,72000,3445,13780000.0,1.0,1.0,25.619182064763677,61.930207088230844,47.79268703061361,0.2073644135332772,0.308387221600663,0.04872189999878174,620,0.0,0.022399637425309038,0.018999999999997706,0.0020000000000030896,0.001478768711727696,0.0
721,100,0,0,18.568893351234447,31.431106648765553,0.04335117682700229,5,72100,72100,3450,13800000.0,1.0,1.0,21.205775639221397,44.036003661088,34.14219658819691,0.2549509756796392,0.2667711766259198,0.15972830000100657,620,0.0,0.021077563006819844,0.018999999999997706,0.0020000000000030896,0.0012736138201816516,0.0
722,100,0,0,18.524699050346296,31.475300949653704,0.044194300888150906,4,72200,72200,3454,13816000.0,1.0,1.0,25.269659245983302,51.31610385408795,21.758602806172753,0.04898979485566356,0.2257808025907718,0.08090319999610074,620,0.0,0.022108042155615237,0.019200000000003055,0.0020000000000008275,0.0008862587325317861,0.0
723,100,0,0,18.48161589139773,31.51838410860227,0.043083158948565625,5,72300,72300,3459,13836000.0,1.0,1.0,19.33773432100727,37.900273914215994,37.38855825589617,0.170293863659264,0.2560325590412965,0.06406319999950938,620,0.0,0.020761365196140247,0.019000000000004166,0.0019999999999966295,0.0013217937524245826,0.0
724,100,0,0,18.437400038572868,31.562599961427132,0.04421585282486262,4,72400,72400,3463,13852000.0,1.0,1.0,24.642371798486664,50.612855377807044,29.00867599265933,0.0848528137423857,0.2532363761285295,0.10033180000027642,620,0.0,0.022078107780714618,0.01919999999999659,0.0020000000000037384,0.0009377450441476753,0.0
725,100,0,0,18.394296249240412,31.605703750759588,0.04310378933245573,5,72500,72500,3468,13872000.0,1.0,1.0,19.90357193031096,37.177875360589944,41.483444964362015,0.13784048752090222,0.2704032401844057,0.05329910000000382,620,0.0,0.02074738525929476,0.018999999999997706,0.001999999999995984,0.0013564040731672833,0.0
726,100,0,0,18.351213607091513,31.648786392908487,0.04308264214889945,5,72600,72600,3473,13892000.0,1.0,1.0,20.15406179832323,45.777107633903455,27.341975534312166,0.17888543819998318,0.2322765788315112,0.12372550000145566,620,0.0,0.020920551978601765,0.018999999999997706,0.0020000000000030896,0.0011620901702968922,0.0
727,100,0,0,18.30826356107658,31.69173643892342,0.04295004601493346,5,72700,72700,3478,13912000.0,1.0,1.0,19.110017115203767,43.47246996785355,32.92953298489877,0.12649110640673517,0.2400834181310377,0.05828990000009071,620,0.0,0.020710911100206175,0.019000000000000936,0.0019999999999998595,0.0012391349147264918,0.0
728,100,0,0,18.26516414155548,31.73483585844452,0.043099419521098525,5,72800,72800,3483,13932000.0,1.0,1.0,19.48044139158151,50.09917332998639,30.10511238714826,0.18708286933869706,0.24115515959841854,0.054366600001230836,620,0.0,0.02091186756358354,0.019000000000000936,0.0019999999999998595,0.001187551957514188,0.0
729,100,0,0,18.221635488211657,31.778364511788343,0.04352865334382372,5,72900,72900,3488,13952000.0,1.0,1.0,21.732580959167713,46.14513746255741,38.7054750346004,0.23874672772626643,0.2812645827399372,0.07924130000174046,620,0.0,0.021174885783747044,0.019000000000000936,0.0019999999999998595,0.0013537675600758803,0.0
730,100,0,0,18.178755744771312,31.821244255228688,0.04287974344034495,5,73000,73000,3493,13972000.0,1.0,1.0,19.181735881411555,34.59181431125041,34.94659460935611,0.1140175425099138,0.24525717774891115,0.1146532999991905,620,0.0,0.020574717843096835,0.019000000000004166,0.0019999999999966295,0.0013050255972473224,0.0
731,100,0,0,18.135764798244434,31.864235201755566,0.04299094652687785,5,73100,73100,3498,13992000.0,1.0,1.0,18.912118319109094,40.34617808088855,36.86029005330296,0.15811388300841897,0.25302454058227575,0.04653400000097463,620,0.0,0.020663360576676837,0.019000000000000936,0.001999999999996307,0.001327585950203769,0.0
732,100,0,0,18.092678116170102,31.907321883829898,0.04308668207433186,5,73200,73200,3503,14012000.0,1.0,1.0,19.50302496712244,36.87082510259466,44.523128765199544,0.044721359549995794,0.26609537936007366,0.1729403999997885,620,0.0,0.020680984481181497,0.019000000000000936,0.0019999999999998595,0.0014056975931495685,0.0
733,100,0,0,18.049537531159697,31.950462468840303,0.04314058501040563,5,73300,73300,3508,14032000.0,1.0,1.0,19.733468929653917,40.02162380375568,42.19863129535044,0.13038404810405296,0.272522533481347,0.046036899999307934,620,0.0,0.020775754716627404,0.018999999999997706,0.001999999999999537,0.001364830293780983,0.0
734,100,0,0,18.006113216674017,31.993886783325983,0.04342431448568007,5,73400,73400,3513,14052000.0,1.0,1.0,21.066436592925513,48.42557656878674,32.60644844449302,0.12649110640673517,0.23633202118110586,0.07661560000269674,620,0.0,0.02114351162825301,0.019000000000000936,0.0019999999999998595,0.0012808028574262664,0.0
735,100,0,0,17.962644416953488,32.03735558304651,0.04346879972052875,5,73500,73500,3518,14072000.0,1.0,1.0,21.925664175941375,53.251913429810884,36.065048599593766,0.25099800796022265,0.2740943181680492,0.04722570000012638,620,0.0,0.021188126233894877,0.018999999999997706,0.0020000000000030896,0.0012806734866330771,0.0
736,100,0,0,17.91869941955148,32.08130058044852,0.04394499740200786,4,73600,73600,3522,14088000.0,1.0,1.0,22.739816472189233,43.5305911688578,45.41047523033596,0.04,0.29418614191061937,0.1226879000023473,620,0.0,0.021600132414075546,0.019199999999999825,0.002000000000000505,0.0011448649879319817,0.0
737,100,0,0,17.873628966009093,32.12637103399091,0.0450704535423867,4,73700,73700,3526,14104000.0,1.0,1.0,27.195955730610763,49.063682990352724,54.04169971655179,0.0282842712474619,0.3239293284934874,0.1263528999988921,620,0.0,0.02259845127658977,0.019199999999999825,0.002000000000000505,0.0012720022657966013,0.0
738,100,0,0,17.828221303123087,32.17177869687691,0.045407662886006506,5,73800,73800,3531,14124000.0,1.0,1.0,28.95470668661025,54.4719962420932,53.09943946073933,0.09486832980505137,0.31736321930290534,0.057824699993943796,620,0.0,0.02283990567201144,0.019000000000000936,0.0019999999999998595,0.0015677572139942697,0.0
739,100,0,0,17.784623336739912,32.21537666326009,0.04359796638317448,5,73900,73900,3536,14144000.0,1.0,1.0,21.67359579115877,40.94122990066516,47.631916279776036,0.396232255123179,0.3278943284260441,0.05732539999735309,620,0.0,0.02110617422229666,0.018999999999997706,0.001999999999999537,0.0014917921608805784,0.0
740,100,0,0,17.740581282929373,32.25941871707063,0.04404205381053927,5,74000,74000,3541,14164000.0,1.0,1.0,23.956241366974172,63.68108776116917,32.70121045535147,0.18165902124584948,0.2589919249139757,0.07980230000248412,620,0.0,0.02181224420422012,0.018999999999997706,0.001999999999999537,0.0012298096063219077,0.0
741,100,0,0,17.697023599173612,32.30297640082639,0.04355768375576119,5,74100,74100,3546,14184000.0,1.0,1.0,21.639463640279526,50.964009169083795,36.183354233999964,0.18165902124584948,0.2650373750540742,0.10273479999887059,620,0.0,0.021274508799802305,0.018999999999997706,0.0020000000000030896,0.0012831749559580885,0.0
742,100,0,0,17.65033511113273,32.34966488886727,0.04668848804088199,5,74200,74200,3551,14204000.0,1.0,1.0,32.05281406839451,76.00583832052293,51.87455970555226,0.372827037646145,0.3603123153131528,0.056636000001162756,620,0.0,0.024132801289098893,0.019000000000000936,0.001999999999996307,0.0015556867517858564,0.0
743,100,0,0,17.605333055677704,32.394666944322296,0.04500205545502567,3,74300,74300,3554,14216000.0,1.0,1.0,26.926987485945276,61.930207088230844,28.444228291825286,0.09899494936611665,0.28031797936879355,0.12689149999641813,620,0.0,0.022890777686530583,0.01940000000000194,0.0019999999999979236,0.0007112777684952221,0.0
744,100,0,0,17.56110994622449,32.43889005377551,0.04422310945321328,5,74400,74400,3559,14236000.0,1.0,1.0,25.128269867007834,50.468042265999316,26.923682010949257,0.31144823004794875,0.2631955691371668,0.08047739999892656,620,0.0,0.022060773926575905,0.018999999999997706,0.0020000000000030896,0.001162335526636582,0.0
745,100,0,0,17.517234282534112,32.48276571746589,0.043875663690378985,5,74500,74500,3564,14256000.0,1.0,1.0,22.99614232517512,48.44913004979104,39.45912669680395,0.10488088481701516,0.25930492656803794,0.06433779999497347,620,0.0,0.021494938275957054,0.019000000000000936,0.0019999999999998595,0.0013807254144211356,0.0
746,100,0,0,17.474298059184658,32.52570194081534,0.042936223349453684,5,74600,74600,3569,14276000.0,1.0,1.0,18.89545186829736,48.25836487413423,30.768182521119037,0.2949576240750525,0.25731972897673194,0.05922719999944093,620,0.0,0.02072415502156133,0.018999999999997706,0.001999999999999537,0.0012120683278951105,0.0
747,100,0,0,17.430647746649722,32.569352253350274,0.04365031253493612,5,74700,74700,3574,14296000.0,1.0,1.0,22.784296642325387,51.52142531951748,30.99196814305636,0.1224744871391589,0.24069456045351686,0.10364100000151666,620,0.0,0.02143305946908214,0.019000000000000936,0.0019999999999998595,0.0012172530658531855,0.0
748,100,0,0,17.38732583573521,32.61267416426479,0.04332191091451065,5,74800,74800,3579,14316000.0,1.0,1.0,21.266051467303292,34.96687461836663,42.32109610189099,0.10954451150103321,0.2710586064233186,0.0529065000009723,620,0.0,0.020957363108241367,0.018999999999997706,0.001999999999999537,0.0013645478062720429,0.0
749,100,0,0,17.34454561853658,32.65545438146342,0.0427802171986329,5,74900,74900,3584,14336000.0,1.0,1.0,18.147069758950344,37.15704347176941,35.32849696652226,0.1,0.241227748550967,0.1269615999990492,620,0.0,0.020519980988812137,0.019000000000000936,0.0019999999999998595,0.0012602362098199649,0.0
750,100,0,0,17.301034956412405,32.69896504358759,0.04351066212417365,4,75000,75000,3588,14352000.0,1.0,1.0,22.06011418305712,42.5223096017503,25.01670052991811,0.0632455532033676,0.2317621355385098,0.05437979999987874,620,0.0,0.021406352006842155,0.019200000000003055,0.0020000000000008275,0.0009043101173276114,0.0
751,100,0,0,17.257927412931373,32.74207258706863,0.04310754348103174,5,75100,75100,3593,14372000.0,1.0,1.0,20.09287897755251,40.28532090114795,40.5338567581021,0.15811388300841897,0.27069374180426614,0.10222580000117887,620,0.0,0.020758222748792576,0.019000000000004166,0.0019999999999966295,0.0013493207322383682,0.0
752,100,0,0,17.213840819451097,32.78615918054891,0.04408659348027655,5,75200,75200,3598,14392000.0,1.0,1.0,24.97441739685957,51.17268262234865,26.560043618388278,0.15811388300841897,0.23742216793899695,0.06022490000032121,620,0.0,0.021889351410028013,0.019000000000000936,0.0019999999999998595,0.0011972420702477393,0.0
753,100,0,0,17.170754103687784,32.829245896312216,0.043086715763312355,5,75300,75300,3603,14412000.0,1.0,1.0,19.836869264360836,51.37805873194581,30.190942713492916,0.2345207879911715,0.24950185643705866,0.11037409999698866,620,0.0,0.020881013593715636,0.018999999999997706,0.0020000000000030896,0.0012057021695959236,0.0
754,100,0,0,17.127319907179597,32.8726800928204,0.04343419650818703,5,75400,75400,3608,14432000.0,1.0,1.0,20.617711076661706,43.63277393411621,44.11342227185463,0.21447610589527216,0.2926940212778802,0.04775789999985136,620,0.0,0.021037496553731216,0.018999999999997706,0.001999999999999537,0.001396699954458569,0.0
755,100,0,0,17.083569614190942,32.91643038580906,0.04375029298865485,5,75500,75500,3613,14452000.0,1.0,1.0,22.916432715913768,50.09917332998639,23.892847309990422,0.15491933384829668,0.22449708310730218,0.1311965999993845,620,0.0,0.02160303203522318,0.019000000000000936,0.0019999999999998595,0.001147260953430873,0.0
756,100,0,0,17.040573523556592,32.95942647644341,0.04299609063435028,5,75600,75600,3618,14472000.0,1.0,1.0,18.90615276977377,40.02814440924319,34.14181328226157,0.38987177379235854,0.2835845615664164,0.07191900000179885,620,0.0,0.02075101488277653,0.018999999999997706,0.001999999999999537,0.0012450757515765076,0.0
757,100,0,0,16.994392245259846,33.005607754740154,0.04618127829674634,5,75700,75700,3623,14492000.0,1.0,1.0,30.581318446224614,76.00583832052293,50.46068410361481,0.1140175425099138,0.31244229677832736,0.09390089999942575,620,0.0,0.02366363379865888,0.018999999999997706,0.0020000000000030896,0.0015176444980866677,0.0
758,100,0,0,16.949998470971547,33.05000152902845,0.044393774288298715,4,75800,75800,3627,14508000.0,1.0,1.0,25.45506889419751,50.25606537087422,38.630804999431334,0.07483314773547883,0.28326207618429494,0.07418470000266097,620,0.0,0.02213708167435513,0.019199999999999825,0.002000000000000505,0.0010566926139432553,0.0
759,100,0,0,16.906353682985195,33.0936463170148,0.043644787986352185,5,75900,75900,3632,14528000.0,1.0,1.0,22.66778590147803,37.177875360589944,41.568765793111716,0.054772255750516606,0.26126272210114654,0.08407939999597147,620,0.0,0.02125073303253444,0.019000000000000936,0.0019999999999998595,0.0013940549538169478,0.0
760,100,0,0,16.86293782358065,33.13706217641935,0.04341585940454351,5,76000,76000,3637,14548000.0,1.0,1.0,20.405945268693912,47.86439978106134,48.00707350540353,0.2932575659723036,0.3074265951092244,0.12983629999507684,620,0.0,0.02094001814298352,0.018999999999997706,0.0020000000000030896,0.0014758412615591965,0.0
761,100,0,0,16.819335041953188,33.18066495804681,0.043602781627463116,5,76100,76100,3642,14568000.0,1.0,1.0,21.469602080387638,43.99458230324657,42.98640651960554,0.20976176963403032,0.2878548393286572,0.05814749999990454,620,0.0,0.021219372561105843,0.018999999999997706,0.0020000000000030896,0.001383409066356478,0.0
762,100,0,0,16.77574822975162,33.22425177024838,0.04358681220156768,5,76200,76200,3647,14588000.0,1.0,1.0,21.592880706139194,45.30047250695338,41.103258028902744,0.10488088481701516,0.2590731870076124,0.05529699999897275,620,0.0,0.021196513136697348,0.018999999999997706,0.001999999999999537,0.0013902990648730906,0.0
763,100,0,0,16.732661811659494,33.2673381883405,0.04308641809212688,5,76300,76300,3652,14608000.0,1.0,1.0,19.17296057314814,41.401969089330564,39.670670970204654,0.2449489742783178,0.27533201981182864,0.07700970000587404,620,0.0,0.02073611693207411,0.018999999999997706,0.001999999999999537,0.0013503011600555226,0.0
764,100,0,0,16.68992916099421,33.31007083900579,0.042732650665282534,5,76400,76400,3657,14628000.0,1.0,1.0,17.535853074155053,35.6811828826079,38.22808747322333,0.22135943621178655,0.263440312572279,0.08632370000123046,620,0.0,0.02043028726427565,0.019000000000004166,0.002000000000000182,0.0013023634010025376,0.0
765,100,0,0,16.64700223733661,33.35299776266339,0.04292692365759976,5,76500,76500,3662,14648000.0,1.0,1.0,19.153149717028604,35.49635457333994,35.80367681934441,0.2073644135332772,0.25762997012506395,0.07288179999886779,620,0.0,0.020638495487684594,0.018999999999997706,0.0020000000000030896,0.0012884281699143685,0.0
766,100,0,0,16.603476387099366,33.39652361290064,0.04352585023724487,5,76600,76600,3667,14668000.0,1.0,1.0,21.29394146135641,45.18184722861047,43.933970066921646,0.2,0.2869281045309186,0.13183120000030613,620,0.0,0.021131692986283923,0.018999999999997706,0.001999999999999537,0.0013941572509637012,0.0
767,100,0,0,16.559911220579128,33.440088779420876,0.04356516652023856,5,76700,76700,3672,14688000.0,1.0,1.0,22.361306719037273,48.44913004979104,39.21019501515199,0.2073644135332772,0.2759425762665588,0.05848379999952158,620,0.0,0.021230412870213655,0.019000000000004166,0.0019999999999966295,0.001334753650024112,0.0
768,100,0,0,16.51678422029988,33.48321577970012,0.04312700027924876,5,76800,76800,3677,14708000.0,1.0,1.0,19.744869382997017,48.25836487413423,37.322703795065586,0.303315017762062,0.2784006358617024,0.057130000001052395,620,0.0,0.020812671559159668,0.019000000000000936,0.0019999999999998595,0.001314328720088298,0.0
769,100,0,0,16.4737837461145,33.5262162538855,0.04300047418538,5,76900,76900,3682,14728000.0,1.0,1.0,19.20722594402457,38.392430080398945,40.03031523290163,0.151657508881031,0.26380272838707053,0.10030410000035772,620,0.0,0.020658366644532578,0.018999999999997706,0.001999999999999537,0.0013421075408501792,0.0
770,100,0,0,16.429753673546497,33.5702463264535,0.04403007256800251,4,77000,77000,3686,14744000.0,1.0,1.0,23.010118950011986,47.35430092932509,38.60354171142182,0.04898979485566356,0.27265699046039144,0.03681240000150865,620,0.0,0.02178839569772606,0.019200000000003055,0.001999999999997275,0.0010416768702761203,0.0
771,100,0,0,16.386705192002022,33.613294807997974,0.04304848154447427,5,77100,77100,3691,14764000.0,1.0,1.0,19.312703522815855,45.493991446822186,35.38182170562638,0.2073644135332772,0.25782809626075676,0.11575710000033723,620,0.0,0.020763382546320486,0.018999999999997706,0.0020000000000030896,0.0012850989981529892,0.0
772,100,0,0,16.343857451212205,33.6561425487878,0.042847740789817124,5,77200,77200,3696,14784000.0,1.0,1.0,18.80124378532346,41.51740752295253,28.209059165706044,0.07745966692414834,0.21462335994295817,0.13260080000327434,620,0.0,0.020675244013713012,0.019000000000000936,0.0019999999999998595,0.0011724967761033156,0.0
773,100,0,0,16.30051523891203,33.69948476108797,0.043342212300174765,4,77300,77300,3700,14800000.0,1.0,1.0,20.789098671452443,44.25060574810616,28.710740123686143,0.1414213562373095,0.2503721232744626,0.057408100001339335,620,0.0,0.02120211767571689,0.019199999999999825,0.002000000000000505,0.0009400946244575437,0.0
774,100,0,0,16.256855725601877,33.74314427439812,0.043659513310153386,5,77400,77400,3705,14820000.0,1.0,1.0,21.839826759845867,43.5407729176113,48.72169618774951,0.13038404810405296,0.2921784557929868,0.05617779999738559,620,0.0,0.0211747144380503,0.019000000000000936,0.0019999999999998595,0.0014847988721022887,0.0
775,100,0,0,16.213031721182315,33.78696827881768,0.04382400441956236,5,77500,77500,3710,14840000.0,1.0,1.0,22.955300564572443,40.676534234858764,44.027442404091836,0.19235384061671346,0.2851138366206376,0.07496929999615531,620,0.0,0.021375762657488195,0.019000000000000936,0.0019999999999998595,0.0014482417620733656,0.0
776,100,0,0,16.169361234302347,33.83063876569766,0.043670486879967996,5,77600,77600,3715,14860000.0,1.0,1.0,22.11031347801579,49.39975721512993,43.10908496909227,0.08944271909999159,0.2716855717753681,0.0395933999971021,620,0.0,0.02128260214931288,0.019000000000000936,0.0019999999999998595,0.0013878847306543207,0.0
777,100,0,0,16.12515418152744,33.874845818472565,0.04420705277490811,5,77700,77700,3720,14880000.0,1.0,1.0,25.73707356821092,49.50190085411332,22.253659133430887,0.26267851073127396,0.23973067042564894,0.11260300000139978,620,0.0,0.022075691167380285,0.019000000000000936,0.0019999999999998595,0.001131361607527026,0.0
778,100,0,0,16.08165074627746,33.91834925372254,0.043503435249977684,5,77800,77800,3725,14900000.0,1.0,1.0,21.70869123033503,40.43849689448431,41.62951585442804,0.27568097504180444,0.2879982773445584,0.03598020000208635,620,0.0,0.021071014056587956,0.019000000000000936,0.0019999999999998595,0.001432421193388933,0.0
779,100,0,0,16.038139461235176,33.961860538764824,0.04351128504228541,5,77900,77900,3730,14920000.0,1.0,1.0,21.923897525179584,43.71925873217579,32.868617892598365,0.30983866769659335,0.2724637393767795,0.15472690000024159,620,0.0,0.021275163205203285,0.019000000000000936,0.0019999999999998595,0.0012361218370813276,0.0
780,100,0,0,15.995378142248978,34.00462185775102,0.04276131898619795,5,78000,78000,3735,14940000.0,1.0,1.0,17.998983964671826,37.1813264445933,31.942501523254883,0.19493588689617927,0.24383324837909576,0.055487499994342215,620,0.0,0.02054605925684072,0.018999999999997706,0.001999999999999537,0.0012152597293599854,0.0
781,100,0,0,15.952294164665192,34.04770583533481,0.04308397758378568,6,78100,78100,3741,14964000.0,1.0,1.0,19.892112425788504,39.131207891670414,43.83803190557783,0.07483314773547882,0.28797152132335335,0.11835119999886956,620,0.0,0.02060380416140184,0.01880000000000043,0.002000000000000831,0.0016801734223825804,0.0
782,100,0,0,15.909066154106256,34.090933845893744,0.04322801055893599,5,78200,78200,3746,14984000.0,1.0,1.0,20.23118346255358,42.46233388016245,34.658493375538754,0.1414213562373095,0.2485332760036837,0.037654800005839206,620,0.0,0.020933084010188452,0.019000000000000936,0.0019999999999998595,0.0012949265487467443,0.0
783,100,0,0,15.864460883960195,34.13553911603981,0.04460527014606086,5,78300,78300,3751,15004000.0,1.0,1.0,25.449129018113126,65.30302594348217,40.29374219306634,0.18708286933869706,0.2862830839672717,0.11395909999555442,620,0.0,0.02225611215512835,0.018999999999997706,0.0020000000000013132,0.0013491579909334916,0.0
784,100,0,0,15.819842320776043,34.18015767922395,0.04461856318415158,3,78400,78400,3754,15016000.0,1.0,1.0,25.081923927783635,59.509061867821664,44.91361912826131,0.09899494936611665,0.3273757871961917,0.1309811000028276,620,0.0,0.02237377651048078,0.01940000000000194,0.0019999999999997,0.0008447866736691623,0.0
785,100,0,0,15.775282803776257,34.22471719622374,0.04455951699978655,5,78500,78500,3759,15036000.0,1.0,1.0,26.129330397580375,51.3003298450023,46.16836222845761,0.08366600265340755,0.29089066470194275,0.05484489999798825,620,0.0,0.022125274053887978,0.01899999999999932,0.0019999999999997,0.0014342429458995554,0.0
786,100,0,0,15.732531431448763,34.26746856855124,0.04275137232749415,5,78600,78600,3764,15056000.0,1.0,1.0,17.974158416368393,45.777107633903455,30.999379386590636,0.2280350850198276,0.24688883832387515,0.0508616000006441,620,0.0,0.020528159538447,0.019000000000000936,0.0019999999999998595,0.0012232127890463573,0.0
787,100,0,0,15.689577019069292,34.31042298093071,0.04295441237947095,5,78700,78700,3769,15076000.0,1.0,1.0,18.7885438214455,38.042176100122504,34.70905214547015,0.1341640786499874,0.2457670304287748,0.07919089999631979,620,0.0,0.020675004080901616,0.019000000000000936,0.001999999999998083,0.001279408298570317,0.0
788,100,0,0,15.645527736936835,34.354472263063165,0.04404928213245718,5,78800,78800,3774,15096000.0,1.0,1.0,23.59062395764444,60.08976620414828,36.68627902802641,0.23664319132398465,0.2790244261936118,0.04121199999644887,620,0.0,0.021756187874544253,0.01899999999999932,0.0019999999999979236,0.0012930942579156834,0.0
789,100,0,0,15.60028090286126,34.39971909713874,0.04524683407557539,5,78900,78900,3779,15116000.0,1.0,1.0,27.53242417566718,66.95360588373119,48.4033655214158,0.3646916505762094,0.3419105078895768,0.05602970000472851,620,0.0,0.022753119269374622,0.019000000000000936,0.0019999999999998595,0.001493714806199975,0.0
790,100,0,0,15.556037287324807,34.443962712675194,0.04424361553645184,5,79000,79000,3784,15136000.0,1.0,1.0,23.87496426579002,46.82454840433569,47.1421745047207,0.151657508881031,0.29222475377382934,0.08413160000054631,620,0.0,0.02177263019500586,0.019000000000000936,0.0019999999999998595,0.0014709853414451857,0.0
791,100,0,0,15.512114660544649,34.48788533945535,0.04392262678015868,5,79100,79100,3789,15156000.0,1.0,1.0,23.55935885122513,48.980883052519644,42.190224733800065,0.17888543819998318,0.2858959907653357,0.13006310000491794,620,0.0,0.021547785572680667,0.019000000000000936,0.0019999999999998595,0.0013748412074772176,0.0
792,100,0,0,15.468719039015545,34.53128096098445,0.043395621529104034,5,79200,79200,3794,15176000.0,1.0,1.0,20.545559592662492,56.52578489070232,27.814933576287444,0.12649110640673517,0.22621839733847113,0.05567579999478767,620,0.0,0.02119016504125959,0.019000000000000936,0.001999999999998083,0.0012054564878454244,0.0
793,100,0,0,15.42531177026855,34.57468822973145,0.04340726874699463,5,79300,79300,3799,15196000.0,1.0,1.0,20.956283227066937,58.84899020301225,26.95238012864011,0.2549509756796392,0.243852421547227,0.06145140000444371,620,0.0,0.021239498253008193,0.019000000000000936,0.0019999999999998595,0.0011677704939856426,0.0
794,100,0,0,15.382387121496262,34.617612878503735,0.04292464877228852,5,79400,79400,3804,15216000.0,1.0,1.0,19.27600686521751,38.391156407183274,33.148133169490094,0.1673320053068151,0.24674996717969033,0.1279177999967942,620,0.0,0.02069343219814357,0.01899999999999932,0.0019999999999979236,0.0012312165741477088,0.0
795,100,0,0,15.339385218624226,34.66061478137577,0.0430019028720352,5,79500,79500,3809,15236000.0,1.0,1.0,19.335269588123438,42.5223096017503,36.21216257748468,0.25298221281347033,0.26976037744120607,0.03602289999980712,620,0.0,0.020728249835931578,0.01899999999999932,0.0020000000000014763,0.0012736530361028287,0.0
796,100,0,0,15.296074624764492,34.70392537523551,0.04331059385973468,5,79600,79600,3814,15256000.0,1.0,1.0,19.91906317125303,52.65003655512523,39.7916324091784,0.23237900077244503,0.274321719803009,0.10952499999984866,620,0.0,0.02095696818121162,0.01899999999999932,0.0020000000000014763,0.0013536256785222633,0.0
797,100,0,0,15.252905782273556,34.74709421772644,0.04316884249093533,5,79700,79700,3819,15276000.0,1.0,1.0,19.649102957176783,36.0997210802366,42.10190567057053,0.23874672772626643,0.28612739803459575,0.03792800000519492,620,0.0,0.020781588878527657,0.01899999999999932,0.0019999999999997,0.0013872536124086565,0.0
798,100,0,0,15.209488260762575,34.790511739237424,0.04341752151098177,5,79800,79800,3824,15296000.0,1.0,1.0,21.253666648136598,40.44967434231495,45.41066336225409,0.07071067811865475,0.27413296458564945,0.1454950000043027,620,0.0,0.020987456619863565,0.01899999999999932,0.0019999999999997,0.0014300648911191871,0.0
799,100,0,0,15.166204166732784,34.83379583326722,0.043284094029790054,5,79900,79900,3829,15316000.0,1.0,1.0,21.08192466248566,50.21786407559444,31.619279514810408,0.23021728866442676,0.2557169684964097,0.054651900005410425,620,0.0,0.021055483846417644,0.01899999999999932,0.0019999999999979236,0.0012286101833751673,0.0
800,100,0,0,15.122915989157349,34.87708401084265,0.04328817757543568,5,80000,80000,3834,15336000.0,1.0,1.0,19.850497561394718,52.633160815678785,31.05316047986367,0.16431676725154984,0.2420712191959853,0.08106869999755872,620,0.0,0.02105792428187314,0.01899999999999932,0.0019999999999997,0.0012302532935635213,0.0
801,100,0,0,15.079037234952871,34.92096276504713,0.04387875420447784,5,80100,80100,3839,15356000.0,1.0,1.0,22.81352130027415,46.56183655042357,47.00045373805591,0.2664582518894846,0.3094131036547563,0.04581969999708235,620,0.0,0.02138140069130756,0.018999999999997706,0.0020000000000030896,0.001497353513169486,0.0
802,100,0,0,15.035460556380421,34.96453944361958,0.04357667857244962,5,80200,80200,3844,15376000.0,1.0,1.0,21.791343603806236,40.04472026229253,44.073573398770336,0.2345207879911715,0.29832290466231104,0.10246789999655448,620,0.0,0.02118112630644653,0.019000000000000936,0.0019999999999998595,0.0013955522660022979,0.0
803,100,0,0,14.99144534130922,35.008554658690784,0.04401521507120165,5,80300,80300,3849,15396000.0,1.0,1.0,23.329444540474263,53.251913429810884,40.54876540808375,0.35213633723318016,0.30767469427144545,0.05048180000449065,620,0.0,0.021661574453540666,0.01899999999999932,0.0019999999999997,0.0013536406176619664,0.0
804,100,0,0,14.948269771660998,35.051730228339004,0.04317556964822167,5,80400,80400,3854,15416000.0,1.0,1.0,20.291176280417165,50.25606537087422,31.855471867861958,0.151657508881031,0.2445196143066243,0.1739469000021927,620,0.0,0.020925943399076274,0.01899999999999932,0.0019999999999997,0.0012496262491463739,0.0
805,100,0,0,14.905120319910026,35.094879680089974,0.04314945175097229,5,80500,80500,3859,15436000.0,1.0,1.0,19.65320548512862,46.40529726611344,35.41201497743943,0.19493588689617927,0.26105893113922624,0.04324070000438951,620,0.0,0.02087690787233676,0.018999999999997706,0.0020000000000013132,0.0012725438786365117,0.0
806,100,0,0,14.861833188214709,35.13816681178529,0.04328713169531717,5,80600,80600,3864,15456000.0,1.0,1.0,20.648029356605235,44.423742715751004,35.15503320651615,0.13038404810405296,0.25195024932044596,0.09343969999463297,620,0.0,0.020985120394103163,0.019000000000000936,0.001999999999998083,0.0013020113012149892,0.0
807,100,0,0,14.819181566946025,35.18081843305397,0.042651621268683826,5,80700,80700,3869,15476000.0,1.0,1.0,17.459613670798156,34.145746303378324,36.631338518286654,0.23021728866442676,0.2658257484349382,0.07443210000201361,620,0.0,0.020361480216736894,0.019000000000000936,0.0019999999999998595,0.0012901410519461365,0.0
808,100,0,0,14.776003184096451,35.22399681590355,0.04317838284957354,5,80800,80800,3874,15496000.0,1.0,1.0,20.23685978562377,38.65632097191221,41.6383195632004,0.31622776601683794,0.30057178911590177,0.10822680000273976,620,0.0,0.020802520501410626,0.019000000000000936,0.0019999999999998595,0.0013758623481621157,0.0
809,100,0,0,14.732239140140488,35.267760859859514,0.04376404395596367,5,80900,80900,3879,15516000.0,1.0,1.0,22.379482809052814,48.44913004979104,39.73181498825859,0.08366600265340755,0.25676322053943734,0.04370470000139903,620,0.0,0.021387612259287536,0.01899999999999932,0.0020000000000014763,0.0013764316966753398,0.0
810,100,0,0,14.689239143495907,35.31076085650409,0.04299999664458021,5,81000,81000,3884,15536000.0,1.0,1.0,19.234275172312355,34.67642791996188,38.8289592572812,0.08366600265340755,0.2530357476998917,0.14099649999843678,620,0.0,0.020680767061442396,0.01899999999999932,0.0019999999999997,0.0013192295831387923,0.0
811,100,0,0,14.645686416343736,35.354313583656264,0.0435527271521714,5,81100,81100,3889,15556000.0,1.0,1.0,22.132213620536124,51.31610385408795,27.86461048735064,0.2,0.24237054740210265,0.05413740000221878,620,0.0,0.021365248696394445,0.019000000000000936,0.0019999999999998595,0.0011874784557761586,0.0
812,100,0,0,14.600809046443109,35.39919095355689,0.04487736990062707,5,81200,81200,3894,15576000.0,1.0,1.0,26.951467326960344,54.4719962420932,50.83422350263572,0.08944271909999159,0.30747729944812763,0.08320549999916693,620,0.0,0.02235692783817278,0.019000000000000936,0.0019999999999998595,0.0015204420624534976,0.0
813,100,0,0,14.55768878841101,35.44231121158899,0.043120258032098846,5,81300,81300,3899,15596000.0,1.0,1.0,19.405678294342707,42.4096140264443,37.12387612214559,0.13038404810405296,0.2556662163798905,0.048083300003781915,620,0.0,0.020828407781186442,0.019000000000000936,0.0019999999999998595,0.001291850250911608,0.0
814,100,0,0,14.514443279975394,35.485556720024604,0.04324550843561603,5,81400,81400,3904,15616000.0,1.0,1.0,20.830169125709734,44.632183103673505,31.27554464291783,0.2,0.25090131283366146,0.12028160000045318,620,0.0,0.020994111563814144,0.019000000000000936,0.001999999999998083,0.0012513968718028678,0.0
815,100,0,0,14.47100344823223,35.52899655176777,0.04343983174316435,5,81500,81500,3909,15636000.0,1.0,1.0,21.384063936092357,45.72776962390421,39.75242212727762,0.08944271909999159,0.26262400524159896,0.043288200002280064,620,0.0,0.021112148481888582,0.01899999999999932,0.0019999999999997,0.0013276832612767464,0.0
816,100,0,0,14.428110342042487,35.57188965795751,0.042893106189742625,5,81600,81600,3914,15656000.0,1.0,1.0,18.831781952827487,48.25836487413423,32.84655449253302,0.17888543819998318,0.2487078015402408,0.146073099997011,620,0.0,0.02064904304081594,0.019000000000000936,0.001999999999998083,0.0012440631489276655,0.0
817,100,0,0,14.385056476983841,35.61494352301616,0.04305386505864561,5,81700,81700,3919,15676000.0,1.0,1.0,19.263032697829882,40.94852945116128,44.17383091220522,0.06324555320336758,0.2683027059818605,0.058405299998412374,620,0.0,0.02066093710181427,0.01899999999999932,0.0020000000000014763,0.0013929279568305475,0.0
818,100,0,0,14.341046340854012,35.658953659145986,0.04401013612982929,4,81800,81800,3923,15692000.0,1.0,1.0,23.245731189387683,47.35430092932509,40.68236566031291,0.09797958971132711,0.2915683375156989,0.10266740000224672,620,0.0,0.021739852903040813,0.019200000000001438,0.002000000000000668,0.0010702832267863727,0.0
819,100,0,0,14.298180651808496,35.701819348191506,0.042865689045516575,5,81900,81900,3928,15712000.0,1.0,1.0,18.320683203964307,44.25060574810616,32.6205031301766,0.19235384061671346,0.2495705772647726,0.04442639999615494,620,0.0,0.020625736244340942,0.01899999999999932,0.0020000000000014763,0.0012399528011748373,0.0
820,100,0,0,14.254441248235796,35.74555875176421,0.04373940357269923,5,82000,82000,3933,15732000.0,1.0,1.0,21.96957900626846,51.60025294176729,43.10917813763367,0.13784048752090222,0.28275364784718593,0.10258150000299793,620,0.0,0.021350279917198733,0.01899999999999932,0.0019999999999997,0.0013891236555014785,0.0
821,100,0,0,14.2113324290816,35.7886675709184,0.043108819154197064,5,82100,82100,3938,15752000.0,1.0,1.0,19.502607563549496,48.845366631445565,32.03884673184541,0.2073644135332772,0.25267622306737986,0.05148699999699602,620,0.0,0.020858569161472218,0.019000000000000936,0.0019999999999998595,0.0012502499927240507,0.0
822,100,0,0,14.16779795292222,35.83220204707778,0.043534476159379665,5,82200,82200,3943,15772000.0,1.0,1.0,21.477850916058813,40.22890490042217,45.28597127670021,0.23664319132398465,0.30230144626296745,0.1424579000013182,620,0.0,0.02108620590244925,0.01900000000000255,0.0019999999999982462,0.001448270256929618,0.0
823,100,0,0,14.124580727866224,35.875419272133776,0.043217225055995456,5,82300,82300,3948,15792000.0,1.0,1.0,19.98809866626252,40.94122990066516,44.7434067906806,0.17606816861659008,0.2890218149295992,0.06077250000089407,620,0.0,0.02079866571814115,0.018999999999997706,0.0020000000000030896,0.0014185593378535089,0.0
824,100,0,0,14.080659743437014,35.91934025656299,0.04392098442921011,4,82400,82400,3952,15808000.0,1.0,1.0,22.85702000259394,47.889509457580985,41.76124323287612,0.1673320053068151,0.3042980504029529,0.05554419999680249,620,0.0,0.021631524837522065,0.019199999999999825,0.002000000000000505,0.0010894595916877137,0.0
825,100,0,0,14.037251421669598,35.962748578330405,0.043408321767415714,5,82500,82500,3957,15828000.0,1.0,1.0,21.950176271027054,40.10574326881957,35.83751118195444,0.2932575659723036,0.281704226194762,0.08086899999761954,620,0.0,0.021099803398238137,0.01899999999999932,0.0019999999999997,0.0013085183691785574,0.0
826,100,0,0,13.99380416848972,36.00619583151028,0.04344725317987752,5,82600,82600,3962,15848000.0,1.0,1.0,21.942457406095198,48.42557656878674,28.713827072355706,0.2966479394838265,0.2621061617945408,0.08699409999826457,620,0.0,0.021267729881378372,0.01899999999999932,0.0019999999999979236,0.0011795232985019055,0.0
827,100,0,0,13.948586826106396,36.05141317389361,0.04521734238332442,3,82700,82700,3965,15860000.0,1.0,1.0,27.362725656912307,57.90305569643319,31.073837614831792,0.21954498400100148,0.31045158830491343,0.07845999999699416,620,0.0,0.02309372719459546,0.01939999999999871,0.0019999999999993773,0.000723615188730875,0.0
828,100,0,0,13.904291303123037,36.09570869687696,0.0442955229833597,5,82800,82800,3970,15880000.0,1.0,1.0,25.581311823770307,50.09917332998639,37.800946740676046,0.20976176963403032,0.28638115124081054,0.13689529999828665,620,0.0,0.02197641497834013,0.01899999999999932,0.0019999999999997,0.0013191080050205528,0.0
829,100,0,0,13.861237449359914,36.13876255064009,0.043053853763122873,5,82900,82900,3975,15900000.0,1.0,1.0,18.987276171460504,46.14513746255741,38.770955485848354,0.26267851073127396,0.28204839048897523,0.05806550000124844,620,0.0,0.020722134430936734,0.019000000000000936,0.0019999999999998595,0.0013317193321853438,0.0
830,100,0,0,13.817874810731245,36.18212518926875,0.04336263862866829,5,83000,83000,3980,15920000.0,1.0,1.0,20.45264020605952,53.251913429810884,36.61948820824802,0.17320508075688773,0.26582842742259805,0.06449550000252202,620,0.0,0.02104515062969803,0.01899999999999932,0.0020000000000014763,0.0013174879989694688,0.0
831,100,0,0,13.773944002624493,36.22605599737551,0.04393080810675265,4,83100,83100,3984,15936000.0,1.0,1.0,23.721502663127694,49.35667766420248,26.647430710538146,0.0848528137423857,0.2487899157965028,0.08433059999515535,620,0.0,0.02180362826565485,0.019199999999999825,0.0019999999999987285,0.000927179841099246,0.0
832,100,0,0,13.730178930496221,36.26982106950378,0.043765072128271854,5,83200,83200,3989,15956000.0,1.0,1.0,22.400414403287964,43.37248617337165,40.77624120931395,0.1414213562373095,0.26442096785885427,0.1074841000008746,620,0.0,0.021362561376488287,0.019000000000000936,0.0019999999999998595,0.0014025107517827706,0.0
833,100,0,0,13.686938945474363,36.31306105452563,0.04323998502185766,5,83300,83300,3994,15976000.0,1.0,1.0,21.180172482962863,41.51740752295253,28.556232885343512,0.24083189157584592,0.2502616079405067,0.04507759999978589,620,0.0,0.021055332272533533,0.01899999999999932,0.0019999999999997,0.0011846527493251102,0.0
834,100,0,0,13.643572434329815,36.35642756567019,0.043366511144547815,5,83400,83400,3999,15996000.0,1.0,1.0,20.936708691505455,47.86439978106134,37.92979645696532,0.16431676725154984,0.26832481442977024,0.17038000000320608,620,0.0,0.021056161083683023,0.018999999999997706,0.001999999999999537,0.001310350060867549,0.0
835,100,0,0,13.600036307380726,36.399963692619274,0.04353612694908904,5,83500,83500,4004,16016000.0,1.0,1.0,21.01989111875272,49.12809277657281,42.83508718147546,0.2469817807045694,0.2969212397729603,0.055486900004325435,620,0.0,0.021160023894521984,0.01899999999999932,0.0019999999999997,0.0013761030545680342,0.0
836,100,0,0,13.556969944190568,36.44303005580943,0.04306636319015844,5,83600,83600,4009,16036000.0,1.0,1.0,19.48287671633888,42.17883189331137,41.05788646351492,0.31144823004794875,0.2975494054650988,0.06398410000110744,620,0.0,0.02069985272318675,0.019000000000000936,0.0019999999999998595,0.0013665104669708938,0.0
837,100,0,0,13.513066642629617,36.48693335737038,0.04390330156095068,4,83700,83700,4013,16052000.0,1.0,1.0,22.387251946741657,57.270265871932786,30.00599418990954,0.0,0.2429013287958561,0.06455709999863757,620,0.0,0.02173270629901758,0.019199999999999825,0.002000000000000505,0.0009705952619327718,0.0
838,100,0,0,13.469198388677844,36.530801611322154,0.043868253951773184,5,83800,83800,4018,16072000.0,1.0,1.0,22.93298388839996,44.6031879800801,45.44157179742668,0.08366600265340755,0.28558829779358114,0.11523529999976745,620,0.0,0.02144495786806111,0.019000000000000936,0.0019999999999998595,0.0014232960837112785,0.0
839,100,0,0,13.424472224803795,36.57552777519621,0.04472616387404926,4,83900,83900,4022,16088000.0,1.0,1.0,27.262564745797892,62.946926415962764,15.897766156201337,0.17204650534085253,0.23467252595128638,0.04734279999684077,620,0.0,0.022671814994652095,0.019199999999999825,0.002000000000000505,0.0008543488793968379,0.0
840,100,0,0,13.379715695928757,36.62028430407124,0.04475652887503756,5,84000,84000,4027,16108000.0,1.0,1.0,26.638809883583164,55.66341335269554,45.70818575016611,0.19493588689617927,0.3112342557859108,0.13647180000407388,620,0.0,0.022327022443123568,0.01899999999999932,0.0019999999999997,0.001429506431914973,0.0
841,100,0,0,13.336085770596076,36.66391422940392,0.04362992533268084,5,84100,84100,4032,16128000.0,1.0,1.0,21.319115894982637,43.09964631787447,48.62198356215362,0.2645751311064591,0.31802985223627894,0.05825110000296263,620,0.0,0.021147181224771217,0.019000000000000936,0.001999999999998083,0.0014827441079106052,0.0
842,100,0,0,13.293400211490322,36.70659978850968,0.04268555910575422,5,84200,84200,4037,16148000.0,1.0,1.0,16.78213085023142,35.09734735567671,41.81498232439179,0.216794833886788,0.2753583550414439,0.0899269999936223,620,0.0,0.02031783491442596,0.01899999999999932,0.0019999999999997,0.0013677241913292448,0.0
843,100,0,0,13.250000017876392,36.74999998212361,0.04340019361393033,5,84300,84300,4042,16168000.0,1.0,1.0,20.982988098009706,43.99458230324657,41.315844567687904,0.3361547262794322,0.3002510133054603,0.05825389999517938,620,0.0,0.02102312249517091,0.01899999999999932,0.0019999999999997,0.001377071118760398,0.0
844,100,0,0,13.206160990905053,36.793839009094945,0.04383902697133912,4,84400,84400,4046,16184000.0,1.0,1.0,22.260974963830453,46.571045140633444,37.21894173161846,0.04898979485566356,0.2742573427150609,0.07328350000170758,620,0.0,0.02161005532783733,0.019199999999999825,0.0019999999999987285,0.0010289716435032403,0.0
845,100,0,0,13.162815564096192,36.83718443590381,0.043345426808860665,5,84500,84500,4051,16204000.0,1.0,1.0,21.080690672211333,38.102424822461785,39.733860709501435,0.16431676725154984,0.276494539287107,0.06735269999626325,620,0.0,0.02100896510274808,0.01899999999999932,0.0019999999999997,0.0013364617061135675,0.0
846,100,0,0,13.119776978234047,36.88022302176596,0.043038585862145595,5,84600,84600,4056,16224000.0,1.0,1.0,19.713463522306686,38.34744746313263,33.72674227544216,0.22135943621178655,0.2625672188370016,0.14621299999998882,620,0.0,0.0207746392303072,0.01899999999999932,0.0020000000000014763,0.001263946631837598,0.0
847,100,0,0,13.07584737869664,36.924152621303364,0.043929599537406716,5,84700,84700,4061,16244000.0,1.0,1.0,23.57804391431274,52.943680167774566,35.52066044154541,0.20493901531919198,0.2695119329519458,0.053670399996917695,620,0.0,0.021628838417029783,0.01899999999999932,0.0019999999999997,0.0013007611203779135,0.0
848,100,0,0,13.032305841673608,36.967694158326395,0.04354153702303165,5,84800,84800,4066,16264000.0,1.0,1.0,22.187117031237364,51.37805873194581,27.676186602607878,0.22135943621178655,0.2503187560090293,0.06380910000007134,620,0.0,0.021348301189107133,0.01899999999999932,0.0019999999999997,0.001193235833925499,0.0
849,100,0,0,12.988686997992392,37.01131300200761,0.043618843681215935,5,84900,84900,4071,16284000.0,1.0,1.0,22.29922653191301,46.14513746255741,44.511717371669086,0.13784048752090222,0.2904656442518001,0.06474719999823719,620,0.0,0.021207480216558494,0.019000000000000936,0.0019999999999998595,0.0014113634646566453,0.0
850,100,0,0,12.945189723459947,37.05481027654005,0.04349727453244512,5,85000,85000,4076,16304000.0,1.0,1.0,21.25924281506385,43.47246996785355,48.392066370186924,0.17606816861659008,0.30513337496454945,0.10590989999764133,620,0.0,0.021016295239139282,0.01899999999999932,0.0019999999999979236,0.001480979293308593,0.0
851,100,0,0,12.901546496670033,37.098453503329964,0.04364322678991428,5,85100,85100,4081,16324000.0,1.0,1.0,21.662774510544637,45.08221050875726,49.67577035092384,0.1414213562373095,0.3050723217681357,0.05290840000088792,620,0.0,0.021139979741469972,0.019000000000000936,0.0019999999999998595,0.0015032470484435123,0.0
852,100,0,0,12.857600125625984,37.142399874374014,0.04394637104404886,3,85200,85200,4084,16336000.0,1.0,1.0,22.25377550317087,48.068169856763205,33.55713046181288,0.014142135623730949,0.279274073905135,0.13680069999827538,620,0.0,0.021810692279427002,0.019400000000000327,0.001999999999999537,0.0007356787646219942,0.0
853,100,0,0,12.814188632372161,37.185811367627835,0.04341149325382254,5,85300,85300,4089,16356000.0,1.0,1.0,20.96240832495396,42.4096140264443,39.70797396400429,0.170293863659264,0.26991203566600236,0.06110129999433411,620,0.0,0.02104694621975689,0.01899999999999932,0.0019999999999997,0.0013645470340666321,0.0
854,100,0,0,12.770212556799637,37.229787443200365,0.04397607557252492,5,85400,85400,4094,16376000.0,1.0,1.0,24.03075702668625,44.6410625733518,43.286019107663876,0.13038404810405296,0.2883578970934301,0.05624550000356976,620,0.0,0.021589509820136854,0.019000000000000936,0.0019999999999998595,0.0013865657523872699,0.0
855,100,0,0,12.726902155163383,37.27309784483661,0.043310401636253104,5,85500,85500,4099,16396000.0,1.0,1.0,20.2668375411439,57.21685754904761,32.47480421449828,0.15811388300841897,0.2511588615270709,0.1096793999968213,620,0.0,0.021057015095770737,0.019000000000000936,0.0019999999999998595,0.0012533865404815714,0.0
856,100,0,0,12.682843679079012,37.317156320920986,0.044058476084371634,4,85600,85600,4103,16412000.0,1.0,1.0,24.651627532408412,49.35667766420248,21.53023010976414,0.15748015748023622,0.2461524048942708,0.080255799999577,620,0.0,0.021980109403212822,0.019199999999999825,0.002000000000000505,0.0008783666811584823,0.0
857,100,0,0,12.638835675580074,37.361164324419924,0.04400800349893785,5,85700,85700,4108,16432000.0,1.0,1.0,23.27212059903584,44.50562719079747,50.186921536135856,0.054772255750516606,0.2987503335906384,0.05439199999818811,620,0.0,0.021500464549898624,0.019000000000000936,0.0019999999999998595,0.0015075389490384339,0.0
858,100,0,0,12.595766293017341,37.40423370698266,0.04306938256273263,5,85800,85800,4113,16452000.0,1.0,1.0,19.096479185909946,41.14113780429365,41.16976386086615,0.2073644135332772,0.2839049622790134,0.036876799997116905,620,0.0,0.020717297864315753,0.01899999999999932,0.0019999999999997,0.0013520846984178547,0.0
859,100,0,0,12.551802259659546,37.448197740340454,0.04396403335779553,5,85900,85900,4118,16472000.0,1.0,1.0,23.290242875628685,43.37248617337165,44.45161361344405,0.08366600265340755,0.2698980242008691,0.15012830000341637,620,0.0,0.02150798560033529,0.019000000000000936,0.001999999999998083,0.0014560477574612207,0.0
860,100,0,0,12.508402420048116,37.491597579951886,0.043399839611430124,5,86000,86000,4123,16492000.0,1.0,1.0,20.721575748993626,50.964009169083795,38.08432897411387,0.27748873851023215,0.2857343705350215,0.05220510000071954,620,0.0,0.02108035746190673,0.019000000000000936,0.0019999999999998595,0.0013194821495225995,0.0
861,100,0,0,12.464910118088206,37.535089881911794,0.04349230195991005,5,86100,86100,4128,16512000.0,1.0,1.0,22.80251978693318,49.76378105508738,28.99913393344345,0.09486832980505137,0.23460881927667643,0.08243889999721432,620,0.0,0.021314641572098836,0.019000000000000936,0.002000000000001636,0.0011776603878086433,0.0
862,100,0,0,12.419876683922675,37.58012331607733,0.045033434165530295,5,86200,86200,4133,16532000.0,1.0,1.0,27.62686425430448,57.270265871932786,42.42561755597172,0.28809720581775866,0.3173452276983241,0.04837070000212407,620,0.0,0.0226677287370034,0.01899999999999932,0.0020000000000014763,0.0013657054285260983,0.0
863,100,0,0,12.375337649184427,37.62466235081557,0.04453903473824816,4,86300,86300,4137,16548000.0,1.0,1.0,26.123380933386823,60.5923597681487,19.354901258655833,0.2668332812825267,0.2578463987534314,0.11746790000324836,620,0.0,0.022441551995452613,0.019199999999999825,0.002000000000000505,0.0008974827427952192,0.0
864,100,0,0,12.331339171387004,37.668660828613,0.04399847779742316,5,86400,86400,4142,16568000.0,1.0,1.0,23.148166329141556,44.734773131894315,49.615992126081366,0.2863564212655271,0.32371335373629984,0.039388099998177495,620,0.0,0.02149652225474874,0.01899999999999932,0.0019999999999997,0.0015019555426754039,0.0
865,100,0,0,12.286694799183525,37.71330520081648,0.04464437220347861,3,86500,86500,4145,16580000.0,1.0,1.0,26.139539848126514,50.8095774906177,17.39018544590299,0.028284271247461898,0.23649107464165878,0.15126130000135163,620,0.0,0.022607116847428443,0.019400000000000327,0.001999999999999537,0.0006372553560503036,0.0
866,100,0,0,12.242764097837785,37.757235902162215,0.043930701345740175,5,86600,86600,4150,16600000.0,1.0,1.0,23.67268283558439,44.44682256141617,45.52639210735042,0.22135943621178655,0.3075226136171933,0.051850500000000466,620,0.0,0.021492266299620866,0.019000000000000936,0.0019999999999998595,0.0014384350461185136,0.0
867,100,0,0,12.20009029729303,37.79990970270697,0.04267380054475467,5,86700,86700,4155,16620000.0,1.0,1.0,17.577227736755088,36.77749753035907,35.33034959418856,0.23664319132398465,0.2660399135277037,0.12417189999541733,620,0.0,0.02040884642313401,0.019000000000000936,0.0019999999999998595,0.0012649541216198656,0.0
868,100,0,0,12.156271279084857,37.843728720915145,0.04381901820817369,4,86800,86800,4159,16636000.0,1.0,1.0,22.228210362434737,51.31610385408795,27.37884014544261,0.1979898987322333,0.26548933785865814,0.03321709999727318,620,0.0,0.021681844549936713,0.019199999999999825,0.002000000000000505,0.0009371736582366452,0.0
869,100,0,0,12.112829328698385,37.88717067130162,0.04344195038647136,5,86900,86900,4164,16656000.0,1.0,1.0,20.26897733218796,63.27800916918408,37.31147530241397,0.28809720581775866,0.2840596549976765,0.11767269999836572,620,0.0,0.021138393503933983,0.01899999999999932,0.0020000000000014763,0.0013035568825365829,0.0
870,100,0,0,12.06929691995358,37.93070308004642,0.043532408744805906,5,87000,87000,4169,16676000.0,1.0,1.0,21.193658897323868,43.08997736762401,44.790872028487875,0.28460498941515416,0.30593272293843266,0.12365950000094017,620,0.0,0.02110543977052437,0.01899999999999932,0.0019999999999997,0.0014269689742825165,0.0
871,100,0,0,12.025461951321399,37.9745380486786,0.04383496863218106,5,87100,87100,4174,16696000.0,1.0,1.0,22.22977034141553,55.07673015702348,46.06977842526017,0.23021728866442676,0.30360030046001457,0.0593282999980147,620,0.0,0.021393674368107796,0.01899999999999932,0.0019999999999997,0.0014412942640742443,0.0
872,100,0,0,11.981469514570204,38.01853048542979,0.043992436751194575,5,87200,87200,4179,16716000.0,1.0,1.0,23.2431648235928,45.00088910745028,47.501162387822546,0.10954451150103321,0.2973344335543523,0.05600469999626512,620,0.0,0.021519355926853834,0.019000000000000936,0.0019999999999998595,0.0014730808243399451,0.0
873,100,0,0,11.937785553412773,38.06221444658723,0.04368396115743067,5,87300,87300,4184,16736000.0,1.0,1.0,23.009490878948395,46.39227090625187,32.68446325447157,0.054772255750516606,0.24278687523979323,0.07747850000305334,620,0.0,0.02141150344496623,0.019000000000000936,0.0019999999999998595,0.0012724577124636482,0.0
874,100,0,0,11.893962353942488,38.106037646057516,0.043823199470285346,5,87400,87400,4189,16756000.0,1.0,1.0,22.772738263383026,46.14513746255741,45.23806419236598,0.1224744871391589,0.2921766793413836,0.07281430000148248,620,0.0,0.02139063240120187,0.01899999999999932,0.0019999999999997,0.001432567069084456,0.0
875,100,0,0,11.850742790505747,38.14925720949425,0.04321956343674138,5,87500,87500,4194,16776000.0,1.0,1.0,20.56312009764287,44.036003661088,37.723136615706935,0.07745966692414834,0.25807425466970363,0.08332740000332706,620,0.0,0.02092254504255031,0.01899999999999932,0.0019999999999997,0.001297018394192051,0.0
876,100,0,0,11.807382425975682,38.19261757402432,0.04336036453006464,5,87600,87600,4199,16796000.0,1.0,1.0,20.781341893710877,48.44913004979104,37.43733860918221,0.20248456731316583,0.2764821661797101,0.1656446999986656,620,0.0,0.021048938398191552,0.01900000000000255,0.0020000000000000226,0.001311426131870519,0.0
877,100,0,0,11.763868153499907,38.23613184650009,0.04351427247577533,5,87700,87700,4204,16816000.0,1.0,1.0,21.211568251437157,50.09917332998639,39.5991638450867,0.14832396974191325,0.27656953764713593,0.056009599997196347,620,0.0,0.021193654750994995,0.019000000000000936,0.001999999999998083,0.0013206177247813145,0.0
878,100,0,0,11.720057814108094,38.279942185891905,0.043810339391813,4,87800,87800,4208,16832000.0,1.0,1.0,23.005850337177055,51.47889284399704,26.229135956944923,0.0848528137423857,0.24879102555240495,0.062295100004121196,620,0.0,0.021667667028001603,0.019199999999999825,0.001999999999996952,0.0009426723638146228,0.0
879,100,0,0,11.67662122932826,38.32337877067174,0.043436584779833254,4,87900,87900,4212,16848000.0,1.0,1.0,20.80316606290447,40.49699010536099,38.10189145667847,0.08,0.28110603054872685,0.09577979999448871,620,0.0,0.02117894545030552,0.019200000000001438,0.001999999999997115,0.0010576393295291808,0.0
880,100,0,0,11.633527214447982,38.36647278555202,0.04309401488027831,5,88000,88000,4217,16868000.0,1.0,1.0,19.65660206524623,44.94281121410961,32.07813239062497,0.18973665961010275,0.2561286497076026,0.06696899999951711,620,0.0,0.020868794108013233,0.019000000000000936,0.0019999999999998595,0.0012252207722642794,0.0
881,100,0,0,11.59063967288633,38.409360327113674,0.04288754156165275,5,88100,88100,4222,16888000.0,1.0,1.0,18.151655171301453,40.02814440924319,38.69990784416982,0.23237900077244503,0.2796208264899428,0.08942369999567745,620,0.0,0.020545924853866637,0.019000000000000936,0.002000000000001636,0.001341616707783544,0.0
882,100,0,0,11.546407761007256,38.45359223899274,0.04423191187907349,5,88200,88200,4227,16908000.0,1.0,1.0,24.529595458961104,52.82771749606646,40.45529358420474,0.20493901531919198,0.2956085043863418,0.1310687000004691,620,0.0,0.021864654090705926,0.018999999999997706,0.0020000000000013132,0.0013672577883685477,0.0
883,100,0,0,11.502149326407439,38.49785067359256,0.04425843459981671,5,88300,88300,4232,16928000.0,1.0,1.0,25.05607610698638,44.6031879800801,48.57876583045385,0.11832159566199232,0.3098247495714357,0.0586604999989504,620,0.0,0.021779158415366595,0.01899999999999932,0.0019999999999997,0.0014792761844510949,0.0
884,100,0,0,11.458804127925871,38.54119587207413,0.04334519848156759,5,88400,88400,4237,16948000.0,1.0,1.0,20.810006576607734,49.35667766420248,35.68457425954218,0.11832159566199232,0.26039583092702656,0.05928700000367826,620,0.0,0.02105965250638775,0.019000000000000936,0.0019999999999998595,0.0012855459751790477,0.0
885,100,0,0,11.416034127233717,38.583965872766285,0.04277000069215475,5,88500,88500,4242,16968000.0,1.0,1.0,18.16550269608691,41.29267083972379,33.44461666932726,0.19235384061671346,0.25907686952042713,0.09306089999881806,620,0.0,0.020522591780885335,0.018999999999997706,0.001999999999999537,0.0012474089112721742,0.0
886,100,0,0,11.372267006362627,38.62773299363737,0.043767120871089915,4,88600,88600,4246,16984000.0,1.0,1.0,22.677318359454144,46.40529726611344,32.68688248869483,0.09797958971132711,0.2727386236858274,0.11098209999909159,620,0.0,0.02158259387221939,0.019199999999999825,0.002000000000000505,0.0009845269988701943,0.0
887,100,0,0,11.32875477478053,38.67124522521947,0.04351223158209727,5,88700,88700,4251,17004000.0,1.0,1.0,21.0422994768926,42.44518042019159,46.14122416229652,0.27018512172212594,0.3155467488778825,0.04799459999776445,620,0.0,0.021079774451818523,0.018999999999997706,0.0020000000000013132,0.0014324571302797295,0.0
888,100,0,0,11.283706663778775,38.71629333622123,0.045048111001754876,5,88800,88800,4256,17024000.0,1.0,1.0,27.30164140867964,51.02532251894374,55.03529406227642,0.19748417658131498,0.3388823136116332,0.133165100000042,620,0.0,0.022437401165896986,0.019000000000000936,0.002000000000001636,0.0016107098358553174,0.0
889,100,0,0,11.239782382212482,38.76021761778752,0.04392428156629258,5,88900,88900,4261,17044000.0,1.0,1.0,22.94988404142082,47.7672421054949,51.03580811704076,0.14832396974191325,0.31844851879993324,0.061867199998232536,620,0.0,0.021393864951342323,0.01899999999999932,0.0020000000000014763,0.0015304166149494591,0.0
890,100,0,0,11.196194847926229,38.80380515207377,0.04358753428625306,4,89000,89000,4265,17060000.0,1.0,1.0,21.55507256996224,50.97660023449597,32.00949393264148,0.12328828005937952,0.2730249588637037,0.08089710000058403,620,0.0,0.02139059169999946,0.019199999999999825,0.002000000000000505,0.0009969425862532688,0.0
891,100,0,0,11.151576981060728,38.84842301893927,0.044617866865500844,5,89100,89100,4270,17080000.0,1.0,1.0,25.18397853038129,57.21685754904761,47.766728311898824,0.216794833886788,0.3099363691487871,0.09120879999682074,620,0.0,0.02213023731050967,0.019000000000000936,0.0019999999999998595,0.0014876295549903773,0.0
892,100,0,0,11.107147167707115,38.89285283229289,0.04442981335361296,3,89200,89200,4273,17092000.0,1.0,1.0,25.09401537719008,52.993404829511945,21.580017586691906,0.03741657386773941,0.25385827095334573,0.10432529999525286,620,0.0,0.022371726334879938,0.01939999999999871,0.0020000000000011536,0.0006580870187331556,0.0
893,100,0,0,11.06368546177442,38.93631453822558,0.04346170593269605,5,89300,89300,4278,17112000.0,1.0,1.0,21.602122718105736,47.21058321759298,29.452161261584784,0.2469817807045694,0.26254531217603244,0.054315900000801776,620,0.0,0.02127143526850439,0.019000000000000936,0.0019999999999998595,0.0011902706641908622,0.0
894,100,0,0,11.020299533744774,38.979700466255224,0.043385928029644916,5,89400,89400,4283,17132000.0,1.0,1.0,21.51709773641285,38.34744746313263,38.16442638932483,0.23021728866442676,0.2875592840564192,0.1444158999947831,620,0.0,0.021075176657188166,0.01899999999999932,0.0019999999999997,0.0013107513724577302,0.0
895,100,0,0,10.976911563918375,39.02308843608162,0.0433879698263997,5,89500,89500,4288,17152000.0,1.0,1.0,20.45272681206789,40.279925986355074,44.63758755188378,0.19493588689617927,0.2908275646469446,0.06428670000605052,620,0.0,0.02095903790916509,0.01899999999999932,0.0020000000000014763,0.001428931917233811,0.0
896,100,0,0,10.933629895722508,39.066370104277496,0.043281668195866985,5,89600,89600,4293,17172000.0,1.0,1.0,20.911764759197023,42.784237547814605,34.425387714199886,0.17888543819998318,0.2640940002142994,0.057163999998010695,620,0.0,0.021029115235551288,0.01899999999999932,0.0019999999999997,0.0012525529603166774,0.0
897,100,0,0,10.890039319174194,39.10996068082581,0.04359057654831311,5,89700,89700,4298,17192000.0,1.0,1.0,21.47988687270952,44.76954986548251,49.53914208240418,0.06324555320336758,0.29631079821054845,0.08323679999739397,620,0.0,0.021096629463681182,0.01899999999999932,0.0019999999999997,0.0014939470846329073,0.0
898,100,0,0,10.84714727960767,39.15285272039233,0.04289203956652443,5,89800,89800,4303,17212000.0,1.0,1.0,19.09976543997774,38.392430080398945,31.634955259758993,0.18439088914585774,0.2527744016975285,0.11025209999934305,620,0.0,0.0206828385482396,0.019000000000000936,0.0019999999999998595,0.001209201018284034,0.0
899,100,0,0,10.802664653882859,39.19733534611714,0.04448262572481099,3,89900,89900,4306,17224000.0,1.0,1.0,25.111699279771855,52.633160815678785,24.401615711567572,0.03741657386773941,0.2615918373882577,0.05784890000359155,620,0.0,0.02240081562503171,0.019400000000000327,0.0019999999999977605,0.0006818100997811882,0.0
900,100,0,0,10.759532026692446,39.24046797330755,0.04313262719041333,5,90000,90000,4311,17244000.0,1.0,1.0,20.03315696674737,37.172336036407394,37.53317191363951,0.170293863659264,0.2716337883185145,0.14103130000148667,620,0.0,0.02082180489148655,0.019000000000000936,0.0019999999999998595,0.0013108222989259843,0.0
901,100,0,0,10.716674350177199,39.2833256498228,0.04285767651524708,5,90100,90100,4316,17264000.0,1.0,1.0,18.631903634787047,41.80954533659964,31.385109558903082,0.1140175425099138,0.2410541030387754,0.06222700000216719,620,0.0,0.020619678437540756,0.018999999999997706,0.0020000000000013132,0.001237998077707303,0.0
902,100,0,0,10.673569883901903,39.326430116098095,0.043104466275295295,5,90200,90200,4321,17284000.0,1.0,1.0,19.6526961014735,45.777107633903455,37.63460834779214,0.1414213562373095,0.2676456370142735,0.059501299998373725,620,0.0,0.0208060421806735,0.019000000000000936,0.0019999999999998595,0.001298424094620998,0.0
903,100,0,0,10.630127777908616,39.36987222209139,0.04344210599328768,5,90300,90300,4326,17304000.0,1.0,1.0,21.444036858219377,44.94281121410961,37.83416187464415,0.23021728866442676,0.28513657156155964,0.0843375999975251,620,0.0,0.021137509626862894,0.019000000000000936,0.001999999999998083,0.0013045963664257698,0.0
904,100,0,0,10.586955960612745,39.41304403938726,0.04317181729587105,5,90400,90400,4331,17324000.0,1.0,1.0,20.245592949351824,45.90266174211773,26.848075644416202,0.15811388300841897,0.23765559288894234,0.08821080000052461,620,0.0,0.020977406219667927,0.01899999999999932,0.0019999999999997,0.001194411076204105,0.0
905,100,0,0,10.543493463123523,39.456506536876475,0.04346249748922126,5,90500,90500,4336,17344000.0,1.0,1.0,21.906749949601426,47.35430092932509,28.643235961293602,0.27568097504180444,0.2650948181386094,0.07415969999419758,620,0.0,0.021280907109481717,0.019000000000000936,0.0019999999999998595,0.0011815903797387506,0.0
906,100,0,0,10.49960912942422,39.50039087057578,0.04388433369930311,5,90600,90600,4341,17364000.0,1.0,1.0,23.3628106960701,40.75470745745773,46.57451380563499,0.16431676725154984,0.2994636665680753,0.14133079999737674,620,0.0,0.02141458284305031,0.019000000000000936,0.0019999999999998595,0.0014697508562520056,0.0
907,100,0,0,10.456177300292882,39.54382269970712,0.04343182913133781,5,90700,90700,4346,17384000.0,1.0,1.0,21.29965210222077,43.447960757646946,42.722846565264874,0.19493588689617927,0.2962241178870415,0.0598420999958762,620,0.0,0.021062711808305323,0.019000000000000936,0.001999999999998083,0.0013691173230334641,0.0
908,100,0,0,10.412568865771897,39.587431134228105,0.043608434520985284,5,90800,90800,4351,17404000.0,1.0,1.0,21.854420572690042,51.17268262234865,33.254766125455305,0.13784048752090222,0.25977604912237695,0.05752470000152243,620,0.0,0.0213590485494084,0.01899999999999932,0.0019999999999997,0.0012493859715778655,0.0
909,100,0,0,10.36918281560313,39.63081718439687,0.04338605016876684,5,90900,90900,4356,17424000.0,1.0,1.0,21.06843189582235,44.036003661088,45.03481058164978,0.282842712474619,0.3161728982691807,0.08323060000111582,620,0.0,0.020947048326227957,0.019000000000000936,0.0019999999999998595,0.0014390018425380902,0.0
910,100,0,0,10.325930330284217,39.674069669715784,0.0432524853189129,5,91000,91000,4361,17444000.0,1.0,1.0,19.911334163372672,42.128591274267144,40.84810622114499,0.2683281572999748,0.29738113421172707,0.03514759999961825,620,0.0,0.020854782084201773,0.01899999999999932,0.0019999999999997,0.001397703234712111,0.0
911,100,0,0,10.282066074791054,39.717933925208946,0.04386425549316364,4,91100,91100,4365,17460000.0,1.0,1.0,22.325012901070366,39.07921345002938,47.53305380788742,0.2449489742783178,0.3386569569610659,0.1242703999960213,620,0.0,0.02149273129863083,0.019199999999999825,0.002000000000000505,0.0011715241945324806,0.0
912,100,0,0,10.238688764830355,39.76131123516964,0.04337730996069844,5,91200,91200,4370,17480000.0,1.0,1.0,20.56978127195854,46.41450386228339,40.49554668122572,0.25690465157330256,0.29869017741195814,0.04026019999582786,620,0.0,0.02102215245674266,0.019000000000000936,0.0019999999999998595,0.0013551575039549846,0.0
913,100,0,0,10.193808496671299,39.806191503328705,0.04488026815905677,5,91300,91300,4375,17500000.0,1.0,1.0,26.154805216366984,65.40970234692226,37.39109475096166,0.14491376746189438,0.2843361251451572,0.14282239999738522,620,0.0,0.022573471522967736,0.01899999999999932,0.0020000000000014763,0.0013067966360882366,0.0
914,100,0,0,10.150647269167722,39.84935273083228,0.04316122750357643,5,91400,91400,4380,17520000.0,1.0,1.0,19.185814254393097,38.093748806411575,45.82332625860533,0.2664582518894846,0.30735928035985927,0.06501379999826895,620,0.0,0.020724638826095543,0.01899999999999932,0.0020000000000014763,0.0014365886774800884,0.0
915,100,0,0,10.107389922983193,39.892610077016805,0.0432573461845287,5,91500,91500,4385,17540000.0,1.0,1.0,20.480406628761173,40.58299993308165,42.92268272172613,0.24289915602982237,0.30508427681454636,0.08666700000321725,620,0.0,0.020881272374971616,0.019000000000000936,0.0019999999999998595,0.0013760738095562886,0.0
916,100,0,0,10.061979622471561,39.93802037752844,0.045410300511631974,5,91600,91600,4390,17560000.0,1.0,1.0,29.529657470499654,54.4719962420932,52.875657453209364,0.10488088481701516,0.32965927818641894,0.04615819999889936,620,0.0,0.022845765431277698,0.019000000000000936,0.0019999999999998595,0.0015645350803534797,0.0
917,100,0,0,10.019001610291182,39.980998389708816,0.04297801218037911,5,91700,91700,4395,17580000.0,1.0,1.0,19.520146714999694,37.15704347176941,34.1452154823002,0.06324555320336758,0.24859224326560211,0.11043739999877289,620,0.0,0.02072483530479019,0.01899999999999932,0.0019999999999997,0.0012531768755899009,0.0
918,100,0,0,9.975455131971948,40.02454486802805,0.04354647831923408,5,91800,91800,4400,17600000.0,1.0,1.0,22.178178611186876,50.25606537087422,32.38203118871601,0.1140175425099138,0.2558915398752501,0.05292130000452744,620,0.0,0.02128030509044443,0.019000000000000936,0.0019999999999998595,0.0012661732287888583,0.0
919,100,0,0,9.931816121053288,40.06818387894671,0.043639010918660404,5,91900,91900,4405,17620000.0,1.0,1.0,23.216433901225873,49.76378105508738,26.942746969007864,0.20976176963403032,0.25633245029811236,0.1702863000027719,620,0.0,0.02146466562011362,0.01899999999999932,0.0020000000000014763,0.0011743452985459868,0.0
920,100,0,0,9.888468630565749,40.11153136943425,0.043347490487539275,5,92000,92000,4410,17640000.0,1.0,1.0,20.42395345822681,50.09917332998639,36.37096888840674,0.19748417658131498,0.2788222287502572,0.05838190000213217,620,0.0,0.021072994230321385,0.01899999999999932,0.0020000000000014763,0.0012744962572170948,0.0
921,100,0,0,9.84530187484546,40.15469812515454,0.043166755720289274,4,92100,92100,4414,17656000.0,1.0,1.0,19.858072131197265,40.34617808088855,27.49120224036985,0.16248076809271922,0.26427511892024386,0.05686029999924358,620,0.0,0.021034109439344917,0.019199999999999825,0.002000000000000505,0.0009326462809440272,0.0
922,100,0,0,9.801986903817193,40.198013096182805,0.043314971028266314,5,92200,92200,4419,17676000.0,1.0,1.0,21.31496266185281,42.326665390133584,38.77075461593744,0.21908902300206642,0.29154076362819425,0.07626700000400888,620,0.0,0.020993736523639228,0.019000000000000936,0.0019999999999998595,0.0013212345046262897,0.0
923,100,0,0,9.757647783145154,40.24235221685485,0.04433912067203849,5,92300,92300,4424,17696000.0,1.0,1.0,24.28672097933423,51.3003298450023,50.558578510379284,0.054772255750516606,0.3083715298562385,0.11897260000114329,620,0.0,0.02182155007006159,0.019000000000000936,0.0019999999999998595,0.0015175706019761037,0.0
924,100,0,0,9.713708038895769,40.28629196110423,0.043939744249385626,5,92400,92400,4429,17716000.0,1.0,1.0,23.5105993933642,52.99262753050631,24.795133773838963,0.170293863659264,0.24584842174651517,0.05746209999779239,620,0.0,0.021776649968396455,0.01899999999999932,0.0020000000000014763,0.0011630942809883749,0.0
925,100,0,0,9.669998893657269,40.330001106342735,0.04370914523850011,5,92500,92500,4434,17736000.0,1.0,1.0,22.21211892235882,48.52952683384269,37.501182038606274,0.19235384061671346,0.2863992847377888,0.1367859000019962,620,0.0,0.021406987364594343,0.019000000000000936,0.0019999999999998595,0.0013021578739049744,0.0
926,100,0,0,9.625868925532378,40.37413107446762,0.04412996812489034,4,92600,92600,4438,17752000.0,1.0,1.0,23.49127134451085,50.07466599906012,38.66860540262442,0.07483314773547883,0.29256299041624545,0.08688680000341265,620,0.0,0.021849391632114745,0.019199999999999825,0.002000000000000505,0.0010805764927752648,0.0
927,100,0,0,9.581647910993247,40.41835208900675,0.044221014539131076,5,92700,92700,4443,17772000.0,1.0,1.0,23.93032186771607,46.69822307059142,50.79418966205348,0.1414213562373095,0.3233552398152838,0.06010400000377558,620,0.0,0.021699700794560073,0.01899999999999932,0.0020000000000014763,0.0015213137445702074,0.0
928,100,0,0,9.538591351415079,40.46140864858492,0.043056559578168674,5,92800,92800,4448,17792000.0,1.0,1.0,19.94670019759742,41.6690606843281,33.09091031613363,0.10488088481701516,0.25529748921043754,0.06400209999992512,620,0.0,0.02079668907177279,0.019000000000000936,0.0019999999999998595,0.0012598705063950888,0.0
929,100,0,0,9.495806697512752,40.50419330248725,0.04278465390232711,5,92900,92900,4453,17812000.0,1.0,1.0,17.849892798783184,35.544083557845326,40.40348702134598,0.14832396974191325,0.2808773685295325,0.11181519999809097,620,0.0,0.02044615693018592,0.018999999999997706,0.001999999999999537,0.0013384969721439433,0.0
930,100,0,0,9.452170108440413,40.54782989155959,0.043636589072338694,5,93000,93000,4458,17832000.0,1.0,1.0,21.03794822979627,44.94281121410961,47.43026629753056,0.170293863659264,0.30294977284237823,0.053486500000872184,620,0.0,0.021168280300592812,0.01899999999999932,0.0019999999999997,0.0014683087717468624,0.0
931,100,0,0,9.407186445995212,40.59281355400479,0.044983662445201134,5,93100,93100,4463,17852000.0,1.0,1.0,28.184621124599428,53.08726130331575,44.32534985533725,0.21908902300206642,0.31808298349889824,0.14600899999641115,620,0.0,0.022571792354614928,0.01899999999999932,0.0020000000000014763,0.0014118700905854098,0.0
932,100,0,0,9.364077210130942,40.635922789869056,0.043109235864269735,5,93200,93200,4468,17872000.0,1.0,1.0,19.859507059370053,44.6031879800801,26.435701036157106,0.18439088914585774,0.24432156062074983,0.06008009999641217,620,0.0,0.020955078603622113,0.019000000000000936,0.0019999999999998595,0.0011541572606468264,0.0
933,100,0,0,9.32134304942233,40.67865695057767,0.04273416070861202,6,93300,93300,4474,17896000.0,1.0,1.0,18.243004906138488,42.128591274267144,38.085364076437315,0.11832159566199231,0.28767838889444775,0.05545919999713078,620,0.0,0.02034500215550672,0.018799999999998818,0.0019999999999988916,0.0015891585531075947,0.0
934,100,0,0,9.27717462720242,40.72282537279758,0.04416842221990969,5,93400,93400,4479,17916000.0,1.0,1.0,24.99621168930778,54.4719962420932,39.09931150568126,0.20248456731316583,0.29887112267960414,0.07799160000286065,620,0.0,0.021814257090692735,0.01899999999999932,0.0019999999999997,0.0013541651292179324,0.0
935,100,0,0,9.23443831379019,40.76556168620981,0.04273631341223094,5,93500,93500,4484,17936000.0,1.0,1.0,17.95074456634177,44.6410625733518,35.51720593514455,0.18708286933869706,0.2702626631733608,0.07180070000322303,620,0.0,0.020462391719460626,0.01899999999999932,0.0019999999999997,0.001273921692771296,0.0
