algorithm,round,alive,dead,residual_energy,consumed_energy,packets_generated,packets_delivered,bs_packets,throughput_bits,pdr,round_energy,ch_count,avg_intra_distance,avg_ch_bs_distance,cluster_imbalance,fitness,selection_time,round_pdr
DEAI-PSO,1,100.0,0.0,49.922400873368176,0.07759912663182789,100.0,100.0,10.0,40000.0,1.0,0.07759912663182789,10.0,27.64170946821249,125.91423629646856,0.725325258487205,0.2975324357771866,0.090333400000236,1.0
DEAI-PSO,2,100.0,0.0,49.84520214052895,0.15479785947105143,200.0,200.0,20.0,80000.0,1.0,0.07719873283922354,10.0,27.299021846794368,125.16788235120282,0.8208786948666733,0.309462885951185,0.07970984500025224,1.0
DEAI-PSO,3,100.0,0.0,49.768277421917595,0.23172257808240743,300.0,300.0,30.0,120000.0,1.0,0.07692471861135601,10.0,26.182082448991302,124.49267699795044,0.844197961285013,0.31060995826426996,0.07541956500099331,1.0
DEAI-PSO,4,100.0,0.0,49.69205306570168,0.30794693429831915,400.0,400.0,40.0,160000.0,1.0,0.07622435621591173,10.0,25.441495859404224,123.435808653235,0.980008648709893,0.3232684994139168,0.07396800499955133,1.0
DEAI-PSO,5,100.0,0.0,49.61542131767162,0.384578682328387,500.0,500.0,50.0,200000.0,1.0,0.07663174803006782,10.0,24.901326719291113,124.26250261678149,0.9509093907568211,0.31856150909490966,0.07324466499921982,1.0
DEAI-PSO,6,100.0,0.0,49.53793598443568,0.46206401556432297,600.0,600.0,60.0,240000.0,1.0,0.07748533323593598,10.0,24.3639994474399,126.06872453641441,0.9199663345164307,0.31442085763022437,0.07101778999931412,1.0
DEAI-PSO,7,100.0,0.0,49.46123452957334,0.538765470426662,700.0,700.0,70.0,280000.0,1.0,0.076701454862339,10.0,24.27698695606774,124.261209651224,0.9905020761855822,0.32017737052889206,0.06953418500015687,1.0
DEAI-PSO,8,100.0,0.0,49.384754306134965,0.6152456938650352,800.0,800.0,80.0,320000.0,1.0,0.07648022343837332,10.0,23.828479753513164,123.81027428197282,1.006667542228024,0.32100783856265624,0.06470006500021555,1.0
DEAI-PSO,9,100.0,0.0,49.30823762894397,0.6917623710560289,900.0,900.0,90.0,360000.0,1.0,0.07651667719099357,10.0,24.977709652915845,122.92088676393811,1.0270616624445041,0.32463044896212506,0.06778455000021495,1.0
DEAI-PSO,10,100.0,0.0,49.23117209048257,0.7688279095174242,1000.0,1000.0,100.0,400000.0,1.0,0.07706553846139527,10.0,23.51120431845786,124.62038678616723,0.9793241184918386,0.31880740600806806,0.06758744999970076,1.0
DEAI-PSO,11,100.0,0.0,49.15427796895481,0.8457220310451948,1100.0,1100.0,110.0,440000.0,1.0,0.07689412152777067,10.0,21.05284498511046,125.19919569724838,1.034597193677666,0.3186429930554339,0.0642597449994355,1.0
DEAI-PSO,12,100.0,0.0,49.0773237060979,0.9226762939020972,1200.0,1200.0,120.0,480000.0,1.0,0.07695426285690239,10.0,22.24997042999393,124.79369864546393,1.0195523341843538,0.3199868736600245,0.06460140499984846,1.0
DEAI-PSO,13,100.0,0.0,49.00050937864438,0.9994906213556195,1300.0,1300.0,130.0,520000.0,1.0,0.07681432745352232,10.0,22.4968894864857,124.14769464826057,1.0073272475646786,0.322065654785473,0.0644708100000571,1.0
DEAI-PSO,14,100.0,0.0,48.92350959400997,1.0764904059900267,1400.0,1400.0,140.0,560000.0,1.0,0.07699978463440722,10.0,22.91110336609919,124.1838132221433,1.031159342865209,0.31962875120385914,0.06185880499942868,1.0
DEAI-PSO,15,100.0,0.0,48.84624838240347,1.153751617596529,1500.0,1500.0,150.0,600000.0,1.0,0.0772612116065023,10.0,22.26357126445419,125.32347393488378,1.0292582314830727,0.32229664856656026,0.06287122500070837,1.0
DEAI-PSO,16,100.0,0.0,48.76907161648407,1.2309283835159317,1600.0,1600.0,160.0,640000.0,1.0,0.07717676591940262,10.0,23.16899099183241,124.54154816302858,1.0436162258361878,0.3238544214306408,0.0631506449990411,1.0
DEAI-PSO,17,100.0,0.0,48.691447797595146,1.3085522024048521,1700.0,1700.0,170.0,680000.0,1.0,0.07762381888892059,10.0,21.54093473992712,126.02137652530912,0.9862777873238319,0.31936872811628436,0.06602381500088086,1.0
DEAI-PSO,18,100.0,0.0,48.613804418243184,1.386195581756817,1800.0,1800.0,180.0,720000.0,1.0,0.07764337935196472,10.0,22.582659337577,125.85978529239961,1.0028807328383436,0.32149260091689336,0.06357241499972588,1.0
DEAI-PSO,19,100.0,0.0,48.53687768526547,1.4631223147345291,1900.0,1900.0,190.0,760000.0,1.0,0.07692673297771221,10.0,23.21531040122666,124.16605482797816,1.0637417769514919,0.32288968434165555,0.059153209998839884,1.0
DEAI-PSO,20,100.0,0.0,48.459298584281605,1.5407014157183951,2000.0,2000.0,200.0,800000.0,1.0,0.07757910098386596,10.0,21.681551262826193,125.73874800437595,0.9847179826096761,0.3183341656369627,0.06436830999955419,1.0
DEAI-PSO,21,100.0,0.0,48.381705881183095,1.6182941188169013,2100.0,2100.0,210.0,840000.0,1.0,0.07759270309850627,10.0,22.036676812681836,125.72380464659982,0.9284891307284683,0.31433532301833783,0.06365055500027665,1.0
DEAI-PSO,22,100.0,0.0,48.30380226116878,1.6961977388312246,2200.0,2200.0,220.0,880000.0,1.0,0.07790362001432313,10.0,23.629822524047846,125.37729134728652,0.995299185008783,0.32241307683414344,0.0695298050002748,1.0
DEAI-PSO,23,100.0,0.0,48.22597662912249,1.7740233708775073,2300.0,2300.0,230.0,920000.0,1.0,0.07782563204628268,10.0,22.600402778893823,125.8540855616692,0.9483760585883807,0.3160599944422697,0.06240687500103377,1.0
DEAI-PSO,24,100.0,0.0,48.14752150947955,1.8524784905204477,2400.0,2400.0,240.0,960000.0,1.0,0.07845511964294047,10.0,22.39989049030383,127.00305862779749,0.9627052553975449,0.316977417033972,0.0626475200006098,1.0
DEAI-PSO,25,100.0,0.0,48.070178196969536,1.9298218030304686,2500.0,2500.0,250.0,1000000.0,1.0,0.07734331251002083,10.0,23.243677469292102,124.10733698841241,1.006840473725093,0.32070486155360745,0.062176474999432685,1.0
DEAI-PSO,26,100.0,0.0,47.992169955071695,2.0078300449283066,2600.0,2600.0,260.0,1040000.0,1.0,0.0780082418978381,10.0,22.968522906391737,126.07965344979395,0.9764096174229518,0.31865509192833247,0.06099841000032029,1.0
DEAI-PSO,27,100.0,0.0,47.91474877863764,2.0852512213623644,2700.0,2700.0,270.0,1080000.0,1.0,0.07742117643405777,10.0,22.798351828077013,124.31264692272683,1.0128792491578262,0.32007392335558915,0.06131542500042997,1.0
DEAI-PSO,28,100.0,0.0,47.83776245861928,2.1622375413807218,2800.0,2800.0,280.0,1120000.0,1.0,0.07698632001835755,10.0,24.419969399923982,123.99829048512211,1.0338513359426569,0.3264263337349133,0.06132669500038901,1.0
DEAI-PSO,29,100.0,0.0,47.760601672704155,2.2393983272958433,2900.0,2900.0,290.0,1160000.0,1.0,0.07716078591512136,10.0,23.210266809325176,124.89739086949494,1.0242996012592775,0.3220600396654597,0.06181331000007049,1.0
DEAI-PSO,30,100.0,0.0,47.68254145825189,2.317458541748112,3000.0,3000.0,300.0,1200000.0,1.0,0.07806021445226854,10.0,22.35511339848698,125.4325707681165,0.9717945773144286,0.31810936416949287,0.061380559999815884,1.0
DEAI-PSO,31,100.0,0.0,47.6053483543312,2.3946516456688034,3100.0,3100.0,310.0,1240000.0,1.0,0.07719310392069154,10.0,24.354771225368133,123.99715460318112,1.0318362888524182,0.3249853731462067,0.06042649000009988,1.0
DEAI-PSO,32,100.0,0.0,47.52852617137346,2.471473828626543,3200.0,3200.0,320.0,1280000.0,1.0,0.07682218295773957,10.0,25.793387001039935,123.06193839568762,1.023198726021177,0.32792874926482446,0.06205523000062385,1.0
DEAI-PSO,33,100.0,0.0,47.4511572431666,2.548842756833404,3300.0,3300.0,330.0,1320000.0,1.0,0.07736892820686095,10.0,24.727144494155205,123.84283973192444,1.0168875576701453,0.3271275373638981,0.05966136000060942,1.0
DEAI-PSO,34,100.0,0.0,47.3736564451609,2.626343554839104,3400.0,3400.0,340.0,1360000.0,1.0,0.07750079800569978,10.0,23.16828682984208,124.55855921793363,1.0082201653716374,0.3216006373260427,0.06089715499838348,1.0
DEAI-PSO,35,100.0,0.0,47.296360431885574,2.7036395681144274,3500.0,3500.0,350.0,1400000.0,1.0,0.07729601327532372,10.0,24.80027969292949,124.26597892794798,1.0013383909989642,0.32304684029134917,0.06006011499957822,1.0
DEAI-PSO,36,100.0,0.0,47.21943144332043,2.7805685566795697,3600.0,3600.0,360.0,1440000.0,1.0,0.07692898856514248,10.0,24.454337619065594,123.56133875188712,1.035680182022147,0.3252598848489711,0.06382828499954485,1.0
DEAI-PSO,37,100.0,0.0,47.14237580672053,2.8576241932794666,3700.0,3700.0,370.0,1480000.0,1.0,0.07705563659989671,10.0,24.83478328955122,123.2023965975693,1.0526769351178131,0.32812103038209744,0.061968599999454456,1.0
DEAI-PSO,38,100.0,0.0,47.06437877618991,2.9356212238100876,3800.0,3800.0,380.0,1520000.0,1.0,0.0779970305306211,10.0,23.12017069345379,125.3500972834182,0.9953226104181189,0.32229140479863816,0.06187464499962516,1.0
DEAI-PSO,39,100.0,0.0,46.98723349014544,3.0127665098545573,3900.0,3900.0,390.0,1560000.0,1.0,0.07714528604446969,10.0,25.086657743430425,123.97162348142749,0.9971482858115825,0.3234345510095515,0.06136686999925587,1.0
DEAI-PSO,40,100.0,0.0,46.91006030898572,3.0899396910142776,4000.0,4000.0,400.0,1600000.0,1.0,0.07717318115972027,10.0,23.758402086335,124.50978082646978,1.0083111906455706,0.32385876016001824,0.05926884500113374,1.0
DEAI-PSO,41,100.0,0.0,46.83318442311052,3.1668155768894866,4100.0,4100.0,410.0,1640000.0,1.0,0.076875885875209,10.0,25.893792537239886,122.37841370958192,1.0834225411510103,0.3304028732117114,0.06018555500086222,1.0
DEAI-PSO,42,100.0,0.0,46.75596468821817,3.2440353117818304,4200.0,4200.0,420.0,1680000.0,1.0,0.0772197348923438,10.0,22.329104845124295,124.63662031991808,1.0303089670509942,0.3236770974687033,0.061869169999772565,1.0
DEAI-PSO,43,100.0,0.0,46.67890761559923,3.32109238440077,4300.0,4300.0,430.0,1720000.0,1.0,0.07705707261893976,10.0,24.23265023817911,124.35868805314492,1.0098570103896076,0.321498664708399,0.060737179999341605,1.0
DEAI-PSO,44,100.0,0.0,46.60222016680344,3.397779833196556,4400.0,4400.0,440.0,1760000.0,1.0,0.07668744879578568,10.0,25.09519993836528,123.46101264244581,1.058272161252408,0.3286502313041764,0.05842496500008565,1.0
DEAI-PSO,45,100.0,0.0,46.52400732758363,3.475992672416369,4500.0,4500.0,450.0,1800000.0,1.0,0.07821283921981319,10.0,22.055489668577152,126.94058599439526,0.9499417783530981,0.3155840080427309,0.06246064499937347,1.0
DEAI-PSO,46,100.0,0.0,46.446831518641474,3.553168481358526,4600.0,4600.0,460.0,1840000.0,1.0,0.07717580894215673,10.0,24.582918541346963,123.58077888920086,1.046984145839845,0.3256671837741544,0.05868063500020071,1.0
DEAI-PSO,47,100.0,0.0,46.36927577339644,3.6307242266035664,4700.0,4700.0,470.0,1880000.0,1.0,0.07755574524504069,10.0,24.611260571290167,123.89353882077978,1.046388206565964,0.3239981577780651,0.058781154999815045,1.0
DEAI-PSO,48,100.0,0.0,46.291593947611105,3.70840605238889,4800.0,4800.0,480.0,1920000.0,1.0,0.07768182578532361,10.0,25.32446215752754,124.17649893357027,1.0381869027665982,0.32318376754873046,0.05778159500041511,1.0
DEAI-PSO,49,100.0,0.0,46.21263927030054,3.787360729699455,4900.0,4900.0,490.0,1960000.0,1.0,0.0789546773105652,10.0,22.881050942409093,127.19205610323164,0.9291983446392468,0.31809533423189856,0.06010346000002755,1.0
DEAI-PSO,50,100.0,0.0,46.13519574839656,3.864804251603438,5000.0,5000.0,500.0,2000000.0,1.0,0.07744352190398232,10.0,23.201104460688214,125.06923852028926,0.9847862556227914,0.3219444522127939,0.05883785000078205,1.0
DEAI-PSO,51,100.0,0.0,46.057653556738316,3.9423464432616826,5100.0,5100.0,510.0,2040000.0,1.0,0.07754219165824487,10.0,24.494582166467687,124.12608026968618,1.0253967013031584,0.32577760396236416,0.05864536499902897,1.0
DEAI-PSO,52,100.0,0.0,45.98051557118707,4.019484428812928,5200.0,5200.0,520.0,2080000.0,1.0,0.07713798555124533,10.0,24.46839777801045,124.29668239597342,1.016628570275394,0.3236078514950461,0.057470159999866155,1.0
DEAI-PSO,53,100.0,0.0,45.90404266956329,4.095957330436712,5300.0,5300.0,530.0,2120000.0,1.0,0.07647290162378403,10.0,24.207890712539772,122.96719230737828,1.0948669051673394,0.32713710884864255,0.060979185001269795,1.0
DEAI-PSO,54,100.0,0.0,45.826806141534604,4.173193858465394,5400.0,5400.0,540.0,2160000.0,1.0,0.07723652802868308,10.0,24.274254655888175,124.4148249783846,1.032093825981296,0.3247044758855103,0.058037910000348344,1.0
DEAI-PSO,55,100.0,0.0,45.74957799506939,4.250422004930611,5500.0,5500.0,550.0,2200000.0,1.0,0.0772281464652167,10.0,24.589317463838846,123.86426058346679,1.047640665481672,0.3235285018272481,0.05997657499938214,1.0
DEAI-PSO,56,100.0,0.0,45.672411190887615,4.32758880911239,5600.0,5600.0,560.0,2240000.0,1.0,0.07716680418177865,10.0,24.696928149339847,123.65101539169935,1.0466289121930514,0.3255978129332754,0.06513052499940386,1.0
DEAI-PSO,57,100.0,0.0,45.59584460925714,4.404155390742856,5700.0,5700.0,570.0,2280000.0,1.0,0.07656658163046544,10.0,24.752810131430454,123.07378909056676,1.0652617234621604,0.3295557649126335,0.06108179499969992,1.0
DEAI-PSO,58,100.0,0.0,45.51734689699557,4.482653103004427,5800.0,5800.0,580.0,2320000.0,1.0,0.07849771226157146,10.0,24.77956686773205,125.51337201061708,1.0155267381970454,0.32730721729802353,0.059390829999756534,1.0
DEAI-PSO,59,100.0,0.0,45.440256537649326,4.559743462350672,5900.0,5900.0,590.0,2360000.0,1.0,0.07709035934624424,10.0,24.859853370733624,123.65879332930169,1.0384486480839952,0.3266042287554772,0.05948312999935297,1.0
DEAI-PSO,60,100.0,0.0,45.36270009660347,4.637299903396531,6000.0,6000.0,600.0,2400000.0,1.0,0.07755644104586032,10.0,23.290699866828355,124.10942636445343,1.0418181395171193,0.32577064392036076,0.060491944999739644,1.0
DEAI-PSO,61,100.0,0.0,45.28518187222456,4.714818127775435,6100.0,6100.0,610.0,2440000.0,1.0,0.07751822437890254,10.0,24.198422426612613,125.08718823444656,0.9964859287050375,0.3209769738941633,0.060375419999763834,1.0
DEAI-PSO,62,100.0,0.0,45.20709184002618,4.7929081599738215,6200.0,6200.0,620.0,2480000.0,1.0,0.07809003219838714,10.0,24.83519483566057,124.49548834306476,1.0312339412179243,0.3299808839690851,0.06056190499875811,1.0
DEAI-PSO,63,100.0,0.0,45.12942095740111,4.870579042598893,6300.0,6300.0,630.0,2520000.0,1.0,0.0776708826250708,10.0,22.753678773463708,124.9822614977962,1.0201677182190414,0.32286430429285995,0.06115331500077446,1.0
DEAI-PSO,64,100.0,0.0,45.05163060557156,4.948369394428444,6400.0,6400.0,640.0,2560000.0,1.0,0.0777903518295517,10.0,24.461030435114328,124.852525127927,1.0023669243319548,0.3242077486414069,0.0600015349995374,1.0
DEAI-PSO,65,100.0,0.0,44.974510205138984,5.025489794861016,6500.0,6500.0,650.0,2600000.0,1.0,0.07712040043257282,10.0,25.110050426965817,123.6393470756913,1.0324737115129687,0.3296847102780146,0.058560839999336166,1.0
DEAI-PSO,66,100.0,0.0,44.8978824879908,5.102117512009199,6600.0,6600.0,660.0,2640000.0,1.0,0.07662771714818284,10.0,23.527171267134865,123.19939054247125,1.0562058319450733,0.32332453311511433,0.05966755500012368,1.0
DEAI-PSO,67,100.0,0.0,44.82095100487317,5.179048995126825,6700.0,6700.0,670.0,2680000.0,1.0,0.07693148311762635,10.0,22.86370880291562,123.99767708538332,1.0872952726406946,0.3275985999288266,0.058916534999661964,1.0
DEAI-PSO,68,100.0,0.0,44.74368020991596,5.2563197900840395,6800.0,6800.0,680.0,2720000.0,1.0,0.0772707949572137,10.0,25.326900070969675,123.62152680574532,0.9970509599970058,0.32595991249768075,0.06090000999975018,1.0
DEAI-PSO,69,100.0,0.0,44.66562468918046,5.334375310819536,6900.0,6900.0,690.0,2760000.0,1.0,0.07805552073549649,10.0,23.481215497102287,125.38182809110681,0.9976024148864872,0.32233653004779084,0.05775888000061968,1.0
DEAI-PSO,70,100.0,0.0,44.588148261157,5.411851738842998,7000.0,7000.0,700.0,2800000.0,1.0,0.0774764280234617,10.0,23.566059015938414,124.3544642659921,1.0042599918503976,0.32179285671014257,0.06394848500021907,1.0
DEAI-PSO,71,100.0,0.0,44.51106087387609,5.4889391261239115,7100.0,7100.0,710.0,2840000.0,1.0,0.07708738728091405,10.0,24.07731051388835,123.57708882164636,1.0895744624757489,0.32400731579823294,0.059958509999705714,1.0
DEAI-PSO,72,100.0,0.0,44.43335321086131,5.566646789138683,7200.0,7200.0,720.0,2880000.0,1.0,0.07770766301477075,10.0,24.36028824045446,124.56704655003732,1.0342338016879447,0.3239285359691151,0.06245147500012536,1.0
DEAI-PSO,73,100.0,0.0,44.35590983823752,5.644090161762479,7300.0,7300.0,730.0,2920000.0,1.0,0.07744337262379589,10.0,24.848412512991256,124.0755741012315,1.009598381481643,0.3271959911389718,0.059392424999168726,1.0
DEAI-PSO,74,100.0,0.0,44.27813142127064,5.721868578729357,7400.0,7400.0,740.0,2960000.0,1.0,0.07777841696687808,10.0,24.074485000433118,124.60296138777673,1.0263465805945882,0.32293105305611225,0.058325219999824186,1.0
DEAI-PSO,75,100.0,0.0,44.20034178368627,5.7996582163137305,7500.0,7500.0,750.0,3000000.0,1.0,0.07778963758437421,10.0,23.88455061812968,125.02841399011265,1.0069803868015241,0.3234220433474565,0.05947336999961408,1.0
DEAI-PSO,76,100.0,0.0,44.12229782054461,5.8777021794553885,7600.0,7600.0,760.0,3040000.0,1.0,0.07804396314165736,10.0,23.4554963504657,125.2045616002965,1.011082041359918,0.3260082509554211,0.060183725000024425,1.0
DEAI-PSO,77,100.0,0.0,44.04462059890985,5.95537940109015,7700.0,7700.0,770.0,3080000.0,1.0,0.07767722163476165,10.0,25.032172395599368,124.02145536952715,1.0400888942549953,0.3243139864146562,0.05728464000021631,1.0
DEAI-PSO,78,100.0,0.0,43.966890031111916,6.033109968888082,7800.0,7800.0,780.0,3120000.0,1.0,0.07773056779793208,10.0,22.899075974837004,125.36753202700493,0.9909357987616154,0.3223253956454754,0.058117079998919505,1.0
DEAI-PSO,79,100.0,0.0,43.890273815590305,6.1097261844096975,7900.0,7900.0,790.0,3160000.0,1.0,0.07661621552161613,10.0,23.602517142121183,123.63347248604164,1.0807405286608716,0.32660561487598827,0.05909765999967931,1.0
DEAI-PSO,80,100.0,0.0,43.812730658645144,6.187269341354858,8000.0,8000.0,800.0,3200000.0,1.0,0.07754315694516016,10.0,24.430940545876688,124.26127861820741,1.0042534130228842,0.32263420880885557,0.05783675000166113,1.0
DEAI-PSO,81,100.0,0.0,43.734578118268885,6.2654218817311165,8100.0,8100.0,810.0,3240000.0,1.0,0.07815254037625863,10.0,23.001126436355555,125.79406672734999,0.9958236197638565,0.3206286355089606,0.05867646500046249,1.0
DEAI-PSO,82,100.0,0.0,43.657186449077464,6.342813550922536,8200.0,8200.0,820.0,3280000.0,1.0,0.07739166919141915,10.0,25.237908905429794,124.16361922911224,1.007075319469603,0.32553410891993556,0.05955165499872237,1.0
DEAI-PSO,83,100.0,0.0,43.57993265585672,6.42006734414328,8300.0,8300.0,830.0,3320000.0,1.0,0.0772537932207431,10.0,24.307854848868068,124.41675312957341,1.0200625242555694,0.3261791216429143,0.056127859999469364,1.0
DEAI-PSO,84,100.0,0.0,43.502152802092,6.4978471979079995,8400.0,8400.0,840.0,3360000.0,1.0,0.0777798537647211,10.0,24.142304574850506,124.5939666826416,1.0273365448506788,0.32611862206637815,0.05978144999971846,1.0
DEAI-PSO,85,100.0,0.0,43.424768704837334,6.575231295162666,8500.0,8500.0,850.0,3400000.0,1.0,0.07738409725466652,10.0,22.70479388198655,125.43574290885877,1.026180862457622,0.3242008269277372,0.05858267500079819,1.0
DEAI-PSO,86,100.0,0.0,43.34748454988321,6.652515450116786,8600.0,8600.0,860.0,3440000.0,1.0,0.0772841549541198,10.0,24.28211098926312,124.35887079230501,1.0014739856078045,0.32393734487496706,0.05855391000004602,1.0
DEAI-PSO,87,100.0,0.0,43.2704708969073,6.729529103092702,8700.0,8700.0,870.0,3480000.0,1.0,0.07701365297591564,10.0,24.39607120206576,123.70975272636706,1.0740281006813368,0.3283066284397115,0.05742590499976359,1.0
DEAI-PSO,88,100.0,0.0,43.19358777201013,6.806412227989865,8800.0,8800.0,880.0,3520000.0,1.0,0.07688312489716331,10.0,24.509094005939556,123.38805591044759,1.0413194001782478,0.32760761761736973,0.05653796499973396,1.0
DEAI-PSO,89,100.0,0.0,43.11543646798713,6.884563532012867,8900.0,8900.0,890.0,3560000.0,1.0,0.07815130402300063,10.0,22.951711231531885,125.12775624787203,1.0382797851150172,0.32420872139226486,0.05986989499942865,1.0
DEAI-PSO,90,100.0,0.0,43.03821813408497,6.961781865915026,9000.0,9000.0,900.0,3600000.0,1.0,0.07721833390215949,10.0,23.341957896643674,124.26531983828457,1.0573338702492527,0.32566654137722,0.05740405500000634,1.0
DEAI-PSO,91,100.0,0.0,42.96053581020529,7.039464189794707,9100.0,9100.0,910.0,3640000.0,1.0,0.07768232387968119,10.0,23.917668359561155,124.8286169351624,1.0144398441230422,0.3247182132397596,0.05461029999969469,1.0
DEAI-PSO,92,100.0,0.0,42.882109774506446,7.117890225493555,9200.0,9200.0,920.0,3680000.0,1.0,0.07842603569884865,10.0,22.637634736432958,126.12978093942229,0.9813536053384343,0.3224179543839446,0.060710385000857056,1.0
DEAI-PSO,93,100.0,0.0,42.804737166362706,7.195262833637296,9300.0,9300.0,930.0,3720000.0,1.0,0.07737260814373954,10.0,24.039562420135933,124.18881786060403,1.0586681982023163,0.3274472758831099,0.05739334500030964,1.0
DEAI-PSO,94,100.0,0.0,42.72720579750648,7.272794202493517,9400.0,9400.0,940.0,3760000.0,1.0,0.07753136885622318,10.0,24.599352560412267,124.10380486292107,1.0234668459993217,0.3253210491335696,0.059244705000310205,1.0
DEAI-PSO,95,100.0,0.0,42.64904939282628,7.350950607173725,9500.0,9500.0,950.0,3800000.0,1.0,0.07815640468020639,10.0,23.92285697335344,125.72477021665865,0.9763315339259242,0.3251080389136436,0.0616374100001849,1.0
DEAI-PSO,96,100.0,0.0,42.57140110766461,7.428598892335384,9600.0,9600.0,960.0,3840000.0,1.0,0.07764828516166027,10.0,23.975971850628074,124.86956695448634,1.054075085396276,0.3266225345619358,0.060238265000589306,1.0
DEAI-PSO,97,100.0,0.0,42.49420068527356,7.505799314726434,9700.0,9700.0,970.0,3880000.0,1.0,0.07720042239104963,10.0,24.463736352330663,123.97866895320189,1.0266791091180343,0.32657865300774214,0.05786600499995984,1.0
DEAI-PSO,98,100.0,0.0,42.41597228495675,7.5840277150432485,9800.0,9800.0,980.0,3920000.0,1.0,0.07822840031681473,10.0,24.27437022433694,125.45750818711397,0.9983197419090717,0.3238322934330588,0.05783602000083192,1.0
DEAI-PSO,99,100.0,0.0,42.33847428435439,7.661525715645612,9900.0,9900.0,990.0,3960000.0,1.0,0.0774980006023629,10.0,25.922068730324916,123.72388625696885,1.031530220548292,0.32740592331371315,0.05658323499847029,1.0
DEAI-PSO,100,100.0,0.0,42.260700039141355,7.739299960858645,10000.0,10000.0,1000.0,4000000.0,1.0,0.07777424521303367,10.0,22.97227465129179,125.49611970946485,0.9696480218988679,0.31996146585040286,0.05688886999996612,1.0
DEAI-PSO,101,100.0,0.0,42.18328045414179,7.816719545858215,10100.0,10100.0,1010.0,4040000.0,1.0,0.07741958499956851,10.0,24.837911978659783,123.97026693238593,1.041483312109014,0.3293479184181889,0.05706644999918353,1.0
DEAI-PSO,102,100.0,0.0,42.105803626324374,7.894196373675625,10200.0,10200.0,1020.0,4080000.0,1.0,0.07747682781741076,10.0,24.635886598996382,124.00401541212497,1.004173344671677,0.322642774048166,0.05750470499988296,1.0
DEAI-PSO,103,100.0,0.0,42.02946568390477,7.970534316095232,10300.0,10300.0,1030.0,4120000.0,1.0,0.07633794241960742,10.0,25.781428429334596,122.20079371743432,1.0834536933524224,0.3304783477325868,0.058718790000420996,1.0
DEAI-PSO,104,100.0,0.0,41.951205800210325,8.048794199789679,10400.0,10400.0,1040.0,4160000.0,1.0,0.07825988369444623,10.0,24.580802247437784,125.28975266415209,0.9795593383536396,0.322679968780327,0.05766138000180945,1.0
DEAI-PSO,105,100.0,0.0,41.873574906212056,8.12642509378794,10500.0,10500.0,1050.0,4200000.0,1.0,0.07763089399826092,10.0,24.413108040052613,125.1667883988468,0.996635408770624,0.3230309604969966,0.05981884499815351,1.0
DEAI-PSO,106,100.0,0.0,41.79616951842564,8.20383048157436,10600.0,10600.0,1060.0,4240000.0,1.0,0.07740538778642012,10.0,25.223302997936553,123.69239839584404,1.0327419588215485,0.32880936408270617,0.05997781999794825,1.0
DEAI-PSO,107,100.0,0.0,41.71752791754006,8.282472082459941,10700.0,10700.0,1070.0,4280000.0,1.0,0.0786416008855813,10.0,23.368797984949317,126.11105101009282,0.9452158806637501,0.3183821592482934,0.059167504999641095,1.0
DEAI-PSO,108,100.0,0.0,41.64000186005498,8.359998139945018,10800.0,10800.0,1080.0,4320000.0,1.0,0.07752605748507797,10.0,24.69748025600667,124.2876460345514,1.0218487638340967,0.32831612058391835,0.05731304499931866,1.0
DEAI-PSO,109,100.0,0.0,41.56216574376329,8.437834256236709,10900.0,10900.0,1090.0,4360000.0,1.0,0.07783611629169052,10.0,25.188436347811226,124.41319061155885,1.0419723872561408,0.32490501394562094,0.05804109500058985,1.0
DEAI-PSO,110,100.0,0.0,41.484843614658644,8.515156385341358,11000.0,11000.0,1100.0,4400000.0,1.0,0.0773221291046486,10.0,24.633458852274384,123.50342619220244,1.0748775692785617,0.3290577135197793,0.058682580000458985,1.0
DEAI-PSO,111,100.0,0.0,41.40705492300483,8.59294507699517,11100.0,11100.0,1110.0,4440000.0,1.0,0.07778869165381223,10.0,23.739603888762208,125.86683324701565,0.9768352174507408,0.32229271251953523,0.0600364649995754,1.0
DEAI-PSO,112,100.0,0.0,41.3299282824591,8.670071717540903,11200.0,11200.0,1120.0,4480000.0,1.0,0.07712664054573218,10.0,25.044443321457834,123.12223964682725,1.06520555303914,0.33063412775603995,0.05728317500070261,1.0
DEAI-PSO,113,100.0,0.0,41.25255571271954,8.74744428728046,11300.0,11300.0,1130.0,4520000.0,1.0,0.0773725697395573,10.0,24.2646942213951,124.55903199757081,1.0537801836782255,0.3294342930006365,0.05942813000037859,1.0
DEAI-PSO,114,100.0,0.0,41.17545606561653,8.824543934383469,11400.0,11400.0,1140.0,4560000.0,1.0,0.07709964710300916,10.0,24.317436380346276,123.7485309064526,1.070508466376123,0.32888726630882315,0.057549649999418764,1.0
DEAI-PSO,115,100.0,0.0,41.09808335863714,8.901916641362856,11500.0,11500.0,1150.0,4600000.0,1.0,0.0773727069793864,10.0,24.070396827370125,124.58255861218454,1.022859864346447,0.32347709786260576,0.05596305000108259,1.0
DEAI-PSO,116,100.0,0.0,41.02015261774172,8.97984738225828,11600.0,11600.0,1160.0,4640000.0,1.0,0.07793074089542351,10.0,24.430441442263067,124.84965811700144,1.024609671020694,0.3253794281469667,0.05943853499920806,1.0
DEAI-PSO,117,100.0,0.0,40.944027260491154,9.055972739508848,11700.0,11700.0,1170.0,4680000.0,1.0,0.07612535725056872,10.0,24.104400940324947,122.07380534347354,1.1345135054982758,0.329573064748491,0.060369895001349504,1.0
DEAI-PSO,118,100.0,0.0,40.86698196585071,9.133018034149286,11800.0,11800.0,1180.0,4720000.0,1.0,0.07704529464043866,10.0,24.214018498937214,123.56001814952097,1.0996674162887181,0.3281788251613996,0.056817249999949124,1.0
DEAI-PSO,119,100.0,0.0,40.78870105443759,9.211298945562412,11900.0,11900.0,1190.0,4760000.0,1.0,0.07828091141312576,10.0,23.404546353428348,125.96050661498319,1.0092167619229788,0.32349414057407827,0.05887705500063021,1.0
DEAI-PSO,120,100.0,0.0,40.71140453934443,9.288595460655575,12000.0,12000.0,1200.0,4800000.0,1.0,0.07729651509316326,10.0,24.01358851291203,124.07014204587526,0.9912957832338682,0.3221071607406921,0.05942819999982021,1.0
DEAI-PSO,121,100.0,0.0,40.63331368949686,9.366686310503141,12100.0,12100.0,1210.0,4840000.0,1.0,0.07809084984756609,10.0,23.512710574696236,125.51145192344457,1.0159123243214059,0.32521141060392345,0.05856424500125286,1.0
DEAI-PSO,122,100.0,0.0,40.55555623729235,9.444443762707646,12200.0,12200.0,1220.0,4880000.0,1.0,0.07775745220450503,10.0,23.768444593193006,124.47564594588664,1.0837124761368286,0.3277851010583723,0.058882004999395575,1.0
DEAI-PSO,123,100.0,0.0,40.47751683072292,9.522483169277079,12300.0,12300.0,1230.0,4920000.0,1.0,0.07803940656943276,10.0,23.712469097039875,125.42328933729524,0.9700842574874551,0.32004575282058384,0.05622483999868564,1.0
DEAI-PSO,124,100.0,0.0,40.40043447981642,9.59956552018358,12400.0,12400.0,1240.0,4960000.0,1.0,0.07708235090650177,10.0,23.159033781354474,124.28458109191862,1.0440428772517503,0.32205835068316846,0.057408834998568636,1.0
DEAI-PSO,125,100.0,0.0,40.32381500624314,9.676184993756866,12500.0,12500.0,1250.0,5000000.0,1.0,0.07661947357328422,10.0,25.785017475128022,122.66334321254867,1.0835973110694268,0.3320695180221711,0.05977944999976899,1.0
DEAI-PSO,126,100.0,0.0,40.24665493503581,9.753345064964195,12600.0,12600.0,1260.0,5040000.0,1.0,0.07716007120733011,10.0,24.105007140355806,123.57399486704898,1.0451887358689316,0.327755768286831,0.058699359999081935,1.0
DEAI-PSO,127,100.0,0.0,40.16982611566793,9.830173884332073,12700.0,12700.0,1270.0,5080000.0,1.0,0.07682881936787603,10.0,24.178292073649565,123.541460741845,1.062851024170258,0.3284004231690288,0.06009030000022904,1.0
DEAI-PSO,128,100.0,0.0,40.091976511171154,9.90802348882885,12800.0,12800.0,1280.0,5120000.0,1.0,0.07784960449677847,10.0,22.954849759102988,125.46187181249766,1.0068869267267513,0.3242341357329922,0.056020439998974325,1.0
DEAI-PSO,129,100.0,0.0,40.014779527600545,9.985220472399456,12900.0,12900.0,1290.0,5160000.0,1.0,0.0771969835706063,10.0,24.147774088406194,123.76940748225027,1.0624331020281281,0.32595123844036084,0.059620234999238166,1.0
DEAI-PSO,130,100.0,0.0,39.937746499510276,10.062253500489728,13000.0,13000.0,1300.0,5200000.0,1.0,0.07703302809027228,10.0,24.050209925880456,124.04207807159136,1.0326700608080983,0.3275848541644829,0.05761572499868635,1.0
DEAI-PSO,131,100.0,0.0,39.861086280798176,10.13891371920182,13100.0,13100.0,1310.0,5240000.0,1.0,0.07666021871209168,10.0,23.426237890201943,123.88153276374912,1.0384720976672335,0.32334204995414506,0.058300275000510736,1.0
DEAI-PSO,132,100.0,0.0,39.78356302277901,10.216436977220985,13200.0,13200.0,1320.0,5280000.0,1.0,0.07752325801916485,10.0,24.094557428310885,124.0439749553087,1.0293555838678352,0.32812147080647736,0.05787307999999029,1.0
DEAI-PSO,133,100.0,0.0,39.70657244237131,10.293427557628691,13300.0,13300.0,1330.0,5320000.0,1.0,0.07699058040770587,10.0,24.470064562624188,123.58290844925766,1.0511160243148854,0.32842128639928897,0.05810631000058493,1.0
DEAI-PSO,134,100.0,0.0,39.62952217017929,10.37047782982071,13400.0,13400.0,1340.0,5360000.0,1.0,0.0770502721920181,10.0,24.541178358866762,124.12951370897292,1.064326299795963,0.32832520453617525,0.059542100000180655,1.0
DEAI-PSO,135,100.0,0.0,39.55149191832139,10.448508081678607,13500.0,13500.0,1350.0,5400000.0,1.0,0.07803025185789814,10.0,22.980945973725277,125.85331542025997,0.9360752359954659,0.32011451142716063,0.05634793999961403,1.0
DEAI-PSO,136,100.0,0.0,39.474915903296974,10.525084096703024,13600.0,13600.0,1360.0,5440000.0,1.0,0.07657601502441694,10.0,24.067407448268575,122.81859037000213,1.1118384886568573,0.3279294259672011,0.05814089999985299,1.0
DEAI-PSO,137,100.0,0.0,39.39744772322568,10.602552276774322,13700.0,13700.0,1370.0,5480000.0,1.0,0.07746818007129833,10.0,25.086712595001114,124.14961767046968,1.0523253279928464,0.32833600025088094,0.05611272500063933,1.0
DEAI-PSO,138,100.0,0.0,39.31989171540786,10.680108284592139,13800.0,13800.0,1380.0,5520000.0,1.0,0.07755600781781595,10.0,24.810866109244248,123.70913793540811,1.0804106353948932,0.32756415312708576,0.05731309999973746,1.0
DEAI-PSO,139,100.0,0.0,39.241765397565835,10.758234602434161,13900.0,13900.0,1390.0,5560000.0,1.0,0.07812631784202359,10.0,23.141500034392326,125.38316120057728,0.9778390700156082,0.32012872997601677,0.059367579999889133,1.0
DEAI-PSO,140,100.0,0.0,39.1635011277545,10.8364988722455,14000.0,14000.0,1400.0,5600000.0,1.0,0.07826426981133708,10.0,22.54284498942492,126.01357083742121,0.9959890831915134,0.3209713469453409,0.060434179999356276,1.0
DEAI-PSO,141,100.0,0.0,39.0859103003376,10.914089699662402,14100.0,14100.0,1410.0,5640000.0,1.0,0.07759082741690193,10.0,24.34351629939969,124.95023462198226,1.0143677497646855,0.32530857515608474,0.05866456000039762,1.0
DEAI-PSO,142,100.0,0.0,39.00781481214018,10.992185187859814,14200.0,14200.0,1420.0,5680000.0,1.0,0.07809548819741323,10.0,23.051798050875085,124.93863150434592,1.00912743617307,0.32423858973019726,0.0612565249990439,1.0
DEAI-PSO,143,100.0,0.0,38.93009344048862,11.069906559511379,14300.0,14300.0,1430.0,5720000.0,1.0,0.07772137165156572,10.0,23.5476733248714,124.59533037722835,1.0194291721419009,0.3268188101422155,0.056561894999686044,1.0
DEAI-PSO,144,100.0,0.0,38.85193909930917,11.148060900690833,14400.0,14400.0,1440.0,5760000.0,1.0,0.07815434117945266,10.0,23.535989542305067,125.21601085981345,1.0233051809881304,0.3236194622074501,0.0649672349991306,1.0
DEAI-PSO,145,100.0,0.0,38.77449701118095,11.225502988819054,14500.0,14500.0,1450.0,5800000.0,1.0,0.07744208812822109,10.0,25.56854392089223,124.42405087828203,1.0508357049398118,0.3286006967016888,0.05791853499977151,1.0
DEAI-PSO,146,100.0,0.0,38.69768196671575,11.302318033284255,14600.0,14600.0,1460.0,5840000.0,1.0,0.07681504446520009,10.0,25.560066041315007,122.79660299783475,1.058501718910017,0.32999612832416725,0.05739208000086364,1.0
DEAI-PSO,147,100.0,0.0,38.61972837814212,11.380271621857878,14700.0,14700.0,1470.0,5880000.0,1.0,0.07795358857362408,10.0,24.18454418011819,124.78424398099571,0.9932156207042373,0.3242418603065552,0.05865008499968098,1.0
DEAI-PSO,148,100.0,0.0,38.54227101299485,11.457728987005144,14800.0,14800.0,1480.0,5920000.0,1.0,0.0774573651472668,10.0,25.60416303887929,123.63524383516624,1.0548573630412017,0.33013593155784693,0.06073262500067358,1.0
DEAI-PSO,149,100.0,0.0,38.46581389886643,11.534186101133574,14900.0,14900.0,1490.0,5960000.0,1.0,0.07645711412842929,10.0,24.12806133866696,123.1532644792974,1.115676821529157,0.3293700375491395,0.059723495000071125,1.0
DEAI-PSO,150,100.0,0.0,38.38866076711355,11.611339232886449,15000.0,15000.0,1500.0,6000000.0,1.0,0.07715313175287583,10.0,24.070159274787695,124.26675359051187,1.0504382776210854,0.32826247422452554,0.056257430000187014,1.0
DEAI-PSO,151,100.0,0.0,38.31098640331136,11.689013596688644,15100.0,15100.0,1510.0,6040000.0,1.0,0.07767436380219443,10.0,25.153467087651478,124.2384604665011,1.0344819737372681,0.3258103233238985,0.05725618999931612,1.0
DEAI-PSO,152,100.0,0.0,38.234586968978086,11.765413031021918,15200.0,15200.0,1520.0,6080000.0,1.0,0.07639943433327297,10.0,25.215657116223404,122.25255761751093,1.1058884211365225,0.32858170320772906,0.05673600000045553,1.0
DEAI-PSO,153,100.0,0.0,38.15745300096801,11.84254699903199,15300.0,15300.0,1530.0,6120000.0,1.0,0.07713396801007236,10.0,24.228379392412783,123.79735281358705,1.052377147209873,0.32684333711150193,0.05780044499988435,1.0
DEAI-PSO,154,100.0,0.0,38.07953268049247,11.92046731950753,15400.0,15400.0,1540.0,6160000.0,1.0,0.0779203204755408,10.0,23.51251195245545,124.99502743309384,1.0029160888813133,0.32326509154747374,0.05658895000051416,1.0
DEAI-PSO,155,100.0,0.0,38.002625871571595,11.997374128428408,15500.0,15500.0,1550.0,6200000.0,1.0,0.07690680892087798,10.0,25.255394214496462,122.91443920666487,1.064436065280045,0.3284634035845019,0.06032825999900524,1.0
DEAI-PSO,156,100.0,0.0,37.924980087603274,12.075019912396728,15600.0,15600.0,1560.0,6240000.0,1.0,0.07764578396832,10.0,23.97553394212629,124.63599012296751,1.0356769516117421,0.32527108501428703,0.06187977500012494,1.0
DEAI-PSO,157,100.0,0.0,37.84792325814247,12.152076741857531,15700.0,15700.0,1570.0,6280000.0,1.0,0.07705682946080258,10.0,22.428040355950564,124.45810823631616,1.035099897876755,0.321186462842505,0.05999943000024359,1.0
DEAI-PSO,158,100.0,0.0,37.769846465692275,12.230153534307728,15800.0,15800.0,1580.0,6320000.0,1.0,0.07807679245019727,10.0,23.23849358414879,125.10612533749361,1.0155686084981583,0.3230877326110766,0.057345184999212505,1.0
DEAI-PSO,159,100.0,0.0,37.6930715354809,12.3069284645191,15900.0,15900.0,1590.0,6360000.0,1.0,0.0767749302113728,10.0,24.462414461701897,122.97378581602163,1.1254597339394738,0.3314420073882407,0.06229333499977656,1.0
DEAI-PSO,160,100.0,0.0,37.61547453497019,12.384525465029814,16000.0,16000.0,1600.0,6400000.0,1.0,0.07759700051071228,10.0,23.690093487498352,124.88909365320414,0.9909593195386417,0.3233022802680525,0.059064434998799695,1.0
DEAI-PSO,161,100.0,0.0,37.53822187617581,12.461778123824187,16100.0,16100.0,1610.0,6440000.0,1.0,0.07725265879437444,10.0,24.291472501433834,123.96273970186215,1.0537578960871354,0.3252722141226551,0.055831869999383346,1.0
DEAI-PSO,162,100.0,0.0,37.461496801711235,12.538503198288767,16200.0,16200.0,1620.0,6480000.0,1.0,0.07672507446457963,10.0,25.848241663769222,122.45237591493117,1.0713338852968026,0.3319519493879063,0.05845374499986065,1.0
DEAI-PSO,163,100.0,0.0,37.38417411194735,12.615825888052647,16300.0,16300.0,1630.0,6520000.0,1.0,0.07732268976388035,10.0,25.054427671265547,123.69555737399835,1.0487610496631228,0.3275213988827268,0.05926322999948752,1.0
DEAI-PSO,164,100.0,0.0,37.30740450083759,12.692595499162412,16400.0,16400.0,1640.0,6560000.0,1.0,0.07676961110976528,10.0,24.229811963649027,123.53011085130308,1.0505954427180768,0.3274825390042263,0.05884628000021621,1.0
DEAI-PSO,165,100.0,0.0,37.2296733773698,12.770326622630197,16500.0,16500.0,1650.0,6600000.0,1.0,0.07773112346778391,10.0,23.541660703610795,125.176895798657,1.015245600307972,0.32420932440644457,0.05728389500000049,1.0
DEAI-PSO,166,100.0,0.0,37.151201799024754,12.848798200975244,16600.0,16600.0,1660.0,6640000.0,1.0,0.07847157834504621,10.0,25.705255056126,124.99043823186298,1.014423929344831,0.32476497024691786,0.05722366499940108,1.0
DEAI-PSO,167,100.0,0.0,37.07379693367336,12.926203066326641,16700.0,16700.0,1670.0,6680000.0,1.0,0.07740486535139937,10.0,23.915540912675503,123.92198849066185,1.1070985877333201,0.3269396223445165,0.05746780500048772,1.0
DEAI-PSO,168,100.0,0.0,36.99615869280677,13.00384130719323,16800.0,16800.0,1680.0,6720000.0,1.0,0.07763824086658708,10.0,24.800658359639833,123.45434761902978,1.044191293056712,0.32761699448725323,0.05706285000014759,1.0
DEAI-PSO,169,100.0,0.0,36.91916151270914,13.080838487290862,16900.0,16900.0,1690.0,6760000.0,1.0,0.0769971800976311,10.0,23.40508875498073,123.31978478398923,1.0488893982244623,0.3252816515197578,0.057944149999093496,1.0
DEAI-PSO,170,100.0,0.0,36.84163886446642,13.158361135533585,17000.0,17000.0,1700.0,6800000.0,1.0,0.07752264824272359,10.0,24.41086090800256,124.17637570688514,1.0381131258820218,0.32760939817795415,0.05719589000000269,1.0
DEAI-PSO,171,100.0,0.0,36.76396031000335,13.236039689996653,17100.0,17100.0,1710.0,6840000.0,1.0,0.07767855446307052,10.0,25.394667535430045,123.90914533951907,1.0542002124479992,0.32709068993065094,0.05824017500017362,1.0
DEAI-PSO,172,100.0,0.0,36.68603322824103,13.313966771758974,17200.0,17200.0,1720.0,6880000.0,1.0,0.07792708176231819,10.0,24.109120142750843,125.48342987097547,0.9867149121866886,0.3217234877105743,0.05630532999930438,1.0
DEAI-PSO,173,100.0,0.0,36.60873979109919,13.391260208900809,17300.0,17300.0,1730.0,6920000.0,1.0,0.0772934371418362,10.0,23.719953331524774,124.16027875566809,1.0320710102979427,0.32566565774815526,0.05725211999961175,1.0
DEAI-PSO,174,100.0,0.0,36.530709076754604,13.469290923245392,17400.0,17400.0,1740.0,6960000.0,1.0,0.0780307143445846,10.0,23.479578091733345,125.17952456963489,1.0036686927338594,0.32100511926215114,0.062419195000256875,1.0
DEAI-PSO,175,100.0,0.0,36.453570440642,13.546429559358003,17500.0,17500.0,1750.0,7000000.0,1.0,0.07713863611260977,10.0,24.683066999527934,123.60393569772683,1.0752383599523776,0.32707701224935837,0.058544484999220006,1.0
DEAI-PSO,176,100.0,0.0,36.3758162017218,13.624183798278207,17600.0,17600.0,1760.0,7040000.0,1.0,0.07775423892020328,10.0,22.919374501165702,125.36337758972715,0.9908046253725695,0.32166593071635174,0.056839504999516066,1.0
DEAI-PSO,177,100.0,0.0,36.298647525650914,13.701352474349084,17700.0,17700.0,1770.0,7080000.0,1.0,0.07716867607087892,10.0,24.355617837381896,123.96054679959961,1.0515981401639247,0.3305893517405244,0.059795985000528164,1.0
DEAI-PSO,178,100.0,0.0,36.220782995140816,13.779217004859186,17800.0,17800.0,1780.0,7120000.0,1.0,0.07786453051009871,10.0,24.031305852454146,125.41862962739656,0.9791834443633733,0.3218259184258465,0.056449375001466254,1.0
DEAI-PSO,179,100.0,0.0,36.143578800572115,13.85642119942789,17900.0,17900.0,1790.0,7160000.0,1.0,0.07720419456870538,10.0,23.92414021504494,124.10088489601371,1.0358406305861585,0.3258351447530047,0.05799994500048342,1.0
DEAI-PSO,180,100.0,0.0,36.06614000093599,13.933859999064012,18000.0,18000.0,1800.0,7200000.0,1.0,0.0774387996361213,10.0,24.097978441148367,124.56424600288669,1.0390635009009563,0.3285741337766063,0.05634090999992623,1.0
DEAI-PSO,181,100.0,0.0,35.98887916437896,14.011120835621048,18100.0,18100.0,1810.0,7240000.0,1.0,0.07726083655703633,10.0,24.350167002342314,123.72064197962553,1.043001496074146,0.32383902263324066,0.05727243499968608,1.0
DEAI-PSO,182,100.0,0.0,35.91086200189149,14.089137998108518,18200.0,18200.0,1820.0,7280000.0,1.0,0.07801716248747007,10.0,24.116205162917094,125.0835149197816,1.030970116603585,0.32766793883268097,0.05668528000096558,1.0
DEAI-PSO,183,100.0,0.0,35.83351029839174,14.166489701608267,18300.0,18300.0,1830.0,7320000.0,1.0,0.07735170349974965,10.0,23.902609394606706,124.2766525950854,1.0533089294378069,0.3244742546330633,0.05672181000081764,1.0
DEAI-PSO,184,100.0,0.0,35.75612845468407,14.24387154531593,18400.0,18400.0,1840.0,7360000.0,1.0,0.07738184370766277,10.0,23.81599008524113,124.53908499985786,1.0427017178053863,0.3281593030214363,0.056627965001098346,1.0
DEAI-PSO,185,100.0,0.0,35.67842699671583,14.321573003284172,18500.0,18500.0,1850.0,7400000.0,1.0,0.0777014579682426,10.0,24.67463708474282,124.38899340678036,1.0729065134677498,0.3292570983042176,0.05653350000029604,1.0
DEAI-PSO,186,100.0,0.0,35.60152613062173,14.39847386937827,18600.0,18600.0,1860.0,7440000.0,1.0,0.07690086609409867,10.0,22.975489686831782,124.27593837902148,1.0777030450357914,0.32607648362728797,0.06283444999899075,1.0
DEAI-PSO,187,100.0,0.0,35.523971947718024,14.476028052281976,18700.0,18700.0,1870.0,7480000.0,1.0,0.0775541829037035,10.0,24.29207680497938,124.39507083613469,1.0291719737134402,0.3270636629566314,0.05493596000014804,1.0
DEAI-PSO,188,100.0,0.0,35.44656202433167,14.553437975668336,18800.0,18800.0,1880.0,7520000.0,1.0,0.07740992338636091,10.0,23.70021923978566,124.89111465385831,1.0329129791535643,0.3274136655845986,0.058557605000532933,1.0
DEAI-PSO,189,100.0,0.0,35.369102761852425,14.630897238147579,18900.0,18900.0,1890.0,7560000.0,1.0,0.07745926247924437,10.0,23.508096194282423,124.62807626570368,1.029763864862382,0.3248632133998645,0.05822054999989632,1.0
DEAI-PSO,190,100.0,0.0,35.29154648800531,14.70845351199469,19000.0,19000.0,1900.0,7600000.0,1.0,0.07755627384711197,10.0,24.793919015736048,124.9151654142984,1.0051211640962814,0.32853679533605473,0.05569023000025482,1.0
DEAI-PSO,191,100.0,0.0,35.21377451798406,14.786225482015933,19100.0,19100.0,1910.0,7640000.0,1.0,0.07777197002124189,10.0,24.122416196634486,124.16814309846772,1.017602628588431,0.32599700039699203,0.05738645500023267,1.0
DEAI-PSO,192,100.0,0.0,35.136251610714616,14.86374838928538,19200.0,19200.0,1920.0,7680000.0,1.0,0.07752290726944651,10.0,23.767688436418766,124.7910999269518,1.0103528838770228,0.3247156104189628,0.05635277000037604,1.0
DEAI-PSO,193,100.0,0.0,35.058453826288215,14.941546173711785,19300.0,19300.0,1930.0,7720000.0,1.0,0.07779778442640506,10.0,24.212053753567425,125.00446490014731,1.037077926915726,0.3247286214365903,0.057183750000695,1.0
DEAI-PSO,194,100.0,0.0,34.98126847902248,15.01873152097752,19400.0,19400.0,1940.0,7760000.0,1.0,0.07718534726573445,10.0,25.95338839976178,123.1313611779481,1.0774271738459684,0.3317221697618314,0.05703031999910309,1.0
DEAI-PSO,195,100.0,0.0,34.903714344488506,15.096285655511497,19500.0,19500.0,1950.0,7800000.0,1.0,0.0775541345339775,10.0,24.184103640978034,124.06883599927355,1.032703165460929,0.32754129023211187,0.05702596500050276,1.0
DEAI-PSO,196,100.0,0.0,34.82599570877521,15.174004291224794,19600.0,19600.0,1960.0,7840000.0,1.0,0.0777186357132944,10.0,24.71860019587505,124.4600898283854,0.9891713415484704,0.3265852644319901,0.06086046500131488,1.0
DEAI-PSO,197,100.0,0.0,34.74890229045615,15.251097709543847,19700.0,19700.0,1970.0,7880000.0,1.0,0.07709341831905654,10.0,25.101072281217615,123.80755489047803,1.079092733943135,0.3261898418893879,0.06018439499894157,1.0
DEAI-PSO,198,100.0,0.0,34.6719565813926,15.328043418607402,19800.0,19800.0,1980.0,7920000.0,1.0,0.07694570906355339,10.0,24.92076742379136,123.27804308352063,1.0791877110152506,0.32844388345572767,0.05767317499921774,1.0
DEAI-PSO,199,100.0,0.0,34.59389052327856,15.40610947672144,19900.0,19900.0,1990.0,7960000.0,1.0,0.07806605811403707,10.0,23.083049108380003,125.93631156246595,1.0045202956789543,0.32404332640431005,0.05743631000077585,1.0
DEAI-PSO,200,100.0,0.0,34.51630275635707,15.483697243642927,20000.0,20000.0,2000.0,8000000.0,1.0,0.07758776692149034,10.0,24.7954744556481,123.91724857879865,1.0550667725749583,0.32798385862475493,0.05805382499966072,1.0
DEAI-PSO,201,100.0,0.0,34.439135767712536,15.56086423228746,20100.0,20100.0,2010.0,8040000.0,1.0,0.07716698864453235,10.0,23.5844798562457,123.86862742223472,1.0577219212260254,0.3226066166481863,0.05924496000006911,1.0
DEAI-PSO,202,100.0,0.0,34.361541761643224,15.63845823835678,20200.0,20200.0,2020.0,8080000.0,1.0,0.07759400606931663,10.0,23.7637209267362,124.43512877197827,1.014875732995209,0.32505825211493466,0.058074664999730886,1.0
DEAI-PSO,203,100.0,0.0,34.284159657479194,15.715840342520803,20300.0,20300.0,2030.0,8120000.0,1.0,0.07738210416402609,10.0,24.540118986943085,123.64294085392393,1.0254006998361374,0.3274947802879235,0.056177320000642794,1.0
DEAI-PSO,204,100.0,0.0,34.206379954430595,15.793620045569407,20400.0,20400.0,2040.0,8160000.0,1.0,0.07777970304860204,10.0,24.616927104744178,124.52015755335364,1.048683286676987,0.32907753644381205,0.05685164499955135,1.0
DEAI-PSO,205,100.0,0.0,34.12811696911574,15.871883030884263,20500.0,20500.0,2050.0,8200000.0,1.0,0.07826298531485634,10.0,24.339199956658813,125.13573172733774,1.003928737148713,0.32659830422879976,0.06031322999951953,1.0
DEAI-PSO,206,100.0,0.0,34.050437393851325,15.949562606148671,20600.0,20600.0,2060.0,8240000.0,1.0,0.07767957526441052,10.0,23.377910412526866,124.65507135018785,1.0088563524328535,0.32250211409286145,0.056587045000196665,1.0
DEAI-PSO,207,100.0,0.0,33.97313150237407,16.02686849762593,20700.0,20700.0,2070.0,8280000.0,1.0,0.07730589147725624,10.0,24.260816043588434,124.10130260279159,1.0248768871171348,0.3277402242521342,0.05722058000101242,1.0
DEAI-PSO,208,100.0,0.0,33.895895965349176,16.104104034650824,20800.0,20800.0,2080.0,8320000.0,1.0,0.07723553702489597,10.0,24.380607387997664,123.43351257841559,1.0379220278428143,0.32512093145542553,0.05821061999959056,1.0
DEAI-PSO,209,100.0,0.0,33.81771054261973,16.18228945738027,20900.0,20900.0,2090.0,8360000.0,1.0,0.0781854227294481,10.0,23.62005445082499,125.69831606150701,1.0440478626892347,0.3257889883028035,0.05685715000108758,1.0
DEAI-PSO,210,100.0,0.0,33.74038539221239,16.259614607787604,21000.0,21000.0,2100.0,8400000.0,1.0,0.0773251504073329,10.0,24.046740773350614,123.83024492268342,1.0528563953298546,0.33076349050012394,0.057597755000460896,1.0
DEAI-PSO,211,100.0,0.0,33.662743316131035,16.33725668386896,21100.0,21100.0,2110.0,8440000.0,1.0,0.07764207608135472,10.0,22.999620019058195,125.06495965852373,1.0704558613733575,0.3278048789757675,0.056867460000648865,1.0
DEAI-PSO,212,100.0,0.0,33.584777100593186,16.415222899406817,21200.0,21200.0,2120.0,8480000.0,1.0,0.07796621553785528,10.0,23.41177554822119,126.05216797624789,0.9511669917884749,0.32299154421772386,0.0585203550006554,1.0
DEAI-PSO,213,100.0,0.0,33.5070523885319,16.4929476114681,21300.0,21300.0,2130.0,8520000.0,1.0,0.0777247120612845,10.0,23.374140174351954,124.68124401886237,1.089179607906026,0.3275486844815278,0.05932500499948219,1.0
DEAI-PSO,214,100.0,0.0,33.42902785860587,16.57097214139413,21400.0,21400.0,2140.0,8560000.0,1.0,0.07802452992602689,10.0,23.435566136218483,125.40390208176454,0.9893725772994483,0.32236896509748847,0.05817798000134644,1.0
DEAI-PSO,215,100.0,0.0,33.35139782303006,16.648602176969938,21500.0,21500.0,2150.0,8600000.0,1.0,0.07763003557580923,10.0,24.174059125472372,124.77406656597418,1.04129800181522,0.3260704900851971,0.05876878499911982,1.0
DEAI-PSO,216,100.0,0.0,33.27453798154822,16.725462018451775,21600.0,21600.0,2160.0,8640000.0,1.0,0.07685984148184026,10.0,24.6125086653857,123.69424063381257,1.096296490601441,0.329115542199215,0.06133584999915911,1.0
DEAI-PSO,217,100.0,0.0,33.196769726565705,16.8032302734343,21700.0,21700.0,2170.0,8680000.0,1.0,0.07776825498251938,10.0,23.438849163996593,124.523935055335,1.0234732876496007,0.32667144890704153,0.0583459400004358,1.0
DEAI-PSO,218,100.0,0.0,33.11858668076563,16.881413319234372,21800.0,21800.0,2180.0,8720000.0,1.0,0.07818304580007407,10.0,22.930424096718973,125.99709102562727,0.976372187826436,0.3210808446471401,0.06050129499926697,1.0
DEAI-PSO,219,100.0,0.0,33.041898403984746,16.958101596015247,21900.0,21900.0,2190.0,8760000.0,1.0,0.07668827678087808,10.0,24.70850390922064,123.40788207685571,1.0524099378269514,0.326673856493518,0.05821601000025112,1.0
DEAI-PSO,220,100.0,0.0,32.963124282203836,17.036875717796164,22000.0,22000.0,2200.0,8800000.0,1.0,0.07877412178091418,10.0,23.708957177456263,126.36552794616725,0.9852538673129896,0.322128403463099,0.05622119999970891,1.0
DEAI-PSO,221,100.0,0.0,32.885616000929865,17.114383999070135,22100.0,22100.0,2210.0,8840000.0,1.0,0.07750828127397291,10.0,24.063569914130987,124.05289432161517,1.0954403886464315,0.3309890731648412,0.058194684999398304,1.0
DEAI-PSO,222,100.0,0.0,32.808508815635236,17.191491184364768,22200.0,22200.0,2220.0,8880000.0,1.0,0.07710718529463137,10.0,24.34754279405523,123.55429711331362,1.0417906817438602,0.3266016401621624,0.05907388999949035,1.0
DEAI-PSO,223,100.0,0.0,32.730805381425064,17.26919461857494,22300.0,22300.0,2230.0,8920000.0,1.0,0.0777034342101727,10.0,23.691590746802664,124.51178822608888,1.0185100756883898,0.3217617668659204,0.057397145000868476,1.0
DEAI-PSO,224,100.0,0.0,32.65300346232652,17.34699653767348,22400.0,22400.0,2240.0,8960000.0,1.0,0.07780191909853969,10.0,23.921413744335574,124.74766112125599,1.0131582570190512,0.32669114631116614,0.05854232500059879,1.0
DEAI-PSO,225,100.0,0.0,32.57514150609578,17.42485849390422,22500.0,22500.0,2250.0,9000000.0,1.0,0.0778619562307421,10.0,23.95550824635294,124.55520690841995,1.071091658004868,0.3235306340914764,0.056755325000631275,1.0
DEAI-PSO,226,100.0,0.0,32.497782060682866,17.502217939317134,22600.0,22600.0,2260.0,9040000.0,1.0,0.07735944541291193,10.0,24.532303078617037,123.8541873464604,1.100691341249626,0.33083074614297414,0.059256614999685556,1.0
DEAI-PSO,227,100.0,0.0,32.420266365871086,17.57973363412891,22700.0,22700.0,2270.0,9080000.0,1.0,0.07751569481177648,10.0,23.58142595665853,124.35823829856648,1.0350210111675235,0.32529110944950856,0.057591385000705486,1.0
DEAI-PSO,228,100.0,0.0,32.34290435960351,17.657095640396488,22800.0,22800.0,2280.0,9120000.0,1.0,0.07736200626757786,10.0,24.41894118130905,124.13510450119809,1.0610221964950177,0.3278468325748519,0.05803411499982758,1.0
DEAI-PSO,229,100.0,0.0,32.26529403190832,17.73470596809168,22900.0,22900.0,2290.0,9160000.0,1.0,0.07761032769519342,10.0,25.528498241446176,124.18078841749215,1.0203238859604071,0.328412251013513,0.05840710999982548,1.0
DEAI-PSO,230,100.0,0.0,32.187534141584976,17.81246585841502,23000.0,23000.0,2300.0,9200000.0,1.0,0.07775989032333967,10.0,24.287047524380302,124.90950434787706,0.9877859193277791,0.32388385578837653,0.05919830999991973,1.0
DEAI-PSO,231,100.0,0.0,32.1103167977045,17.889683202295508,23100.0,23100.0,2310.0,9240000.0,1.0,0.07721734388048525,10.0,25.33614769313663,123.94991455427619,1.0425079465747076,0.3314003765179648,0.05845797499969194,1.0
DEAI-PSO,232,100.0,0.0,32.033896734110456,17.96610326588954,23200.0,23200.0,2320.0,9280000.0,1.0,0.07642006359403553,10.0,24.42399186747236,122.95642404983508,1.092057381016732,0.3295827856302298,0.05729530999997223,1.0
DEAI-PSO,233,100.0,0.0,31.956945349535385,18.043054650464615,23300.0,23300.0,2330.0,9320000.0,1.0,0.07695138457507174,10.0,24.784039986543142,123.85073693490821,1.0965838648698922,0.331148811363852,0.05882073500033584,1.0
DEAI-PSO,234,100.0,0.0,31.87921338436728,18.120786615632717,23400.0,23400.0,2340.0,9360000.0,1.0,0.07773196516810525,10.0,23.026944438969693,124.93493401639235,1.0269273742964315,0.32310833114437243,0.05779562999996415,1.0
DEAI-PSO,235,100.0,0.0,31.80192525067479,18.198074749325208,23500.0,23500.0,2350.0,9400000.0,1.0,0.07728813369249199,10.0,24.62912810667836,123.63150695725679,1.0567254914217457,0.3299750362682888,0.05528109000006225,1.0
DEAI-PSO,236,100.0,0.0,31.724562066934617,18.27543793306538,23600.0,23600.0,2360.0,9440000.0,1.0,0.07736318374016964,10.0,24.834005632471648,123.97284405945382,1.0597427307528737,0.3292518757651319,0.05639465999993263,1.0
DEAI-PSO,237,100.0,0.0,31.64683168684129,18.35316831315871,23700.0,23700.0,2370.0,9480000.0,1.0,0.07773038009333284,10.0,22.953252281593535,125.27944413511084,0.9885417133865684,0.3215578525785094,0.05679742499924032,1.0
DEAI-PSO,238,100.0,0.0,31.569685974909845,18.43031402509015,23800.0,23800.0,2380.0,9520000.0,1.0,0.07714571193143964,10.0,24.39498300970668,123.75705851081109,1.0306277016197107,0.3278364861778096,0.05678647000167984,1.0
DEAI-PSO,239,100.0,0.0,31.492075917140404,18.507924082859596,23900.0,23900.0,2390.0,9560000.0,1.0,0.07761005776944448,10.0,23.104768829323763,125.51169288943382,0.9916560983855824,0.32111740521672905,0.058166419999179195,1.0
DEAI-PSO,240,100.0,0.0,31.414863671018196,18.585136328981804,24000.0,24000.0,2400.0,9600000.0,1.0,0.07721224612220787,10.0,24.532867468132007,123.68811626346981,1.0532532208702814,0.32724820161092927,0.05558460499923967,1.0
DEAI-PSO,241,100.0,0.0,31.337597421368628,18.662402578631372,24100.0,24100.0,2410.0,9640000.0,1.0,0.07726624964956716,10.0,25.54049265403716,123.61144566044194,1.0641149612343146,0.3322177541865027,0.0549148950016388,1.0
DEAI-PSO,242,100.0,0.0,31.259442258050292,18.740557741949708,24200.0,24200.0,2420.0,9680000.0,1.0,0.07815516331833568,10.0,23.439777587179268,124.93587019892695,1.0265157045861133,0.3256190743237721,0.05811976000004506,1.0
DEAI-PSO,243,100.0,0.0,31.181383259153694,18.818616740846306,24300.0,24300.0,2430.0,9720000.0,1.0,0.07805899889659873,10.0,23.1783217723511,126.04844072690761,0.9953634324016493,0.3244420465632721,0.05713571500091348,1.0
DEAI-PSO,244,100.0,0.0,31.10390692475435,18.896093075245652,24400.0,24400.0,2440.0,9760000.0,1.0,0.07747633439934312,10.0,25.996820237271113,123.23951905063566,1.063746559795414,0.3336121356081051,0.05621534000019892,1.0
DEAI-PSO,245,100.0,0.0,31.02566682636501,18.974333173634985,24500.0,24500.0,2450.0,9800000.0,1.0,0.07824009838933658,10.0,23.70944579611697,125.63036826957963,1.0170698159794678,0.3271959055292698,0.05602737999943201,1.0
DEAI-PSO,246,100.0,0.0,30.947711522919086,19.052288477080914,24600.0,24600.0,2460.0,9840000.0,1.0,0.0779553034459255,10.0,24.409108764398198,125.17281922345703,1.0079530202081373,0.32760460710482037,0.05626163999986602,1.0
DEAI-PSO,247,100.0,0.0,30.87069938454946,19.12930061545054,24700.0,24700.0,2470.0,9880000.0,1.0,0.07701213836962709,10.0,23.897952197911046,123.75576083590929,1.0784182437204364,0.32824729062705954,0.05713078500084521,1.0
DEAI-PSO,248,100.0,0.0,30.793975031673142,19.206024968326858,24800.0,24800.0,2480.0,9920000.0,1.0,0.07672435287631992,10.0,24.19008681420533,123.4710506318319,1.0408958834400603,0.3299378130267431,0.05770073500025319,1.0
DEAI-PSO,249,100.0,0.0,30.71644147961493,19.283558520385068,24900.0,24900.0,2490.0,9960000.0,1.0,0.07753355205821037,10.0,24.38510774575895,125.00300015949517,1.0053618266918236,0.3267079376381828,0.05430947499953618,1.0
DEAI-PSO,250,100.0,0.0,30.639115412493936,19.36088458750606,25000.0,25000.0,2500.0,10000000.0,1.0,0.07732606712099291,10.0,25.043520598908486,124.12208263117734,1.043384985598395,0.32985233568370664,0.05325774500015541,1.0
DEAI-PSO,251,100.0,0.0,30.561836833459655,19.438163166540342,25100.0,25100.0,2510.0,10040000.0,1.0,0.07727857903428159,10.0,23.5663318011911,124.55897897582445,1.0280435285365557,0.3271764774805876,0.056894054999065705,1.0
DEAI-PSO,252,100.0,0.0,30.483988290616992,19.516011709383008,25200.0,25200.0,2520.0,10080000.0,1.0,0.07784854284266451,10.0,23.684616332508813,124.67624199550077,1.0460278772214406,0.3288568170825725,0.05638879999969504,1.0
DEAI-PSO,253,100.0,0.0,30.40640856593256,19.59359143406744,25300.0,25300.0,2530.0,10120000.0,1.0,0.07757972468443217,10.0,23.938973026265707,124.92576683579327,1.0360130588216507,0.32827061126908497,0.05848217000020668,1.0
DEAI-PSO,254,100.0,0.0,30.32857970972404,19.671420290275965,25400.0,25400.0,2540.0,10160000.0,1.0,0.07782885620852316,10.0,23.517160476596462,124.73471509160206,1.0486275248689005,0.32600014818583856,0.05767453499938711,1.0
DEAI-PSO,255,100.0,0.0,30.25113344713974,19.74886655286026,25500.0,25500.0,2550.0,10200000.0,1.0,0.07744626258429825,10.0,23.67361659105682,124.93448643523656,1.013620355465935,0.32424543647416737,0.05803296499871067,1.0
DEAI-PSO,256,100.0,0.0,30.174098362148424,19.825901637851572,25600.0,25600.0,2560.0,10240000.0,1.0,0.07703508499131093,10.0,24.132059323586635,124.06444111148463,1.0381155587479403,0.32626690695890154,0.05702562000005855,1.0
DEAI-PSO,257,100.0,0.0,30.096976786218885,19.903023213781115,25700.0,25700.0,2570.0,10280000.0,1.0,0.07712157592954139,10.0,25.71534099092434,123.46388169833521,1.046551180734792,0.33141015924648515,0.05684441000048537,1.0
DEAI-PSO,258,100.0,0.0,30.019788347095574,19.98021165290443,25800.0,25800.0,2580.0,10320000.0,1.0,0.07718843912331544,10.0,24.445682991191024,123.79239290724595,1.0761120087807143,0.32769693885801254,0.05854161499992187,1.0
DEAI-PSO,259,100.0,0.0,29.941724345170634,20.058275654829366,25900.0,25900.0,2590.0,10360000.0,1.0,0.07806400192493843,10.0,21.59530907530002,125.91398335559333,1.0012218240149722,0.320618417756753,0.058551250001255536,1.0
DEAI-PSO,260,100.0,0.0,29.863499026909814,20.136500973090186,26000.0,26000.0,2600.0,10400000.0,1.0,0.07822531826081783,10.0,24.83835152076809,124.76320816571346,0.9960120629912959,0.32953075820084354,0.05779856000081054,1.0
DEAI-PSO,261,100.0,0.0,29.786162571677107,20.213837428322893,26100.0,26100.0,2610.0,10440000.0,1.0,0.07733645523270827,10.0,23.754642315322204,124.35592819625829,1.0713029221904697,0.32814141050052514,0.058866284999385246,1.0
DEAI-PSO,262,100.0,0.0,29.707806561488106,20.292193438511894,26200.0,26200.0,2620.0,10480000.0,1.0,0.07835601018899982,10.0,22.50360626394722,126.24475084729877,1.002646434533385,0.3240550520956216,0.06262095000020054,1.0
DEAI-PSO,263,100.0,0.0,29.629973250729098,20.370026749270906,26300.0,26300.0,2630.0,10520000.0,1.0,0.07783331075901145,10.0,23.615785416306043,125.81944263124872,0.965440927451259,0.3258077332612741,0.056568289999631816,1.0
DEAI-PSO,264,100.0,0.0,29.552296464843,20.447703535157,26400.0,26400.0,2640.0,10560000.0,1.0,0.07767678588609606,10.0,23.379273063285616,124.9360206546033,1.0330258915828257,0.3279716693027057,0.05908366500043485,1.0
DEAI-PSO,265,100.0,0.0,29.475327632715125,20.524672367284875,26500.0,26500.0,2650.0,10600000.0,1.0,0.07696883212787586,10.0,26.594585698589015,122.46557092721586,1.0326887509445835,0.32958832927698845,0.05781107500042708,1.0
DEAI-PSO,266,100.0,0.0,29.3978581621839,20.602141837816102,26600.0,26600.0,2660.0,10640000.0,1.0,0.07746947053122585,10.0,25.71944685348341,123.645219584292,1.0156045337738224,0.3282572813464387,0.058969235000768096,1.0
DEAI-PSO,267,100.0,0.0,29.320848447139234,20.679151552860766,26700.0,26700.0,2670.0,10680000.0,1.0,0.07700971504466451,10.0,24.175888331197523,123.4106287988672,1.0695402900354778,0.32541413527306795,0.05757106000055501,1.0
DEAI-PSO,268,100.0,0.0,29.243677132659705,20.756322867340295,26800.0,26800.0,2680.0,10720000.0,1.0,0.07717131447952781,10.0,24.374142406426266,124.02947537178257,1.078142769631816,0.32542207205456597,0.05913218000023335,1.0
DEAI-PSO,269,100.0,0.0,29.166107091363408,20.833892908636592,26900.0,26900.0,2690.0,10760000.0,1.0,0.07757004129629497,10.0,24.564049935858854,124.06478913698577,1.0543621257453373,0.32998267968815326,0.05729651999936323,1.0
DEAI-PSO,270,100.0,0.0,29.088067816130796,20.911932183869204,27000.0,27000.0,2700.0,10800000.0,1.0,0.07803927523261293,10.0,22.63252571664828,126.04612737216978,0.9993058874604145,0.31926110788352396,0.059325754999736094,1.0
DEAI-PSO,271,100.0,0.0,29.010243532250875,20.98975646774912,27100.0,27100.0,2710.0,10840000.0,1.0,0.07782428387991729,10.0,23.706815148006207,124.91853337104752,1.0337042059956327,0.32763480343090123,0.059741414999371044,1.0
DEAI-PSO,272,100.0,0.0,28.932721019899624,21.06727898010038,27200.0,27200.0,2720.0,10880000.0,1.0,0.0775225123512584,10.0,23.44567381906843,124.35855462866157,1.057229274983991,0.3230041631358915,0.05918509000039194,1.0
DEAI-PSO,273,100.0,0.0,28.854106645220888,21.14589335477911,27300.0,27300.0,2730.0,10920000.0,1.0,0.07861437467872907,10.0,23.668470817363012,126.71426763657723,0.9652323816805402,0.3236518311511746,0.05698122499961755,1.0
DEAI-PSO,274,100.0,0.0,28.776261657447627,21.223738342552373,27400.0,27400.0,2740.0,10960000.0,1.0,0.0778449877732644,10.0,23.93709459800639,125.13568936143236,1.032629522764894,0.32517780580077726,0.05837122999910207,1.0
DEAI-PSO,275,100.0,0.0,28.699221080006502,21.300778919993498,27500.0,27500.0,2750.0,11000000.0,1.0,0.07704057744112607,10.0,24.764166628694404,123.02691818655312,1.072499405517473,0.3297024882649468,0.057644875000914905,1.0
DEAI-PSO,276,100.0,0.0,28.621920843673514,21.378079156326486,27600.0,27600.0,2760.0,11040000.0,1.0,0.0773002363329864,10.0,24.12409295613798,123.98834306644076,1.061696940526922,0.32696729426591586,0.06025676999997813,1.0
DEAI-PSO,277,100.0,0.0,28.54490737416259,21.45509262583741,27700.0,27700.0,2770.0,11080000.0,1.0,0.07701346951092436,10.0,24.81155070038453,123.52431021551138,1.102789999289289,0.3316733406489272,0.06181226999979117,1.0
DEAI-PSO,278,100.0,0.0,28.466971947804744,21.533028052195252,27800.0,27800.0,2780.0,11120000.0,1.0,0.07793542635784334,10.0,23.866140863946875,124.94662200368154,1.0104932876438022,0.326088060922597,0.05826613499993982,1.0
DEAI-PSO,279,100.0,0.0,28.389286795291213,21.61071320470879,27900.0,27900.0,2790.0,11160000.0,1.0,0.07768515251353705,10.0,23.73126928570536,124.73360495829857,1.0323952066180258,0.3277860773007617,0.05712294500008284,1.0
DEAI-PSO,280,100.0,0.0,28.311988405359262,21.688011594640738,28000.0,28000.0,2800.0,11200000.0,1.0,0.07729838993194918,10.0,24.925730030644097,123.84218030043021,1.059977155203963,0.33056342324336935,0.06100053999944066,1.0
DEAI-PSO,281,100.0,0.0,28.235110346309302,21.7648896536907,28100.0,28100.0,2810.0,11240000.0,1.0,0.07687805904996167,10.0,25.68318599473802,122.88939916853084,1.058882687938669,0.3292250098793472,0.05863445000140928,1.0
DEAI-PSO,282,100.0,0.0,28.157915040810366,21.842084959189634,28200.0,28200.0,2820.0,11280000.0,1.0,0.0771953054989332,10.0,25.66633292355807,122.84220614801873,1.0764732168267481,0.3296907334082682,0.057662395000079414,1.0
DEAI-PSO,283,100.0,0.0,28.080513018481422,21.919486981518578,28300.0,28300.0,2830.0,11320000.0,1.0,0.07740202232894315,10.0,23.685798169449555,124.02633050046256,1.0308401262229796,0.328807924027559,0.05933152500037977,1.0
DEAI-PSO,284,100.0,0.0,28.003436286003044,21.996563713996956,28400.0,28400.0,2840.0,11360000.0,1.0,0.07707673247837814,10.0,23.964512397293202,124.09062350310936,1.0006544394319798,0.3255456822507809,0.05911234999948647,1.0
DEAI-PSO,285,100.0,0.0,27.926216398569448,22.073783601430556,28500.0,28500.0,2850.0,11400000.0,1.0,0.07721988743359862,10.0,23.01979264084119,124.544285334985,1.0483928586355151,0.3305294881621822,0.05918356000074709,1.0
DEAI-PSO,286,100.0,0.0,27.848460272640903,22.151539727359097,28600.0,28600.0,2860.0,11440000.0,1.0,0.07775612592854202,10.0,25.186326817673937,124.58087867522508,1.0021247682822345,0.3306735555407546,0.059785675000966876,1.0
DEAI-PSO,287,100.0,0.0,27.77115161086282,22.22884838913718,28700.0,28700.0,2870.0,11480000.0,1.0,0.07730866177808444,10.0,23.67440564669137,124.25997979700665,1.0364253768031468,0.32725763152055143,0.06276867500018853,1.0
DEAI-PSO,288,100.0,0.0,27.693519289440275,22.30648071055973,28800.0,28800.0,2880.0,11520000.0,1.0,0.07763232142254743,10.0,22.51444906482139,125.38060078128242,0.994857841951504,0.32608194642407556,0.05966943500025081,1.0
DEAI-PSO,289,100.0,0.0,27.616367812398437,22.383632187601563,28900.0,28900.0,2890.0,11560000.0,1.0,0.07715147704183493,10.0,24.980179820808196,123.38028925922045,1.065925514877296,0.33057395599807543,0.0605342249993555,1.0
DEAI-PSO,290,100.0,0.0,27.538501635649062,22.461498364350938,29000.0,29000.0,2900.0,11600000.0,1.0,0.07786617674937676,10.0,23.413901888325324,125.4370656414208,1.0380392279732598,0.3272177712011733,0.05595646500078146,1.0
DEAI-PSO,291,100.0,0.0,27.46131485925566,22.53868514074434,29100.0,29100.0,2910.0,11640000.0,1.0,0.07718677639340399,10.0,22.94248699959872,124.38697792018766,1.0396777740668504,0.32562883764228817,0.05661514999919746,1.0
DEAI-PSO,292,100.0,0.0,27.38395179848761,22.616048201512392,29200.0,29200.0,2920.0,11680000.0,1.0,0.07736306076804703,10.0,25.973528671880747,122.82925439666944,1.077733855131233,0.33409636451497304,0.058813895000275805,1.0
DEAI-PSO,293,100.0,0.0,27.306431906129223,22.693568093870777,29300.0,29300.0,2930.0,11720000.0,1.0,0.07751989235838597,10.0,24.598280115563,124.12702556814145,1.0728186832299387,0.3296105271453786,0.05746649999928195,1.0
DEAI-PSO,294,100.0,0.0,27.22842567788167,22.771574322118326,29400.0,29400.0,2940.0,11760000.0,1.0,0.07800622824755088,10.0,23.760126272699033,125.24637115753653,0.9985464454420528,0.32657572276606606,0.05768871499931265,1.0
DEAI-PSO,295,100.0,0.0,27.151772588399318,22.848227411600682,29500.0,29500.0,2950.0,11800000.0,1.0,0.07665308948235605,10.0,25.451547797149836,121.98441527985578,1.166748172527903,0.3342133537674271,0.05738647000034689,1.0
DEAI-PSO,296,100.0,0.0,27.074048023228567,22.925951976771433,29600.0,29600.0,2960.0,11840000.0,1.0,0.07772456517074974,10.0,24.443761806495715,124.3757358173533,1.0321511372914922,0.32844235386679743,0.05808502500003669,1.0
DEAI-PSO,297,100.0,0.0,26.99684680688847,23.00315319311153,29700.0,29700.0,2970.0,11880000.0,1.0,0.07720121634009817,10.0,24.865150373699258,123.99699484135886,1.0385540975478107,0.33023252155743477,0.058140250000360535,1.0
DEAI-PSO,298,100.0,0.0,26.920026058845615,23.079973941154385,29800.0,29800.0,2980.0,11920000.0,1.0,0.07682074804285169,10.0,23.644600242242923,123.4487149877793,1.0888987393396214,0.33003341644872364,0.06182823500057566,1.0
DEAI-PSO,299,100.0,0.0,26.84343694847464,23.15656305152536,29900.0,29900.0,2990.0,11960000.0,1.0,0.07658911037097553,10.0,25.02667755929923,122.86174760468857,1.1089251677128782,0.3313555549110215,0.05911884999986796,1.0
DEAI-PSO,300,100.0,0.0,26.76548357023328,23.234516429766725,30000.0,30000.0,3000.0,12000000.0,1.0,0.07795337824136706,10.0,23.742464672066827,124.8084602549025,1.0519983857750856,0.3301062136047158,0.056735194999782836,1.0
DEAI-PSO,301,100.0,0.0,26.688819689751757,23.31118031024824,30100.0,30100.0,3010.0,12040000.0,1.0,0.07666388048151607,10.0,24.455390069817383,122.94155924145926,1.0631043240376523,0.32961597191517217,0.05851443499996094,1.0
DEAI-PSO,302,100.0,0.0,26.611173815116388,23.38882618488361,30200.0,30200.0,3020.0,12080000.0,1.0,0.07764587463536934,10.0,24.941223604790935,123.91840691139791,1.0863555996324785,0.33117433773916505,0.056186319998960246,1.0
DEAI-PSO,303,100.0,0.0,26.533423122293033,23.466576877706967,30300.0,30300.0,3030.0,12120000.0,1.0,0.07775069282335796,10.0,24.321692061187417,125.1233568669276,1.0056031080441072,0.32706422660902,0.05570515500003239,1.0
DEAI-PSO,304,100.0,0.0,26.456213030079162,23.543786969920838,30400.0,30400.0,3040.0,12160000.0,1.0,0.07721009221386677,10.0,23.814121617095655,123.89002036409367,1.0196713688934553,0.32592883014662716,0.0553145099998801,1.0
DEAI-PSO,305,100.0,0.0,26.3788339976185,23.6211660023815,30500.0,30500.0,3050.0,12200000.0,1.0,0.07737903246066313,10.0,24.708335022380034,124.25550929367087,1.0327154113424268,0.3300291045118192,0.05600891500107537,1.0
DEAI-PSO,306,100.0,0.0,26.3015380539292,23.6984619460708,30600.0,30600.0,3060.0,12240000.0,1.0,0.07729594368930073,10.0,24.50055554967801,123.91897092071922,1.0463736302800073,0.3297100035342214,0.056424519999563924,1.0
DEAI-PSO,307,100.0,0.0,26.22426350219788,23.77573649780212,30700.0,30700.0,3070.0,12280000.0,1.0,0.07727455173132096,10.0,22.425977316046033,124.82530946612607,1.0038250387356673,0.3246592232627794,0.056778845000008,1.0
DEAI-PSO,308,100.0,0.0,26.146998481886385,23.853001518113615,30800.0,30800.0,3080.0,12320000.0,1.0,0.0772650203114944,10.0,23.473883230815517,124.27690280195839,1.0625503324569223,0.3265283213862241,0.05742827499889245,1.0
DEAI-PSO,309,100.0,0.0,26.069172224824843,23.930827775175157,30900.0,30900.0,3090.0,12360000.0,1.0,0.07782625706154178,10.0,26.77772533891195,123.61015611388079,1.017528669393357,0.33270521941876063,0.05853114000019559,1.0
DEAI-PSO,310,100.0,0.0,25.99117432967419,24.008825670325805,31000.0,31000.0,3100.0,12400000.0,1.0,0.0779978951506493,10.0,22.928948726305762,124.66710556543842,1.0489460891752607,0.32805176624120597,0.05837754500025767,1.0
DEAI-PSO,311,100.0,0.0,25.913987540907375,24.086012459092625,31100.0,31100.0,3110.0,12440000.0,1.0,0.07718678876682059,10.0,23.515352853512567,123.9648561537987,1.0480365079025213,0.32728096638996557,0.056748530001277685,1.0
DEAI-PSO,312,100.0,0.0,25.836586473749644,24.163413526250356,31200.0,31200.0,3120.0,12480000.0,1.0,0.07740106715772814,10.0,25.466277064741952,124.04201444350417,1.0286197453386334,0.3327996560736473,0.05803283499881218,1.0
DEAI-PSO,313,100.0,0.0,25.758846106053483,24.241153893946517,31300.0,31300.0,3130.0,12520000.0,1.0,0.07774036769616366,10.0,23.44372867571833,124.78254906840138,1.0285820555841652,0.32458453901122764,0.05798503000078199,1.0
DEAI-PSO,314,100.0,0.0,25.681499664905253,24.318500335094747,31400.0,31400.0,3140.0,12560000.0,1.0,0.07734644114822835,10.0,24.464405476477076,124.11114742811124,1.0316056341043585,0.33262270830858903,0.057813745000385094,1.0
DEAI-PSO,315,100.0,0.0,25.60366197310135,24.396338026898654,31500.0,31500.0,3150.0,12600000.0,1.0,0.0778376918039049,10.0,24.60406779630134,124.47828203086401,1.017915814850363,0.3271869780016462,0.05698913000014727,1.0
DEAI-PSO,316,100.0,0.0,25.526172777876265,24.473827222123735,31600.0,31600.0,3160.0,12640000.0,1.0,0.07748919522508366,10.0,25.03848436546461,123.61534794800995,1.0703110324855054,0.33261793546833784,0.054993289999765695,1.0
DEAI-PSO,317,100.0,0.0,25.448559854749355,24.551440145250645,31700.0,31700.0,3170.0,12680000.0,1.0,0.07761292312691186,10.0,22.557077077821138,124.69359720642755,1.013706988254778,0.3237623457557221,0.05970157499941706,1.0
DEAI-PSO,318,100.0,0.0,25.371722121605096,24.628277878394904,31800.0,31800.0,3180.0,12720000.0,1.0,0.07683773314425882,10.0,24.10562367825473,123.2580975292831,1.081271459532649,0.3270979387804934,0.054958859999169364,1.0
DEAI-PSO,319,100.0,0.0,25.294795546261135,24.705204453738865,31900.0,31900.0,3190.0,12760000.0,1.0,0.07692657534396083,10.0,24.601634718549032,123.37335762790698,1.0554886135548824,0.3297601995953582,0.05732719500010717,1.0
DEAI-PSO,320,100.0,0.0,25.21650793059892,24.78349206940108,32000.0,32000.0,3200.0,12800000.0,1.0,0.07828761566221391,10.0,23.889373308575447,125.89042666393932,0.9724788619032962,0.3277320637150938,0.05506480499971076,1.0
DEAI-PSO,321,100.0,0.0,25.139190785015042,24.860809214984958,32100.0,32100.0,3210.0,12840000.0,1.0,0.07731714558387655,10.0,24.410385406583536,123.96006625710977,1.001824870961892,0.3293540606286692,0.057095475000460284,1.0
DEAI-PSO,322,100.0,0.0,25.06156271236012,24.93843728763988,32200.0,32200.0,3220.0,12880000.0,1.0,0.07762807265492047,10.0,23.75524768468853,125.13689031449337,1.0453794734751027,0.3309935304336091,0.056017019999490006,1.0
DEAI-PSO,323,100.0,0.0,24.98398384176688,25.01601615823312,32300.0,32300.0,3230.0,12920000.0,1.0,0.07757887059324435,10.0,24.596053509293505,123.79233783424804,1.0322263174462858,0.3271052780478719,0.05614722000027541,1.0
DEAI-PSO,324,100.0,0.0,24.906527866204545,25.093472133795455,32400.0,32400.0,3240.0,12960000.0,1.0,0.07745597556233327,10.0,24.377600042215118,124.4303376744751,1.011826386316169,0.32747293581098497,0.05526759499989566,1.0
DEAI-PSO,325,100.0,0.0,24.828751541465014,25.171248458534986,32500.0,32500.0,3250.0,13000000.0,1.0,0.07777632473953222,10.0,23.840427226723772,125.10313423642977,0.994866336628756,0.32477591074694717,0.057801344999097636,1.0
DEAI-PSO,326,100.0,0.0,24.751242111248164,25.248757888751836,32600.0,32600.0,3260.0,13040000.0,1.0,0.07750943021684957,10.0,23.84227998709874,124.36583873113537,1.0383590576502082,0.32962043575100264,0.058154119998653185,1.0
DEAI-PSO,327,100.0,0.0,24.674035135607774,25.325964864392226,32700.0,32700.0,3270.0,13080000.0,1.0,0.07720697564038854,10.0,24.957284058230602,123.5728872010285,1.0605757065680792,0.3328103290738601,0.06260160999918299,1.0
DEAI-PSO,328,100.0,0.0,24.596859755658116,25.403140244341884,32800.0,32800.0,3280.0,13120000.0,1.0,0.07717537994965777,10.0,24.04360274234004,123.94312710676402,1.0291039864240952,0.3286826150895524,0.058040345001063545,1.0
DEAI-PSO,329,100.0,0.0,24.51934025406236,25.48065974593764,32900.0,32900.0,3290.0,13160000.0,1.0,0.07751950159575802,10.0,23.47920975485244,124.80733263302872,1.030253217540281,0.3267246219947681,0.057325674999083275,1.0
DEAI-PSO,330,100.0,0.0,24.44243577496251,25.55756422503749,33000.0,33000.0,3300.0,13200000.0,1.0,0.0769044790998464,10.0,25.228279752244745,123.19874491285093,1.0754550118517734,0.3328743837097439,0.05838635000000068,1.0
DEAI-PSO,331,100.0,0.0,24.365343491582955,25.634656508417045,33100.0,33100.0,3310.0,13240000.0,1.0,0.07709228337955505,10.0,23.809788320649243,124.04268513205741,1.06508782041399,0.3293271576924532,0.059080850000827925,1.0
DEAI-PSO,332,100.0,0.0,24.288368790267043,25.711631209732957,33200.0,33200.0,3320.0,13280000.0,1.0,0.07697470131591526,10.0,25.466907749814215,123.46657242162675,1.0307020725696732,0.33135506061023723,0.05683668499950727,1.0
DEAI-PSO,333,100.0,0.0,24.210931241221232,25.789068758778768,33300.0,33300.0,3330.0,13320000.0,1.0,0.07743754904580999,10.0,24.434678009880393,124.67219517088517,1.0259205695267029,0.32661436786247466,0.05592122500129335,1.0
DEAI-PSO,334,100.0,0.0,24.133027694196464,25.866972305803536,33400.0,33400.0,3340.0,13360000.0,1.0,0.07790354702476883,10.0,22.65735385158427,125.3384522031379,1.0222990117586528,0.3247797266269239,0.05770666500066,1.0
DEAI-PSO,335,100.0,0.0,24.05556357382136,25.94443642617864,33500.0,33500.0,3350.0,13400000.0,1.0,0.07746412037510346,10.0,25.498621756950428,123.69094298883844,1.0433342283075742,0.33317967338030785,0.05683688500066637,1.0
DEAI-PSO,336,100.0,0.0,23.978211221158357,26.021788778841643,33600.0,33600.0,3360.0,13440000.0,1.0,0.0773523526630024,10.0,24.601583164370407,123.89758649960534,1.0460494714415045,0.3306120555657729,0.05911907000008796,1.0
DEAI-PSO,337,100.0,0.0,23.90014888901521,26.099851110984787,33700.0,33700.0,3370.0,13480000.0,1.0,0.07806233214314613,10.0,24.530384862499925,124.26289773561216,1.0209214448599027,0.32992252901785807,0.05749788000030094,1.0
DEAI-PSO,338,100.0,0.0,23.82336444940006,26.17663555059994,33800.0,33800.0,3380.0,13520000.0,1.0,0.07678443961515242,10.0,25.873867959160094,122.5497865174046,1.069085769791124,0.33227532121827086,0.05807706999985385,1.0
DEAI-PSO,339,100.0,0.0,23.74575883882476,26.25424116117524,33900.0,33900.0,3390.0,13560000.0,1.0,0.07760561057530033,10.0,24.677788234564524,124.38191166247343,1.0630371267895586,0.33092164592747386,0.05765514000013354,1.0
DEAI-PSO,340,100.0,0.0,23.66851291292182,26.33148708707818,34000.0,34000.0,3400.0,13600000.0,1.0,0.07724592590293841,10.0,24.885158988170918,123.11492576388991,1.0906194283719537,0.3319806946730136,0.05692651999888767,1.0
DEAI-PSO,341,100.0,0.0,23.59084733476554,26.409152665234462,34100.0,34100.0,3410.0,13640000.0,1.0,0.07766557815627965,10.0,23.907673281586007,125.16353432302954,1.0289241155137423,0.3248501561670184,0.05631427999906009,1.0
DEAI-PSO,342,100.0,0.0,23.51329231031736,26.486707689682635,34200.0,34200.0,3420.0,13680000.0,1.0,0.07755502444817797,10.0,23.368073918805877,125.07719097682454,1.0394988514622339,0.32796468242065935,0.06094363499978499,1.0
DEAI-PSO,343,100.0,0.0,23.43516305291967,26.56483694708033,34300.0,34300.0,3430.0,13720000.0,1.0,0.07812925739769021,10.0,22.84645593939249,126.200342902846,0.997746470608808,0.3243164492506499,0.05816151499893749,1.0
DEAI-PSO,344,100.0,0.0,23.357295948302333,26.642704051697667,34400.0,34400.0,3440.0,13760000.0,1.0,0.07786710461733701,10.0,23.316778342945476,125.84997677672168,0.9343397897786639,0.3223346458400194,0.055282775001978736,1.0
DEAI-PSO,345,100.0,0.0,23.27978749883217,26.72021250116783,34500.0,34500.0,3450.0,13800000.0,1.0,0.07750844947016304,10.0,24.834430852188618,123.84316038461616,1.061647234457856,0.3301488056947929,0.059650595000493925,1.0
DEAI-PSO,346,100.0,0.0,23.20252455272029,26.79747544727971,34600.0,34600.0,3460.0,13840000.0,1.0,0.07726294611188127,10.0,24.205978260850735,124.29401981001945,1.0609178021571508,0.33290486157421145,0.057335895000142044,1.0
DEAI-PSO,347,100.0,0.0,23.125485501090317,26.87451449890968,34700.0,34700.0,3470.0,13880000.0,1.0,0.0770390516299722,10.0,24.867022805398317,123.75413988015096,1.0518773209410877,0.33189359274588026,0.060603884999727596,1.0
DEAI-PSO,348,100.0,0.0,23.047324406656067,26.952675593343933,34800.0,34800.0,3480.0,13920000.0,1.0,0.0781610944342507,10.0,23.79315937507422,125.08721359427125,1.0279408387539704,0.32967298899465625,0.06257015000010142,1.0
DEAI-PSO,349,100.0,0.0,22.970032381219788,27.029967618780212,34900.0,34900.0,3490.0,13960000.0,1.0,0.07729202543627718,10.0,24.542605541273712,123.839085208449,1.071119187766812,0.33455739699760073,0.060847944999477474,1.0
DEAI-PSO,350,100.0,0.0,22.892791600227334,27.107208399772666,35000.0,35000.0,3500.0,14000000.0,1.0,0.07724078099245872,10.0,24.57115741578193,123.48091732246947,1.034575033656081,0.3301207668751801,0.058159329998670725,1.0
DEAI-PSO,351,100.0,0.0,22.815187069305175,27.18481293069483,35100.0,35100.0,3510.0,14040000.0,1.0,0.0776045309221594,10.0,24.908481706141036,123.96298670133487,1.0432604054110897,0.3307145765756226,0.06122290499988594,1.0
DEAI-PSO,352,100.0,0.0,22.738296977212006,27.26170302278799,35200.0,35200.0,3520.0,14080000.0,1.0,0.0768900920931678,10.0,24.04823562628812,123.81448609004808,1.045745647072832,0.3298706586925777,0.057100910000372096,1.0
DEAI-PSO,353,100.0,0.0,22.661484478744473,27.338515521255527,35300.0,35300.0,3530.0,14120000.0,1.0,0.07681249846753246,10.0,25.35933165603958,122.99582355360879,1.0794904629719835,0.33391633693400447,0.06196751999814296,1.0
DEAI-PSO,354,100.0,0.0,22.583732547331188,27.416267452668812,35400.0,35400.0,3540.0,14160000.0,1.0,0.07775193141328636,10.0,23.145338722514136,125.12110950195839,1.0467507230578816,0.3300431280265828,0.0572813849998056,1.0
DEAI-PSO,355,100.0,0.0,22.506032622619962,27.493967377380038,35500.0,35500.0,3550.0,14200000.0,1.0,0.07769992471122507,10.0,23.67539233843596,124.72721892501704,1.0325390868112065,0.3276839202787825,0.0588911349997943,1.0
DEAI-PSO,356,100.0,0.0,22.4289074337442,27.5710925662558,35600.0,35600.0,3560.0,14240000.0,1.0,0.07712518887575932,10.0,24.4874575837578,123.69374143712898,1.0710232012429253,0.33309083689854,0.061033234999558775,1.0
DEAI-PSO,357,100.0,0.0,22.35131385504354,27.648686144956457,35700.0,35700.0,3570.0,14280000.0,1.0,0.07759357870066044,10.0,22.62689850885129,124.91146417793293,1.0226989469672432,0.32795626532569666,0.060046320000037665,1.0
DEAI-PSO,358,100.0,0.0,22.273837012756722,27.726162987243278,35800.0,35800.0,3580.0,14320000.0,1.0,0.07747684228681848,10.0,23.542382024938554,124.25000516463987,1.053709973874766,0.32883660997029696,0.058696539999800734,1.0
DEAI-PSO,359,100.0,0.0,22.195784093007852,27.80421590699215,35900.0,35900.0,3590.0,14360000.0,1.0,0.07805291974887343,10.0,21.637561120667876,126.39484378218171,1.0319498471615325,0.3191817533191379,0.061917490000632826,1.0
DEAI-PSO,360,100.0,0.0,22.1185757458505,27.8814242541495,36000.0,36000.0,3600.0,14400000.0,1.0,0.0772083471573497,10.0,22.27991586942847,124.90968231967592,1.0429914247649725,0.3262162006351531,0.055778744999770424,1.0
DEAI-PSO,361,100.0,0.0,22.040891187904172,27.959108812095828,36100.0,36100.0,3610.0,14440000.0,1.0,0.07768455794632487,10.0,25.67424089733809,124.19053221577852,1.0260850917416833,0.3323515289296529,0.0601215200000297,1.0
DEAI-PSO,362,100.0,0.0,21.96367549664371,28.03632450335629,36200.0,36200.0,3620.0,14480000.0,1.0,0.07721569126046468,10.0,22.22470885277027,124.88717827796611,1.0426330383926625,0.3259509910739665,0.05876973500089662,1.0
DEAI-PSO,363,100.0,0.0,21.88681259145239,28.113187408547606,36300.0,36300.0,3630.0,14520000.0,1.0,0.07686290519131748,10.0,25.93718454510763,122.71970992143422,1.0703758977836029,0.3351391899798139,0.058565339999768186,1.0
DEAI-PSO,364,100.0,0.0,21.808741873106577,28.191258126893427,36400.0,36400.0,3640.0,14560000.0,1.0,0.07807071834581798,10.0,24.616719933552872,125.58438888552367,0.9639227482250048,0.3256950328045603,0.05536584500005119,1.0
DEAI-PSO,365,100.0,0.0,21.73128786009135,28.26871213990865,36500.0,36500.0,3650.0,14600000.0,1.0,0.07745401301522267,10.0,25.579256899432316,123.91783443185875,1.0269507219977758,0.33124036630741815,0.05679743000000599,1.0
DEAI-PSO,366,100.0,0.0,21.653694901636985,28.34630509836301,36600.0,36600.0,3660.0,14640000.0,1.0,0.07759295845436628,10.0,25.63572463765443,124.24165312730281,1.01901629918576,0.3314565077058372,0.058492809999370364,1.0
DEAI-PSO,367,100.0,0.0,21.576389006143266,28.423610993856734,36700.0,36700.0,3670.0,14680000.0,1.0,0.07730589549371754,10.0,23.914544664908913,124.31856682362123,1.0089727703378626,0.32816036842745466,0.059315535000132515,1.0
DEAI-PSO,368,100.0,0.0,21.497976808391112,28.502023191608885,36800.0,36800.0,3680.0,14720000.0,1.0,0.07841219775215436,10.0,23.622637640944383,125.7928230797482,0.9882093627847397,0.32585337822366023,0.05719983500021044,1.0
DEAI-PSO,369,100.0,0.0,21.420922376248736,28.579077623751267,36900.0,36900.0,3690.0,14760000.0,1.0,0.07705443214237775,10.0,23.274468770050156,124.30937878306881,1.0158090904029964,0.32717420049999413,0.057213754999247614,1.0
DEAI-PSO,370,100.0,0.0,21.34308149710238,28.65691850289762,37000.0,37000.0,3700.0,14800000.0,1.0,0.07784087914635726,10.0,23.67019341218583,124.58389903357131,1.0071739555144354,0.3275088794552872,0.05575215999961074,1.0
DEAI-PSO,371,100.0,0.0,21.26675468994221,28.73324531005779,37100.0,37100.0,3710.0,14840000.0,1.0,0.07632680716016668,10.0,25.38868874253032,121.60891185467828,1.1290733573640679,0.33521582284082313,0.05651138999965042,1.0
DEAI-PSO,372,100.0,0.0,21.189002281499636,28.810997718500364,37200.0,37200.0,3720.0,14880000.0,1.0,0.0777524084425755,10.0,23.921148985880272,124.18224212939568,1.043548363273464,0.32892497087892597,0.0615629350006202,1.0
DEAI-PSO,373,100.0,0.0,21.111775162175917,28.888224837824083,37300.0,37300.0,3730.0,14920000.0,1.0,0.07722711932372092,10.0,25.535908067448165,123.51006818548203,1.0518645517535121,0.3308030808850707,0.061895659999208874,1.0
DEAI-PSO,374,100.0,0.0,21.03434258890632,28.96565741109368,37400.0,37400.0,3740.0,14960000.0,1.0,0.07743257326959654,10.0,23.351070423556187,124.56323610784436,1.0449537619041769,0.33002902903108117,0.057052414999634496,1.0
DEAI-PSO,375,100.0,0.0,20.95669790731209,29.043302092687906,37500.0,37500.0,3750.0,15000000.0,1.0,0.07764468159422826,10.0,23.771940502410654,124.80026896710663,0.9963783650332004,0.32919311687005715,0.060301049999543464,1.0
DEAI-PSO,376,100.0,0.0,20.879648426469835,29.12035157353016,37600.0,37600.0,3760.0,15040000.0,1.0,0.07704948084225335,10.0,24.81054459441803,123.46069564209753,1.065080130034008,0.33266507922660515,0.058572919998550785,1.0
DEAI-PSO,377,100.0,0.0,20.801828443528667,29.198171556471333,37700.0,37700.0,3770.0,15080000.0,1.0,0.07781998294117187,10.0,24.89377667894021,124.33337768898363,1.0177704087355053,0.3300765107723841,0.0588267850002012,1.0
DEAI-PSO,378,100.0,0.0,20.72463367481135,29.275366325188646,37800.0,37800.0,3780.0,15120000.0,1.0,0.07719476871731298,10.0,23.7592796493085,124.01533379404421,1.0776046359702889,0.32923980416831955,0.05768603999931656,1.0
DEAI-PSO,379,100.0,0.0,20.6466774150015,29.3533225849985,37900.0,37900.0,3790.0,15160000.0,1.0,0.0779562598098515,10.0,22.789008270426727,125.43297078017744,1.047507870345021,0.3277583531004835,0.05609829500099295,1.0
DEAI-PSO,380,100.0,0.0,20.56865890306173,29.43134109693827,38000.0,38000.0,3800.0,15200000.0,1.0,0.07801851193977108,10.0,22.404450904647,125.85633049556125,1.0084172114270715,0.32254648545350345,0.057298579999041976,1.0
DEAI-PSO,381,100.0,0.0,20.490943598982085,29.509056401017915,38100.0,38100.0,3810.0,15240000.0,1.0,0.07771530407964633,10.0,24.14375910676373,124.9054322689379,1.0495450429136548,0.3301943888984389,0.056529600000430946,1.0
DEAI-PSO,382,100.0,0.0,20.413358255817098,29.586641744182902,38200.0,38200.0,3820.0,15280000.0,1.0,0.07758534316498374,10.0,24.387414134602587,124.02658919388463,1.0175347611302707,0.3296485838748045,0.05621364500038908,1.0
DEAI-PSO,383,100.0,0.0,20.335913493948418,29.664086506051582,38300.0,38300.0,3830.0,15320000.0,1.0,0.07744476186868124,10.0,24.677736046378524,123.84111414590362,1.0334718879547375,0.33125628920577815,0.05783365999959642,1.0
DEAI-PSO,384,100.0,0.0,20.25868103694655,29.74131896305345,38400.0,38400.0,3840.0,15360000.0,1.0,0.07723245700186751,10.0,23.96150171881524,124.31742200175054,1.0338817681981172,0.32715695757675994,0.05751713499921607,1.0
DEAI-PSO,385,100.0,0.0,20.181219798728346,29.818780201271654,38500.0,38500.0,3850.0,15400000.0,1.0,0.07746123821820294,10.0,23.88205862989649,124.07199085706925,1.042431969586753,0.3318216561410339,0.05554764500047895,1.0
DEAI-PSO,386,100.0,0.0,20.104367407726834,29.895632592273166,38600.0,38600.0,3860.0,15440000.0,1.0,0.07685239100151478,10.0,25.739469192571107,122.48986496931207,1.0904802433907095,0.3353882311977543,0.05637598500034073,1.0
DEAI-PSO,387,100.0,0.0,20.026321153400694,29.973678846599302,38700.0,38700.0,3870.0,15480000.0,1.0,0.07804625432613718,10.0,23.31881666659538,125.68985437286597,1.015601050964685,0.3236843645220116,0.05687710000020161,1.0
DEAI-PSO,388,100.0,0.0,19.94855738465065,30.05144261534935,38800.0,38800.0,3880.0,15520000.0,1.0,0.07776376875004605,10.0,24.04473012548656,124.33911430323785,1.0293869766091912,0.32735636138920127,0.05677427499977057,1.0
DEAI-PSO,389,100.0,0.0,19.87106249513699,30.128937504863007,38900.0,38900.0,3890.0,15560000.0,1.0,0.07749488951365854,10.0,22.95873560919136,124.89396191625288,1.0041294627563697,0.32542254473142324,0.058037705000242565,1.0
DEAI-PSO,390,100.0,0.0,19.79349910281659,30.20650089718341,39000.0,39000.0,3900.0,15600000.0,1.0,0.07756339232040226,10.0,24.51858191263856,123.98869481301881,1.014824585265331,0.3277776624720093,0.057116665000648936,1.0
DEAI-PSO,391,100.0,0.0,19.71596544268817,30.284034557311834,39100.0,39100.0,3910.0,15640000.0,1.0,0.07753366012841952,10.0,24.43724514220419,124.2792994291074,1.021574480619074,0.3286448906435481,0.05703999999968801,1.0
DEAI-PSO,392,100.0,0.0,19.63756893406873,30.36243106593127,39200.0,39200.0,3920.0,15680000.0,1.0,0.07839650861943959,10.0,23.90586303279097,125.72892844957508,0.968127626885898,0.32719907808271653,0.0577906950005854,1.0
DEAI-PSO,393,100.0,0.0,19.56020973930258,30.439790260697418,39300.0,39300.0,3930.0,15720000.0,1.0,0.07735919476615152,10.0,25.21326210916221,124.16381476047107,1.0461978052306304,0.33158168254452186,0.058541014999354955,1.0
DEAI-PSO,394,100.0,0.0,19.482546030043473,30.517453969956524,39400.0,39400.0,3940.0,15760000.0,1.0,0.07766370925910362,10.0,23.783899694923228,124.20078474977144,1.0428049297063227,0.33133170695963854,0.05650469999927736,1.0
DEAI-PSO,395,100.0,0.0,19.405213493273454,30.594786506726546,39500.0,39500.0,3950.0,15800000.0,1.0,0.07733253677002327,10.0,24.6506114155571,124.2107119008436,1.0486844970368465,0.330213422293924,0.05675272500011488,1.0
DEAI-PSO,396,100.0,0.0,19.327884307421122,30.672115692578878,39600.0,39600.0,3960.0,15840000.0,1.0,0.07732918585232813,10.0,23.34947442965673,124.30912764100876,1.0275354536373447,0.3272598258532259,0.055263659999036464,1.0
DEAI-PSO,397,100.0,0.0,19.250269734700154,30.749730265299842,39700.0,39700.0,3970.0,15880000.0,1.0,0.07761457272096876,10.0,22.779316420673716,125.11570327930579,1.0182998085145047,0.33038750188849686,0.057230569999592265,1.0
DEAI-PSO,398,100.0,0.0,19.17225466864995,30.82774533135005,39800.0,39800.0,3980.0,15920000.0,1.0,0.07801506605020947,10.0,23.769276764825335,125.2305301996503,0.9575893916055696,0.3259652902955059,0.05566311499896983,1.0
DEAI-PSO,399,100.0,0.0,19.09462011119654,30.90537988880346,39900.0,39900.0,3990.0,15960000.0,1.0,0.07763455745340533,10.0,24.269446173033632,124.67352705812709,1.0286222100337798,0.3300712801645426,0.0571161050000228,1.0
DEAI-PSO,400,100.0,0.0,19.01630620298783,30.983693797012172,40000.0,40000.0,4000.0,16000000.0,1.0,0.07831390820870876,10.0,24.004745685462467,125.63569044832761,0.9913950661479886,0.3285864470470541,0.05775529999918945,1.0
DEAI-PSO,401,100.0,0.0,18.939032349430743,31.060967650569257,40100.0,40100.0,4010.0,16040000.0,1.0,0.07727385355708911,10.0,23.864681437474424,124.08128103610515,1.0650520782894508,0.3289670567873245,0.05972415500036732,1.0
DEAI-PSO,402,100.0,0.0,18.862077806485363,31.137922193514633,40200.0,40200.0,4020.0,16080000.0,1.0,0.07695454294537925,10.0,24.06033509518319,123.57826976086228,1.0417610756861322,0.3284773707529526,0.05782965000034892,1.0
DEAI-PSO,403,100.0,0.0,18.78434321327105,31.21565678672895,40300.0,40300.0,4030.0,16120000.0,1.0,0.07773459321431328,10.0,24.076454951533837,124.30820078056715,1.0310461949081489,0.33067719286710157,0.05813767500003451,1.0
DEAI-PSO,404,100.0,0.0,18.70744783269395,31.29255216730605,40400.0,40400.0,4040.0,16160000.0,1.0,0.07689538057709822,10.0,26.30098393016599,122.83343543763026,1.1387323526002957,0.3384517941607664,0.056217690000266884,1.0
DEAI-PSO,405,100.0,0.0,18.629943664692835,31.37005633530717,40500.0,40500.0,4050.0,16200000.0,1.0,0.07750416800111797,10.0,23.397295712722087,125.04571828289288,1.0006165305647685,0.32686096411928023,0.059502054999393296,1.0
DEAI-PSO,406,100.0,0.0,18.55282977056352,31.447170229436477,40600.0,40600.0,4060.0,16240000.0,1.0,0.0771138941293131,10.0,23.664724383180502,124.27527207034045,1.0683839952680192,0.33063438288224656,0.05772128999997221,1.0
DEAI-PSO,407,100.0,0.0,18.475689305099575,31.524310694900425,40700.0,40700.0,4070.0,16280000.0,1.0,0.0771404654639463,10.0,24.568683424905075,123.8781966771131,1.0143865148900195,0.3302571645705562,0.0596039700005349,1.0
DEAI-PSO,408,100.0,0.0,18.398599960627454,31.601400039372542,40800.0,40800.0,4080.0,16320000.0,1.0,0.07708934447211994,10.0,25.621805949500395,123.3223900229088,1.0375920969515267,0.3325180613297255,0.05659506000010879,1.0
DEAI-PSO,409,100.0,0.0,18.32173063763837,31.67826936236163,40900.0,40900.0,4090.0,16360000.0,1.0,0.07686932298908342,10.0,24.99201040372052,122.65290019103493,1.0812238963796752,0.3309406810616659,0.05680779999966035,1.0
DEAI-PSO,410,100.0,0.0,18.244843237963757,31.755156762036243,41000.0,41000.0,4100.0,16400000.0,1.0,0.07688739967461497,10.0,24.166596345289257,123.67144822102432,1.0493155553612634,0.3320978861424926,0.05854179499983729,1.0
DEAI-PSO,411,100.0,0.0,18.16705734476877,31.83294265523123,41100.0,41100.0,4110.0,16440000.0,1.0,0.07778589319498277,10.0,24.132757677283074,124.94208055536924,1.0270872625020304,0.3300676785574779,0.055437870000241675,1.0
DEAI-PSO,412,100.0,0.0,18.08987712711047,31.91012287288953,41200.0,41200.0,4120.0,16480000.0,1.0,0.07718021765830371,10.0,24.22603426176872,123.93555501527301,1.0394182943174743,0.3310698512226267,0.058941665000020294,1.0
DEAI-PSO,413,100.0,0.0,18.012068287472943,31.987931712527057,41300.0,41300.0,4130.0,16520000.0,1.0,0.07780883963752742,10.0,23.478578065432323,125.22536569370399,0.9900958633725037,0.33112385020288615,0.061995110000498246,1.0
DEAI-PSO,414,100.0,0.0,17.935757773595178,32.06424222640483,41400.0,41400.0,4140.0,16560000.0,1.0,0.07631051387776519,10.0,24.698574147304374,122.25391757820492,1.1494721176535796,0.33363198653895,0.060237630000847274,1.0
DEAI-PSO,415,100.0,0.0,17.857866610999462,32.142133389000534,41500.0,41500.0,4150.0,16600000.0,1.0,0.07789116259571394,10.0,23.457779680843323,125.45974656752806,1.0287114015892243,0.32910706267445144,0.05970446500141406,1.0
DEAI-PSO,416,100.0,0.0,17.780207261386344,32.219792738613656,41600.0,41600.0,4160.0,16640000.0,1.0,0.07765934961311896,10.0,26.01666894908096,123.76067625399124,1.031465271861062,0.3329726723508645,0.05650010499994096,1.0
DEAI-PSO,417,100.0,0.0,17.702600609302657,32.29739939069735,41700.0,41700.0,4170.0,16680000.0,1.0,0.07760665208368955,10.0,24.33284952729041,124.17279324852177,1.0067459975326707,0.32726164096430266,0.055478229999789616,1.0
DEAI-PSO,418,100.0,0.0,17.62513910121733,32.37486089878267,41800.0,41800.0,4180.0,16720000.0,1.0,0.07746150808532697,10.0,23.466983149484964,124.30425815065765,1.0256378882423087,0.3281984127704903,0.056882774999758114,1.0
DEAI-PSO,419,100.0,0.0,17.547526991919646,32.452473008080354,41900.0,41900.0,4190.0,16760000.0,1.0,0.07761210929767995,10.0,23.562423022306888,125.00585710470516,0.9831033155142774,0.32767620716027934,0.057631844999923486,1.0
DEAI-PSO,420,100.0,0.0,17.470178039196604,32.529821960803396,42000.0,42000.0,4200.0,16800000.0,1.0,0.07734895272304305,10.0,23.712054529088338,123.08397370018739,1.0932955215621853,0.33009464360647994,0.05762538999952085,1.0
DEAI-PSO,421,100.0,0.0,17.392410582873442,32.60758941712656,42100.0,42100.0,4210.0,16840000.0,1.0,0.07776745632316384,10.0,24.29130369759502,124.47826308031036,1.0633498154257315,0.3350212898798214,0.0604558500002895,1.0
DEAI-PSO,422,100.0,0.0,17.314932078547017,32.68506792145298,42200.0,42200.0,4220.0,16880000.0,1.0,0.07747850432642363,10.0,24.07314370549903,124.27903133434017,1.0381786990708293,0.33154431940704654,0.05939367999962997,1.0
DEAI-PSO,423,100.0,0.0,17.23653168930138,32.76346831069862,42300.0,42300.0,4230.0,16920000.0,1.0,0.07840038924563446,10.0,21.897451486947965,126.98532032411731,0.94057704981429,0.321929438632836,0.06020642500006943,1.0
DEAI-PSO,424,100.0,0.0,17.159096825570806,32.840903174429194,42400.0,42400.0,4240.0,16960000.0,1.0,0.07743486373057555,10.0,25.002519667278214,123.43552236594728,1.0709359540750683,0.333191856724697,0.0607505250009126,1.0
DEAI-PSO,425,100.0,0.0,17.08190825134009,32.91809174865991,42500.0,42500.0,4250.0,17000000.0,1.0,0.07718857423072052,10.0,23.569519772905203,124.65293759263287,1.0494960061851981,0.33293331972224466,0.05755287500032864,1.0
DEAI-PSO,426,100.0,0.0,17.004200553826514,32.995799446173486,42600.0,42600.0,4260.0,17040000.0,1.0,0.07770769751357332,10.0,22.83093158264326,124.77390508553712,1.0398950532238695,0.3296767384249011,0.05916090500068094,1.0
DEAI-PSO,427,100.0,0.0,16.927147567714062,33.07285243228594,42700.0,42700.0,4270.0,17080000.0,1.0,0.07705298611245182,10.0,24.7594301371389,123.66819156256398,1.0548163404758217,0.33217990925836033,0.0587754149993998,1.0
DEAI-PSO,428,100.0,0.0,16.84941215458178,33.15058784541822,42800.0,42800.0,4280.0,17120000.0,1.0,0.07773541313227961,10.0,24.003937327012714,124.988689894552,1.0180118148150459,0.33064722146556547,0.05944641999994928,1.0
DEAI-PSO,429,100.0,0.0,16.77132287194936,33.22867712805064,42900.0,42900.0,4290.0,17160000.0,1.0,0.07808928263242194,10.0,24.73802820021166,125.08192159504681,1.0093688595169699,0.3351292999554085,0.06001167999966128,1.0
DEAI-PSO,430,100.0,0.0,16.6929877784751,33.3070122215249,43000.0,43000.0,4300.0,17200000.0,1.0,0.0783350934742609,10.0,23.573028145481608,125.90194026725672,0.9854535443546879,0.3283835932331526,0.05748845499947493,1.0
DEAI-PSO,431,100.0,0.0,16.614991660665982,33.38500833933402,43100.0,43100.0,4310.0,17240000.0,1.0,0.07799611780911837,10.0,23.43784341321831,124.84224421939044,1.010621161954095,0.33205645809715234,0.0628139150005154,1.0
DEAI-PSO,432,100.0,0.0,16.5372186634443,33.4627813365557,43200.0,43200.0,4320.0,17280000.0,1.0,0.07777299722168332,10.0,23.80405246901507,125.4759642651372,1.0030222115557912,0.3319795731137641,0.05675849499930337,1.0
DEAI-PSO,433,100.0,0.0,16.45923763658616,33.54076236341384,43300.0,43300.0,4330.0,17320000.0,1.0,0.0779810268581369,10.0,22.610701609440724,125.86037528090671,1.0186242903372524,0.32750345669402664,0.05661900500053889,1.0
DEAI-PSO,434,100.0,0.0,16.381469772681847,33.618530227318146,43400.0,43400.0,4340.0,17360000.0,1.0,0.07776786390431187,10.0,24.344113542437025,124.29725511781457,1.0532487141281108,0.3325581177835101,0.056875139999829114,1.0
DEAI-PSO,435,100.0,0.0,16.304787892431335,33.695212107568665,43500.0,43500.0,4350.0,17400000.0,1.0,0.07668188025051234,10.0,24.426193255280147,123.3366994073223,1.0721333660411596,0.3329325679019356,0.05691521499902592,1.0
DEAI-PSO,436,100.0,0.0,16.22620468180056,33.77379531819944,43600.0,43600.0,4360.0,17440000.0,1.0,0.0785832106307736,10.0,23.05540276850193,126.90404587767118,0.9310184335352931,0.32443060708450555,0.05592652999948768,1.0
DEAI-PSO,437,100.0,0.0,16.14910861919067,33.85089138080933,43700.0,43700.0,4370.0,17480000.0,1.0,0.07709606260989324,10.0,24.863480271055614,123.16858039037315,1.0593212143248483,0.3333936913267713,0.053536790000725885,1.0
DEAI-PSO,438,100.0,0.0,16.071595076339904,33.928404923660096,43800.0,43800.0,4380.0,17520000.0,1.0,0.0775135428507645,10.0,24.43171405398444,124.37656393813306,1.0381891842295201,0.3288485793450101,0.05567626999909407,1.0
DEAI-PSO,439,100.0,0.0,15.994005039207007,34.00599496079299,43900.0,43900.0,4390.0,17560000.0,1.0,0.07759003713289836,10.0,22.670745575906782,124.69133414541145,1.040693841548778,0.33127388248971096,0.057189575000666085,1.0
DEAI-PSO,440,100.0,0.0,15.916867924763327,34.08313207523667,44000.0,44000.0,4400.0,17600000.0,1.0,0.07713711444367907,10.0,25.763670262655488,123.24219563373958,1.0898658936598733,0.3382311099207369,0.05526872500013269,1.0
DEAI-PSO,441,100.0,0.0,15.840001776003396,34.1599982239966,44100.0,44100.0,4410.0,17640000.0,1.0,0.07686614875993118,10.0,24.108054270290317,123.70207643377891,1.0799545696043409,0.3313724284983617,0.05605501999998523,1.0
DEAI-PSO,442,100.0,0.0,15.76279703530551,34.23720296469449,44200.0,44200.0,4420.0,17680000.0,1.0,0.07720474069788627,10.0,24.57624018552793,123.78003863672063,1.0202079375437276,0.3310292596548152,0.05638565499939432,1.0
DEAI-PSO,443,100.0,0.0,15.685169824657725,34.31483017534227,44300.0,44300.0,4430.0,17720000.0,1.0,0.07762721064778351,10.0,23.95747826344491,124.70045168944603,1.043697650070324,0.3298217538664755,0.055341220000264,1.0
DEAI-PSO,444,100.0,0.0,15.607860328558672,34.39213967144133,44400.0,44400.0,4440.0,17760000.0,1.0,0.07730949609905453,10.0,25.120992266294742,123.98968703575467,1.02571870460687,0.33223914624012035,0.05575895500041952,1.0
DEAI-PSO,445,100.0,0.0,15.531107648497752,34.46889235150225,44500.0,44500.0,4450.0,17800000.0,1.0,0.07675268006091951,10.0,24.337375097989757,123.3564308718248,1.053924538298682,0.333859496924181,0.05662042999974801,1.0
DEAI-PSO,446,100.0,0.0,15.453592023884074,34.54640797611593,44600.0,44600.0,4460.0,17840000.0,1.0,0.07751562461367953,10.0,23.70686605723194,124.8740032645566,1.0301472716884468,0.33193389470010704,0.05742620999990322,1.0
DEAI-PSO,447,100.0,0.0,15.375790623837684,34.62420937616231,44700.0,44700.0,4470.0,17880000.0,1.0,0.07780140004638705,10.0,25.629491920323993,125.08483860888241,1.0315405520612875,0.33416533216358546,0.057576450000487965,1.0
DEAI-PSO,448,100.0,0.0,15.297363150980752,34.70263684901925,44800.0,44800.0,4480.0,17920000.0,1.0,0.07842747285693444,10.0,22.667719081422167,126.54354793697037,0.9729851409336472,0.3294280134347482,0.057102344999293564,1.0
DEAI-PSO,449,100.0,0.0,15.220443219439392,34.77955678056061,44900.0,44900.0,4490.0,17960000.0,1.0,0.07691993154135987,10.0,25.719971382558974,122.77022330427403,1.0699161367332253,0.33711151761416064,0.058961714999895776,1.0
DEAI-PSO,450,100.0,0.0,15.142228722156048,34.85777127784395,45000.0,45000.0,4500.0,18000000.0,1.0,0.07821449728334348,10.0,22.588664366634422,126.10248956724095,1.0045773481509526,0.329893641928375,0.057086815000002386,1.0
DEAI-PSO,451,100.0,0.0,15.06512362991287,34.93487637008713,45100.0,45100.0,4510.0,18040000.0,1.0,0.07710509224317752,10.0,22.889082752048537,124.32306658895031,1.0213156864663748,0.3312215434852545,0.05758419000012509,1.0
DEAI-PSO,452,100.0,0.0,14.987346867574113,35.01265313242589,45200.0,45200.0,4520.0,18080000.0,1.0,0.07777676233875921,10.0,24.746995205935587,124.35335322300291,1.0174222277454041,0.3318607947567639,0.056270034999397464,1.0
DEAI-PSO,453,100.0,0.0,14.909576129940595,35.09042387005941,45300.0,45300.0,4530.0,18120000.0,1.0,0.07777073763351652,10.0,25.0240043485057,124.24780453203769,1.030962041817873,0.3327884861960154,0.054487900000094666,1.0
DEAI-PSO,454,100.0,0.0,14.831918501636869,35.16808149836313,45400.0,45400.0,4540.0,18160000.0,1.0,0.07765762830372465,10.0,26.020498871043593,124.14660507226574,0.9877349066986412,0.3328618931927027,0.05585078500007512,1.0
DEAI-PSO,455,100.0,0.0,14.754530225510129,35.24546977448987,45500.0,45500.0,4550.0,18200000.0,1.0,0.07738827612674051,10.0,24.648189650787,123.74692972438466,1.018517477769704,0.33255254059311357,0.05468301000109932,1.0
DEAI-PSO,456,100.0,0.0,14.676724268258706,35.3232757317413,45600.0,45600.0,4560.0,18240000.0,1.0,0.07780595725142332,10.0,23.48192004875672,125.16576271060428,1.0452652172348735,0.33326901070719106,0.05743139499863901,1.0
DEAI-PSO,457,100.0,0.0,14.599227753044516,35.40077224695548,45700.0,45700.0,4570.0,18280000.0,1.0,0.07749651521419007,10.0,23.722319899290273,124.42637200235376,0.9922904684164559,0.3281158977321401,0.059373324999614854,1.0
DEAI-PSO,458,100.0,0.0,14.522446700791397,35.4775532992086,45800.0,45800.0,4580.0,18320000.0,1.0,0.0767810522531179,10.0,23.939389809252145,123.44942701413618,1.1008709141176447,0.3364331870325212,0.059480119999716405,1.0
DEAI-PSO,459,100.0,0.0,14.445284688183714,35.55471531181629,45900.0,45900.0,4590.0,18360000.0,1.0,0.07716201260768515,10.0,25.307054256188188,123.45439267819081,1.0762130526082232,0.3375489644727444,0.05569099500062293,1.0
DEAI-PSO,460,100.0,0.0,14.368297642081478,35.63170235791852,46000.0,46000.0,4600.0,18400000.0,1.0,0.07698704610223502,10.0,24.030545432420148,123.69448472016347,1.0812662372160367,0.3348899574779609,0.0575748699997348,1.0
DEAI-PSO,461,100.0,0.0,14.290982799993376,35.70901720000662,46100.0,46100.0,4610.0,18440000.0,1.0,0.07731484208810144,10.0,23.261926253851442,123.99191618090693,1.075053769267018,0.33367961334264507,0.057218970000030824,1.0
DEAI-PSO,462,100.0,0.0,14.213358074859357,35.78664192514064,46200.0,46200.0,4620.0,18480000.0,1.0,0.07762472513401945,10.0,24.21890199235956,124.5834335939865,1.0229254204796034,0.33103189657028104,0.05944034000058309,1.0
DEAI-PSO,463,100.0,0.0,14.136161850711526,35.863838149288476,46300.0,46300.0,4630.0,18520000.0,1.0,0.0771962241478323,10.0,23.41409441989351,123.96919044878864,1.0156759199914012,0.3294269494947545,0.05732478499958234,1.0
DEAI-PSO,464,100.0,0.0,14.058655386033262,35.941344613966734,46400.0,46400.0,4640.0,18560000.0,1.0,0.07750646467826297,10.0,23.1565363307751,124.97017768626756,1.0371112281179218,0.33230470757408337,0.05644495000015013,1.0
DEAI-PSO,465,100.0,0.0,13.980259041572939,36.019740958427064,46500.0,46500.0,4650.0,18600000.0,1.0,0.0783963444603244,10.0,23.01804189335488,126.1389603832184,0.9585887507516435,0.3269679880134529,0.05778859999918495,1.0
DEAI-PSO,466,100.0,0.0,13.901989451233826,36.09801054876617,46600.0,46600.0,4660.0,18640000.0,1.0,0.07826959033911081,10.0,22.347433588399404,126.04784966237938,1.0195256092983862,0.3297168977494294,0.05832652999888523,1.0
DEAI-PSO,467,100.0,0.0,13.824435020826106,36.1755649791739,46700.0,46700.0,4670.0,18680000.0,1.0,0.07755443040772043,10.0,23.643651637085334,124.8485308737733,1.0272281591915635,0.3323738676250122,0.05767873999939184,1.0
DEAI-PSO,468,100.0,0.0,13.74650579509119,36.25349420490881,46800.0,46800.0,4680.0,18720000.0,1.0,0.07792922573491694,10.0,24.3840413328029,124.98694150950453,1.031153312108429,0.33566645631322467,0.05551881999926991,1.0
DEAI-PSO,469,100.0,0.0,13.668656518114286,36.33134348188571,46900.0,46900.0,4690.0,18760000.0,1.0,0.07784927697690121,10.0,24.907033902831596,124.42243930520954,1.036181905002555,0.33558858516667345,0.05952753500023391,1.0
DEAI-PSO,470,100.0,0.0,13.591453765231424,36.40854623476857,47000.0,47000.0,4700.0,18800000.0,1.0,0.07720275288286382,10.0,23.259132732647632,124.36336797678591,1.0563174961900246,0.33245716195239117,0.05818843499982904,1.0
DEAI-PSO,471,100.0,0.0,13.514005127769462,36.485994872230535,47100.0,47100.0,4710.0,18840000.0,1.0,0.07744863746196114,10.0,23.938819109305065,124.4802803739054,1.0550072582346444,0.33427160156579533,0.05770385499854456,1.0
DEAI-PSO,472,100.0,0.0,13.436655677763701,36.5633443222363,47200.0,47200.0,4720.0,18880000.0,1.0,0.0773494500057624,10.0,25.141044985008676,123.72053256763255,0.9876960222945979,0.33601081764911633,0.05736025500082178,1.0
DEAI-PSO,473,100.0,0.0,13.359498629368156,36.64050137063184,47300.0,47300.0,4730.0,18920000.0,1.0,0.07715704839554434,10.0,23.57272378880712,123.69997635485727,1.0500688301856704,0.3322387004068356,0.057296820000192386,1.0
DEAI-PSO,474,100.0,0.0,13.281809694369798,36.7181903056302,47400.0,47400.0,4740.0,18960000.0,1.0,0.07768893499835912,10.0,24.565173943472576,123.93885215379399,1.0216124625335197,0.3357399031661792,0.0571896450004715,1.0
DEAI-PSO,475,100.0,0.0,13.203793874996236,36.79620612500376,47500.0,47500.0,4750.0,19000000.0,1.0,0.07801581937355975,10.0,23.978765027922286,124.61983703728045,1.055356962700876,0.3373980200765898,0.05883858000015607,1.0
DEAI-PSO,476,100.0,0.0,13.126111103564593,36.87388889643541,47600.0,47600.0,4760.0,19040000.0,1.0,0.07768277143164468,10.0,23.936660726428784,124.81802276677527,0.9940150072704977,0.3329647659625782,0.059366445000341626,1.0
DEAI-PSO,477,100.0,0.0,13.048575557925508,36.9514244420745,47700.0,47700.0,4770.0,19080000.0,1.0,0.07753554563908534,10.0,24.246096369228255,124.654669404486,1.0298726724979304,0.3324639704523627,0.05536023999993631,1.0
DEAI-PSO,478,100.0,0.0,12.971174768623769,37.02882523137623,47800.0,47800.0,4780.0,19120000.0,1.0,0.07740078930173926,10.0,25.309241716533933,124.16039434192832,1.0027826636977628,0.33445157468037345,0.05694363499969768,1.0
DEAI-PSO,479,100.0,0.0,12.893800050642943,37.106199949357055,47900.0,47900.0,4790.0,19160000.0,1.0,0.07737471798082618,10.0,24.727045434707385,124.18216902466766,1.0059500168720525,0.3320447060419421,0.0578635049994773,1.0
DEAI-PSO,480,100.0,0.0,12.816373198281173,37.18362680171883,48000.0,48000.0,4800.0,19200000.0,1.0,0.07742685236176809,10.0,25.070609537193064,124.31892233365159,1.0190396873079595,0.3350816082936185,0.05607047000012244,1.0
DEAI-PSO,481,100.0,0.0,12.73904076932116,37.260959230678836,48100.0,48100.0,4810.0,19240000.0,1.0,0.07733242896001427,10.0,23.85577384770462,124.1353654850052,1.0818986156405277,0.33780181133452436,0.05782351000052586,1.0
DEAI-PSO,482,100.0,0.0,12.662447078715267,37.33755292128473,48200.0,48200.0,4820.0,19280000.0,1.0,0.07659369060589176,10.0,22.494450833684176,123.92581771532245,1.0789156515006852,0.33341618881446894,0.055844045000776533,1.0
DEAI-PSO,483,100.0,0.0,12.584655028600283,37.41534497139972,48300.0,48300.0,4830.0,19320000.0,1.0,0.07779205011498584,10.0,24.57947740532037,124.82013901236039,1.0535626363262844,0.3344512664643042,0.05819670999990194,1.0
DEAI-PSO,484,100.0,0.0,12.50790254736916,37.492097452630844,48400.0,48400.0,4840.0,19360000.0,1.0,0.07675248123112385,10.0,25.7547556533142,122.63942856751214,1.070279234849898,0.33991229446172905,0.058209210000495656,1.0
DEAI-PSO,485,100.0,0.0,12.430340332867425,37.569659667132576,48500.0,48500.0,4850.0,19400000.0,1.0,0.0775622145017337,10.0,24.10853708159367,125.06923108043648,1.0434878748829042,0.33546471318597837,0.057221995000509195,1.0
DEAI-PSO,486,100.0,0.0,12.352539554043128,37.647460445956874,48600.0,48600.0,4860.0,19440000.0,1.0,0.07780077882429755,10.0,23.649447205670523,125.21142040595628,0.9864976071228367,0.329713370708948,0.05684965499931423,1.0
DEAI-PSO,487,100.0,0.0,12.275353688880802,37.7246463111192,48700.0,48700.0,4870.0,19480000.0,1.0,0.07718586516232469,10.0,24.35264549922125,124.03615311150911,1.0360743831711026,0.33604073562697945,0.056076575001134187,1.0
DEAI-PSO,488,100.0,0.0,12.197417191108931,37.80258280889107,48800.0,48800.0,4880.0,19520000.0,1.0,0.07793649777187098,10.0,25.382128003438048,124.72597668467124,0.975381710417835,0.332036610838469,0.05830316499886976,1.0
DEAI-PSO,489,100.0,0.0,12.118786167218342,37.881213832781654,48900.0,48900.0,4890.0,19560000.0,1.0,0.07863102389058821,10.0,22.663745257581063,126.19698796388393,0.9739830357219275,0.3255758950684008,0.056225514999823645,1.0
DEAI-PSO,490,100.0,0.0,12.040473833632628,37.95952616636737,49000.0,49000.0,4900.0,19600000.0,1.0,0.07831233358571374,10.0,23.69896747489618,125.55766675394041,1.0006472981512755,0.3332068300445269,0.05715725000045495,1.0
DEAI-PSO,491,100.0,0.0,11.962319916718126,38.03768008328187,49100.0,49100.0,4910.0,19640000.0,1.0,0.07815391691450424,10.0,23.863702870477447,125.14181382830122,1.0066828215016461,0.32998681905603583,0.05727639999931853,1.0
DEAI-PSO,492,100.0,0.0,11.885570357977404,38.11442964202259,49200.0,49200.0,4920.0,19680000.0,1.0,0.07674955874072191,10.0,23.974258857200304,123.33056036502808,1.087306181782091,0.3356182797040571,0.0573364150008274,1.0
DEAI-PSO,493,100.0,0.0,11.80753234407266,38.19246765592734,49300.0,49300.0,4930.0,19720000.0,1.0,0.07803801390474296,10.0,22.51264468880725,125.30325119042558,0.9902858518602959,0.3299463748461702,0.05759566999913659,1.0
DEAI-PSO,494,100.0,0.0,11.729582605353864,38.27041739464614,49400.0,49400.0,4940.0,19760000.0,1.0,0.07794973871879743,10.0,24.76058840871533,124.34461789491509,0.9784627432292974,0.3322559493160498,0.05718999500022619,1.0
DEAI-PSO,495,100.0,0.0,11.651678169431378,38.34832183056862,49500.0,49500.0,4950.0,19800000.0,1.0,0.07790443592248444,10.0,23.939191740503173,125.07449555876421,1.02679954803586,0.33575077323169894,0.06144323999942571,1.0
DEAI-PSO,496,100.0,0.0,11.57458651677823,38.42541348322177,49600.0,49600.0,4960.0,19840000.0,1.0,0.07709165265314981,10.0,24.205782910208733,123.95646905051565,1.0606803941925826,0.3356665339143714,0.05893449499963026,1.0
DEAI-PSO,497,100.0,0.0,11.49679232690669,38.503207673093314,49700.0,49700.0,4970.0,19880000.0,1.0,0.07779418987153815,10.0,23.36938118454119,124.81396944070336,1.054707924513835,0.33158722757586745,0.05965460000079474,1.0
DEAI-PSO,498,100.0,0.0,11.418936720346892,38.58106327965311,49800.0,49800.0,4980.0,19920000.0,1.0,0.0778556065597992,10.0,23.889495709186907,125.20856485786217,1.0029170037209285,0.33204055325821924,0.05936689500158536,1.0
DEAI-PSO,499,100.0,0.0,11.342142213595455,38.65785778640455,49900.0,49900.0,4990.0,19960000.0,1.0,0.07679450675143684,10.0,24.988498584486127,123.14292471288672,1.0519596292150157,0.3364107465470519,0.05570862999957171,1.0
DEAI-PSO,500,100.0,0.0,11.265173876199531,38.73482612380047,50000.0,50000.0,5000.0,20000000.0,1.0,0.0769683373959218,10.0,25.22105311066279,122.74272705589212,1.1237681609520114,0.33960560671917317,0.0557049150007515,1.0
DEAI-PSO,501,100.0,0.0,11.18786932488562,38.81213067511438,50100.0,50100.0,5010.0,20040000.0,1.0,0.07730455131391363,10.0,25.33307672316031,124.03423448662605,1.040957537286213,0.3368543893854817,0.054794894999213285,1.0
DEAI-PSO,502,100.0,0.0,11.109990569332396,38.890009430667604,50200.0,50200.0,5020.0,20080000.0,1.0,0.07787875555322224,10.0,26.548230222659036,123.60467832698384,1.0362081587699097,0.33974980626822904,0.060781815001246284,1.0
DEAI-PSO,503,100.0,0.0,11.032542875970258,38.96745712402974,50300.0,50300.0,5030.0,20120000.0,1.0,0.07744769336213855,10.0,24.85238821944437,124.0365301682646,1.0264507340573166,0.330978192825209,0.05999608500096656,1.0
DEAI-PSO,504,100.0,0.0,10.954553634094017,39.04544636590598,50400.0,50400.0,5040.0,20160000.0,1.0,0.07798924187624019,10.0,23.50098046069109,125.71842086334486,0.994901675047245,0.33019970276132005,0.0584260549989267,1.0
DEAI-PSO,505,100.0,0.0,10.87667599751657,39.12332400248343,50500.0,50500.0,5050.0,20200000.0,1.0,0.0778776365774477,10.0,23.456519633699084,125.32097745414599,0.9866353227270102,0.3332539640102712,0.056036415000562556,1.0
DEAI-PSO,506,100.0,0.0,10.799039530970292,39.20096046902971,50600.0,50600.0,5060.0,20240000.0,1.0,0.07763646654627791,10.0,22.850510979640234,125.12457764127903,1.0243103285364703,0.33090226334778483,0.060376694999285975,1.0
DEAI-PSO,507,100.0,0.0,10.72124515723916,39.27875484276084,50700.0,50700.0,5070.0,20280000.0,1.0,0.07779437373113236,10.0,25.402121126942752,124.65539528722176,1.0351639424461976,0.3378299871640866,0.060565490000226416,1.0
DEAI-PSO,508,100.0,0.0,10.644268434223488,39.35573156577651,50800.0,50800.0,5080.0,20320000.0,1.0,0.07697672301567175,10.0,24.409178238860815,123.78523635494676,1.0530131878644098,0.33855138211061575,0.0571521700003359,1.0
DEAI-PSO,509,100.0,0.0,10.567698484260502,39.432301515739496,50900.0,50900.0,5090.0,20360000.0,1.0,0.07656994996298642,10.0,24.978722736032317,122.77065297115212,1.1112718398651944,0.341022713495818,0.05802792499998759,1.0
DEAI-PSO,510,100.0,0.0,10.490521025873326,39.50947897412667,51000.0,51000.0,5100.0,20400000.0,1.0,0.0771774583871748,10.0,24.791936519953705,123.96861191281425,1.0778797513472447,0.34111457259382794,0.058363799999642654,1.0
DEAI-PSO,511,100.0,0.0,10.412378543659601,39.5876214563404,51100.0,51100.0,5110.0,20440000.0,1.0,0.07814248221372626,10.0,23.399423229770484,125.41759015438754,1.0209965771672542,0.33454789601710544,0.05877910500021244,1.0
DEAI-PSO,512,100.0,0.0,10.335124579385385,39.664875420614614,51200.0,51200.0,5120.0,20480000.0,1.0,0.07725396427421538,10.0,24.384051171880422,124.34590769196684,1.0196170024439615,0.3353453921806614,0.06196940999943763,1.0
DEAI-PSO,513,100.0,0.0,10.257436385103064,39.74256361489694,51300.0,51300.0,5130.0,20520000.0,1.0,0.07768819428232136,10.0,23.670714302189104,125.33833341889965,1.017821083231152,0.3360766572049504,0.057352725000237116,1.0
DEAI-PSO,514,100.0,0.0,10.179864295223156,39.820135704776845,51400.0,51400.0,5140.0,20560000.0,1.0,0.07757208987990741,10.0,22.78240020695905,125.26754565044564,1.020305365614323,0.3358162902076643,0.05898419499935699,1.0
DEAI-PSO,515,100.0,0.0,10.102566376263576,39.897433623736426,51500.0,51500.0,5150.0,20600000.0,1.0,0.07729791895958078,10.0,23.32426597755997,124.31507645005134,1.0536184593642872,0.3352174177136883,0.05764234000089345,1.0
DEAI-PSO,516,100.0,0.0,10.025292770348752,39.974707229651244,51600.0,51600.0,5160.0,20640000.0,1.0,0.07727360591482313,10.0,25.037537016792424,123.19991978391333,1.0960812337212635,0.3387273603140116,0.05713171500065073,1.0
DEAI-PSO,517,100.0,0.0,9.948274087459609,40.05172591254039,51700.0,51700.0,5170.0,20680000.0,1.0,0.07701868288914429,10.0,23.24036609740834,124.05403054659988,1.0494324182390584,0.33889788343949945,0.058532055000250695,1.0
DEAI-PSO,518,100.0,0.0,9.871349809003936,40.12865019099606,51800.0,51800.0,5180.0,20720000.0,1.0,0.07692427845567118,10.0,24.55879717544663,123.14048241137046,1.0807233089980852,0.3365597887541531,0.05583334500006458,1.0
DEAI-PSO,519,100.0,0.0,9.79421527234116,40.20578472765884,51900.0,51900.0,5190.0,20760000.0,1.0,0.07713453666277684,10.0,23.913698587669103,124.06907430856685,1.0527239568024185,0.3353578233945264,0.058304974999191475,1.0
DEAI-PSO,520,100.0,0.0,9.717454054085067,40.28254594591493,52000.0,52000.0,5200.0,20800000.0,1.0,0.07676121825609279,10.0,25.60660114296379,122.52957469740879,1.0957423450870292,0.34198219266178104,0.05543551000009757,1.0
DEAI-PSO,521,100.0,0.0,9.641044896436858,40.35895510356314,52100.0,52100.0,5210.0,20840000.0,1.0,0.07640915764820973,10.0,25.44137704357813,122.22754104601002,1.1156852092871012,0.34298205714227537,0.05692279500071891,1.0
DEAI-PSO,522,100.0,0.0,9.562646581751967,40.43735341824804,52200.0,52200.0,5220.0,20880000.0,1.0,0.0783983146848902,10.0,23.114654742731616,125.09326675677,1.02560728924999,0.33426904754167036,0.0573868899991794,1.0
DEAI-PSO,523,100.0,0.0,9.485035299643046,40.514964700356956,52300.0,52300.0,5230.0,20920000.0,1.0,0.07761128210892218,10.0,25.265098611387526,123.8437529493963,1.0390624076238049,0.34183659140266526,0.05945047000059276,1.0
DEAI-PSO,524,100.0,0.0,9.407675553644506,40.59232444635549,52400.0,52400.0,5240.0,20960000.0,1.0,0.0773597459985397,10.0,23.182268911115237,124.24628844569497,1.0346431246292056,0.33775065960072015,0.05473726500022167,1.0
DEAI-PSO,525,100.0,0.0,9.33017373003984,40.66982626996016,52500.0,52500.0,5250.0,21000000.0,1.0,0.07750182360466593,10.0,23.812262842303618,124.23412579837267,1.0789776215395048,0.3370101351577482,0.057340510000358336,1.0
DEAI-PSO,526,100.0,0.0,9.25286003995168,40.74713996004832,52600.0,52600.0,5260.0,21040000.0,1.0,0.07731369008816054,10.0,24.102253384066707,124.39801182249055,1.0239424213261517,0.33902567767432873,0.05666370499930053,1.0
DEAI-PSO,527,100.0,0.0,9.175179628674783,40.82482037132522,52700.0,52700.0,5270.0,21080000.0,1.0,0.0776804112768962,10.0,24.214437211498996,124.4235821468618,1.04927872626027,0.33767846910435684,0.05671216500013543,1.0
DEAI-PSO,528,100.0,0.0,9.097747626936147,40.90225237306385,52800.0,52800.0,5280.0,21120000.0,1.0,0.07743200173863558,10.0,24.24723509503219,124.31311691655162,1.0241426259740511,0.3404051180616219,0.057328074999168165,1.0
DEAI-PSO,529,100.0,0.0,9.020499229978842,40.979500770021154,52900.0,52900.0,5290.0,21160000.0,1.0,0.07724839695730452,10.0,24.827174615002,123.64389650410033,1.015976830413844,0.3355891439542753,0.05832797500115703,1.0
DEAI-PSO,530,100.0,0.0,8.942923842196109,41.05707615780389,53000.0,53000.0,5300.0,21200000.0,1.0,0.07757538778273365,10.0,24.316779705286372,124.15063577027797,1.0709972121604328,0.33772600319136487,0.05697148999934143,1.0
DEAI-PSO,531,100.0,0.0,8.865589489886133,41.13441051011387,53100.0,53100.0,5310.0,21240000.0,1.0,0.07733435230997623,10.0,24.711002884644433,124.03909206035807,1.0553843910895266,0.3422425306146471,0.05576669499969285,1.0
DEAI-PSO,532,100.0,0.0,8.788055803092991,41.211944196907005,53200.0,53200.0,5320.0,21280000.0,1.0,0.07753368679314114,10.0,25.361193468608533,123.86371675256689,1.0053600616440728,0.34083807297303786,0.05743638499916415,1.0
DEAI-PSO,533,100.0,0.0,8.710325647578806,41.289674352421194,53300.0,53300.0,5330.0,21320000.0,1.0,0.07773015551418627,10.0,24.95142470905891,124.23502581540478,1.015736693633286,0.33782380030770043,0.0534691050008405,1.0
DEAI-PSO,534,100.0,0.0,8.632900446620942,41.367099553379056,53400.0,53400.0,5340.0,21360000.0,1.0,0.07742520095786314,10.0,23.51854602810789,124.19465427579436,1.0518735316797765,0.33665715553523906,0.05436775499874784,1.0
DEAI-PSO,535,100.0,0.0,8.555077011365693,41.4449229886343,53500.0,53500.0,5350.0,21400000.0,1.0,0.07782343525525053,10.0,23.187343016317705,125.53519880215624,1.0096972084705942,0.3335046991845601,0.057031304999327403,1.0
DEAI-PSO,536,100.0,0.0,8.476943806305123,41.52305619369488,53600.0,53600.0,5360.0,21440000.0,1.0,0.07813320506056991,10.0,24.25339044943957,125.5295938857239,0.9901062055962695,0.3385670841832401,0.055953885000417355,1.0
DEAI-PSO,537,100.0,0.0,8.399273706300907,41.60072629369909,53700.0,53700.0,5370.0,21480000.0,1.0,0.07767010000421526,10.0,22.854682290793175,124.86205861700498,1.033297672123597,0.337863984188916,0.055840295000234616,1.0
DEAI-PSO,538,100.0,0.0,8.321974161720512,41.67802583827949,53800.0,53800.0,5380.0,21520000.0,1.0,0.07729954458039487,10.0,24.82794031386829,124.03181400875833,1.1032517816473635,0.344266698563944,0.056509860000005574,1.0
DEAI-PSO,539,100.0,0.0,8.244772654808582,41.755227345191415,53900.0,53900.0,5390.0,21560000.0,1.0,0.07720150691193015,10.0,23.837116461265488,124.24776186627919,1.0282456134938571,0.338174613507369,0.054605890000675575,1.0
DEAI-PSO,540,100.0,0.0,8.166708213373568,41.83329178662643,54000.0,54000.0,5400.0,21600000.0,1.0,0.07806444143501445,10.0,24.552171660302275,125.08610230677236,1.0029000744204088,0.3396088927640826,0.05453309000004083,1.0
DEAI-PSO,541,100.0,0.0,8.088994427271107,41.91100557272889,54100.0,54100.0,5410.0,21640000.0,1.0,0.07771378610246119,10.0,25.1057670303068,123.82968078073934,1.0730286645157814,0.34294776925974774,0.05556789000038407,1.0
DEAI-PSO,542,100.0,0.0,8.010757712672032,41.98924228732797,54200.0,54200.0,5420.0,21680000.0,1.0,0.07823671459907464,10.0,23.866663484539593,125.46382760315319,0.9856388700886274,0.33662259434495734,0.05661389999950188,1.0
DEAI-PSO,543,100.0,0.0,7.93298810813682,42.067011891863174,54300.0,54300.0,5430.0,21720000.0,1.0,0.07776960453521112,10.0,24.534016082730233,124.20941721117008,1.022587984202635,0.34169670434968447,0.056698895000226915,1.0
DEAI-PSO,544,100.0,0.0,7.85504303598443,42.14495696401557,54400.0,54400.0,5440.0,21760000.0,1.0,0.07794507215238995,10.0,22.86445200321335,125.76560578089429,0.992919216341235,0.336839291666373,0.05788204000018595,1.0
DEAI-PSO,545,100.0,0.0,7.77770436284798,42.222295637152016,54500.0,54500.0,5450.0,21800000.0,1.0,0.07733867313644968,10.0,26.00197392481302,123.43878124451354,0.9959225888851577,0.3421703328855622,0.0569929699995555,1.0
DEAI-PSO,546,100.0,0.0,7.69996540411272,42.30003459588728,54600.0,54600.0,5460.0,21840000.0,1.0,0.07773895873526131,10.0,25.395086936771715,123.92325291517685,1.0306440351997208,0.3417057817848666,0.05572298000042793,1.0
DEAI-PSO,547,100.0,0.0,7.6225389210677905,42.37746107893221,54700.0,54700.0,5470.0,21880000.0,1.0,0.07742648304492912,10.0,25.33347303346949,123.76530336297773,1.0674361460080053,0.34390760032862744,0.056600604999403004,1.0
DEAI-PSO,548,100.0,0.0,7.545861547924792,42.45413845207521,54800.0,54800.0,5480.0,21920000.0,1.0,0.0766773731429975,10.0,25.26093647951778,123.10587190165242,1.0762979578501206,0.3434666951904038,0.056282865001048774,1.0
DEAI-PSO,549,100.0,0.0,7.468080557112346,42.531919442887656,54900.0,54900.0,5490.0,21960000.0,1.0,0.07778099081244765,10.0,24.09013241985071,124.67242300784517,1.0335015754323433,0.3399863157048718,0.05639968499926908,1.0
DEAI-PSO,550,100.0,0.0,7.389955336325966,42.61004466367403,55000.0,55000.0,5500.0,22000000.0,1.0,0.0781252207863798,10.0,23.0041038151764,126.07211461551344,0.9585841097850709,0.3365566957807743,0.05686288499964576,1.0
DEAI-PSO,551,100.0,0.0,7.312777029553421,42.68722297044658,55100.0,55100.0,5510.0,22040000.0,1.0,0.07717830677254459,10.0,24.315643713496577,123.60559465079601,1.0066838700815128,0.3384661517717027,0.058013515000493496,1.0
DEAI-PSO,552,100.0,0.0,7.2353381569025945,42.76466184309741,55200.0,55200.0,5520.0,22080000.0,1.0,0.07743887265082602,10.0,23.697113416577974,124.20595541898692,1.0704412925052222,0.34219765013264347,0.057556839999961085,1.0
DEAI-PSO,553,100.0,0.0,7.15781105838254,42.842188941617465,55300.0,55300.0,5530.0,22120000.0,1.0,0.07752709852005416,10.0,24.457879819754293,124.16203571553972,1.0231624593057889,0.34011063305403894,0.0623113600006036,1.0
DEAI-PSO,554,100.0,0.0,7.079599424105932,42.92040057589407,55400.0,55400.0,5540.0,22160000.0,1.0,0.0782116342766082,10.0,23.853281072068068,125.99480697517522,1.0035553861982247,0.338362579535414,0.06013038500059338,1.0
DEAI-PSO,555,100.0,0.0,7.001727768736037,42.99827223126396,55500.0,55500.0,5550.0,22200000.0,1.0,0.07787165536989456,10.0,23.035629671318496,125.65566102439274,0.9927401732948187,0.3370865311659732,0.05844824999949196,1.0
DEAI-PSO,556,100.0,0.0,6.925233901569672,43.074766098430324,55600.0,55600.0,5560.0,22240000.0,1.0,0.07649386716636526,10.0,25.850973734862738,121.60664273339853,1.1764626073160673,0.3485278750022259,0.05554072999984783,1.0
DEAI-PSO,557,100.0,0.0,6.84771769500325,43.152282304996746,55700.0,55700.0,5570.0,22280000.0,1.0,0.07751620656642318,10.0,24.174734747945323,124.59710897889246,1.065198497444048,0.34365435779702724,0.05860491500025091,1.0
DEAI-PSO,558,100.0,0.0,6.770732540090293,43.22926745990971,55800.0,55800.0,5580.0,22320000.0,1.0,0.07698515491295624,10.0,25.149574812393382,123.15467345327662,1.0809323223686977,0.34496937327494026,0.058783969999785766,1.0
DEAI-PSO,559,100.0,0.0,6.693288034145037,43.306711965854966,55900.0,55900.0,5590.0,22360000.0,1.0,0.07744450594525683,10.0,24.33782969033161,124.44046684255989,1.0530808853291016,0.34343358566825005,0.05423454499868967,1.0
DEAI-PSO,560,100.0,0.0,6.61560777611678,43.38439222388322,56000.0,56000.0,5600.0,22400000.0,1.0,0.07768025802825615,10.0,23.22255485032633,125.34594106988689,1.0300545204166798,0.34035347796587073,0.0592329349994543,1.0
DEAI-PSO,561,100.0,0.0,6.538024340204691,43.46197565979531,56100.0,56100.0,5610.0,22440000.0,1.0,0.0775834359120895,10.0,24.60750182636121,123.86304104832934,1.0856115789334577,0.3472254568703232,0.057806139999593144,1.0
DEAI-PSO,562,100.0,0.0,6.459580012568807,43.54041998743119,56200.0,56200.0,5620.0,22480000.0,1.0,0.07844432763588408,10.0,24.49035972679064,124.99066639397537,0.9834200953648683,0.3415731777093091,0.056884564999563736,1.0
DEAI-PSO,563,100.0,0.0,6.382560595956149,43.61743940404385,56300.0,56300.0,5630.0,22520000.0,1.0,0.07701941661265725,10.0,23.31835769966754,123.57910029014931,1.0701796107294865,0.3422579682992206,0.057849749999877534,1.0
DEAI-PSO,564,100.0,0.0,6.3049310129472955,43.69506898705271,56400.0,56400.0,5640.0,22560000.0,1.0,0.07762958300885385,10.0,22.954897622378144,125.09248522685807,0.9912714715530735,0.3351858817172135,0.05574273000129324,1.0
DEAI-PSO,565,100.0,0.0,6.227294398748759,43.77270560125124,56500.0,56500.0,5650.0,22600000.0,1.0,0.07763661419853615,10.0,27.93275511479849,123.25137182194794,1.0194038239033232,0.3506967732671095,0.05622940500070399,1.0
DEAI-PSO,566,100.0,0.0,6.149612280156488,43.85038771984351,56600.0,56600.0,5660.0,22640000.0,1.0,0.07768211859227234,10.0,24.151003052357343,124.64924856036149,0.9956867022539242,0.34325450541918795,0.061492395000823305,1.0
DEAI-PSO,567,100.0,0.0,6.0716060743185505,43.92839392568145,56700.0,56700.0,5670.0,22680000.0,1.0,0.07800620583793638,10.0,24.69211498225848,125.13011417649497,0.9781759760509539,0.34271743904441,0.05766684000009263,1.0
DEAI-PSO,568,100.0,0.0,5.993373590560736,44.006626409439264,56800.0,56800.0,5680.0,22720000.0,1.0,0.07823248375781458,10.0,23.038086190334603,125.31237527404065,1.0040376487052804,0.34139728755562104,0.05410864999939804,1.0
DEAI-PSO,569,100.0,0.0,5.916202632654145,44.08379736734586,56900.0,56900.0,5690.0,22760000.0,1.0,0.07717095790659123,10.0,23.192598917210017,124.28324920297553,1.061598734751132,0.3410581253143873,0.054698624999582536,1.0
DEAI-PSO,570,100.0,0.0,5.838368699893109,44.16163130010689,57000.0,57000.0,5700.0,22800000.0,1.0,0.07783393276103609,10.0,23.73176413475616,125.21633628987396,0.9717470087769403,0.3412514140125274,0.05766674000042258,1.0
DEAI-PSO,571,100.0,0.0,5.761011191182907,44.2389888088171,57100.0,57100.0,5710.0,22840000.0,1.0,0.07735750871020194,10.0,24.203811610480123,124.13709579225272,1.0382254313394337,0.3463092290084754,0.05775221000003512,1.0
DEAI-PSO,572,100.0,0.0,5.683564021071138,44.31643597892886,57200.0,57200.0,5720.0,22880000.0,1.0,0.07744717011176887,10.0,24.158590882646344,124.3749419092494,1.0386651954631867,0.3434902448319276,0.05388179500005208,1.0
DEAI-PSO,573,100.0,0.0,5.605942594866454,44.39405740513355,57300.0,57300.0,5730.0,22920000.0,1.0,0.07762142620468386,10.0,22.921195378704184,124.80492076527324,1.0439466454941502,0.343977447546587,0.056272470001567855,1.0
DEAI-PSO,574,100.0,0.0,5.528224335089648,44.47177566491035,57400.0,57400.0,5740.0,22960000.0,1.0,0.07771825977680599,10.0,23.59206258455572,124.9486872586712,1.0132578447573564,0.3473362127886185,0.056975409998995016,1.0
DEAI-PSO,575,100.0,0.0,5.4512344745653944,44.548765525434604,57500.0,57500.0,5750.0,23000000.0,1.0,0.07698986052425372,10.0,23.673662355949624,123.72080753120045,1.0554985453411148,0.34740994767774935,0.06042212499996822,1.0
DEAI-PSO,576,100.0,0.0,5.373250860553102,44.62674913944689,57600.0,57600.0,5760.0,23040000.0,1.0,0.0779836140122921,10.0,23.801965269092197,125.08289303075487,1.0364373673923861,0.3455310114453877,0.05599408999987645,1.0
DEAI-PSO,577,100.0,0.0,5.295480336634532,44.70451966336547,57700.0,57700.0,5770.0,23080000.0,1.0,0.07777052391856971,10.0,23.282443206714326,124.62793079288653,1.029295003092551,0.3469511729095223,0.05693237500017858,1.0
DEAI-PSO,578,100.0,0.0,5.21813894641855,44.78186105358145,57800.0,57800.0,5780.0,23120000.0,1.0,0.0773413902159823,10.0,25.73531438131015,123.20267398779303,1.0370171114082667,0.3509197877821354,0.05702404499970726,1.0
DEAI-PSO,579,100.0,0.0,5.141010465521583,44.85898953447842,57900.0,57900.0,5790.0,23160000.0,1.0,0.07712848089696808,10.0,25.350904470519353,123.42794614675957,1.0408605227303072,0.35228408985481846,0.05545946999991429,1.0
DEAI-PSO,580,100.0,0.0,5.063680097300942,44.936319902699054,58000.0,58000.0,5800.0,23200000.0,1.0,0.07733036822063995,10.0,24.223717045246595,124.27679039071772,1.0293550306135923,0.3471190620658636,0.05809179500029131,1.0
DEAI-PSO,581,100.0,0.0,4.986481345413823,45.01351865458618,58100.0,58100.0,5810.0,23240000.0,1.0,0.0771987518871194,10.0,24.04074500818524,123.8297302429476,1.0474422111101622,0.3511828928514914,0.05696087500000431,1.0
DEAI-PSO,582,100.0,0.0,4.908146858207504,45.0918531417925,58200.0,58200.0,5820.0,23280000.0,1.0,0.07833448720631864,10.0,22.280011808800094,127.45120722959204,0.9819518306476287,0.34394003285474106,0.05631062499996915,1.0
DEAI-PSO,583,100.0,0.0,4.830866639379491,45.169133360620506,58300.0,58300.0,5830.0,23320000.0,1.0,0.07728021882801375,10.0,25.832027400702508,123.33048358095853,1.0418245379936,0.35086116039980475,0.05665053999910015,1.0
DEAI-PSO,584,100.0,0.0,4.753787220509979,45.24621277949002,58400.0,58400.0,5840.0,23360000.0,1.0,0.07707941886951153,10.0,24.52570087983733,123.57631761978053,1.0955350274861362,0.35338257270244516,0.05685988000077487,1.0
DEAI-PSO,585,100.0,0.0,4.675894112536365,45.32410588746363,58500.0,58500.0,5850.0,23400000.0,1.0,0.07789310797361441,10.0,24.351751706559337,124.87244453176746,1.0074670434079578,0.34731997935061937,0.056196734998957255,1.0
DEAI-PSO,586,100.0,0.0,4.599141347071008,45.40085865292899,58600.0,58600.0,5860.0,23440000.0,1.0,0.07675276546535652,10.0,25.303339931194277,123.50172306397432,1.1171783790810383,0.35578872485593116,0.05800943500071298,1.0
DEAI-PSO,587,100.0,0.0,4.522660444394432,45.47733955560557,58700.0,58700.0,5870.0,23480000.0,1.0,0.07648090267657612,10.0,24.2820185477226,122.31790060928054,1.0954620939696658,0.35438435758444153,0.05651378499896964,1.0
DEAI-PSO,588,100.0,0.0,4.445410770450466,45.554589229549535,58800.0,58800.0,5880.0,23520000.0,1.0,0.07724967394396634,10.0,26.31081142118186,123.3374485093,1.0268276587796799,0.3518855165878504,0.054754839999804975,1.0
DEAI-PSO,589,100.0,0.0,4.3682616709481055,45.63173832905189,58900.0,58900.0,5890.0,23560000.0,1.0,0.0771490995023602,10.0,24.92953124246035,122.8067642467931,1.0477127061989682,0.3539111803912097,0.0577962050003407,1.0
DEAI-PSO,590,100.0,0.0,4.290477154924177,45.709522845075824,59000.0,59000.0,5900.0,23600000.0,1.0,0.07778451602392907,10.0,22.515824924999954,125.4626640356527,1.0258513220612477,0.3527577137116192,0.055619149999620275,1.0
DEAI-PSO,591,100.0,0.0,4.2130516423705195,45.78694835762948,59100.0,59100.0,5910.0,23640000.0,1.0,0.0774255125536569,10.0,23.78702782533348,124.17732518790088,1.0603398353218068,0.3537009365878653,0.05794537999900058,1.0
DEAI-PSO,592,100.0,0.0,4.135493794883571,45.86450620511643,59200.0,59200.0,5920.0,23680000.0,1.0,0.07755784748694929,10.0,24.205437261715744,124.62398133465997,1.032852189101555,0.3558163143290051,0.057208774999162416,1.0
DEAI-PSO,593,100.0,0.0,4.058263012330262,45.941736987669735,59300.0,59300.0,5930.0,23720000.0,1.0,0.07723078255330815,10.0,24.68128570535362,123.31031487300349,1.0899107449315675,0.3576160945135665,0.05705924999929266,1.0
DEAI-PSO,594,100.0,0.0,3.980170124026163,46.019829875973834,59400.0,59400.0,5940.0,23760000.0,1.0,0.07809288830409936,10.0,22.455916095709405,126.07200974253867,0.9837460611396638,0.3480045015915141,0.05694648499884351,1.0
DEAI-PSO,595,100.0,0.0,3.903358448178711,46.09664155182129,59500.0,59500.0,5950.0,23800000.0,1.0,0.076811675847452,10.0,26.000514087730075,122.23115381512953,1.0402823718635088,0.35907787257849294,0.05964320000057342,1.0
DEAI-PSO,596,100.0,0.0,3.825733201133228,46.174266798866775,59600.0,59600.0,5960.0,23840000.0,1.0,0.07762524704548293,10.0,23.446629431369907,124.91520938820118,1.0277440116269496,0.3523261476104426,0.058506504999968456,1.0
DEAI-PSO,597,100.0,0.0,3.74792576090062,46.25207423909938,59700.0,59700.0,5970.0,23880000.0,1.0,0.0778074402326082,10.0,24.386666228810174,124.82794809848664,0.9998063359946485,0.35877676160756866,0.059176050000314714,1.0
DEAI-PSO,598,100.0,0.0,3.6704106551485274,46.32958934485147,59800.0,59800.0,5980.0,23920000.0,1.0,0.07751510575209222,10.0,25.2845878171399,124.33462001737647,1.064113478566835,0.36093511378502346,0.05747265000063635,1.0
DEAI-PSO,599,100.0,0.0,3.592641662683763,46.40735833731624,59900.0,59900.0,5990.0,23960000.0,1.0,0.07776899246476474,10.0,22.135456089154182,126.01633454494197,0.9875630283062012,0.34980609386829903,0.054389719999744554,1.0
DEAI-PSO,600,100.0,0.0,3.513278149668912,46.48672185033109,60000.0,60000.0,6000.0,24000000.0,1.0,0.07936351301485045,10.0,23.617950773746756,126.6621796082326,0.9698438341848649,0.3513444018430246,0.05704002499878698,1.0
DEAI-PSO,601,100.0,0.0,3.43620054220684,46.563799457793166,60100.0,60100.0,6010.0,24040000.0,1.0,0.07707760746207247,10.0,24.981953025878504,123.17481879136963,1.1086764696065752,0.3602639492372394,0.06139338499997393,1.0
DEAI-PSO,602,100.0,0.0,3.3588711973294543,46.64112880267054,60200.0,60200.0,6020.0,24080000.0,1.0,0.077329344877385,10.0,24.061965888670077,124.245254003668,1.04376038655828,0.3613075070405908,0.05643162999949709,1.0
DEAI-PSO,603,99.95,0.05,3.281803431093249,46.71819656890675,60300.0,60299.95,6030.0,24120000.0,0.9999991708126036,0.0770677662362057,10.0,24.17757213090968,124.2348275638464,1.0602812846288052,0.3624708655004885,0.05471989499856136,0.9994999999999999
DEAI-PSO,604,99.95,0.05,3.2041286207741257,46.79587137922587,60399.95,60399.9,6040.0,24160000.0,0.9999991721717247,0.07767481031912335,10.0,23.522311520122617,125.16357176334171,1.0183611484927368,0.35855045813019165,0.058088084999326384,1.0
DEAI-PSO,605,99.95,0.05,3.126343777896858,46.87365622210314,60499.9,60499.85,6050.0,24200000.0,0.9999991735263976,0.07778484287726753,10.0,23.011877249543396,125.26074176267807,1.0397565313720587,0.36182694670249266,0.056339020000450546,1.0
DEAI-PSO,606,99.85,0.15,3.0493209856115993,46.9506790143884,60599.85,60595.65,6059.9,24239600.0,0.9999306913537038,0.07702279228525886,10.0,25.51773295512573,123.39442788884371,1.0617404148060756,1.3664902370176455,0.05667582000060065,0.9582929292929293
DEAI-PSO,607,99.7,0.3,2.9719147390957814,47.02808526090422,60699.7,60691.4,6069.8,24279200.0,0.9998632551854456,0.07740624651581758,10.0,23.1159232655072,125.40972803193111,1.0133804201154137,1.3638391752521273,0.05568669499953103,0.9583745619459906
DEAI-PSO,608,99.55,0.45,2.8947949476102948,47.10520505238971,60799.4,60787.55,6079.65,24318600.0,0.9998050788393742,0.07711979148548671,10.0,24.442269056863044,124.51385108861163,1.0424097609112282,1.3653470576008675,0.058287440000276546,0.9633184523809524
DEAI-PSO,609,99.25,0.75,2.8177093414977277,47.182290658502275,60898.95,60883.3,6089.45,24357800.0,0.9997429752708298,0.07708560611256718,9.95,23.961822847595172,124.64575657546322,0.9975002918862124,1.3620434395530796,0.055465309999635795,0.9600844483439351
DEAI-PSO,610,99.0,1.0,2.7391394895105794,47.26086051048942,60998.2,60981.5,6099.3,24397200.0,0.9997261439901942,0.07856985198714832,9.95,24.14013376079515,126.72623758809104,0.9893036442271474,0.8602731524348363,0.05508986000131699,0.9883333333333333
DEAI-PSO,611,98.4,1.6,2.662401716225532,47.33759828377447,61097.2,61075.95,6109.1,24436400.0,0.9996520357087005,0.07673777328504762,9.95,23.91267416991014,124.86850712699723,1.0562520395374793,1.3686653728069875,0.05688892000034684,0.9480804953560371
DEAI-PSO,612,97.7,2.3,2.5846944373051666,47.41530556269483,61195.6,61170.1,6118.75,24475000.0,0.9995830044181311,0.07770727892036508,9.85,25.40132621689104,127.18842551252428,0.9809606037263041,1.3678839690261935,0.05937839499929396,0.9477837528604119
DEAI-PSO,613,97.2,2.8,2.507791208735484,47.49220879126452,61293.3,61262.7,6128.15,24512600.0,0.9995002259776372,0.0769032285696828,9.8,23.975494258346828,127.41616437883067,0.9378570033038764,1.358293743708892,0.05379707000029157,0.9323203949608445
DEAI-PSO,614,96.45,3.55,2.4324774752155105,47.567522524784486,61390.5,61355.9,6137.6,24550400.0,0.9994355504927993,0.07531373351997345,9.75,23.03569577662778,126.41357379628066,1.0490218826318043,1.3569192889795008,0.056041120000736556,0.9428921568627452
DEAI-PSO,615,95.6,4.4,2.3582170607929407,47.64178293920706,61486.95,61448.4,6146.95,24587800.0,0.9993717472503979,0.07426041442256968,9.65,25.225707347986663,124.88720054844612,0.986156145139442,1.3652234725020076,0.057593524999902,0.9331168831168831
DEAI-PSO,616,94.6,5.4,2.2841223740907735,47.71587762590922,61582.55,61540.45,6156.2,24624800.0,0.9993144938663747,0.07409468670216698,9.55,24.38962034986527,128.54598644979498,0.9771363360518993,1.3663684116535022,0.05733045999986643,0.9295774647887324
DEAI-PSO,617,93.35,6.65,2.2116017486732233,47.788398251326775,61677.15,61630.8,6165.25,24661000.0,0.999245872717952,0.07252062541755064,9.45,23.30468074643102,127.61012906260528,0.9278443656918134,1.3623262196359205,0.05739628499941318,0.90625
DEAI-PSO,618,92.35,7.65,2.1394008877158113,47.86059911228419,61770.5,61719.0,6174.25,24697000.0,0.9991627156165761,0.07220086095741222,9.35,26.46593304470711,130.25862054826433,1.0172083699294787,1.8791318965021073,0.05548905500145338,0.8829803921568627
DEAI-PSO,619,91.15,8.85,2.068533688783531,47.93146631121647,61862.85,61801.3,6183.05,24732200.0,0.9990005229092798,0.07086719893228006,9.25,26.87743797415137,129.27898002865732,0.9611808467776081,3.374213990150724,0.05382554499919934,0.824234693877551
DEAI-PSO,620,90.3,9.7,1.9978800235876784,48.00211997641232,61954.0,61889.05,6192.0,24768000.0,0.998945989982519,0.07065366519585249,9.2,27.36013899839201,132.31159646654663,0.9583759860797938,1.379654549071727,0.05479795999999624,0.8812973484848484
DEAI-PSO,621,89.5,10.5,1.929036080470657,48.07096391952935,62044.3,61975.05,6200.9,24803600.0,0.9988770516252815,0.07246730854423314,9.578947368421053,25.57105612757016,125.60727287322929,1.0039926474265306,1.9518304804168054,0.053202657894105776,0.9093598658299884
DEAI-PSO,622,88.9,11.1,1.8602459264111548,48.13975407358885,62133.8,62060.45,6209.75,24839000.0,0.9988114956727191,0.07241068848368629,9.473684210526315,23.916766159057193,123.36766684206853,0.9830310713615695,1.93987753508938,0.05566162105203962,0.9059863048174918
DEAI-PSO,623,88.1,11.9,1.7923833213144267,48.20761667868557,62222.7,62140.7,6218.4,24873600.0,0.9986730697102144,0.07540289455192012,9.944444444444445,24.572967464520012,124.12570107843557,1.0114903449608628,2.5969359342445775,0.05700624999978269,0.8981267653260134
DEAI-PSO,624,87.4,12.6,1.72405844351569,48.27594155648431,62310.8,62225.95,6227.1,24908400.0,0.9986280024519131,0.07591653088748515,9.833333333333334,25.067622528067908,125.31870727618409,1.0002317361254327,0.9240885590935526,0.05299864444451588,0.9636268888826434
DEAI-PSO,625,86.5,13.5,1.6565350878766314,48.343464912123366,62398.2,62302.3,6235.4,24941600.0,0.9984517596324414,0.07502595071006521,9.777777777777779,23.84856664478036,126.13744910102254,1.0071522755319882,2.596610701798473,0.0557534111115577,0.8580606478743675
DEAI-PSO,626,85.25,14.75,1.5895165557557904,48.41048344424421,62484.7,62377.45,6243.55,24974200.0,0.998271156780425,0.07446503568982343,9.61111111111111,24.28868218519468,127.3974654880237,1.019099913557691,2.599450990961309,0.05807559444413831,0.8474539491895583
DEAI-PSO,627,83.85,16.15,1.5240204483742938,48.475979551625706,62569.95,62453.0,6251.55,25006200.0,0.998117258431645,0.07277345264610724,9.5,21.92804072834344,127.19233219319797,0.9037402599210846,2.585000060630796,0.05460801111176908,0.8541292546651751
DEAI-PSO,628,82.0,18.0,1.4588624482747066,48.5411375517253,62653.8,62524.65,6259.15,25036600.0,0.9979238018809891,0.07239777788843042,9.333333333333334,25.153262697420114,130.07729370653112,1.0283507492702815,3.1528380588107487,0.05016259444366571,0.8139632673687809
DEAI-PSO,629,80.45,19.55,1.3971808131265644,48.60281918687344,62735.8,62597.5,6266.8,25067200.0,0.9977791480647044,0.06853515016460238,9.11111111111111,25.079079131910124,126.26872453476082,0.9834814010573013,2.597388296224066,0.05168695000045571,0.8241141267929609
DEAI-PSO,630,78.7,21.3,1.3361907344033983,48.663809265596605,62816.25,62667.45,6274.15,25096600.0,0.9976132107405231,0.06776675413685111,8.944444444444445,27.56896168470846,129.37640888114382,1.012892531203641,3.165470527414678,0.05102416666704812,0.786805825347492
DEAI-PSO,631,76.85,23.15,1.277017367563733,48.72298263243627,62894.95,62737.75,6281.45,25125800.0,0.9974808025126787,0.06574818537740594,8.777777777777779,28.120161855214704,130.00320770924012,0.8703938424680893,3.1558193492491635,0.05017598888945132,0.7966875600770496
DEAI-PSO,632,74.75,25.25,1.2182617105539613,48.78173828944604,62971.8,62808.75,6288.75,25155000.0,0.9973888654878238,0.06528406334419078,8.61111111111111,29.793219598656904,135.36044808518653,0.859774202482894,2.604785190987079,0.04926263333416298,0.8002356037544394
DEAI-PSO,633,73.05,26.95,1.1611719465827908,48.83882805341721,63046.55,62875.85,6295.9,25183600.0,0.9972684996646046,0.06716442820137727,8.882352941176471,29.286632700045704,131.7318528754497,0.9208399916717935,2.7330015415679783,0.048089476469613146,0.797816247592136
DEAI-PSO,634,71.45,28.55,1.105752272963552,48.89424772703644,63119.6,62941.85,6302.8,25211200.0,0.9971577592009442,0.06519961602263366,8.588235294117647,29.88121508005652,133.29373703597844,0.8944082647223202,3.3201496191546944,0.05100489411672564,0.7892717497556208
DEAI-PSO,635,70.65,29.35,1.0512589369787642,48.94874106302124,63191.05,63007.0,6309.7,25238800.0,0.9970590400384362,0.06410980704092671,8.529411764705882,26.063809485299966,133.93199740152204,0.8959112305803485,3.3254844672332275,0.04855903529395993,0.7859470240186345
DEAI-PSO,636,69.75,30.25,0.998027197792388,49.00197280220761,63261.7,63072.95,6316.5,25266000.0,0.9969856512896683,0.06653967398297034,8.9375,25.642188982256222,127.5047283088804,0.9456036677355613,2.25403688241795,0.05157498749986189,0.842680013438942
DEAI-PSO,637,68.5,31.5,0.9441703867700753,49.055829613229925,63331.45,63133.75,6323.0,25292000.0,0.9968455722179194,0.07180908136308368,9.333333333333334,23.503305773977747,127.74401881918818,0.894786782857946,3.034066064792627,0.05329983333310035,0.8257255410479475
DEAI-PSO,638,67.1,32.9,0.892928588908687,49.10707141109131,63399.95,63191.25,6329.4,25317600.0,0.9966735833322982,0.06832239714851775,9.133333333333333,27.2231137403348,125.87485073452864,1.0580322442877494,3.7250692876340903,0.051606133332825266,0.7777807099851434
DEAI-PSO,639,65.45,34.55,0.8424046339394508,49.15759536606055,63467.05,63252.1,6335.75,25343000.0,0.9965763506606745,0.06736527329231502,8.933333333333334,25.99291175563709,127.2556052793537,0.8949467109024595,2.381574162979226,0.050784706666308924,0.844628828757861
DEAI-PSO,640,63.65,36.35,0.791936007886089,49.20806399211391,63532.5,63311.85,6342.0,25368000.0,0.9964877509194905,0.06729150140448233,8.8,29.966041538566333,133.454973614525,0.8785934045257805,3.0535766824748705,0.04679601999960141,0.8146083926437387
DEAI-PSO,641,62.15,37.85,0.7441633712148694,49.25583662878513,63596.15,63366.25,6348.0,25392000.0,0.9963439198420568,0.06369684889495934,8.533333333333333,28.02021607682838,132.6753405978527,0.9140514787647239,4.391626080370008,0.0473759399993772,0.7519069550207608
DEAI-PSO,642,60.6,39.4,0.6963855966233298,49.30361440337667,63658.3,63418.35,6353.9,25415600.0,0.9961878701248462,0.0637036994553863,8.466666666666667,27.037765907093355,135.677013091455,0.8048712547586087,4.386177493669391,0.04761707333139687,0.7185595837528246
DEAI-PSO,643,59.35,40.65,0.6505881004463157,49.34941189955369,63718.9,63468.2,6359.55,25438200.0,0.996021364509461,0.06542499453859155,8.857142857142858,25.7599991627023,129.84316742909917,0.8889471472573389,4.66740089188412,0.05040472142822442,0.7516364404093236
DEAI-PSO,644,57.7,42.3,0.6041715385783952,49.3958284614216,63778.25,63512.65,6364.85,25459400.0,0.9957906352814081,0.07141009518141606,9.076923076923077,26.79318078438154,130.12406777272443,0.9126301583355052,5.00482696564634,0.04891409999926019,0.7091547488512104
DEAI-PSO,645,55.85,44.15,0.5613274960100286,49.43867250398997,63835.95,63556.0,6370.05,25480200.0,0.995568979429238,0.06591391164364088,9.0,27.219692711119713,124.56294349043252,0.9720538354780787,5.001776364855892,0.04803659230730353,0.6993879692750291
DEAI-PSO,646,53.7,46.3,0.5205107201337482,49.47948927986626,63891.8,63594.2,6374.8,25499200.0,0.9952967249838114,0.06279503980966233,8.615384615384615,26.709259318775935,127.94564402877944,0.9791138861085307,6.545346149987969,0.050029753845032804,0.6295119687422429
DEAI-PSO,647,51.35,48.65,0.4804369744876228,49.519563025512376,63945.5,63633.2,6379.3,25517200.0,0.9950707409937738,0.06165191637865444,8.23076923076923,25.49968752475486,126.89104508405522,0.8396778925200058,5.759356224015033,0.04598456153717752,0.6682058349608735
DEAI-PSO,648,48.9,51.1,0.4419868723636903,49.55801312763631,63996.85,63667.75,6383.45,25533800.0,0.9948125638388958,0.05915400326758851,8.0,27.450078974815806,135.21444447941104,0.826839322663295,6.530499557906187,0.041920707692042924,0.5693638638548323
DEAI-PSO,649,45.9,54.1,0.40550099433815945,49.59449900566184,64045.75,63699.55,6387.3,25549200.0,0.9945502086294346,0.05613212003927818,7.615384615384615,25.312132168037916,137.35957198255022,0.8282865468936542,6.544362617254359,0.04415953846182674,0.5298804116876367
DEAI-PSO,650,42.7,57.3,0.37217617289200094,49.627823827108,64091.65,63726.9,6390.75,25563000.0,0.9942660214996891,0.05554136907693078,7.583333333333333,28.792597018392186,128.19096644627044,0.7951822853681314,7.044627508606844,0.04131681666694931,0.5315708830311393
DEAI-PSO,651,39.4,60.6,0.33976075318698806,49.66023924681301,64134.35,63756.3,6394.1,25576400.0,0.9940629242150768,0.054025699508354806,7.166666666666667,32.36206311387962,139.61092283529453,0.7721724790165276,6.220888795277904,0.039646566665396676,0.5805284467445443
DEAI-PSO,652,36.3,63.7,0.31145078905991197,49.68854921094009,64173.75,63781.8,6397.25,25589000.0,0.9938507191883625,0.04718327354512684,6.666666666666667,35.94528145903962,138.96145364885226,0.7835191595199099,7.067163743854831,0.0391499666669309,0.5015228100022047
DEAI-PSO,653,34.05,65.95,0.2858269594061501,49.71417304059385,64210.05,63806.0,6400.25,25601000.0,0.9936663500649481,0.042706382756269735,6.166666666666667,37.90361190971758,138.94255570481866,0.7042849928360301,7.06231339444276,0.0365842333327843,0.4948997895800265
DEAI-PSO,654,31.7,68.3,0.261049062129766,49.73895093787023,64244.1,63831.9,6403.15,25612600.0,0.9935426289913947,0.04505072232069837,6.2727272727272725,35.40264691869975,138.3948475757172,0.716911269637901,5.8575073168546234,0.03571110000021607,0.5652866281049642
DEAI-PSO,655,29.9,70.1,0.23810338942215775,49.76189661057784,64275.8,63853.55,6405.75,25623000.0,0.9933899725134943,0.04171940492292407,5.909090909090909,30.976523758810572,140.30903384892466,0.6342434898891219,6.7389818788397156,0.034296227273774675,0.5010293328594622
DEAI-PSO,656,28.35,71.65,0.2159102616379514,49.78408973836205,64305.7,63875.7,6408.25,25633000.0,0.9932726172890369,0.04438625556841278,6.1,31.506605466995634,142.2752021395412,0.5809921884354947,6.361815036357367,0.03446809000015492,0.5589804197994988
DEAI-PSO,657,26.85,73.15,0.194409291079577,49.80559070892043,64334.05,63893.75,6410.55,25642200.0,0.9931164895728909,0.053752426395935984,7.25,25.271342172671584,129.38375482270172,0.6834946159038537,5.362253071060535,0.03812579999885202,0.5553310228273356
DEAI-PSO,658,24.85,75.15,0.17480611075997315,49.825193889240026,64360.9,63909.6,6412.55,25650200.0,0.9929499556554686,0.04900795079900961,6.75,23.090596875046003,128.57666185259035,0.7045151791006997,6.626255736733478,0.03487478749957518,0.5467095765377552
DEAI-PSO,659,22.85,77.15,0.15512157388317974,49.84487842611682,64385.75,63927.75,6414.6,25658400.0,0.9928489067797507,0.0492113421919835,6.375,32.799697865839185,144.81759895313573,0.6618407283583381,5.394421544462848,0.03468816250187956,0.6145292207792208
DEAI-PSO,660,20.45,79.55,0.13911928476209034,49.86088071523791,64408.6,63942.65,6416.4,25665600.0,0.9927289017829759,0.04000572280272348,5.875,28.006960851670325,133.74939553823413,0.5713916626364501,6.625610370502731,0.03467920000093727,0.5182695413436693
DEAI-PSO,661,18.8,81.2,0.1236339469947612,49.87636605300524,64429.05,63956.65,6418.05,25672200.0,0.992631675525181,0.03871334441832288,5.375,28.464862609330385,148.82091449876847,0.5190735834400906,6.660241976769025,0.03546983750038635,0.47418824977463425
DEAI-PSO,662,17.15,82.85,0.11036493233637637,49.889635067663626,64447.85,63968.55,6419.6,25678400.0,0.9925277701782294,0.03791147045252807,5.428571428571429,37.35709980303494,141.90499861666893,0.5848014743867375,7.544190422192627,0.03330470000115123,0.5091901054081254
DEAI-PSO,663,16.0,84.0,0.09786481155808999,49.90213518844191,64465.0,63977.55,6420.95,25683800.0,0.9924051554792135,0.035714630795103945,5.142857142857143,20.1932947984638,131.4638941765283,0.49957247233202823,8.940367855327528,0.03236867143069893,0.3982114437286851
DEAI-PSO,664,15.2,84.8,0.08636942775338749,49.91363057224662,64481.0,63987.2,6422.3,25689200.0,0.9923099029216875,0.038317946015675,5.5,25.060449492084583,132.9181080561421,0.6277117445954468,7.083706205484532,0.03430678333582667,0.49947156536011955
DEAI-PSO,665,14.4,85.6,0.07539815054882767,49.92460184945117,64496.2,63996.95,6423.65,25694600.0,0.9922283858449761,0.04388510881823924,6.4,28.042679241456284,123.80962318237948,0.7117085664148937,6.396325967860409,0.03906527999934042,0.6647508398656214
DEAI-PSO,666,13.8,86.2,0.0653466916951678,49.93465330830483,64510.6,64006.35,6424.95,25699800.0,0.9921537971735095,0.040205835414639554,6.0,28.0026782830568,120.98331225905235,0.7267919832677715,6.3954018757590285,0.03159634000039659,0.6930944307201853
DEAI-PSO,667,12.55,87.45,0.055791123952620335,49.94420887604738,64524.4,64011.15,6426.05,25704200.0,0.9920192443566416,0.03822227097018983,6.0,28.60983751880305,118.39488601052388,0.8323307889335616,8.407414647461353,0.03556100000132574,0.4453471926083866
DEAI-PSO,668,11.5,88.5,0.04694973504729184,49.95305026495271,64536.95,64015.65,6426.8,25707200.0,0.9918991394429082,0.03536555562131398,5.0,31.2869367583916,125.08261971086594,0.66880372395961,8.391981952118694,0.029863519998616538,0.33493920972644375
DEAI-PSO,669,10.55,89.45,0.038381910118428106,49.961618089881576,64548.45,64022.65,6427.65,25710600.0,0.9918323436472661,0.03427129971545493,4.8,35.801499080003076,128.17634382310501,0.6795314102564518,6.430226302686615,0.02887563999829581,0.4458874458874459
DEAI-PSO,670,9.35,90.65,0.03136086915691221,49.96863913084309,64559.0,64027.5,6428.4,25713600.0,0.9917476653416335,0.02808416384606357,4.6,33.1814859232092,121.52560588398713,0.49196478599408777,8.34552295659599,0.024575499999627937,0.3233699633699634
DEAI-PSO,671,8.3,91.7,0.024898752639452383,49.97510124736055,64568.35,64032.2,6429.1,25716400.0,0.9916787958244507,0.032310582587299144,4.75,38.18160013107581,138.8306977639614,0.5669483774220458,7.8948609456629155,0.03056457500133547,0.45241104868913856
DEAI-PSO,672,6.6,93.4,0.019737594648588482,49.98026240535141,64576.65,64034.8,6429.7,25718800.0,0.9915943092981976,0.025805789954319522,4.5,38.51696472133859,135.12495744231987,0.6149453796454755,7.917971167392509,0.027083824999863282,0.349066091954023
DEAI-PSO,673,5.7,94.3,0.015341588425509683,49.98465841157449,64583.25,64037.4,6430.2,25720800.0,0.9915352240558029,0.021980031115393983,3.75,41.81414286173575,139.69123494802932,0.38977365454140056,10.396036508402434,0.020521300000837073,0.22433192686357245
DEAI-PSO,674,5.1,94.9,0.011643799887416456,49.988356200112584,64588.95,64040.1,6430.7,25722800.0,0.9914911078542546,0.024651923587288196,4.333333333333333,39.969140381361484,115.86232253959194,0.4511414128884867,7.031575296667429,0.02155670000259609,0.3709103840682788
DEAI-PSO,675,4.3,95.7,0.008474602658549327,49.99152539734145,64594.05,64042.35,6431.05,25724200.0,0.9914491730331036,0.03169197228867129,5.0,42.125957202864576,117.54382464069951,0.7736216736376449,10.40010680990489,0.029245500001707114,0.3186112423240434
DEAI-PSO,676,3.2,96.8,0.005992229145222266,49.99400777085478,64598.35,64043.85,6431.35,25725400.0,0.9914080272212764,0.024823735133270613,4.5,36.914416907036205,133.33692720326488,0.5521461952372381,10.353995021834887,0.027454150000266964,0.37470542026708564
DEAI-PSO,677,2.4,97.6,0.00418199466720662,49.995818005332794,64601.55,64044.8,6431.55,25726200.0,0.9913749914518201,0.018102344780156456,3.0,46.50900660449248,112.35254226780688,0.31860463952009727,5.301223477020807,0.020451349999348167,0.29814814814814816
DEAI-PSO,678,1.95,98.05,0.0026405372664920932,49.99735946273351,64603.95,64045.1,6431.7,25726800.0,0.9913441580325694,0.01541457400714527,3.0,54.58416804981998,113.67823266143463,0.40368671387966554,5.375624054054495,0.018408899999485584,0.37777777777777777
DEAI-PSO,679,1.4,98.6,0.0014867345220745888,49.998513265477925,64605.9,64045.15,6431.75,25727000.0,0.991316267129337,0.011538027444175045,2.5,55.26338907274432,123.23705264100167,0.12311396728573377,5.355470373914666,0.018411600001854822,0.25
DEAI-PSO,680,0.85,99.15,0.000745472418358354,49.99925452758164,64607.3,64045.15,6431.75,25727000.0,0.9912957286394335,0.007412621037162348,2.0,31.171986601450655,134.32466123365626,0.2400274332743652,10.365647807438538,0.012793899997632252,0.0
DEAI-PSO,681,0.45,99.55,0.00024062479981241795,49.999759375200185,64608.15,64045.15,6431.75,25727000.0,0.9912832707097368,0.010096952370918722,2.0,47.0514497489419,174.36217961353947,0.7647058823529411,10.493521921601001,0.014363599999342114,0.0
DEAI-PSO,682,0.05,99.95,3.889424029491062e-05,49.99996110575971,64608.6,64045.15,6431.75,25727000.0,0.9912766778708612,0.004034611190350147,1.0,55.57422335089075,187.6713321932746,0.0,10.389842304087393,0.010823500000697095,0.0
DEAI-PSO,683,0.0,100.0,0.0,50.0,64608.65,64045.15,6431.75,25727000.0,0.9912759454415271,0.0007778848058982125,1.0,,185.35489243245132,0.0,10.345425362361324,0.00916710000456078,0.0
DEAI-PSO,684,0.0,100.0,0.0,50.0,64608.65,64045.15,6431.75,25727000.0,0.9912759454415271,,,,,,,,
DEAI-PSO,685,0.0,100.0,0.0,50.0,64608.65,64045.15,6431.75,25727000.0,0.9912759454415271,,,,,,,,
DEAI-PSO,686,0.0,100.0,0.0,50.0,64608.65,64045.15,6431.75,25727000.0,0.9912759454415271,,,,,,,,
DEAI-PSO,687,0.0,100.0,0.0,50.0,64608.65,64045.15,6431.75,25727000.0,0.9912759454415271,,,,,,,,
DEAI-PSO,688,0.0,100.0,0.0,50.0,64608.65,64045.15,6431.75,25727000.0,0.9912759454415271,,,,,,,,
DEAI-PSO,689,0.0,100.0,0.0,50.0,64608.65,64045.15,6431.75,25727000.0,0.9912759454415271,,,,,,,,
DEAI-PSO,690,0.0,100.0,0.0,50.0,64608.65,64045.15,6431.75,25727000.0,0.9912759454415271,,,,,,,,
DEAI-PSO,691,0.0,100.0,0.0,50.0,64608.65,64045.15,6431.75,25727000.0,0.9912759454415271,,,,,,,,
DEAI-PSO,692,0.0,100.0,0.0,50.0,64608.65,64045.15,6431.75,25727000.0,0.9912759454415271,,,,,,,,
DEAI-PSO,693,0.0,100.0,0.0,50.0,64608.65,64045.15,6431.75,25727000.0,0.9912759454415271,,,,,,,,
DEAI-PSO,694,0.0,100.0,0.0,50.0,64608.65,64045.15,6431.75,25727000.0,0.9912759454415271,,,,,,,,
DEAI-PSO,695,0.0,100.0,0.0,50.0,64608.65,64045.15,6431.75,25727000.0,0.9912759454415271,,,,,,,,
DEAI-PSO,696,0.0,100.0,0.0,50.0,64608.65,64045.15,6431.75,25727000.0,0.9912759454415271,,,,,,,,
DEAI-PSO,697,0.0,100.0,0.0,50.0,64608.65,64045.15,6431.75,25727000.0,0.9912759454415271,,,,,,,,
DEAI-PSO,698,0.0,100.0,0.0,50.0,64608.65,64045.15,6431.75,25727000.0,0.9912759454415271,,,,,,,,
DEAI-PSO,699,0.0,100.0,0.0,50.0,64608.65,64045.15,6431.75,25727000.0,0.9912759454415271,,,,,,,,
DEAI-PSO,700,0.0,100.0,0.0,50.0,64608.65,64045.15,6431.75,25727000.0,0.9912759454415271,,,,,,,,
DEAI-PSO,701,0.0,100.0,0.0,50.0,64608.65,64045.15,6431.75,25727000.0,0.9912759454415271,,,,,,,,
DEAI-PSO,702,0.0,100.0,0.0,50.0,64608.65,64045.15,6431.75,25727000.0,0.9912759454415271,,,,,,,,
DEAI-PSO,703,0.0,100.0,0.0,50.0,64608.65,64045.15,6431.75,25727000.0,0.9912759454415271,,,,,,,,
DEAI-PSO,704,0.0,100.0,0.0,50.0,64608.65,64045.15,6431.75,25727000.0,0.9912759454415271,,,,,,,,
DEAI-PSO,705,0.0,100.0,0.0,50.0,64608.65,64045.15,6431.75,25727000.0,0.9912759454415271,,,,,,,,
DEAI-PSO,706,0.0,100.0,0.0,50.0,64608.65,64045.15,6431.75,25727000.0,0.9912759454415271,,,,,,,,
DEAI-PSO,707,0.0,100.0,0.0,50.0,64608.65,64045.15,6431.75,25727000.0,0.9912759454415271,,,,,,,,
DEAI-PSO,708,0.0,100.0,0.0,50.0,64608.65,64045.15,6431.75,25727000.0,0.9912759454415271,,,,,,,,
DEAI-PSO,709,0.0,100.0,0.0,50.0,64608.65,64045.15,6431.75,25727000.0,0.9912759454415271,,,,,,,,
DEAI-PSO,710,0.0,100.0,0.0,50.0,64608.65,64045.15,6431.75,25727000.0,0.9912759454415271,,,,,,,,
DEAI-PSO,711,0.0,100.0,0.0,50.0,64608.65,64045.15,6431.75,25727000.0,0.9912759454415271,,,,,,,,
DEAI-PSO,712,0.0,100.0,0.0,50.0,64608.65,64045.15,6431.75,25727000.0,0.9912759454415271,,,,,,,,
DEAI-PSO,713,0.0,100.0,0.0,50.0,64608.65,64045.15,6431.75,25727000.0,0.9912759454415271,,,,,,,,
DEAI-PSO,714,0.0,100.0,0.0,50.0,64608.65,64045.15,6431.75,25727000.0,0.9912759454415271,,,,,,,,
DEAI-PSO,715,0.0,100.0,0.0,50.0,64608.65,64045.15,6431.75,25727000.0,0.9912759454415271,,,,,,,,
DEAI-PSO,716,0.0,100.0,0.0,50.0,64608.65,64045.15,6431.75,25727000.0,0.9912759454415271,,,,,,,,
DEAI-PSO,717,0.0,100.0,0.0,50.0,64608.65,64045.15,6431.75,25727000.0,0.9912759454415271,,,,,,,,
DEAI-PSO,718,0.0,100.0,0.0,50.0,64608.65,64045.15,6431.75,25727000.0,0.9912759454415271,,,,,,,,
DEAI-PSO,719,0.0,100.0,0.0,50.0,64608.65,64045.15,6431.75,25727000.0,0.9912759454415271,,,,,,,,
DEAI-PSO,720,0.0,100.0,0.0,50.0,64608.65,64045.15,6431.75,25727000.0,0.9912759454415271,,,,,,,,
DEAI-PSO,721,0.0,100.0,0.0,50.0,64608.65,64045.15,6431.75,25727000.0,0.9912759454415271,,,,,,,,
DEAI-PSO,722,0.0,100.0,0.0,50.0,64608.65,64045.15,6431.75,25727000.0,0.9912759454415271,,,,,,,,
DEAI-PSO,723,0.0,100.0,0.0,50.0,64608.65,64045.15,6431.75,25727000.0,0.9912759454415271,,,,,,,,
DEAI-PSO,724,0.0,100.0,0.0,50.0,64608.65,64045.15,6431.75,25727000.0,0.9912759454415271,,,,,,,,
DEAI-PSO,725,0.0,100.0,0.0,50.0,64608.65,64045.15,6431.75,25727000.0,0.9912759454415271,,,,,,,,
DEAI-PSO,726,0.0,100.0,0.0,50.0,64608.65,64045.15,6431.75,25727000.0,0.9912759454415271,,,,,,,,
DEAI-PSO,727,0.0,100.0,0.0,50.0,64608.65,64045.15,6431.75,25727000.0,0.9912759454415271,,,,,,,,
DEAI-PSO,728,0.0,100.0,0.0,50.0,64608.65,64045.15,6431.75,25727000.0,0.9912759454415271,,,,,,,,
DEAI-PSO + proposed fitness,1,100.0,0.0,49.90707929026681,0.09292070973319042,100.0,100.0,10.0,40000.0,1.0,0.09292070973319042,10.0,15.610832984006299,150.98552295473982,0.13333643587526808,0.2122990791168211,0.0882363249998889,1.0
DEAI-PSO + proposed fitness,2,100.0,0.0,49.81365961615121,0.1863403838487912,200.0,200.0,20.0,80000.0,1.0,0.09341967411560077,10.0,15.51566254113472,151.93910833734682,0.13519361390521692,0.21346289530237553,0.08486951499980933,1.0
DEAI-PSO + proposed fitness,3,100.0,0.0,49.72102797545778,0.27897202454222025,300.0,300.0,30.0,120000.0,1.0,0.09263164069342907,10.0,15.168625369241926,150.80136093552198,0.14202320026972712,0.21264759493232716,0.07355045999938739,1.0
DEAI-PSO + proposed fitness,4,100.0,0.0,49.627825233422676,0.37217476657732507,400.0,400.0,40.0,160000.0,1.0,0.09320274203510479,10.0,14.923375485232205,151.3677025314271,0.14440866516704537,0.21321021701486492,0.07210690999963845,1.0
DEAI-PSO + proposed fitness,5,100.0,0.0,49.5348679522367,0.46513204776329503,500.0,500.0,50.0,200000.0,1.0,0.09295728118596998,10.0,14.793967118458067,151.08846790945913,0.14239429159635345,0.21233978971266015,0.0673804950009071,1.0
DEAI-PSO + proposed fitness,6,100.0,0.0,49.44270977814491,0.5572902218550884,600.0,600.0,60.0,240000.0,1.0,0.0921581740917933,10.0,14.827505320708948,150.47511349116994,0.157390579232978,0.21404819380149584,0.06769851000135532,1.0
DEAI-PSO + proposed fitness,7,100.0,0.0,49.34993041065425,0.6500695893457469,700.0,700.0,70.0,280000.0,1.0,0.09277936749065852,10.0,14.98068347196801,150.71448921059124,0.15684538808932605,0.21478229633839283,0.068458840000676,1.0
DEAI-PSO + proposed fitness,8,100.0,0.0,49.25653442168762,0.7434655783123795,800.0,800.0,80.0,320000.0,1.0,0.09339598896663262,10.0,15.200469017766943,150.72900957486522,0.1848469097273756,0.21963807110330627,0.06447094499962987,1.0
DEAI-PSO + proposed fitness,9,100.0,0.0,49.16320007616023,0.8367999238397704,900.0,900.0,90.0,360000.0,1.0,0.09333434552739099,10.0,15.703639893539934,150.83927343080364,0.18011448864088359,0.22032563135917504,0.06104610000111279,1.0
DEAI-PSO + proposed fitness,10,100.0,0.0,49.06931758208547,0.9306824179145365,1000.0,1000.0,100.0,400000.0,1.0,0.09388249407476615,10.0,15.894425922547853,150.90751837990172,0.19447774714240038,0.223300509544094,0.06134939000075974,1.0
DEAI-PSO + proposed fitness,11,100.0,0.0,48.976231801085724,1.0237681989142764,1100.0,1100.0,110.0,440000.0,1.0,0.09308578099973985,10.0,16.203139957365924,150.12590521207383,0.18713893689993816,0.22192720483198647,0.06175102999986848,1.0
DEAI-PSO + proposed fitness,12,100.0,0.0,48.88546680136362,1.1145331986363805,1200.0,1200.0,120.0,480000.0,1.0,0.09076499972210392,10.0,17.312642103344846,148.29512529851948,0.2563487586877856,0.23247435936631958,0.06196448500013503,1.0
DEAI-PSO + proposed fitness,13,100.0,0.0,48.79766204254301,1.2023379574569912,1300.0,1300.0,130.0,520000.0,1.0,0.08780475882061083,10.0,16.951406643913753,145.11916252463644,0.28270501840467654,0.23237197288204184,0.06150028500014741,1.0
DEAI-PSO + proposed fitness,14,100.0,0.0,48.71159932863463,1.2884006713653702,1400.0,1400.0,140.0,560000.0,1.0,0.0860627139083789,10.0,17.62699931009789,143.10703889545763,0.33909284760482267,0.2400310844398675,0.059925849999126514,1.0
DEAI-PSO + proposed fitness,15,100.0,0.0,48.625236968925165,1.374763031074836,1500.0,1500.0,150.0,600000.0,1.0,0.08636235970946586,10.0,17.37323632027959,142.85799530167162,0.39349826862116,0.24754339647247975,0.058914659999209106,1.0
DEAI-PSO + proposed fitness,16,100.0,0.0,48.53888195407481,1.4611180459251902,1600.0,1600.0,160.0,640000.0,1.0,0.0863550148503542,10.0,17.32712088908103,143.47449872718488,0.35717479942676367,0.24295850438674776,0.06061451500027033,1.0
DEAI-PSO + proposed fitness,17,100.0,0.0,48.45477855252874,1.545221447471265,1700.0,1700.0,170.0,680000.0,1.0,0.08410340154607496,10.0,18.565013831516147,139.803095287383,0.45293468814928506,0.2556597196244414,0.056165314999816474,1.0
DEAI-PSO + proposed fitness,18,100.0,0.0,48.369429790045636,1.6305702099543609,1800.0,1800.0,180.0,720000.0,1.0,0.0853487624830958,10.0,18.921708040600002,141.22624852075523,0.43798216456343786,0.25600482460849955,0.05772891999913554,1.0
DEAI-PSO + proposed fitness,19,100.0,0.0,48.284833340803274,1.7151666591967214,1900.0,1900.0,190.0,760000.0,1.0,0.08459644924236046,10.0,18.68813097024665,139.72556861340414,0.47786017185626106,0.2599862705370509,0.05876313499938988,1.0
DEAI-PSO + proposed fitness,20,100.0,0.0,48.20102465425611,1.7989753457438873,2000.0,2000.0,200.0,800000.0,1.0,0.08380868654716593,10.0,18.811115645276296,139.12049510263336,0.4862210100957853,0.2610337948621676,0.05863212499898509,1.0
DEAI-PSO + proposed fitness,21,100.0,0.0,48.115876418188904,1.8841235818110982,2100.0,2100.0,210.0,840000.0,1.0,0.08514823606721081,10.0,18.356483559662717,140.94998152985306,0.46606289210179036,0.2592203226308693,0.05965930999918782,1.0
DEAI-PSO + proposed fitness,22,100.0,0.0,48.03040173146705,1.9695982685329525,2200.0,2200.0,220.0,880000.0,1.0,0.08547468672185446,10.0,17.806666467297,141.07048976567356,0.4389680822168412,0.25470875988077823,0.057936095000695784,1.0
DEAI-PSO + proposed fitness,23,100.0,0.0,47.94689542178342,2.053104578216586,2300.0,2300.0,230.0,920000.0,1.0,0.08350630968363362,10.0,20.57375007299929,137.55591321711606,0.5059014842708339,0.26604531773645945,0.05570296499972756,1.0
DEAI-PSO + proposed fitness,24,100.0,0.0,47.86409861937947,2.1359013806205343,2400.0,2400.0,240.0,960000.0,1.0,0.08279680240394818,10.0,19.183119427867787,136.9006549492413,0.6155100057369397,0.2790075232573176,0.05512312999999267,1.0
DEAI-PSO + proposed fitness,25,100.0,0.0,47.7787410853524,2.221258914647598,2500.0,2500.0,250.0,1000000.0,1.0,0.0853575340270634,10.0,18.34317029904302,140.04947886937853,0.4994261427714399,0.26376949885198886,0.05416208499955246,1.0
DEAI-PSO + proposed fitness,26,100.0,0.0,47.69415582361074,2.305844176389256,2600.0,2600.0,260.0,1040000.0,1.0,0.08458526174165826,10.0,19.168313324802284,139.23321591932591,0.5421609418752497,0.2710875357356987,0.05279881999922509,1.0
DEAI-PSO + proposed fitness,27,100.0,0.0,47.6107590956919,2.3892409043081058,2700.0,2700.0,270.0,1080000.0,1.0,0.08339672791884993,10.0,21.874323239313178,136.4003405866216,0.5404836764955736,0.27297608869765666,0.0526402000006783,1.0
DEAI-PSO + proposed fitness,28,100.0,0.0,47.52809999494006,2.4719000050599442,2800.0,2800.0,280.0,1120000.0,1.0,0.0826591007518381,10.0,19.543218647613937,136.0495202476261,0.6343976115669929,0.2808780718884769,0.052950245000101856,1.0
DEAI-PSO + proposed fitness,29,100.0,0.0,47.44468111736566,2.5553188826343414,2900.0,2900.0,290.0,1160000.0,1.0,0.08341887757439714,10.0,19.134161448025463,137.52723801900171,0.5666608260259051,0.2730988560360205,0.05355043499948806,1.0
DEAI-PSO + proposed fitness,30,100.0,0.0,47.36157218868153,2.6384278113184756,3000.0,3000.0,300.0,1200000.0,1.0,0.0831089286841344,10.0,19.518727765489444,136.64519746275272,0.6336644673517491,0.27991976136706914,0.05345262499940873,1.0
DEAI-PSO + proposed fitness,31,100.0,0.0,47.27830694587046,2.721693054129537,3100.0,3100.0,310.0,1240000.0,1.0,0.08326524281106132,10.0,20.868285869555155,135.89142248352306,0.6195701857673779,0.2810693947042994,0.05540402500046184,1.0
DEAI-PSO + proposed fitness,32,100.0,0.0,47.19516273347592,2.8048372665240855,3200.0,3200.0,320.0,1280000.0,1.0,0.08314421239454858,10.0,20.974780923610446,136.0717219200841,0.6422039998587085,0.2856844123353537,0.05347423499988509,1.0
DEAI-PSO + proposed fitness,33,100.0,0.0,47.11159356651853,2.8884064334814696,3300.0,3300.0,330.0,1320000.0,1.0,0.08356916695738406,10.0,19.754138145741404,136.56877331194815,0.6528838945802997,0.2817375581899507,0.053470959999685874,1.0
DEAI-PSO + proposed fitness,34,100.0,0.0,47.02806058545815,2.971939414541851,3400.0,3400.0,340.0,1360000.0,1.0,0.08353298106038132,10.0,20.605973018659146,136.41742496147884,0.6180496648209215,0.2811662857215011,0.05257756500031974,1.0
DEAI-PSO + proposed fitness,35,100.0,0.0,46.94350137269533,3.0564986273046713,3500.0,3500.0,350.0,1400000.0,1.0,0.08455921276282048,10.0,19.633534447741177,138.64898219692958,0.5522005361672699,0.27407903750296775,0.05321041499992134,1.0
DEAI-PSO + proposed fitness,36,100.0,0.0,46.86058396818678,3.1394160318132203,3600.0,3600.0,360.0,1440000.0,1.0,0.08291740450854909,10.0,20.329650491701013,136.11225076614073,0.6124873462607797,0.28143166991784974,0.053659574998891915,1.0
DEAI-PSO + proposed fitness,37,100.0,0.0,46.77877787058802,3.221222129411977,3700.0,3700.0,370.0,1480000.0,1.0,0.08180609759875637,10.0,21.275973763766835,133.72043782897313,0.6918224366383596,0.2884058115880535,0.05386034500115784,1.0
DEAI-PSO + proposed fitness,38,100.0,0.0,46.69714527710239,3.302854722897608,3800.0,3800.0,380.0,1520000.0,1.0,0.08163259348563123,10.0,21.686931234151785,133.41846083968852,0.7029414232721904,0.29161020659298853,0.051449200000570273,1.0
DEAI-PSO + proposed fitness,39,100.0,0.0,46.61668672497695,3.3833132750230517,3900.0,3900.0,390.0,1560000.0,1.0,0.08045855212544346,10.0,22.46190035360888,131.21582913647487,0.7814101864345594,0.2998761839506616,0.05193054500014114,1.0
DEAI-PSO + proposed fitness,40,100.0,0.0,46.53525187371148,3.4647481262885185,4000.0,4000.0,400.0,1600000.0,1.0,0.08143485126546715,10.0,21.389123401832197,133.0938281245491,0.6908115616232082,0.2924537376696087,0.05069004499928269,1.0
DEAI-PSO + proposed fitness,41,100.0,0.0,46.45273449183659,3.5472655081634117,4100.0,4100.0,410.0,1640000.0,1.0,0.0825173818748933,10.0,23.52862533540134,132.98708903472448,0.7168860717234465,0.298051773822252,0.04992172000020219,1.0
DEAI-PSO + proposed fitness,42,100.0,0.0,46.372301902508056,3.6276980974919395,4200.0,4200.0,420.0,1680000.0,1.0,0.08043258932852808,10.0,21.37226357116881,131.2276034616867,0.8145929658609598,0.2945170747633948,0.0509061600012501,1.0
DEAI-PSO + proposed fitness,43,100.0,0.0,46.291585431856575,3.7084145681434237,4300.0,4300.0,430.0,1720000.0,1.0,0.08071647065148327,10.0,23.590956613189128,130.44446837411323,0.8178242425103462,0.3019674476464962,0.0499515950003115,1.0
DEAI-PSO + proposed fitness,44,100.0,0.0,46.21135438700529,3.788645612994715,4400.0,4400.0,440.0,1760000.0,1.0,0.08023104485129125,10.0,21.75192084343466,131.3645564692917,0.7531189912985023,0.2984735087083555,0.05034363500053587,1.0
DEAI-PSO + proposed fitness,45,100.0,0.0,46.1297803030745,3.870219696925504,4500.0,4500.0,450.0,1800000.0,1.0,0.08157408393078995,10.0,22.41428927405834,132.97526766737641,0.7094393884816428,0.29576306405309716,0.05104546000038681,1.0
DEAI-PSO + proposed fitness,46,100.0,0.0,46.04839042401155,3.95160957598845,4600.0,4600.0,460.0,1840000.0,1.0,0.08138987906294552,10.0,22.261363002695848,131.88664480945,0.7494816977123089,0.2966177467380765,0.05110609499970451,1.0
DEAI-PSO + proposed fitness,47,100.0,0.0,45.966129769595895,4.0338702304041005,4700.0,4700.0,470.0,1880000.0,1.0,0.0822606544156507,10.0,19.730021740249892,134.70226727430875,0.6808080933858124,0.28962163153270687,0.05142102500067267,1.0
DEAI-PSO + proposed fitness,48,100.0,0.0,45.88456585905333,4.1154341409466655,4800.0,4800.0,480.0,1920000.0,1.0,0.08156391054256495,10.0,20.428822642598632,133.56514311175516,0.7223744596722524,0.2923861343241443,0.050942470000882166,1.0
DEAI-PSO + proposed fitness,49,100.0,0.0,45.80270291663574,4.197297083364265,4900.0,4900.0,490.0,1960000.0,1.0,0.08186294241759917,10.0,22.38561982188482,133.1664624354733,0.6802983087594459,0.2922326558721405,0.05193806500064966,1.0
DEAI-PSO + proposed fitness,50,100.0,0.0,45.72326102346949,4.276738976530512,5000.0,5000.0,500.0,2000000.0,1.0,0.07944189316624772,10.0,21.423583492123303,129.79430842034716,0.8688163375535236,0.3063027432015908,0.05127308499977516,1.0
DEAI-PSO + proposed fitness,51,100.0,0.0,45.64288388649358,4.357116113506425,5100.0,5100.0,510.0,2040000.0,1.0,0.08037713697591257,10.0,23.516782477196777,130.67389026339305,0.787108540523952,0.30321179493481226,0.05129466499965929,1.0
DEAI-PSO + proposed fitness,52,100.0,0.0,45.56274517530689,4.4372548246931105,5200.0,5200.0,520.0,2080000.0,1.0,0.08013871118668518,10.0,23.263899397603616,129.5260221010763,0.8228607440933626,0.30601948405117363,0.050821575000372834,1.0
DEAI-PSO + proposed fitness,53,100.0,0.0,45.48245109913587,4.517548900864133,5300.0,5300.0,530.0,2120000.0,1.0,0.08029407617102251,10.0,21.274660268473355,131.23524689638694,0.8420722100153275,0.3075159377979292,0.049842505000560776,1.0
DEAI-PSO + proposed fitness,54,100.0,0.0,45.40189905379537,4.598100946204631,5400.0,5400.0,540.0,2160000.0,1.0,0.08055204534049806,10.0,21.156682977967904,131.506815458861,0.7746609341955751,0.2955706282048311,0.05104159000038635,1.0
DEAI-PSO + proposed fitness,55,100.0,0.0,45.32014404808017,4.679855951919831,5500.0,5500.0,550.0,2200000.0,1.0,0.0817550057151994,10.0,21.780312440904893,132.80759899497912,0.7642316392706282,0.2974527336733336,0.05349336499930359,1.0
DEAI-PSO + proposed fitness,56,100.0,0.0,45.238004728484825,4.761995271515173,5600.0,5600.0,560.0,2240000.0,1.0,0.08213931959534229,10.0,22.40356530935585,132.18762722271296,0.7719556524594077,0.30043314199462073,0.05119192499914789,1.0
DEAI-PSO + proposed fitness,57,100.0,0.0,45.15664600605679,4.843353993943209,5700.0,5700.0,570.0,2280000.0,1.0,0.08135872242803721,10.0,21.956868700476875,131.65454596926887,0.7909837560686366,0.2940655490938281,0.05305368500121403,1.0
DEAI-PSO + proposed fitness,58,100.0,0.0,45.07570763093342,4.924292369066579,5800.0,5800.0,580.0,2320000.0,1.0,0.08093837512336996,10.0,23.03809939962749,131.35406945547817,0.7689227102178485,0.29812036745219095,0.04946192000024894,1.0
DEAI-PSO + proposed fitness,59,100.0,0.0,44.99455558149703,5.00544441850297,5900.0,5900.0,590.0,2360000.0,1.0,0.08115204943639007,10.0,22.027431921860636,131.8152771195525,0.7748501973380548,0.30068883159486803,0.05103138000013132,1.0
DEAI-PSO + proposed fitness,60,100.0,0.0,44.913659407394995,5.086340592605009,6000.0,6000.0,600.0,2400000.0,1.0,0.080896174102039,10.0,24.152071555030197,131.39449063374988,0.7005680272715837,0.2946457759121056,0.052840919999289325,1.0
DEAI-PSO + proposed fitness,61,100.0,0.0,44.83394082274565,5.166059177254348,6100.0,6100.0,610.0,2440000.0,1.0,0.07971858464933881,10.0,23.664830216164596,129.22160090652147,0.8597242650823048,0.30594990021805024,0.049399295000330315,1.0
DEAI-PSO + proposed fitness,62,100.0,0.0,44.75460151203983,5.24539848796017,6200.0,6200.0,620.0,2480000.0,1.0,0.07933931070582219,10.0,23.628271855510132,127.76360765524673,0.9353413412052403,0.31325460504724567,0.04892340000005788,1.0
DEAI-PSO + proposed fitness,63,100.0,0.0,44.67511583077293,5.324884169227067,6300.0,6300.0,630.0,2520000.0,1.0,0.0794856812668975,10.0,22.232800047259264,128.84868387775433,0.8454278796092722,0.30652049928112324,0.05283142000007501,1.0
DEAI-PSO + proposed fitness,64,100.0,0.0,44.59570842449303,5.4042915755069645,6400.0,6400.0,640.0,2560000.0,1.0,0.07940740627989733,10.0,22.533010056464455,128.980058093943,0.8502643106542538,0.3022500013073519,0.051211679999687475,1.0
DEAI-PSO + proposed fitness,65,100.0,0.0,44.51503490114359,5.484965098856404,6500.0,6500.0,650.0,2600000.0,1.0,0.08067352334943934,10.0,20.892201462866204,131.85208939587898,0.7564526327927119,0.2977568372457178,0.04998830499971518,1.0
DEAI-PSO + proposed fitness,66,100.0,0.0,44.4332301797109,5.5667698202891005,6600.0,6600.0,660.0,2640000.0,1.0,0.08180472143269597,10.0,22.493560303588243,132.56960105106972,0.7288003036577985,0.2979563020687185,0.0513394249999692,1.0
DEAI-PSO + proposed fitness,67,100.0,0.0,44.35333068011717,5.646669319882828,6700.0,6700.0,670.0,2680000.0,1.0,0.07989949959372815,10.0,22.389340771435894,129.52047245049874,0.8254627841827953,0.3057402038309744,0.049553755000670205,1.0
DEAI-PSO + proposed fitness,68,100.0,0.0,44.27397500456781,5.7260249954321925,6800.0,6800.0,680.0,2720000.0,1.0,0.07935567554936362,10.0,23.06204923314376,128.27708831040584,0.8834718640383843,0.30924866901488235,0.050979184999960125,1.0
DEAI-PSO + proposed fitness,69,100.0,0.0,44.19437412748848,5.805625872511518,6900.0,6900.0,690.0,2760000.0,1.0,0.07960087707932643,10.0,23.55722976055407,128.5434304808454,0.8857171691027531,0.3091097522787362,0.05029108000017004,1.0
DEAI-PSO + proposed fitness,70,100.0,0.0,44.11437009289615,5.885629907103845,7000.0,7000.0,700.0,2800000.0,1.0,0.08000403459232679,10.0,23.450033129803987,129.5521595689583,0.794980815865803,0.30359606121171084,0.048875344999396476,1.0
DEAI-PSO + proposed fitness,71,100.0,0.0,44.034173729349604,5.965826270650393,7100.0,7100.0,710.0,2840000.0,1.0,0.08019636354654765,10.0,22.040627818638306,129.82545930331383,0.8749830090340254,0.30906285301577985,0.05070860999985598,1.0
DEAI-PSO + proposed fitness,72,100.0,0.0,43.954983854429074,6.045016145570928,7200.0,7200.0,720.0,2880000.0,1.0,0.07918987492053553,10.0,24.505706525264674,127.54216987825694,0.969195953438519,0.31909555782772814,0.04763311499882548,1.0
DEAI-PSO + proposed fitness,73,100.0,0.0,43.875815855549114,6.124184144450887,7300.0,7300.0,730.0,2920000.0,1.0,0.079167998879959,10.0,23.09936224160812,128.1286627289017,0.8464547990095219,0.3086872671258682,0.048352729998805445,1.0
DEAI-PSO + proposed fitness,74,100.0,0.0,43.79632066494003,6.2036793350599675,7400.0,7400.0,740.0,2960000.0,1.0,0.07949519060908017,10.0,24.604242157196182,127.7487619916619,0.8950056077816206,0.3135709956724603,0.047623810000004596,1.0
DEAI-PSO + proposed fitness,75,100.0,0.0,43.71625055408304,6.2837494459169605,7500.0,7500.0,750.0,3000000.0,1.0,0.08007011085699353,10.0,21.352944020620715,130.20126309804388,0.8758575926372831,0.3113957851097774,0.04764233499954571,1.0
DEAI-PSO + proposed fitness,76,100.0,0.0,43.636616316898866,6.363383683101129,7600.0,7600.0,760.0,3040000.0,1.0,0.07963423718416855,10.0,22.100595991157068,129.0249976957016,0.8556087263001952,0.3042751767795477,0.048013799999898764,1.0
DEAI-PSO + proposed fitness,77,100.0,0.0,43.55658661360158,6.443413386398419,7700.0,7700.0,770.0,3080000.0,1.0,0.0800297032972896,10.0,22.68673753352612,129.53113246053152,0.8630842253886684,0.30698749881321385,0.04952818500023568,1.0
DEAI-PSO + proposed fitness,78,100.0,0.0,43.4776367588004,6.522363241199601,7800.0,7800.0,780.0,3120000.0,1.0,0.07894985480118137,10.0,23.29923247889807,127.99450874455367,0.8735078108058871,0.3086667369048961,0.04964413499947114,1.0
DEAI-PSO + proposed fitness,79,100.0,0.0,43.39767211445349,6.60232788554651,7900.0,7900.0,790.0,3160000.0,1.0,0.079964644346909,10.0,23.494136811949055,129.4471710381017,0.8144387376211297,0.30295429722604855,0.048768310000014026,1.0
DEAI-PSO + proposed fitness,80,100.0,0.0,43.31763429557557,6.682365704424425,8000.0,8000.0,800.0,3200000.0,1.0,0.08003781887791668,10.0,24.829940034637378,128.64180601232917,0.8482318571085902,0.30700729127793946,0.04858470000035595,1.0
DEAI-PSO + proposed fitness,81,100.0,0.0,43.23588137915183,6.764118620848171,8100.0,8100.0,810.0,3240000.0,1.0,0.0817529164237449,10.0,22.148410967409465,131.67890565573293,0.773986155957193,0.30316044783047846,0.04801782999893476,1.0
DEAI-PSO + proposed fitness,82,100.0,0.0,43.154965017603914,6.845034982396092,8200.0,8200.0,820.0,3280000.0,1.0,0.08091636154792034,10.0,21.61240437455445,131.98519343905684,0.7845214281762444,0.30058650941863035,0.04797965500001737,1.0
DEAI-PSO + proposed fitness,83,100.0,0.0,43.07510734772056,6.924892652279444,8300.0,8300.0,830.0,3320000.0,1.0,0.07985766988335179,10.0,21.933527463920218,128.89891536972218,0.9474881582423629,0.31307018876020054,0.04833012500021141,1.0
DEAI-PSO + proposed fitness,84,100.0,0.0,42.99473087808271,7.005269121917285,8400.0,8400.0,840.0,3360000.0,1.0,0.08037646963784333,10.0,22.981819803391396,130.0959884479135,0.8023040905959256,0.3069039144617517,0.04847209500039753,1.0
DEAI-PSO + proposed fitness,85,100.0,0.0,42.91542397098325,7.084576029016747,8500.0,8500.0,850.0,3400000.0,1.0,0.07930690709946156,10.0,23.248018994174963,128.36029192314626,0.8532100445113592,0.30855036983618284,0.04893474499986041,1.0
DEAI-PSO + proposed fitness,86,100.0,0.0,42.83651770969503,7.163482290304967,8600.0,8600.0,860.0,3440000.0,1.0,0.07890626128821836,10.0,23.823961078199872,127.23773205779204,0.9383705719361348,0.3188080590982597,0.04863528500100074,1.0
DEAI-PSO + proposed fitness,87,100.0,0.0,42.755628788052185,7.244371211947813,8700.0,8700.0,870.0,3480000.0,1.0,0.08088892164284758,10.0,22.52268776995289,130.71250616124792,0.8419272361669232,0.30447269812436467,0.048749730000054114,1.0
DEAI-PSO + proposed fitness,88,100.0,0.0,42.67551225290945,7.3244877470905525,8800.0,8800.0,880.0,3520000.0,1.0,0.0801165351427386,10.0,22.743900049823445,129.55554922187477,0.7908652415530134,0.30123392015423317,0.05008823499883874,1.0
DEAI-PSO + proposed fitness,89,100.0,0.0,42.595601678536994,7.404398321463008,8900.0,8900.0,890.0,3560000.0,1.0,0.0799105743724553,10.0,21.84830220061061,129.7954340359059,0.8731914797110978,0.3069123145491378,0.0484491999985039,1.0
DEAI-PSO + proposed fitness,90,100.0,0.0,42.515322324130736,7.484677675869262,9000.0,9000.0,900.0,3600000.0,1.0,0.08027935440625455,10.0,22.975227119875246,129.88577101450332,0.8490301215541521,0.3096143145765672,0.04602785000060976,1.0
DEAI-PSO + proposed fitness,91,100.0,0.0,42.43570944486443,7.564290555135576,9100.0,9100.0,910.0,3640000.0,1.0,0.07961287926631364,10.0,24.227609492038965,128.7937616330931,0.8516544950658188,0.3137343351594391,0.04776009999914095,1.0
DEAI-PSO + proposed fitness,92,100.0,0.0,42.35682287883442,7.643177121165576,9200.0,9200.0,920.0,3680000.0,1.0,0.07888656602999902,10.0,26.278857808407434,126.4498696775515,0.8804257729749512,0.31516737684384555,0.048843734999900336,1.0
DEAI-PSO + proposed fitness,93,100.0,0.0,42.27787822889033,7.722121771109667,9300.0,9300.0,930.0,3720000.0,1.0,0.07894464994409275,10.0,24.231027566563533,126.8485861616011,0.9237643400229567,0.3181019612017145,0.04775143499937258,1.0
DEAI-PSO + proposed fitness,94,100.0,0.0,42.19869016045574,7.801309839544254,9400.0,9400.0,940.0,3760000.0,1.0,0.07918806843458662,10.0,25.200209288256296,126.62370318573933,0.9483650898255498,0.31627503209053,0.04948526499902073,1.0
DEAI-PSO + proposed fitness,95,100.0,0.0,42.11928172346738,7.880718276532617,9500.0,9500.0,950.0,3800000.0,1.0,0.07940843698836275,10.0,24.980105959488693,127.11129809256893,0.8976222434727049,0.3183660612713254,0.04814695999994001,1.0
DEAI-PSO + proposed fitness,96,100.0,0.0,42.03887162693033,7.96112837306967,9600.0,9600.0,960.0,3840000.0,1.0,0.08041009653705337,10.0,22.38778316684908,129.64485612028494,0.8410478694181025,0.3026576072662392,0.04987716999930854,1.0
DEAI-PSO + proposed fitness,97,100.0,0.0,41.95977864357704,8.040221356422961,9700.0,9700.0,970.0,3880000.0,1.0,0.07909298335328999,10.0,22.615486980559098,128.12063872125526,0.873038129749301,0.3117708400079494,0.0482840100004978,1.0
DEAI-PSO + proposed fitness,98,100.0,0.0,41.88126557814289,8.118734421857111,9800.0,9800.0,980.0,3920000.0,1.0,0.07851306543415078,10.0,23.957505002723916,126.33306634350367,0.9761377811860548,0.3162052027344354,0.048250060000282244,1.0
DEAI-PSO + proposed fitness,99,100.0,0.0,41.802874175655276,8.19712582434472,9900.0,9900.0,990.0,3960000.0,1.0,0.07839140248760827,10.0,23.74679484473706,126.14285871510208,0.9784797229497905,0.3157573135730799,0.04757747000076051,1.0
DEAI-PSO + proposed fitness,100,100.0,0.0,41.7241037730278,8.275896226972202,10000.0,10000.0,1000.0,4000000.0,1.0,0.07877040262748239,10.0,22.380748683167518,127.9307954606326,0.915581043825946,0.31660021954296974,0.04983753499909653,1.0
DEAI-PSO + proposed fitness,101,100.0,0.0,41.64329314292088,8.356706857079114,10100.0,10100.0,1010.0,4040000.0,1.0,0.08081063010691132,10.0,22.71021713218684,130.9233178329427,0.7938057120841053,0.30132117823826254,0.04793632500077365,1.0
DEAI-PSO + proposed fitness,102,100.0,0.0,41.563276593584675,8.436723406415325,10200.0,10200.0,1020.0,4080000.0,1.0,0.0800165493362119,10.0,21.92794557506717,129.54728880671442,0.9012666105195244,0.31006414686660333,0.05175472000009904,1.0
DEAI-PSO + proposed fitness,103,100.0,0.0,41.48346091032811,8.516539089671886,10300.0,10300.0,1030.0,4120000.0,1.0,0.07981568325656099,10.0,22.902372659731316,128.60404386206665,0.8634071476124554,0.30971310360609455,0.04811602499867149,1.0
DEAI-PSO + proposed fitness,104,100.0,0.0,41.40261871982931,8.597381280170683,10400.0,10400.0,1040.0,4160000.0,1.0,0.08084219049879734,10.0,22.567198065916607,131.08829497642995,0.7823321146806992,0.306038050983318,0.047503304999918325,1.0
DEAI-PSO + proposed fitness,105,100.0,0.0,41.32345088607316,8.676549113926836,10500.0,10500.0,1050.0,4200000.0,1.0,0.07916783375615281,10.0,24.91330531906252,127.03657666119582,0.9003039397252346,0.31303898384056356,0.049390105000566106,1.0
DEAI-PSO + proposed fitness,106,100.0,0.0,41.245327317638,8.754672682361996,10600.0,10600.0,1060.0,4240000.0,1.0,0.07812356843515893,10.0,25.92409064923438,124.75023541973499,0.9775743762906611,0.3220395205166694,0.04889951499972085,1.0
DEAI-PSO + proposed fitness,107,100.0,0.0,41.167979041757164,8.83202095824283,10700.0,10700.0,1070.0,4280000.0,1.0,0.07734827588083597,10.0,25.564142865669435,123.51836131387047,1.06269112973525,0.32501643616136283,0.04745742999839422,1.0
DEAI-PSO + proposed fitness,108,100.0,0.0,41.0894229522351,8.9105770477649,10800.0,10800.0,1080.0,4320000.0,1.0,0.07855608952206979,10.0,24.659836145116497,126.14806556853073,0.9449182529625879,0.31987854413979255,0.0485155999991548,1.0
DEAI-PSO + proposed fitness,109,100.0,0.0,41.011165527349426,8.988834472650577,10900.0,10900.0,1090.0,4360000.0,1.0,0.07825742488567541,10.0,25.438765429053003,125.43601174770977,0.9824754462309441,0.3236272025933816,0.046801390000473474,1.0
DEAI-PSO + proposed fitness,110,100.0,0.0,40.932795243595265,9.067204756404736,11000.0,11000.0,1100.0,4400000.0,1.0,0.07837028375415969,10.0,26.31144819868611,124.75574158878787,0.9809380631407801,0.3209247974432985,0.04648520499977167,1.0
DEAI-PSO + proposed fitness,111,100.0,0.0,40.85391717959034,9.146082820409656,11100.0,11100.0,1110.0,4440000.0,1.0,0.0788780640049204,10.0,24.55239386350197,126.59306720917684,0.8949950269286331,0.3126731440927169,0.04659426500002155,1.0
DEAI-PSO + proposed fitness,112,100.0,0.0,40.774372836544195,9.225627163455806,11200.0,11200.0,1120.0,4480000.0,1.0,0.07954434304614928,10.0,24.06785202042008,128.1458945365153,0.839167069947026,0.3099281978383552,0.04667316999948525,1.0
DEAI-PSO + proposed fitness,113,100.0,0.0,40.694194015112735,9.305805984887261,11300.0,11300.0,1130.0,4520000.0,1.0,0.0801788214314545,10.0,23.484151693068675,128.08649898991783,0.9088163949959341,0.31038832685567963,0.0491589950004709,1.0
DEAI-PSO + proposed fitness,114,100.0,0.0,40.61372522151491,9.38627477848509,11400.0,11400.0,1140.0,4560000.0,1.0,0.08046879359782899,10.0,22.18521869658349,130.37767325809867,0.8432372529560995,0.30707068538565074,0.04881531999999424,1.0
DEAI-PSO + proposed fitness,115,100.0,0.0,40.53392991497568,9.466070085024317,11500.0,11500.0,1150.0,4600000.0,1.0,0.07979530653922814,10.0,22.015083115036866,129.15812650241693,0.9074956190399691,0.30573477497361856,0.048048844998993444,1.0
DEAI-PSO + proposed fitness,116,100.0,0.0,40.45395456357139,9.546045436428606,11600.0,11600.0,1160.0,4640000.0,1.0,0.07997535140428944,10.0,24.042289985655,129.0030457878917,0.8206509017861074,0.3089589362617508,0.04850230000047304,1.0
DEAI-PSO + proposed fitness,117,100.0,0.0,40.37323695843623,9.626763041563771,11700.0,11700.0,1170.0,4680000.0,1.0,0.08071760513516431,10.0,21.153322685289822,130.81731176513026,0.8048131700540697,0.3064784055481774,0.046842730000207666,1.0
DEAI-PSO + proposed fitness,118,100.0,0.0,40.29239968337436,9.707600316625635,11800.0,11800.0,1180.0,4720000.0,1.0,0.0808372750618652,10.0,22.016709276291234,130.17228861294566,0.8374081398479355,0.30552405008559846,0.04783224499951757,1.0
DEAI-PSO + proposed fitness,119,100.0,0.0,40.21467518745893,9.78532481254107,11900.0,11900.0,1190.0,4760000.0,1.0,0.07772449591543414,10.0,24.989267416335572,124.39913130665452,1.0400517758682744,0.3251638548819635,0.04837217499989492,1.0
DEAI-PSO + proposed fitness,120,100.0,0.0,40.137007232291445,9.862992767708558,12000.0,12000.0,1200.0,4800000.0,1.0,0.07766795516748778,10.0,25.74231014407627,123.83542324722957,1.095037448007475,0.32660523784175277,0.04779541999887442,1.0
DEAI-PSO + proposed fitness,121,100.0,0.0,40.059320013028525,9.940679986971475,12100.0,12100.0,1210.0,4840000.0,1.0,0.07768721926291562,10.0,25.65947551961537,124.3314024645027,1.0222393390102713,0.32401080350273975,0.04654682999935176,1.0
DEAI-PSO + proposed fitness,122,100.0,0.0,39.979625869393885,10.020374130606115,12200.0,12200.0,1220.0,4880000.0,1.0,0.07969414363464118,10.0,22.189486242797724,129.3902017941581,0.9085341261870022,0.3124906198878755,0.04732131000091613,1.0
DEAI-PSO + proposed fitness,123,100.0,0.0,39.90044914390294,10.09955085609706,12300.0,12300.0,1230.0,4920000.0,1.0,0.07917672549094519,10.0,24.003102752118814,127.21882802537746,0.9556748583920591,0.31710419814046936,0.046828730000197535,1.0
DEAI-PSO + proposed fitness,124,100.0,0.0,39.82192900003565,10.178070999964351,12400.0,12400.0,1240.0,4960000.0,1.0,0.0785201438672896,10.0,24.59489786867951,126.40805189666273,0.9419944013731438,0.3216396050375321,0.04746224999980768,1.0
DEAI-PSO + proposed fitness,125,100.0,0.0,39.742804393792184,10.257195606207816,12500.0,12500.0,1250.0,5000000.0,1.0,0.07912460624346665,10.0,24.493813864486107,126.58023416680703,0.9605088616198382,0.3225690557384665,0.04899650500119605,1.0
DEAI-PSO + proposed fitness,126,100.0,0.0,39.66435793885034,10.33564206114966,12600.0,12600.0,1260.0,5040000.0,1.0,0.07844645494184306,10.0,24.565672540348604,125.82638236153578,0.9691173838324628,0.3192867390204643,0.0456359550000343,1.0
DEAI-PSO + proposed fitness,127,100.0,0.0,39.58404908773073,10.41595091226927,12700.0,12700.0,1270.0,5080000.0,1.0,0.08030885111960942,10.0,21.807689370055385,130.14985406595383,0.8372820710488748,0.30599545086768176,0.048137924998809464,1.0
DEAI-PSO + proposed fitness,128,100.0,0.0,39.504000643625716,10.495999356374286,12800.0,12800.0,1280.0,5120000.0,1.0,0.08004844410501662,10.0,23.36606936347012,128.27454806518548,0.9078470083823131,0.30886677197206225,0.04774735000028159,1.0
DEAI-PSO + proposed fitness,129,100.0,0.0,39.424572524663645,10.57542747533635,12900.0,12900.0,1290.0,5160000.0,1.0,0.07942811896206373,10.0,23.024983858958937,128.14526357647827,0.8728210315788141,0.31500945579098877,0.048074429999178395,1.0
DEAI-PSO + proposed fitness,130,100.0,0.0,39.34572732777801,10.654272672221994,13000.0,13000.0,1300.0,5200000.0,1.0,0.07884519688564495,10.0,23.629380665074017,127.12053815495207,0.9681190978427108,0.3185929564360198,0.049103044999719715,1.0
DEAI-PSO + proposed fitness,131,100.0,0.0,39.266817333679725,10.73318266632027,13100.0,13100.0,1310.0,5240000.0,1.0,0.07890999409827479,10.0,24.514383358800764,127.22807334625368,0.9015538599177091,0.3203497381755121,0.04910723499997403,1.0
DEAI-PSO + proposed fitness,132,100.0,0.0,39.18889663120129,10.81110336879871,13200.0,13200.0,1320.0,5280000.0,1.0,0.07792070247844123,10.0,24.86144856359975,124.89459924087255,0.9746031864665434,0.32831702855797806,0.04658119500018074,1.0
DEAI-PSO + proposed fitness,133,100.0,0.0,39.109863138172244,10.890136861827756,13300.0,13300.0,1330.0,5320000.0,1.0,0.0790334930290463,10.0,22.871986685317978,127.25588136885202,0.889795179956057,0.31526151220119625,0.04627627999980177,1.0
DEAI-PSO + proposed fitness,134,100.0,0.0,39.02948329656381,10.970516703436186,13400.0,13400.0,1340.0,5360000.0,1.0,0.08037984160842945,10.0,22.856942955899353,130.1114081677036,0.8048622141680273,0.308627640644419,0.049268050000318905,1.0
DEAI-PSO + proposed fitness,135,100.0,0.0,38.95049885563887,11.04950114436113,13500.0,13500.0,1350.0,5400000.0,1.0,0.07898444092494401,10.0,23.93193528889409,126.9288710504142,0.9150198850830142,0.3122757902029514,0.04708101999931387,1.0
DEAI-PSO + proposed fitness,136,100.0,0.0,38.87280861036757,11.127191389632431,13600.0,13600.0,1360.0,5440000.0,1.0,0.07769024527130064,10.0,26.68439295492401,123.48063545115804,1.0311198877760892,0.3286307819129476,0.048779559999456976,1.0
DEAI-PSO + proposed fitness,137,100.0,0.0,38.79402622686268,11.205973773137321,13700.0,13700.0,1370.0,5480000.0,1.0,0.07878238350489183,10.0,23.56595523264199,127.28524587240597,0.9184522257119296,0.31388713003497515,0.04969203999899037,1.0
DEAI-PSO + proposed fitness,138,100.0,0.0,38.71500099368537,11.284999006314624,13800.0,13800.0,1380.0,5520000.0,1.0,0.07902523317730185,10.0,24.8806851679344,126.33382406173686,0.8983817969837411,0.3180627516746991,0.04604343499995593,1.0
DEAI-PSO + proposed fitness,139,100.0,0.0,38.63660960001419,11.363390399985807,13900.0,13900.0,1390.0,5560000.0,1.0,0.078391393671183,10.0,23.139158856168166,126.23826499986117,1.0007470647846717,0.320211693140082,0.04562143999937689,1.0
DEAI-PSO + proposed fitness,140,100.0,0.0,38.55584104557631,11.444158954423695,14000.0,14000.0,1400.0,5600000.0,1.0,0.08076855443788844,10.0,21.730899385386785,130.9100041680688,0.7955590192105323,0.3050564066169976,0.04950262500024109,1.0
DEAI-PSO + proposed fitness,141,100.0,0.0,38.477188157683294,11.52281184231671,14100.0,14100.0,1410.0,5640000.0,1.0,0.07865288789301275,10.0,25.926139806103187,125.75398647786714,0.9846818692986471,0.3202470399844033,0.050237824999931034,1.0
DEAI-PSO + proposed fitness,142,100.0,0.0,38.39798283998901,11.60201716001099,14200.0,14200.0,1420.0,5680000.0,1.0,0.07920531769428081,10.0,22.873355513663522,127.81234170037108,0.9189358301871264,0.31274695378071715,0.05118024500006868,1.0
DEAI-PSO + proposed fitness,143,100.0,0.0,38.31944937087231,11.680550629127689,14300.0,14300.0,1430.0,5720000.0,1.0,0.07853346911669874,10.0,25.036680670678464,126.11361905699592,0.9367935959150578,0.3204726115859601,0.045118120000188354,1.0
DEAI-PSO + proposed fitness,144,100.0,0.0,38.238907141718386,11.761092858281614,14400.0,14400.0,1440.0,5760000.0,1.0,0.0805422291539255,10.0,22.530856936704605,130.02659853575997,0.838501786310394,0.31228006902160854,0.04706724000061513,1.0
DEAI-PSO + proposed fitness,145,100.0,0.0,38.16194964685417,11.838050353145832,14500.0,14500.0,1450.0,5800000.0,1.0,0.07695749486421874,10.0,27.215826696195315,121.69644438650441,1.091271568180033,0.32695498966386805,0.04682590499978687,1.0
DEAI-PSO + proposed fitness,146,100.0,0.0,38.08221876489664,11.917781235103368,14600.0,14600.0,1460.0,5840000.0,1.0,0.0797308819575349,10.0,23.492443690117206,128.52989435686925,0.8632729799555069,0.3138865029027988,0.047248585000852474,1.0
DEAI-PSO + proposed fitness,147,100.0,0.0,38.003200800402325,11.99679919959768,14700.0,14700.0,1470.0,5880000.0,1.0,0.07901796449431231,10.0,23.97547193697705,126.55178862087446,0.9580672850890188,0.31710944076426506,0.04934312000004866,1.0
DEAI-PSO + proposed fitness,148,100.0,0.0,37.923713649198575,12.076286350801425,14800.0,14800.0,1480.0,5920000.0,1.0,0.07948715120374458,10.0,22.631788718901465,128.3795034468879,0.8584278848898338,0.31288136648351006,0.0461827600007382,1.0
DEAI-PSO + proposed fitness,149,100.0,0.0,37.843822124792624,12.156177875207376,14900.0,14900.0,1490.0,5960000.0,1.0,0.07989152440595149,10.0,22.88335628251871,129.0132923294808,0.8709444255593682,0.31312788606336694,0.04802930499899958,1.0
DEAI-PSO + proposed fitness,150,100.0,0.0,37.76430853771237,12.235691462287635,15000.0,15000.0,1500.0,6000000.0,1.0,0.07951358708025894,10.0,23.309620607114798,128.06013955053842,0.9000637067406657,0.31918821262536723,0.04860705999999482,1.0
DEAI-PSO + proposed fitness,151,100.0,0.0,37.68398408353749,12.31601591646251,15100.0,15100.0,1510.0,6040000.0,1.0,0.08032445417487573,10.0,22.610826186713915,129.0764453090459,0.8858425881667216,0.3072277892654262,0.04639504499828036,1.0
DEAI-PSO + proposed fitness,152,100.0,0.0,37.60553413650554,12.394465863494466,15200.0,15200.0,1520.0,6080000.0,1.0,0.07844994703195525,10.0,24.415066674277675,126.49584901233364,0.9757155117248436,0.31963900392885797,0.047075830000903804,1.0
DEAI-PSO + proposed fitness,153,100.0,0.0,37.52810446802143,12.47189553197857,15300.0,15300.0,1530.0,6120000.0,1.0,0.07742966848410333,10.0,26.75337537108992,122.9551707152614,1.05720843435796,0.33058707330355036,0.0457205899994733,1.0
DEAI-PSO + proposed fitness,154,100.0,0.0,37.44927268724213,12.550727312757877,15400.0,15400.0,1540.0,6160000.0,1.0,0.07883178077930815,10.0,24.228157465262697,126.60813769729548,0.9651662816127846,0.3231317932778286,0.04695021499974246,1.0
DEAI-PSO + proposed fitness,155,100.0,0.0,37.370463123824955,12.629536876175049,15500.0,15500.0,1550.0,6200000.0,1.0,0.07880956341717216,10.0,24.95659374378203,125.83363892942441,0.9701284769073327,0.32100257716726366,0.047747514999718986,1.0
DEAI-PSO + proposed fitness,156,100.0,0.0,37.293426028560226,12.706573971439775,15600.0,15600.0,1560.0,6240000.0,1.0,0.07703709526472587,10.0,25.787568922806294,122.83419602927215,1.0929485765988534,0.32797074279555594,0.0469319550000364,1.0
DEAI-PSO + proposed fitness,157,100.0,0.0,37.215168541026074,12.78483145897393,15700.0,15700.0,1570.0,6280000.0,1.0,0.07825748753415347,10.0,24.683059200842845,124.82645779335346,1.0424239097962684,0.32547433763031053,0.04724512500033597,1.0
DEAI-PSO + proposed fitness,158,100.0,0.0,37.13591802474986,12.864081975250139,15800.0,15800.0,1580.0,6320000.0,1.0,0.07925051627621045,10.0,25.692488578179887,126.62587119187836,0.8797649946553611,0.3170304230484312,0.045736914999361035,1.0
DEAI-PSO + proposed fitness,159,100.0,0.0,37.05712601669744,12.942873983302567,15900.0,15900.0,1590.0,6360000.0,1.0,0.07879200805242803,10.0,23.220093618535813,127.38042826397425,0.8991408571325591,0.3197211999406061,0.049418790000345325,1.0
DEAI-PSO + proposed fitness,160,100.0,0.0,36.97889354483298,13.021106455167024,16000.0,16000.0,1600.0,6400000.0,1.0,0.0782324718644567,10.0,23.795547088958756,126.52721046604991,0.9201329312638744,0.31602321015651225,0.04816949499909242,1.0
DEAI-PSO + proposed fitness,161,100.0,0.0,36.90039231559315,13.099607684406845,16100.0,16100.0,1610.0,6440000.0,1.0,0.07850122923982247,10.0,23.46356715454915,125.8399485838379,1.009231544997201,0.32386726819419065,0.047296580001057006,1.0
DEAI-PSO + proposed fitness,162,100.0,0.0,36.821038408569166,13.178961591430834,16200.0,16200.0,1620.0,6480000.0,1.0,0.07935390702398877,10.0,22.88147854902774,127.80439453264962,0.9183483285267295,0.3182308180454007,0.04739825500073493,1.0
DEAI-PSO + proposed fitness,163,100.0,0.0,36.74205891557259,13.257941084427406,16300.0,16300.0,1630.0,6520000.0,1.0,0.07897949299657156,10.0,23.570843652925173,127.27790995361553,0.9081180717138929,0.31864257435906407,0.04791316499868117,1.0
DEAI-PSO + proposed fitness,164,100.0,0.0,36.663994528214616,13.336005471785388,16400.0,16400.0,1640.0,6560000.0,1.0,0.07806438735797983,10.0,23.507491248211956,125.47086071888744,0.9712451133686819,0.31962721651871107,0.05127164500008803,1.0
DEAI-PSO + proposed fitness,165,100.0,0.0,36.5865096586584,13.413490341341596,16500.0,16500.0,1650.0,6600000.0,1.0,0.07748486955621096,10.0,26.103794359399565,123.46191360109158,1.1219506769805379,0.33211661918486607,0.04988472000077308,1.0
DEAI-PSO + proposed fitness,166,100.0,0.0,36.50804109640258,13.491958903597427,16600.0,16600.0,1660.0,6640000.0,1.0,0.07846856225582961,10.0,23.37518649005242,126.64042144968793,0.9464386681997512,0.31968827060553195,0.044780269999318986,1.0
DEAI-PSO + proposed fitness,167,100.0,0.0,36.43034543734268,13.569654562657316,16700.0,16700.0,1670.0,6680000.0,1.0,0.07769565905989104,10.0,27.31189484061133,123.01520892632121,1.0576552221209812,0.3296134749845908,0.04322350499969616,1.0
DEAI-PSO + proposed fitness,168,100.0,0.0,36.35037460563327,13.649625394366728,16800.0,16800.0,1680.0,6720000.0,1.0,0.07997083170940904,10.0,21.799866261573968,128.7952928048496,0.8326257332858539,0.3125923809014918,0.04617032500100322,1.0
DEAI-PSO + proposed fitness,169,100.0,0.0,36.26964985394617,13.730350146053834,16900.0,16900.0,1690.0,6760000.0,1.0,0.08072475168710654,10.0,20.798635362011115,130.8696950677553,0.8182113285270971,0.30568582153185225,0.04725624499988044,1.0
DEAI-PSO + proposed fitness,170,100.0,0.0,36.189927003628235,13.810072996371764,17000.0,17000.0,1700.0,6800000.0,1.0,0.0797228503179305,10.0,23.72584696680404,128.3603600939103,0.845330203961233,0.31421538041861413,0.04753633000036643,1.0
DEAI-PSO + proposed fitness,171,100.0,0.0,36.112228586827214,13.88777141317279,17100.0,17100.0,1710.0,6840000.0,1.0,0.07769841680102374,10.0,22.853761622648864,125.48141526184793,1.033784303946396,0.32421890264425957,0.04663864000031026,1.0
DEAI-PSO + proposed fitness,172,100.0,0.0,36.03511375112352,13.964886248876478,17200.0,17200.0,1720.0,6880000.0,1.0,0.07711483570369211,10.0,25.928605174374827,122.80184179624459,1.0610188941905812,0.3337485972359483,0.04792983000006643,1.0
DEAI-PSO + proposed fitness,173,100.0,0.0,35.95651048085844,14.043489519141563,17300.0,17300.0,1730.0,6920000.0,1.0,0.0786032702650818,10.0,23.350106114199175,126.95871015767844,0.9353143318308786,0.3178707007565852,0.048432830000456305,1.0
DEAI-PSO + proposed fitness,174,100.0,0.0,35.87869925364092,14.121300746359083,17400.0,17400.0,1740.0,6960000.0,1.0,0.07781122721751962,10.0,25.69826439274138,124.02298776005216,1.039475522831453,0.3242796235347443,0.04822780999893439,1.0
DEAI-PSO + proposed fitness,175,100.0,0.0,35.80026261171996,14.199737388280038,17500.0,17500.0,1750.0,7000000.0,1.0,0.0784366419209583,10.0,25.70137661038895,125.65339345327916,0.9345806880928247,0.3212346064654206,0.047576559999288295,1.0
DEAI-PSO + proposed fitness,176,100.0,0.0,35.72116262372639,14.278837376273605,17600.0,17600.0,1760.0,7040000.0,1.0,0.07909998799356543,10.0,23.408649638336723,127.65833792828596,0.9086132892352804,0.31953797581760346,0.04741344499998377,1.0
DEAI-PSO + proposed fitness,177,100.0,0.0,35.64255230394927,14.357447696050723,17700.0,17700.0,1770.0,7080000.0,1.0,0.07861031977711833,10.0,25.68742423125068,125.20908462652145,0.9914514955335036,0.3243277919962114,0.05058449500065763,1.0
DEAI-PSO + proposed fitness,178,100.0,0.0,35.56436153509016,14.43563846490984,17800.0,17800.0,1780.0,7120000.0,1.0,0.07819076885911791,10.0,28.37698451374763,122.66010003585623,1.0323803627700858,0.33019263538075844,0.04747956000028353,1.0
DEAI-PSO + proposed fitness,179,100.0,0.0,35.48730732025917,14.512692679740834,17900.0,17900.0,1790.0,7160000.0,1.0,0.07705421483099287,10.0,26.00573871249759,122.7139654971744,1.083087395993699,0.32792830681086715,0.04857614500069758,1.0
DEAI-PSO + proposed fitness,180,100.0,0.0,35.40833042161674,14.59166957838326,18000.0,18000.0,1800.0,7200000.0,1.0,0.07897689864242743,10.0,24.854524458891508,125.51822419213545,0.9962976896058107,0.32263562365690723,0.04793250499969872,1.0
DEAI-PSO + proposed fitness,181,100.0,0.0,35.329915066119966,14.67008493388004,18100.0,18100.0,1810.0,7240000.0,1.0,0.07841535549677765,10.0,23.534639822400983,125.87816947871329,0.9804539418315098,0.32221406901125393,0.049457615000210356,1.0
DEAI-PSO + proposed fitness,182,100.0,0.0,35.25113273671043,14.748867263289569,18200.0,18200.0,1820.0,7280000.0,1.0,0.07878232940952898,10.0,24.90405347700262,126.3886703171102,0.8789229335889356,0.3203666666199746,0.049485965000349096,1.0
DEAI-PSO + proposed fitness,183,100.0,0.0,35.17237737938466,14.827622620615335,18300.0,18300.0,1830.0,7320000.0,1.0,0.07875535732576573,10.0,22.76865688565904,127.06022287079936,0.9307896190142776,0.3196580713206044,0.048810229999071454,1.0
DEAI-PSO + proposed fitness,184,100.0,0.0,35.09196018889226,14.908039811107738,18400.0,18400.0,1840.0,7360000.0,1.0,0.08041719049240399,10.0,22.460452121743245,129.80680847848055,0.8353953426465587,0.30732701808348317,0.04884529000009934,1.0
DEAI-PSO + proposed fitness,185,100.0,0.0,35.012766243920105,14.987233756079894,18500.0,18500.0,1850.0,7400000.0,1.0,0.07919394497215641,10.0,26.919530827818242,125.05725786301,1.024878769814285,0.32455180986295074,0.046993455000119866,1.0
DEAI-PSO + proposed fitness,186,100.0,0.0,34.93352094575378,15.066479054246225,18600.0,18600.0,1860.0,7440000.0,1.0,0.07924529816632883,10.0,25.107976703469156,126.68495792065801,0.9417759863289173,0.31623644441791926,0.04790883500063501,1.0
DEAI-PSO + proposed fitness,187,100.0,0.0,34.854407113141015,15.145592886858983,18700.0,18700.0,1870.0,7480000.0,1.0,0.07911383261276157,10.0,23.93744698166997,127.14108093709032,0.9046682559021548,0.31755292007603186,0.04547517499922833,1.0
DEAI-PSO + proposed fitness,188,100.0,0.0,34.77679034871088,15.22320965128912,18800.0,18800.0,1880.0,7520000.0,1.0,0.07761676443013385,10.0,25.38167350789851,123.7564132099574,1.0949507273607846,0.3256882357320813,0.04767462500021793,1.0
DEAI-PSO + proposed fitness,189,100.0,0.0,34.69912726771455,15.300872732285447,18900.0,18900.0,1890.0,7560000.0,1.0,0.07766308099632938,10.0,25.29323220361109,123.86952279238571,1.0184843263117374,0.33093525259954315,0.04635461999969266,1.0
DEAI-PSO + proposed fitness,190,100.0,0.0,34.62063469149534,15.379365308504665,19000.0,19000.0,1900.0,7600000.0,1.0,0.07849257621921737,10.0,23.306841210751944,126.32042630087476,1.0168738070772687,0.3251979999536647,0.04630278000040562,1.0
DEAI-PSO + proposed fitness,191,100.0,0.0,34.54258894764104,15.457411052358959,19100.0,19100.0,1910.0,7640000.0,1.0,0.07804574385429426,10.0,26.975249320456406,123.70943990446604,1.0646329424061458,0.32877626169570406,0.04832678000020678,1.0
DEAI-PSO + proposed fitness,192,100.0,0.0,34.46328794084485,15.53671205915515,19200.0,19200.0,1920.0,7680000.0,1.0,0.07930100679619087,10.0,24.005981053873928,127.14656931807599,0.9402987056117889,0.3205156147901914,0.05288417999945523,1.0
DEAI-PSO + proposed fitness,193,100.0,0.0,34.38470785932684,15.615292140673166,19300.0,19300.0,1930.0,7720000.0,1.0,0.07858008151801492,10.0,24.538583117507986,126.11023297042462,0.9423291033818874,0.3212905504205968,0.04763886000037019,1.0
DEAI-PSO + proposed fitness,194,100.0,0.0,34.30556155793799,15.694438442062005,19400.0,19400.0,1940.0,7760000.0,1.0,0.07914630138883964,10.0,23.09631710850673,127.05553463894599,0.9523206030747453,0.3178028281704005,0.04788222500028496,1.0
DEAI-PSO + proposed fitness,195,100.0,0.0,34.22722216356573,15.772777836434276,19500.0,19500.0,1950.0,7800000.0,1.0,0.07833939437226967,10.0,24.226045494159756,126.02530751834668,0.9864637877718389,0.3271840135566385,0.047208839998711484,1.0
DEAI-PSO + proposed fitness,196,100.0,0.0,34.14916233341612,15.85083766658388,19600.0,19600.0,1960.0,7840000.0,1.0,0.0780598301496049,10.0,23.05064711140561,125.70977525388716,0.9960814840909606,0.32570036102662314,0.04593071500021324,1.0
DEAI-PSO + proposed fitness,197,100.0,0.0,34.06839517747191,15.931604822528081,19700.0,19700.0,1970.0,7880000.0,1.0,0.08076715594420207,10.0,23.095090549488248,129.64572601940682,0.8014675140060227,0.3089515063444858,0.05032961000106297,1.0
DEAI-PSO + proposed fitness,198,100.0,0.0,33.98896205750779,16.011037942492212,19800.0,19800.0,1980.0,7920000.0,1.0,0.07943311996412952,10.0,24.615417927683236,126.90559307083204,0.9103021715394226,0.3164598989978663,0.04608126000093762,1.0
DEAI-PSO + proposed fitness,199,100.0,0.0,33.91017495823432,16.089825041765675,19900.0,19900.0,1990.0,7960000.0,1.0,0.07878709927346535,10.0,24.449452873646415,126.86545483794302,0.8759281592361123,0.31781691924718725,0.04690077500017651,1.0
DEAI-PSO + proposed fitness,200,100.0,0.0,33.83196426954299,16.168035730457007,20000.0,20000.0,2000.0,8000000.0,1.0,0.07821068869133044,10.0,23.209722676232715,126.35114766918055,0.9868471746375571,0.3246078462606166,0.04711710500014306,1.0
DEAI-PSO + proposed fitness,201,100.0,0.0,33.75401972317548,16.245980276824522,20100.0,20100.0,2010.0,8040000.0,1.0,0.07794454636751488,10.0,25.466904554714272,124.67613435422508,1.0066148873483167,0.32720244693066164,0.04682854999882693,1.0
DEAI-PSO + proposed fitness,202,100.0,0.0,33.67576156344985,16.32423843655015,20200.0,20200.0,2020.0,8080000.0,1.0,0.07825815972562608,10.0,25.16084139603717,125.09419535829458,0.9674390866911902,0.3240652008540746,0.04689910500055703,1.0
DEAI-PSO + proposed fitness,203,100.0,0.0,33.59585495662502,16.40414504337498,20300.0,20300.0,2030.0,8120000.0,1.0,0.07990660682483401,10.0,23.79758761611898,128.3764976467485,0.8686889470371991,0.317015401245044,0.045362864999697196,1.0
DEAI-PSO + proposed fitness,204,100.0,0.0,33.51691400547297,16.483085994527027,20400.0,20400.0,2040.0,8160000.0,1.0,0.07894095115204429,10.0,25.50174618391649,125.2786714374563,0.9960733192969787,0.3290512661986575,0.04566225499947905,1.0
DEAI-PSO + proposed fitness,205,100.0,0.0,33.438245581799755,16.56175441820025,20500.0,20500.0,2050.0,8200000.0,1.0,0.07866842367322172,10.0,24.221515058292947,126.85629405005037,0.9556502577537961,0.3162935126456775,0.04632482000051823,1.0
DEAI-PSO + proposed fitness,206,100.0,0.0,33.35952841339939,16.640471586600615,20600.0,20600.0,2060.0,8240000.0,1.0,0.07871716840036491,10.0,23.553478580314042,126.75538522186636,0.9662426566260329,0.3245367734351059,0.047188625000126196,1.0
DEAI-PSO + proposed fitness,207,100.0,0.0,33.28084685360308,16.719153146396923,20700.0,20700.0,2070.0,8280000.0,1.0,0.0786815597963102,10.0,21.486185648461205,127.3673627761486,0.933030015436829,0.3196823614292149,0.0471167850006168,1.0
DEAI-PSO + proposed fitness,208,100.0,0.0,33.2011446458212,16.798855354178794,20800.0,20800.0,2080.0,8320000.0,1.0,0.07970220778187062,10.0,24.050987808422203,127.29897010566506,0.9570581740363455,0.32169916097235457,0.04436567500015372,1.0
DEAI-PSO + proposed fitness,209,100.0,0.0,33.12214129468471,16.87785870531529,20900.0,20900.0,2090.0,8360000.0,1.0,0.07900335113649781,10.0,25.066839027283528,126.39115678416643,0.936321368817382,0.3248399507959431,0.04531711000017822,1.0
DEAI-PSO + proposed fitness,210,100.0,0.0,33.043722229921165,16.956277770078835,21000.0,21000.0,2100.0,8400000.0,1.0,0.07841906476354055,10.0,24.446672095042764,125.5492966972622,0.9566230514834546,0.3222581511245461,0.045075494998673096,1.0
DEAI-PSO + proposed fitness,211,100.0,0.0,32.96590071203748,17.034099287962515,21100.0,21100.0,2110.0,8440000.0,1.0,0.07782151788368381,10.0,28.580290656866783,122.55820799593963,1.0009514828159543,0.3325380986574341,0.045605480000085664,1.0
DEAI-PSO + proposed fitness,212,100.0,0.0,32.887661227299006,17.112338772701,21200.0,21200.0,2120.0,8480000.0,1.0,0.07823948473848326,10.0,23.47465514897741,125.5512308201726,0.9973755986213666,0.3235632960076379,0.04692645499926584,1.0
DEAI-PSO + proposed fitness,213,100.0,0.0,32.80859496591101,17.191405034088994,21300.0,21300.0,2130.0,8520000.0,1.0,0.07906626138799311,10.0,22.736012138525105,127.23506910465801,0.9542459642064942,0.3170096615213468,0.046445070000117994,1.0
DEAI-PSO + proposed fitness,214,100.0,0.0,32.72974207525639,17.27025792474361,21400.0,21400.0,2140.0,8560000.0,1.0,0.07885289065461745,10.0,22.135838772948098,127.26363102252988,0.9034696242955438,0.3144016829955134,0.04690975999983493,1.0
DEAI-PSO + proposed fitness,215,100.0,0.0,32.65032580675761,17.349674193242393,21500.0,21500.0,2150.0,8600000.0,1.0,0.07941626849878247,10.0,23.400326005948283,127.85476965053503,0.9146969028454862,0.31599901823093396,0.046832599999470405,1.0
DEAI-PSO + proposed fitness,216,100.0,0.0,32.572095324396834,17.427904675603166,21600.0,21600.0,2160.0,8640000.0,1.0,0.07823048236077668,10.0,24.293518538855356,124.98118255921361,1.0328319766227674,0.32550533178972296,0.044702655000583034,1.0
DEAI-PSO + proposed fitness,217,100.0,0.0,32.49278739731503,17.507212602684973,21700.0,21700.0,2170.0,8680000.0,1.0,0.07930792708180459,10.0,24.697795771287357,126.56612951099137,0.9763703588482857,0.31743025409935877,0.04435670500024571,1.0
DEAI-PSO + proposed fitness,218,100.0,0.0,32.41528539049912,17.584714609500878,21800.0,21800.0,2180.0,8720000.0,1.0,0.07750200681590566,10.0,25.826326733983176,123.0394053733501,1.1046194971785679,0.3298596459815094,0.04615941500051122,1.0
DEAI-PSO + proposed fitness,219,100.0,0.0,32.33759234142139,17.66240765857861,21900.0,21900.0,2190.0,8760000.0,1.0,0.07769304907772909,10.0,27.53505500329793,122.9282706192267,1.0474314636910784,0.33331511210272985,0.045058784999855564,1.0
DEAI-PSO + proposed fitness,220,100.0,0.0,32.259540495301096,17.7404595046989,22000.0,22000.0,2200.0,8800000.0,1.0,0.07805184612029414,10.0,25.60397459023805,124.75003403985686,1.0156510860782,0.32641269845762055,0.04588647500131628,1.0
DEAI-PSO + proposed fitness,221,100.0,0.0,32.18235169263733,17.817648307362667,22100.0,22100.0,2210.0,8840000.0,1.0,0.07718880266376722,10.0,24.90449553356976,123.91486090512515,1.0503947447750892,0.3309890842034993,0.045622594999076685,1.0
DEAI-PSO + proposed fitness,222,100.0,0.0,32.10431748038087,17.895682519619132,22200.0,22200.0,2220.0,8880000.0,1.0,0.07803421225646101,10.0,26.035826858107413,124.38114321605713,1.0165314406796764,0.32753081430631836,0.04541100999958871,1.0
DEAI-PSO + proposed fitness,223,100.0,0.0,32.02486627315251,17.97513372684749,22300.0,22300.0,2230.0,8920000.0,1.0,0.0794512072283581,10.0,22.712293524046714,127.96706763392376,0.8799285855406686,0.31666602395049664,0.04472748500011221,1.0
DEAI-PSO + proposed fitness,224,100.0,0.0,31.946505708160963,18.053494291839037,22400.0,22400.0,2240.0,8960000.0,1.0,0.07836056499154562,10.0,22.941155460439457,126.39826503456095,0.9503821342774958,0.3254207127075325,0.046220505000383126,1.0
DEAI-PSO + proposed fitness,225,100.0,0.0,31.867511315440385,18.132488684559615,22500.0,22500.0,2250.0,9000000.0,1.0,0.078994392720581,10.0,25.360255661255362,126.43150000261919,0.9324869519130863,0.32875095815525496,0.04677881999959936,1.0
DEAI-PSO + proposed fitness,226,100.0,0.0,31.789215914890928,18.210784085109072,22600.0,22600.0,2260.0,9040000.0,1.0,0.0782954005494549,10.0,23.058508429515996,126.00907011634669,0.9591454991733105,0.3245848090846925,0.04686697499892034,1.0
DEAI-PSO + proposed fitness,227,100.0,0.0,31.710584826573502,18.289415173426498,22700.0,22700.0,2270.0,9080000.0,1.0,0.07863108831742753,10.0,24.400256101127436,125.93097956237708,0.947043894422291,0.32445984764162017,0.045483025000430645,1.0
DEAI-PSO + proposed fitness,228,100.0,0.0,31.632515043797433,18.367484956202567,22800.0,22800.0,2280.0,9120000.0,1.0,0.07806978277606866,10.0,24.622511880685007,125.07353108305009,1.032799157243179,0.325881771060533,0.04516659999972035,1.0
DEAI-PSO + proposed fitness,229,100.0,0.0,31.55494249256258,18.44505750743742,22900.0,22900.0,2290.0,9160000.0,1.0,0.07757255123485277,10.0,24.251339400961264,124.09642937445096,1.031482054424865,0.32585478259890416,0.052812439999979685,1.0
DEAI-PSO + proposed fitness,230,100.0,0.0,31.476059363345136,18.523940636654864,23000.0,23000.0,2300.0,9200000.0,1.0,0.07888312921744323,10.0,23.56096754387709,127.04038798668856,0.9064364128300614,0.32128822092221176,0.04483247000025585,1.0
DEAI-PSO + proposed fitness,231,100.0,0.0,31.398258449447344,18.60174155055266,23100.0,23100.0,2310.0,9240000.0,1.0,0.07780091389779642,10.0,24.5895540624564,124.30933801574137,1.0683433071451718,0.3340726956917646,0.04424291499926767,1.0
DEAI-PSO + proposed fitness,232,100.0,0.0,31.319303253415853,18.680696746584147,23200.0,23200.0,2320.0,9280000.0,1.0,0.07895519603148884,10.0,24.83279390475451,125.8537971458923,1.0122058298335932,0.3216869961599202,0.04693306500048493,1.0
DEAI-PSO + proposed fitness,233,100.0,0.0,31.24179025544992,18.758209744550076,23300.0,23300.0,2330.0,9320000.0,1.0,0.0775129979659285,10.0,26.46472291396855,123.48925253229709,1.0487202535874558,0.330682998321119,0.04781586000171956,1.0
DEAI-PSO + proposed fitness,234,100.0,0.0,31.16457666971194,18.83542333028806,23400.0,23400.0,2340.0,9360000.0,1.0,0.07721358573798014,10.0,26.031065364664567,122.41329093860377,1.1071813359688196,0.33154544288243465,0.04609193499964022,1.0
DEAI-PSO + proposed fitness,235,100.0,0.0,31.08594273907146,18.914057260928537,23500.0,23500.0,2350.0,9400000.0,1.0,0.07863393064048285,10.0,23.344502037122705,126.28519321218327,1.0076835475942165,0.32141469319146915,0.04546846500052197,1.0
DEAI-PSO + proposed fitness,236,100.0,0.0,31.006262613797567,18.993737386202433,23600.0,23600.0,2360.0,9440000.0,1.0,0.07968012527389626,10.0,23.357415183987065,128.2280168931515,0.8909328088930654,0.31864351706212907,0.0482639450008719,1.0
DEAI-PSO + proposed fitness,237,100.0,0.0,30.92677403593105,19.073225964068946,23700.0,23700.0,2370.0,9480000.0,1.0,0.07948857786651295,10.0,23.272010690526514,128.25273834456863,0.9145890804969566,0.32207899230411874,0.04711335999963921,1.0
DEAI-PSO + proposed fitness,238,100.0,0.0,30.847884847059664,19.15211515294034,23800.0,23800.0,2380.0,9520000.0,1.0,0.0788891888713911,10.0,22.00623513503637,127.6721078873356,0.9049160367130729,0.3160464380901867,0.0465469300008408,1.0
DEAI-PSO + proposed fitness,239,100.0,0.0,30.76869906671822,19.23130093328178,23900.0,23900.0,2390.0,9560000.0,1.0,0.07918578034143771,10.0,24.855943613897004,126.8621529337175,0.9534813522192463,0.32361605280985,0.048364939999737545,1.0
DEAI-PSO + proposed fitness,240,100.0,0.0,30.68864058999903,19.311359410000975,24000.0,24000.0,2400.0,9600000.0,1.0,0.08005847671919657,10.0,22.24339191249072,129.11144675674672,0.8802717242464124,0.3165180247918554,0.047057505000702805,1.0
DEAI-PSO + proposed fitness,241,100.0,0.0,30.610505395968623,19.389494604031373,24100.0,24100.0,2410.0,9640000.0,1.0,0.0781351940303999,10.0,25.330266690291623,124.2545039995853,1.0288882500416197,0.3277210937074345,0.04708140999900934,1.0
DEAI-PSO + proposed fitness,242,100.0,0.0,30.532019130496366,19.46798086950363,24200.0,24200.0,2420.0,9680000.0,1.0,0.07848626547225859,10.0,26.458293585480295,124.75721838052951,0.9572890810049662,0.32630578625351264,0.048066700001072604,1.0
DEAI-PSO + proposed fitness,243,100.0,0.0,30.45333395209384,19.546666047906164,24300.0,24300.0,2430.0,9720000.0,1.0,0.07868517840253002,10.0,23.725320948562292,126.82364190977084,0.9418133111725107,0.319506595184207,0.048123754998596266,1.0
DEAI-PSO + proposed fitness,244,100.0,0.0,30.375163705084425,19.62483629491558,24400.0,24400.0,2440.0,9760000.0,1.0,0.07817024700941691,10.0,25.287942901248563,125.3122919387637,0.9830680553120184,0.32536093960928025,0.04769185999975889,1.0
DEAI-PSO + proposed fitness,245,100.0,0.0,30.295103243988358,19.704896756011642,24500.0,24500.0,2450.0,9800000.0,1.0,0.08006046109606188,10.0,22.00729069182931,130.10560153194092,0.8125413337683615,0.31289364694034594,0.05409269999981916,1.0
DEAI-PSO + proposed fitness,246,100.0,0.0,30.21703351925231,19.78296648074769,24600.0,24600.0,2460.0,9840000.0,1.0,0.07806972473604663,10.0,26.302814710863053,123.87777848405426,1.0381218822195322,0.330763369649932,0.051524714999322895,1.0
DEAI-PSO + proposed fitness,247,100.0,0.0,30.13852092108869,19.861479078911312,24700.0,24700.0,2470.0,9880000.0,1.0,0.07851259816362485,10.0,23.755249905421852,125.81047057579649,0.9791983759284607,0.3243314821174038,0.04949437999894144,1.0
DEAI-PSO + proposed fitness,248,100.0,0.0,30.05945457523459,19.94054542476541,24800.0,24800.0,2480.0,9920000.0,1.0,0.07906634585410081,10.0,24.308117343032333,126.06274880444894,0.9913261094785517,0.32524901817776725,0.04837010000119335,1.0
DEAI-PSO + proposed fitness,249,100.0,0.0,29.98234318219638,20.017656817803616,24900.0,24900.0,2490.0,9960000.0,1.0,0.07711139303820289,10.0,27.08889274595653,122.16490409644798,1.1028583394966902,0.335741015338742,0.048081435000131026,1.0
DEAI-PSO + proposed fitness,250,100.0,0.0,29.903016392239444,20.09698360776056,25000.0,25000.0,2500.0,10000000.0,1.0,0.07932678995694449,10.0,24.479776735799316,127.98138272230221,0.9017907978751738,0.3230920231190703,0.046704504999433995,1.0
DEAI-PSO + proposed fitness,251,100.0,0.0,29.825765732328147,20.174234267671853,25100.0,25100.0,2510.0,10040000.0,1.0,0.07725065991129262,10.0,26.394309644488725,122.71569571904793,1.1091467300257907,0.33465703111525563,0.04668331999964721,1.0
DEAI-PSO + proposed fitness,252,100.0,0.0,29.746904481828018,20.253095518171982,25200.0,25200.0,2520.0,10080000.0,1.0,0.07886125050012875,10.0,24.246392683627185,126.64569821243565,0.9044606648339057,0.3207744757364968,0.046655989999999294,1.0
DEAI-PSO + proposed fitness,253,100.0,0.0,29.667977996645526,20.332022003354474,25300.0,25300.0,2530.0,10120000.0,1.0,0.07892648518249264,10.0,24.71200261779294,126.60596920656353,0.8616408520111409,0.32071033778810576,0.046528645000580585,1.0
DEAI-PSO + proposed fitness,254,100.0,0.0,29.590313164016322,20.409686835983678,25400.0,25400.0,2540.0,10160000.0,1.0,0.07766483262920403,10.0,26.66197403674915,122.88384727977291,1.0579288990670244,0.3333371942207276,0.04602770999954373,1.0
DEAI-PSO + proposed fitness,255,100.0,0.0,29.5124286161555,20.487571383844504,25500.0,25500.0,2550.0,10200000.0,1.0,0.07788454786082291,10.0,25.212790703927105,124.14395323954815,1.0308572574410413,0.3294567547948766,0.04639674500031106,1.0
DEAI-PSO + proposed fitness,256,100.0,0.0,29.43406097076501,20.56593902923499,25600.0,25600.0,2560.0,10240000.0,1.0,0.07836764539048602,10.0,25.449175300162405,125.04977191143273,0.9886885870965132,0.32405244663179855,0.04377631499919517,1.0
DEAI-PSO + proposed fitness,257,100.0,0.0,29.356060658800438,20.643939341199562,25700.0,25700.0,2570.0,10280000.0,1.0,0.07800031196457358,10.0,22.80952715908665,126.2044006610128,0.9854011437441569,0.3269567668709453,0.04657518500061997,1.0
DEAI-PSO + proposed fitness,258,100.0,0.0,29.277269033150976,20.72273096684902,25800.0,25800.0,2580.0,10320000.0,1.0,0.07879162564946167,10.0,23.24711499909101,126.40123932217023,0.9698162492877987,0.321983093188363,0.046814654999980124,1.0
DEAI-PSO + proposed fitness,259,100.0,0.0,29.19847280989733,20.801527190102668,25900.0,25900.0,2590.0,10360000.0,1.0,0.0787962232536465,10.0,23.947558077167805,126.97231653755269,0.9168657473774138,0.32028577509441114,0.046442385000773356,1.0
DEAI-PSO + proposed fitness,260,100.0,0.0,29.119171141491783,20.880828858508213,26000.0,26000.0,2600.0,10400000.0,1.0,0.07930166840554378,10.0,24.00058288240364,127.2824342282742,0.9096890983488091,0.3204910166719365,0.048534949999157105,1.0
DEAI-PSO + proposed fitness,261,100.0,0.0,29.040630726143597,20.9593692738564,26100.0,26100.0,2610.0,10440000.0,1.0,0.07854041534818634,10.0,23.334175714701786,125.87693505835145,0.9864506191599911,0.32146970189412105,0.046736740001506405,1.0
DEAI-PSO + proposed fitness,262,100.0,0.0,28.961250577690464,21.038749422309536,26200.0,26200.0,2620.0,10480000.0,1.0,0.07938014845313593,10.0,25.094912514654343,126.57021084040787,0.9311543251964821,0.3196345604880433,0.05051649500092026,1.0
DEAI-PSO + proposed fitness,263,100.0,0.0,28.883354268063567,21.116645731936437,26300.0,26300.0,2630.0,10520000.0,1.0,0.07789630962689956,10.0,23.77165217747739,125.15549762365815,0.9789382666638715,0.32689910943423917,0.0493313049995777,1.0
DEAI-PSO + proposed fitness,264,100.0,0.0,28.80570616586244,21.19429383413756,26400.0,26400.0,2640.0,10560000.0,1.0,0.07764810220112697,10.0,26.11061833776231,123.50728570633392,1.0700632065229763,0.3360682204843035,0.04482996000078856,1.0
DEAI-PSO + proposed fitness,265,100.0,0.0,28.725375981226126,21.274624018773874,26500.0,26500.0,2650.0,10600000.0,1.0,0.08033018463631389,10.0,23.83471977380345,128.40380900056783,0.870640242258383,0.31911308701524,0.047919310001088886,1.0
DEAI-PSO + proposed fitness,266,100.0,0.0,28.645837540443466,21.354162459556534,26600.0,26600.0,2660.0,10640000.0,1.0,0.07953844078265745,10.0,24.439847526710157,127.07961414992016,0.9200961349134363,0.323806073237708,0.04720848999932059,1.0
DEAI-PSO + proposed fitness,267,100.0,0.0,28.566616152096127,21.43338384790387,26700.0,26700.0,2670.0,10680000.0,1.0,0.07922138834733641,10.0,22.544343656119405,127.91331942195673,0.8799512552438475,0.3148524461281554,0.04519361499915249,1.0
DEAI-PSO + proposed fitness,268,100.0,0.0,28.488077804956937,21.511922195043066,26800.0,26800.0,2680.0,10720000.0,1.0,0.07853834713919686,10.0,25.389608418534774,125.28718383609062,0.9657545900725033,0.3282238306664122,0.044198730001153305,1.0
DEAI-PSO + proposed fitness,269,100.0,0.0,28.409281049735835,21.590718950264165,26900.0,26900.0,2690.0,10760000.0,1.0,0.07879675522109722,10.0,24.974441837760462,125.61947691502965,0.9441902836792939,0.3210191184499286,0.045796170000176065,1.0
DEAI-PSO + proposed fitness,270,100.0,0.0,28.33044545963096,21.66955454036904,27000.0,27000.0,2700.0,10800000.0,1.0,0.0788355901048778,10.0,24.980456073804834,125.63646120349225,0.9913865346977803,0.32603070187767125,0.04454376000066986,1.0
DEAI-PSO + proposed fitness,271,100.0,0.0,28.251504238651126,21.74849576134887,27100.0,27100.0,2710.0,10840000.0,1.0,0.07894122097983143,10.0,24.24300327689459,126.25392506706547,0.9364644163008761,0.32084864640071725,0.04808718999993289,1.0
DEAI-PSO + proposed fitness,272,100.0,0.0,28.172771216611785,21.827228783388215,27200.0,27200.0,2720.0,10880000.0,1.0,0.07873302203934074,10.0,24.687577189348197,126.27439434036594,0.9579361921258638,0.32458954605770707,0.04512881500013464,1.0
DEAI-PSO + proposed fitness,273,100.0,0.0,28.09391063660731,21.90608936339269,27300.0,27300.0,2730.0,10920000.0,1.0,0.07886058000447971,10.0,22.283503141253682,127.94443936650359,0.9056151828466741,0.316051163539017,0.04648560499917949,1.0
DEAI-PSO + proposed fitness,274,100.0,0.0,28.015249534546832,21.984750465453168,27400.0,27400.0,2740.0,10960000.0,1.0,0.07866110206047612,10.0,24.07991064793354,126.08111341651684,1.0002858293864618,0.32673710009319357,0.045178324999142205,1.0
DEAI-PSO + proposed fitness,275,100.0,0.0,27.937176148715643,22.062823851284357,27500.0,27500.0,2750.0,11000000.0,1.0,0.07807338583118426,10.0,26.385333363012656,123.91207107774649,1.0565397623654698,0.3314782919801456,0.04612768500010134,1.0
DEAI-PSO + proposed fitness,276,100.0,0.0,27.858660312464327,22.141339687535673,27600.0,27600.0,2760.0,11040000.0,1.0,0.07851583625132079,10.0,25.79990782466669,124.88464355470032,0.9607064742114735,0.3301061103033388,0.046145735000027346,1.0
DEAI-PSO + proposed fitness,277,100.0,0.0,27.778999695661206,22.221000304338794,27700.0,27700.0,2770.0,11080000.0,1.0,0.07966061680312109,10.0,24.559442951484108,127.2176442486817,0.9509115319810689,0.3267304989948089,0.04564472999954887,1.0
DEAI-PSO + proposed fitness,278,100.0,0.0,27.69926998033942,22.30073001966058,27800.0,27800.0,2780.0,11120000.0,1.0,0.07972971532178282,10.0,23.496160722140623,128.54082425913026,0.906768363637673,0.3160303358939916,0.0472839149995707,1.0
DEAI-PSO + proposed fitness,279,100.0,0.0,27.621884778039067,22.378115221960933,27900.0,27900.0,2790.0,11160000.0,1.0,0.07738520230035686,10.0,26.200340972635225,123.41064864262398,1.0557295422550175,0.33271716802474066,0.04542847500051721,1.0
DEAI-PSO + proposed fitness,280,100.0,0.0,27.544819214970108,22.455180785029892,28000.0,28000.0,2800.0,11200000.0,1.0,0.0770655630689566,10.0,27.26028418180211,122.74587405573861,1.065457039549909,0.334680322275474,0.04601398499871721,1.0
DEAI-PSO + proposed fitness,281,100.0,0.0,27.46657563963072,22.53342436036928,28100.0,28100.0,2810.0,11240000.0,1.0,0.07824357533939068,10.0,23.96108995715645,125.97011519555568,0.9775095505987565,0.32652530671680025,0.04479439500064473,1.0
DEAI-PSO + proposed fitness,282,100.0,0.0,27.38901499112232,22.610985008877684,28200.0,28200.0,2820.0,11280000.0,1.0,0.07756064850839887,10.0,26.09352362576842,123.39766389841392,1.0692857482986926,0.3362940112456813,0.04417565500043565,1.0
DEAI-PSO + proposed fitness,283,100.0,0.0,27.31042934713708,22.68957065286292,28300.0,28300.0,2830.0,11320000.0,1.0,0.07858564398523918,10.0,26.02828679325692,125.23294894710038,0.9330543606504398,0.3287638950662268,0.04643324500029848,1.0
DEAI-PSO + proposed fitness,284,100.0,0.0,27.232078131001934,22.767921868998066,28400.0,28400.0,2840.0,11360000.0,1.0,0.07835121613514548,10.0,24.387670858964945,125.57167615435917,0.9401490667981772,0.3258740188242861,0.04947711999921012,1.0
DEAI-PSO + proposed fitness,285,100.0,0.0,27.154552529389992,22.84544747061001,28500.0,28500.0,2850.0,11400000.0,1.0,0.07752560161194441,10.0,24.899199214568547,124.10870569591671,1.0168010219467933,0.3277240812474567,0.04456614999944577,1.0
DEAI-PSO + proposed fitness,286,100.0,0.0,27.07585201928643,22.92414798071357,28600.0,28600.0,2860.0,11440000.0,1.0,0.07870051010355894,10.0,26.239982934370538,125.06348965996236,0.9850317274923851,0.32314736618903656,0.04722945500070637,1.0
DEAI-PSO + proposed fitness,287,100.0,0.0,26.99614432015096,23.00385567984904,28700.0,28700.0,2870.0,11480000.0,1.0,0.07970769913546896,10.0,24.37947129568212,127.87277624106628,0.8677924731308453,0.32231951812813775,0.046776295000017856,1.0
DEAI-PSO + proposed fitness,288,100.0,0.0,26.917852719784765,23.082147280215235,28800.0,28800.0,2880.0,11520000.0,1.0,0.07829160036619776,10.0,25.87046008879953,124.60047115647512,0.9963361000504442,0.32268617374390496,0.045653764999951815,1.0
DEAI-PSO + proposed fitness,289,100.0,0.0,26.838846768199762,23.161153231800238,28900.0,28900.0,2890.0,11560000.0,1.0,0.07900595158500145,10.0,23.570665645182665,126.14659236492761,0.9477470422936685,0.32045271718294593,0.04572737500129733,1.0
DEAI-PSO + proposed fitness,290,100.0,0.0,26.7595329963935,23.2404670036065,29000.0,29000.0,2900.0,11600000.0,1.0,0.0793137718062619,10.0,23.706643139561503,127.41226601851629,0.9019454720219814,0.31930890155423225,0.04665009000091232,1.0
DEAI-PSO + proposed fitness,291,100.0,0.0,26.681194452563755,23.318805547436245,29100.0,29100.0,2910.0,11640000.0,1.0,0.07833854382974473,10.0,25.89401178775621,124.5730863982443,1.025404083703825,0.32958039093663183,0.045367139999871145,1.0
DEAI-PSO + proposed fitness,292,100.0,0.0,26.60341414562343,23.39658585437657,29200.0,29200.0,2920.0,11680000.0,1.0,0.07778030694032498,10.0,26.919481609267326,124.0562213237461,0.9707658048520766,0.33528758472762704,0.04391695000085747,1.0
DEAI-PSO + proposed fitness,293,100.0,0.0,26.52566164506631,23.474338354933693,29300.0,29300.0,2930.0,11720000.0,1.0,0.07775250055712242,10.0,25.37575328515846,123.723320017119,1.0427664272192791,0.33291670052336136,0.044114354999692296,1.0
DEAI-PSO + proposed fitness,294,100.0,0.0,26.44805967586757,23.551940324132428,29400.0,29400.0,2940.0,11760000.0,1.0,0.07760196919873792,10.0,24.818376952150047,124.33621676461034,1.0729789507739935,0.3287385643007198,0.04830523500022536,1.0
DEAI-PSO + proposed fitness,295,100.0,0.0,26.369180060716367,23.630819939283633,29500.0,29500.0,2950.0,11800000.0,1.0,0.07887961515120381,10.0,25.089469800975518,125.74007478723881,0.9803730036959196,0.32502019434631413,0.0468771600004402,1.0
DEAI-PSO + proposed fitness,296,100.0,0.0,26.291044322309965,23.708955677690035,29600.0,29600.0,2960.0,11840000.0,1.0,0.07813573840640124,10.0,25.236976571510915,124.31156884453011,1.0485254965229251,0.3282175603775712,0.046377050000592134,1.0
DEAI-PSO + proposed fitness,297,100.0,0.0,26.212340087307144,23.787659912692853,29700.0,29700.0,2970.0,11880000.0,1.0,0.07870423500281998,10.0,22.902095357292943,126.10718090135803,0.9582177927436181,0.3244950361178827,0.05099485000027926,1.0
DEAI-PSO + proposed fitness,298,100.0,0.0,26.13447894632365,23.86552105367635,29800.0,29800.0,2980.0,11920000.0,1.0,0.07786114098349302,10.0,27.514977611864488,123.0422361721835,1.1048095397661704,0.33339587132356574,0.04550880000097095,1.0
DEAI-PSO + proposed fitness,299,100.0,0.0,26.056929251568874,23.943070748431126,29900.0,29900.0,2990.0,11960000.0,1.0,0.07754969475477828,10.0,25.29085348324665,123.62527884996771,1.0601337124657169,0.33094706376330485,0.04581324500031769,1.0
DEAI-PSO + proposed fitness,300,100.0,0.0,25.978626497226855,24.021373502773145,30000.0,30000.0,3000.0,12000000.0,1.0,0.07830275434202001,10.0,24.035368847817573,125.89287269612002,0.9432996079944742,0.32705429097813604,0.04615558500008774,1.0
DEAI-PSO + proposed fitness,301,100.0,0.0,25.899342209115495,24.100657790884505,30100.0,30100.0,3010.0,12040000.0,1.0,0.07928428811135735,10.0,25.102291239549096,126.36124230278074,0.9392382878958472,0.32558656986415574,0.046133315000406586,1.0
DEAI-PSO + proposed fitness,302,100.0,0.0,25.822005443970358,24.177994556029642,30200.0,30200.0,3020.0,12080000.0,1.0,0.07733676514513999,10.0,26.509555137200447,123.04402213001705,1.0805129137774536,0.33219298200170067,0.044481024999913646,1.0
DEAI-PSO + proposed fitness,303,100.0,0.0,25.74385962007013,24.256140379929867,30300.0,30300.0,3030.0,12120000.0,1.0,0.07814582390022622,10.0,26.74433533652485,123.60860021875969,1.047067476292352,0.33715296732003475,0.04342907499958528,1.0
DEAI-PSO + proposed fitness,304,100.0,0.0,25.665230001378074,24.334769998621926,30400.0,30400.0,3040.0,12160000.0,1.0,0.07862961869205556,10.0,24.501447775064733,125.30772594230356,0.9883725225921532,0.32674192777939337,0.04560820500009868,1.0
DEAI-PSO + proposed fitness,305,100.0,0.0,25.587520423723248,24.412479576276752,30500.0,30500.0,3050.0,12200000.0,1.0,0.0777095776548272,10.0,22.946877902198118,125.03516620737798,1.0517850723067528,0.32861805489958673,0.04849298499975703,1.0
DEAI-PSO + proposed fitness,306,100.0,0.0,25.50928547143988,24.49071452856012,30600.0,30600.0,3060.0,12240000.0,1.0,0.07823495228336767,10.0,23.52933686959347,125.71382053536115,1.0034032520226241,0.32689194345049627,0.047716299999228794,1.0
DEAI-PSO + proposed fitness,307,100.0,0.0,25.430713318506093,24.569286681493907,30700.0,30700.0,3070.0,12280000.0,1.0,0.07857215293378736,10.0,24.045006521014948,125.73905792243235,1.0581094582894532,0.3271318608347613,0.04484341500137816,1.0
DEAI-PSO + proposed fitness,308,100.0,0.0,25.35166188860813,24.64833811139187,30800.0,30800.0,3080.0,12320000.0,1.0,0.07905142989795984,10.0,24.81527475855858,126.20224096004469,1.0027086731509542,0.3250138312251633,0.04725447999990138,1.0
DEAI-PSO + proposed fitness,309,100.0,0.0,25.271838442950365,24.728161557049635,30900.0,30900.0,3090.0,12360000.0,1.0,0.07982344565776814,10.0,23.400596718408803,128.31152467197217,0.8634027338536493,0.3200301296565429,0.04483105000035721,1.0
DEAI-PSO + proposed fitness,310,100.0,0.0,25.19277822371337,24.80722177628663,31000.0,31000.0,3100.0,12400000.0,1.0,0.07906021923699366,10.0,23.73658649517688,127.15602219561154,0.9591605247559476,0.3205850029675155,0.045756290000281294,1.0
DEAI-PSO + proposed fitness,311,100.0,0.0,25.114738858586737,24.885261141413263,31100.0,31100.0,3110.0,12440000.0,1.0,0.078039365126636,10.0,23.680710610949653,125.94860328505051,0.9775835471239782,0.327940673614092,0.044297814999663385,1.0
DEAI-PSO + proposed fitness,312,100.0,0.0,25.03664291041165,24.96335708958835,31200.0,31200.0,3120.0,12480000.0,1.0,0.07809594817508447,10.0,24.281276875170406,124.51102129574267,1.073472748946902,0.3307856081592365,0.04908215499926882,1.0
DEAI-PSO + proposed fitness,313,100.0,0.0,24.958571035037494,25.041428964962506,31300.0,31300.0,3130.0,12520000.0,1.0,0.0780718753741553,10.0,24.47981697579843,124.79184279606488,1.07359489408092,0.3279187175141313,0.044216600000072506,1.0
DEAI-PSO + proposed fitness,314,100.0,0.0,24.881118203107135,25.118881796892865,31400.0,31400.0,3140.0,12560000.0,1.0,0.0774528319303597,10.0,23.77315209121891,124.364836775242,1.0389685869105378,0.3291167753048218,0.045521494997956324,1.0
DEAI-PSO + proposed fitness,315,100.0,0.0,24.803049233876475,25.196950766123525,31500.0,31500.0,3150.0,12600000.0,1.0,0.0780689692306595,10.0,23.731205471245172,125.58229917942253,0.9907080492892429,0.3299333218163919,0.04656413499942573,1.0
DEAI-PSO + proposed fitness,316,100.0,0.0,24.725269512734265,25.274730487265735,31600.0,31600.0,3160.0,12640000.0,1.0,0.07777972114221203,10.0,24.52586310274766,124.4242934205344,1.046119011576567,0.32722038441291806,0.04679559500109463,1.0
DEAI-PSO + proposed fitness,317,100.0,0.0,24.647142065895387,25.352857934104613,31700.0,31700.0,3170.0,12680000.0,1.0,0.0781274468388757,10.0,24.47288998115109,125.25957230257276,1.009536186729725,0.32924297051575674,0.04880995499952405,1.0
DEAI-PSO + proposed fitness,318,100.0,0.0,24.567663491030313,25.432336508969687,31800.0,31800.0,3180.0,12720000.0,1.0,0.0794785748650753,10.0,22.431082327448877,128.23855952384503,0.9042040833665388,0.32100029877231856,0.047257669999817155,1.0
DEAI-PSO + proposed fitness,319,100.0,0.0,24.48761320957647,25.51238679042353,31900.0,31900.0,3190.0,12760000.0,1.0,0.08005028145384419,10.0,22.570512154698285,129.13472154058985,0.8489548515754212,0.31832760054752995,0.05315915999817662,1.0
DEAI-PSO + proposed fitness,320,100.0,0.0,24.408821273079408,25.591178726920592,32000.0,32000.0,3200.0,12800000.0,1.0,0.07879193649706018,10.0,23.317950250765612,127.53561527292432,0.9444036095451924,0.32530394596617035,0.04866570999947726,1.0
DEAI-PSO + proposed fitness,321,100.0,0.0,24.331363510119097,25.668636489880903,32100.0,32100.0,3210.0,12840000.0,1.0,0.07745776296031295,10.0,24.05304151802597,124.3902220345932,1.0510602593036795,0.33418380259466024,0.0463781549999112,1.0
DEAI-PSO + proposed fitness,322,100.0,0.0,24.254128001508526,25.745871998491474,32200.0,32200.0,3220.0,12880000.0,1.0,0.07723550861057085,10.0,26.665598608954657,122.60475043335093,1.1038099751290857,0.3331599727609227,0.04594820999918738,1.0
DEAI-PSO + proposed fitness,323,100.0,0.0,24.17644623767585,25.82355376232415,32300.0,32300.0,3230.0,12920000.0,1.0,0.07768176383267403,10.0,29.202988097481022,122.10389187445352,1.087647985961554,0.3350548610121254,0.0448616999990918,1.0
DEAI-PSO + proposed fitness,324,100.0,0.0,24.097491945351376,25.902508054648628,32400.0,32400.0,3240.0,12960000.0,1.0,0.07895429232447526,10.0,25.127554721212014,125.74095174894978,1.0268438397884359,0.32451223776326604,0.047769009999683476,1.0
DEAI-PSO + proposed fitness,325,100.0,0.0,24.017912212817055,25.982087787182945,32500.0,32500.0,3250.0,13000000.0,1.0,0.07957973253432193,10.0,24.10790713765583,127.5894037050454,0.8773790151484562,0.319422302478731,0.04736482000043907,1.0
DEAI-PSO + proposed fitness,326,100.0,0.0,23.940261219346482,26.059738780653515,32600.0,32600.0,3260.0,13040000.0,1.0,0.07765099347057056,10.0,24.234384900651122,124.20466158611323,1.0697679043082828,0.32853991690579576,0.04755784000080894,1.0
DEAI-PSO + proposed fitness,327,100.0,0.0,23.861143742159697,26.138856257840303,32700.0,32700.0,3270.0,13080000.0,1.0,0.07911747718678566,10.0,22.539721557587637,127.82300078236133,0.8885878671675199,0.32283530800056703,0.046404810000240104,1.0
DEAI-PSO + proposed fitness,328,100.0,0.0,23.782730246886615,26.217269753113385,32800.0,32800.0,3280.0,13120000.0,1.0,0.0784134952730815,10.0,25.169246345761007,126.16794570388645,0.8938335232535655,0.3255307665215763,0.04693845499969029,1.0
DEAI-PSO + proposed fitness,329,100.0,0.0,23.704734774538828,26.295265225461172,32900.0,32900.0,3290.0,13160000.0,1.0,0.07799547234778732,10.0,25.86111842009685,123.98593015927388,1.0424879173905566,0.3318285410217385,0.04753578000018024,1.0
DEAI-PSO + proposed fitness,330,100.0,0.0,23.627061818445164,26.372938181554836,33000.0,33000.0,3300.0,13200000.0,1.0,0.07767295609366584,10.0,25.44812384165461,123.66641770306879,1.093550089480691,0.33306771469983276,0.04768142499924579,1.0
DEAI-PSO + proposed fitness,331,100.0,0.0,23.54960349038315,26.450396509616855,33100.0,33100.0,3310.0,13240000.0,1.0,0.07745832806201544,10.0,26.081609476133963,123.03044009490301,1.1583485212161262,0.33485437576176635,0.047492764998969504,1.0
DEAI-PSO + proposed fitness,332,100.0,0.0,23.470558018005725,26.529441981994275,33200.0,33200.0,3320.0,13280000.0,1.0,0.0790454723774209,10.0,23.98316115480297,126.82088046158749,0.9481565417470496,0.32502212171382927,0.047206745000221415,1.0
DEAI-PSO + proposed fitness,333,100.0,0.0,23.39130734539868,26.60869265460132,33300.0,33300.0,3330.0,13320000.0,1.0,0.07925067260704868,10.0,23.846549126471604,126.17184640624635,1.0176371008368146,0.3261246079548607,0.04764449500034971,1.0
DEAI-PSO + proposed fitness,334,100.0,0.0,23.31252496449812,26.687475035501876,33400.0,33400.0,3340.0,13360000.0,1.0,0.07878238090055571,10.0,25.782525599060403,125.3609461096886,0.992333154777349,0.33405119974421266,0.0479629900004511,1.0
DEAI-PSO + proposed fitness,335,100.0,0.0,23.23473274041312,26.76526725958688,33500.0,33500.0,3350.0,13400000.0,1.0,0.07779222408500175,10.0,24.98149479430719,124.42153951479982,1.0245422259457742,0.33169639121107525,0.04929206499946304,1.0
DEAI-PSO + proposed fitness,336,100.0,0.0,23.157286026318356,26.842713973681647,33600.0,33600.0,3360.0,13440000.0,1.0,0.07744671409476442,10.0,26.07059738583847,123.27034878468677,1.1251710666057444,0.33822415204226336,0.0462058099998103,1.0
DEAI-PSO + proposed fitness,337,100.0,0.0,23.07885572832194,26.92114427167806,33700.0,33700.0,3370.0,13480000.0,1.0,0.07843029799641439,10.0,22.538990037617577,125.83892449081789,1.0269758066665295,0.33070153905352984,0.04586563000048045,1.0
DEAI-PSO + proposed fitness,338,100.0,0.0,23.000581631636173,26.99941836836383,33800.0,33800.0,3380.0,13520000.0,1.0,0.07827409668576983,10.0,23.97199509809502,125.22294704562492,1.0304016008684325,0.33001414076277885,0.04382565499945486,1.0
DEAI-PSO + proposed fitness,339,100.0,0.0,22.920263613133393,27.079736386866603,33900.0,33900.0,3390.0,13560000.0,1.0,0.08031801850277631,10.0,22.84577866687787,129.50724167247728,0.8309583004753625,0.32192733437226606,0.04685319499949401,1.0
DEAI-PSO + proposed fitness,340,100.0,0.0,22.841573982629733,27.158426017370267,34000.0,34000.0,3400.0,13600000.0,1.0,0.07868963050366204,10.0,21.774953084393243,127.03320077336255,0.9798582809668843,0.3230449757779173,0.045535389998622125,1.0
DEAI-PSO + proposed fitness,341,100.0,0.0,22.762553436897807,27.237446563102196,34100.0,34100.0,3410.0,13640000.0,1.0,0.07902054573192796,10.0,25.113137682455708,126.25411975422836,0.9399443531801387,0.32904460591234314,0.046398145000421206,1.0
DEAI-PSO + proposed fitness,342,100.0,0.0,22.682946035221573,27.317053964778427,34200.0,34200.0,3420.0,13680000.0,1.0,0.07960740167623274,10.0,23.066523044786635,127.78872271746472,0.9281230673086096,0.32382563711503115,0.050768180001614385,1.0
DEAI-PSO + proposed fitness,343,100.0,0.0,22.603627247320446,27.396372752679554,34300.0,34300.0,3430.0,13720000.0,1.0,0.0793187879011267,10.0,21.95640649330938,128.50567154032788,0.9238598292002946,0.32283597257861474,0.047264244999314545,1.0
DEAI-PSO + proposed fitness,344,100.0,0.0,22.525668524560125,27.474331475439875,34400.0,34400.0,3440.0,13760000.0,1.0,0.07795872276032227,10.0,27.222869145758636,124.04770277902908,1.0186605628427812,0.33521443763949127,0.046094615000038176,1.0
DEAI-PSO + proposed fitness,345,100.0,0.0,22.446539427789336,27.553460572210668,34500.0,34500.0,3450.0,13800000.0,1.0,0.07912909677078961,10.0,25.534625050212835,126.5171946530093,0.9118121435303495,0.32472329744869133,0.045903174998966276,1.0
DEAI-PSO + proposed fitness,346,100.0,0.0,22.368651860139174,27.631348139860826,34600.0,34600.0,3460.0,13840000.0,1.0,0.07788756765015759,10.0,26.286455813313626,123.64335865353807,1.0577248106640185,0.3327849475075433,0.04681672000006074,1.0
DEAI-PSO + proposed fitness,347,100.0,0.0,22.289033920719827,27.710966079280173,34700.0,34700.0,3470.0,13880000.0,1.0,0.07961793941934818,10.0,25.859046343938775,126.57720379627028,0.9231449895643461,0.32616583638726915,0.04487241500064556,1.0
DEAI-PSO + proposed fitness,348,100.0,0.0,22.210376733722207,27.789623266277793,34800.0,34800.0,3480.0,13920000.0,1.0,0.07865718699762106,10.0,26.282540466266767,125.45515632038571,0.9795289017082874,0.3273673976768875,0.045466859999942245,1.0
DEAI-PSO + proposed fitness,349,100.0,0.0,22.132778176837313,27.86722182316269,34900.0,34900.0,3490.0,13960000.0,1.0,0.07759855688489666,10.0,26.538137483305075,123.40083710938192,1.022254798753578,0.33573491626329205,0.045564800001739056,1.0
DEAI-PSO + proposed fitness,350,100.0,0.0,22.054856228712627,27.94514377128737,35000.0,35000.0,3500.0,14000000.0,1.0,0.07792194812468445,10.0,25.566403283405087,124.11265128243717,1.024421062749307,0.33419438307132315,0.045248410000567674,1.0
DEAI-PSO + proposed fitness,351,100.0,0.0,21.978353270107654,28.021646729892346,35100.0,35100.0,3510.0,14040000.0,1.0,0.07650295860497511,10.0,28.545562398643064,120.8776148116189,1.143251931710019,0.34254588101756034,0.045078609999109176,1.0
DEAI-PSO + proposed fitness,352,100.0,0.0,21.90050121415097,28.09949878584903,35200.0,35200.0,3520.0,14080000.0,1.0,0.0778520559566811,10.0,26.457241904486693,123.58960314579004,1.0808937787245605,0.33270893196166257,0.045840485001099295,1.0
DEAI-PSO + proposed fitness,353,100.0,0.0,21.822430221872047,28.177569778127953,35300.0,35300.0,3530.0,14120000.0,1.0,0.07807099227892209,10.0,26.07996291571741,124.038793657593,1.047053390892753,0.33373391922241463,0.04611427999843727,1.0
DEAI-PSO + proposed fitness,354,100.0,0.0,21.74302804191654,28.256971958083465,35400.0,35400.0,3540.0,14160000.0,1.0,0.07940217995551144,10.0,22.871197047117306,127.74671681904879,0.9306291268497489,0.32295504733442865,0.0443476449996524,1.0
DEAI-PSO + proposed fitness,355,100.0,0.0,21.66245563150748,28.33754436849252,35500.0,35500.0,3550.0,14200000.0,1.0,0.08057241040905616,10.0,21.9805801548828,129.63855715508538,0.8269047106988708,0.3147724469839866,0.047139780000361495,1.0
DEAI-PSO + proposed fitness,356,100.0,0.0,21.585223795026682,28.414776204973315,35600.0,35600.0,3560.0,14240000.0,1.0,0.07723183648079779,10.0,24.838275430583867,123.1541396150936,1.1383831844029004,0.3392277536133456,0.04581455500010634,1.0
DEAI-PSO + proposed fitness,357,100.0,0.0,21.507255594900517,28.492744405099483,35700.0,35700.0,3570.0,14280000.0,1.0,0.07796820012616568,10.0,26.216916963904673,123.62591879517291,1.010969091996605,0.33236146358642643,0.046299355000155626,1.0
DEAI-PSO + proposed fitness,358,100.0,0.0,21.42873627924427,28.57126372075573,35800.0,35800.0,3580.0,14320000.0,1.0,0.07851931565624568,10.0,22.131267120727568,126.90972025949584,0.9949185055827382,0.32281286089447087,0.046582444999876314,1.0
DEAI-PSO + proposed fitness,359,100.0,0.0,21.349805117701763,28.650194882298234,35900.0,35900.0,3590.0,14360000.0,1.0,0.0789311615425076,10.0,24.825728938158395,126.11207729378262,0.9384726520840498,0.32472847311826253,0.048976089999268876,1.0
DEAI-PSO + proposed fitness,360,100.0,0.0,21.2720746830205,28.727925316979498,36000.0,36000.0,3600.0,14400000.0,1.0,0.07773043468126276,10.0,25.369944740120452,124.25561056280188,1.013203639312913,0.3355007136854199,0.049373815000944885,1.0
DEAI-PSO + proposed fitness,361,100.0,0.0,21.193202719608912,28.806797280391088,36100.0,36100.0,3610.0,14440000.0,1.0,0.07887196341158838,10.0,25.87477065051109,125.19883616268166,1.0084434947876169,0.33218555257373084,0.04673305000142136,1.0
DEAI-PSO + proposed fitness,362,100.0,0.0,21.11362372013275,28.88637627986725,36200.0,36200.0,3620.0,14480000.0,1.0,0.07957899947616057,10.0,23.203363341970114,127.56883333993467,0.9166952255314682,0.3279092700572773,0.046635134999451114,1.0
DEAI-PSO + proposed fitness,363,100.0,0.0,21.035988687810512,28.964011312189484,36300.0,36300.0,3630.0,14520000.0,1.0,0.07763503232223776,10.0,25.06238699377017,123.86594896553702,1.0218224543192675,0.3380815340220063,0.04541488500108244,1.0
DEAI-PSO + proposed fitness,364,100.0,0.0,20.957955343308345,29.042044656691655,36400.0,36400.0,3640.0,14560000.0,1.0,0.07803334450216912,10.0,26.845853172237696,123.8380392949338,1.0756400554650507,0.33498599232265686,0.04618449500048882,1.0
DEAI-PSO + proposed fitness,365,100.0,0.0,20.87999240583569,29.12000759416431,36500.0,36500.0,3650.0,14600000.0,1.0,0.0779629374726527,10.0,24.676962100857303,124.72146429189479,1.0371987542373107,0.3323897290505907,0.0458120899998903,1.0
DEAI-PSO + proposed fitness,366,100.0,0.0,20.799463961389357,29.200536038610647,36600.0,36600.0,3660.0,14640000.0,1.0,0.0805284444463373,10.0,22.525552567813076,129.57721465260664,0.8391996816712732,0.31930231089247374,0.04735090499925718,1.0
DEAI-PSO + proposed fitness,367,100.0,0.0,20.720394816506662,29.279605183493338,36700.0,36700.0,3670.0,14680000.0,1.0,0.07906914488269301,10.0,23.500749513228747,126.86193959823102,0.9319657139522632,0.3231931396274154,0.04573286999948323,1.0
DEAI-PSO + proposed fitness,368,100.0,0.0,20.64235292646527,29.35764707353473,36800.0,36800.0,3680.0,14720000.0,1.0,0.07804189004138991,10.0,23.444646720155053,125.50215081553256,0.9932770545713773,0.329895895993424,0.04556216000091808,1.0
DEAI-PSO + proposed fitness,369,100.0,0.0,20.56216157780947,29.43783842219053,36900.0,36900.0,3690.0,14760000.0,1.0,0.08019134865580124,10.0,24.664349649388818,128.40904496709985,0.8059389273173796,0.3210352730027359,0.04660733999990043,1.0
DEAI-PSO + proposed fitness,370,100.0,0.0,20.483227789158057,29.516772210841943,37000.0,37000.0,3700.0,14800000.0,1.0,0.0789337886514117,10.0,22.696263349767104,126.95719276296343,0.9625077628623824,0.32611910442714115,0.046118704999389595,1.0
DEAI-PSO + proposed fitness,371,100.0,0.0,20.403458371511892,29.596541628488108,37100.0,37100.0,3710.0,14840000.0,1.0,0.07976941764616896,10.0,25.36031575116567,127.11654707693438,0.8851798765271038,0.32925325048990106,0.04663109499997518,1.0
DEAI-PSO + proposed fitness,372,100.0,0.0,20.325204085708904,29.674795914291092,37200.0,37200.0,3720.0,14880000.0,1.0,0.07825428580298546,10.0,24.51810638594009,125.26891261647896,1.0073776918871349,0.3268656746212698,0.04438996000062616,1.0
DEAI-PSO + proposed fitness,373,100.0,0.0,20.246502649698233,29.753497350301767,37300.0,37300.0,3730.0,14920000.0,1.0,0.0787014360106733,10.0,24.029962512671485,126.065237389609,0.9517757197414651,0.32850250074524495,0.04527954000041064,1.0
DEAI-PSO + proposed fitness,374,100.0,0.0,20.169004804716987,29.830995195283016,37400.0,37400.0,3740.0,14960000.0,1.0,0.07749784498124317,10.0,26.60776092411337,122.77944763317785,1.1340905394938918,0.33821958886470443,0.04703282500013302,1.0
DEAI-PSO + proposed fitness,375,100.0,0.0,20.09145925229385,29.908540747706148,37500.0,37500.0,3750.0,15000000.0,1.0,0.07754555242314005,10.0,24.27897324698675,123.94673528155059,1.0608954451254653,0.3346110732467463,0.04569462499930523,1.0
DEAI-PSO + proposed fitness,376,100.0,0.0,20.011759874941724,29.98824012505828,37600.0,37600.0,3760.0,15040000.0,1.0,0.0796993773521267,10.0,24.16330623590752,127.68686983785082,0.9091103887845641,0.3272377919762417,0.04633184999984223,1.0
DEAI-PSO + proposed fitness,377,100.0,0.0,19.933731704299827,30.066268295700173,37700.0,37700.0,3770.0,15080000.0,1.0,0.07802817064189486,10.0,25.530352394639248,124.56812794150721,0.9914559588697862,0.33136616085645326,0.04537081000053149,1.0
DEAI-PSO + proposed fitness,378,100.0,0.0,19.854509164222623,30.145490835777377,37800.0,37800.0,3780.0,15120000.0,1.0,0.07922254007720397,10.0,24.724264281680725,126.56861979198709,0.891302166992468,0.32806378862671515,0.0449228449997463,1.0
DEAI-PSO + proposed fitness,379,100.0,0.0,19.775170817844987,30.224829182155013,37900.0,37900.0,3790.0,15160000.0,1.0,0.0793383463776367,10.0,22.697684987552677,127.46213953467233,0.935988425495436,0.32984678912941845,0.04550755000054778,1.0
DEAI-PSO + proposed fitness,380,100.0,0.0,19.69610370549547,30.30389629450453,38000.0,38000.0,3800.0,15200000.0,1.0,0.07906711234951516,10.0,24.19932774485143,126.26057880828498,0.9819698990573851,0.3257948631193308,0.05146323000044504,1.0
DEAI-PSO + proposed fitness,381,100.0,0.0,19.61755056081784,30.38244943918216,38100.0,38100.0,3810.0,15240000.0,1.0,0.07855314467763161,10.0,24.06408971585072,126.3740900944467,0.9340357517810526,0.32879148463562646,0.04781780000012077,1.0
DEAI-PSO + proposed fitness,382,100.0,0.0,19.539969649424272,30.460030350575728,38200.0,38200.0,3820.0,15280000.0,1.0,0.07758091139356633,10.0,25.042177349167645,123.5566815147439,1.0316265091988348,0.3351054555735289,0.0487329999999929,1.0
DEAI-PSO + proposed fitness,383,100.0,0.0,19.462669965930555,30.53733003406945,38300.0,38300.0,3830.0,15320000.0,1.0,0.07729968349371763,10.0,26.646061954066283,122.83943082217209,1.0534518552849519,0.33114811197903504,0.04664142500150774,1.0
DEAI-PSO + proposed fitness,384,100.0,0.0,19.38445060456413,30.61554939543587,38400.0,38400.0,3840.0,15360000.0,1.0,0.07821936136642478,10.0,24.75906917823313,124.88325960413222,0.9922473020849217,0.32812322173668745,0.04610873999881733,1.0
DEAI-PSO + proposed fitness,385,100.0,0.0,19.30655221229902,30.69344778770098,38500.0,38500.0,3850.0,15400000.0,1.0,0.077898392265109,10.0,25.11491030062937,124.75714628782995,1.0062686616653402,0.3324150321496782,0.048174035000192815,1.0
DEAI-PSO + proposed fitness,386,100.0,0.0,19.228054802258615,30.77194519774139,38600.0,38600.0,3860.0,15440000.0,1.0,0.0784974100404078,10.0,24.664172516193503,125.61465357795944,0.9869214608606509,0.32837772527287845,0.046018634998836204,1.0
DEAI-PSO + proposed fitness,387,100.0,0.0,19.150902412192853,30.849097587807147,38700.0,38700.0,3870.0,15480000.0,1.0,0.07715239006576269,10.0,26.36044066819509,122.4617459692699,1.0222791488102343,0.33522217436927254,0.051618294999934734,1.0
DEAI-PSO + proposed fitness,388,100.0,0.0,19.072893629033036,30.927106370966964,38800.0,38800.0,3880.0,15520000.0,1.0,0.0780087831598145,10.0,24.278444802295045,125.12275171673491,1.0722196854670545,0.33314954052445106,0.04818537499995727,1.0
DEAI-PSO + proposed fitness,389,100.0,0.0,18.99468296127329,31.005317038726712,38900.0,38900.0,3890.0,15560000.0,1.0,0.07821066775974757,10.0,25.004660023271395,124.90884805068465,0.9535392199905637,0.3289262706564053,0.048338525000144725,1.0
DEAI-PSO + proposed fitness,390,100.0,0.0,18.916245092632604,31.083754907367393,39000.0,39000.0,3900.0,15600000.0,1.0,0.07843786864068321,10.0,26.078599013817684,125.22328146055766,0.9321658725256853,0.3295343238459591,0.046729219999178895,1.0
DEAI-PSO + proposed fitness,391,100.0,0.0,18.838176836659294,31.161823163340706,39100.0,39100.0,3910.0,15640000.0,1.0,0.07806825597331386,10.0,24.826917961345647,124.76055375420079,0.9823809303547139,0.3351527257675977,0.04571537499869009,1.0
DEAI-PSO + proposed fitness,392,100.0,0.0,18.760291654352624,31.239708345647376,39200.0,39200.0,3920.0,15680000.0,1.0,0.07788518230666722,10.0,24.423396324090426,124.58204452572936,1.0033068460930523,0.329605897920598,0.04670445999872754,1.0
DEAI-PSO + proposed fitness,393,100.0,0.0,18.682635459905697,31.317364540094303,39300.0,39300.0,3930.0,15720000.0,1.0,0.07765619444692895,10.0,27.249050540292235,123.29729210481214,1.0249113181255742,0.336878682433301,0.04619469499957631,1.0
DEAI-PSO + proposed fitness,394,100.0,0.0,18.604538212149368,31.395461787850632,39400.0,39400.0,3940.0,15760000.0,1.0,0.07809724775632869,10.0,24.233716515347293,125.00119890419346,0.9808394687029471,0.3321818143871097,0.04825310000051104,1.0
DEAI-PSO + proposed fitness,395,100.0,0.0,18.52584182128094,31.47415817871906,39500.0,39500.0,3950.0,15800000.0,1.0,0.0786963908684232,10.0,22.97617313576992,126.54627966700755,0.9613682250448845,0.32465104110786724,0.04806884000136051,1.0
DEAI-PSO + proposed fitness,396,100.0,0.0,18.446188470663014,31.553811529336986,39600.0,39600.0,3960.0,15840000.0,1.0,0.07965335061792836,10.0,23.79465326778878,127.71215717013658,0.904510768999347,0.31986428694133995,0.04961116500198841,1.0
DEAI-PSO + proposed fitness,397,100.0,0.0,18.366664881287342,31.633335118712655,39700.0,39700.0,3970.0,15880000.0,1.0,0.07952358937567094,10.0,22.659552750574033,128.69044882444246,0.8685499074304326,0.32437872924113964,0.04726818499948422,1.0
DEAI-PSO + proposed fitness,398,100.0,0.0,18.28883107687777,31.711168923122234,39800.0,39800.0,3980.0,15920000.0,1.0,0.07783380440957473,10.0,24.331091182679977,124.60779966480072,1.0590501474870804,0.33271908272172,0.04625098999895272,1.0
DEAI-PSO + proposed fitness,399,100.0,0.0,18.21077851401942,31.78922148598058,39900.0,39900.0,3990.0,15960000.0,1.0,0.07805256285834723,10.0,26.745168736006015,124.00125380127129,1.020924333072301,0.3394102446961452,0.047488075002183903,1.0
DEAI-PSO + proposed fitness,400,100.0,0.0,18.13324791919059,31.86675208080941,40000.0,40000.0,4000.0,16000000.0,1.0,0.07753059482882954,10.0,27.001098878334982,122.59029774640442,1.0338714365054293,0.33977275539903157,0.04606745000128285,1.0
DEAI-PSO + proposed fitness,401,100.0,0.0,18.054324501956323,31.945675498043677,40100.0,40100.0,4010.0,16040000.0,1.0,0.0789234172342704,10.0,22.9058978487016,127.23056925074332,1.0104940460543466,0.32634313915248253,0.04889143000036711,1.0
DEAI-PSO + proposed fitness,402,100.0,0.0,17.974297186829926,32.02570281317007,40200.0,40200.0,4020.0,16080000.0,1.0,0.08002731512639513,10.0,24.098931142250926,127.59240687921906,0.9117207467638865,0.3263869790112685,0.04699326499867311,1.0
DEAI-PSO + proposed fitness,403,100.0,0.0,17.89490306141861,32.10509693858139,40300.0,40300.0,4030.0,16120000.0,1.0,0.07939412541131877,10.0,23.818532196451955,128.24192935624956,0.872538209442749,0.3247226926712259,0.04912976500017976,1.0
DEAI-PSO + proposed fitness,404,100.0,0.0,17.817629384717172,32.18237061528283,40400.0,40400.0,4040.0,16160000.0,1.0,0.07727367670143578,10.0,25.72880248420954,123.3917723112719,1.0794184144701071,0.33970582575842706,0.045730440000625094,1.0
DEAI-PSO + proposed fitness,405,100.0,0.0,17.740742159376047,32.25925784062396,40500.0,40500.0,4050.0,16200000.0,1.0,0.07688722534112724,10.0,25.514105862755173,122.56965277645656,1.143334373367303,0.34101605752974606,0.04586882500116189,1.0
DEAI-PSO + proposed fitness,406,100.0,0.0,17.661645899577103,32.3383541004229,40600.0,40600.0,4060.0,16240000.0,1.0,0.07909625979894255,10.0,24.217167727681364,126.55240177622936,0.9007512303989686,0.3279953956255338,0.04650418999954127,1.0
DEAI-PSO + proposed fitness,407,100.0,0.0,17.58374996552806,32.41625003447194,40700.0,40700.0,4070.0,16280000.0,1.0,0.07789593404904442,10.0,25.297502669405873,124.07692481040183,1.0878905732939945,0.3318779752904503,0.04582271000035689,1.0
DEAI-PSO + proposed fitness,408,100.0,0.0,17.50543483175389,32.49456516824611,40800.0,40800.0,4080.0,16320000.0,1.0,0.07831513377416818,10.0,23.97855809071864,126.08864071919092,0.9732857886382529,0.330719596733923,0.048870305000673395,1.0
DEAI-PSO + proposed fitness,409,100.0,0.0,17.425577324042933,32.57442267595707,40900.0,40900.0,4090.0,16360000.0,1.0,0.07985750771095548,10.0,24.23200244168376,128.1525594425016,0.901745311718431,0.3247058647454273,0.048212614999647484,1.0
DEAI-PSO + proposed fitness,410,100.0,0.0,17.348352331291757,32.65164766870824,41000.0,41000.0,4100.0,16400000.0,1.0,0.0772249927511786,10.0,25.455779410445707,123.45647232582607,1.0952571275388965,0.34118062534203597,0.04711022000010416,1.0
DEAI-PSO + proposed fitness,411,100.0,0.0,17.270691685396223,32.729308314603784,41100.0,41100.0,4110.0,16440000.0,1.0,0.07766064589553627,10.0,25.672929566138862,124.25878063709042,0.9862394980904586,0.3352044111665434,0.046930530000827274,1.0
DEAI-PSO + proposed fitness,412,100.0,0.0,17.19263395293887,32.80736604706113,41200.0,41200.0,4120.0,16480000.0,1.0,0.07805773245734748,10.0,24.86622657305715,124.76263688993365,0.985956933331102,0.3344296454093629,0.046094169999560106,1.0
DEAI-PSO + proposed fitness,413,100.0,0.0,17.114656280888468,32.88534371911153,41300.0,41300.0,4130.0,16520000.0,1.0,0.0779776720504044,10.0,23.646692251674477,125.32760820573412,1.0181285410617356,0.3309591387628752,0.044448060000286206,1.0
DEAI-PSO + proposed fitness,414,100.0,0.0,17.03457806490277,32.965421935097226,41400.0,41400.0,4140.0,16560000.0,1.0,0.08007821598569746,10.0,23.469159704302193,128.50415721316108,0.903383036806758,0.3246152387049556,0.046448629999576954,1.0
DEAI-PSO + proposed fitness,415,100.0,0.0,16.957550450943977,33.04244954905602,41500.0,41500.0,4150.0,16600000.0,1.0,0.07702761395879207,10.0,25.84369176731977,122.59167320898602,1.15296467859256,0.3382526424611013,0.04882564000035927,1.0
DEAI-PSO + proposed fitness,416,100.0,0.0,16.879465743990757,33.12053425600924,41600.0,41600.0,4160.0,16640000.0,1.0,0.07808470695322453,10.0,27.777690024142135,123.29348753323593,1.0574519974943422,0.3364073215301934,0.04765449999977136,1.0
DEAI-PSO + proposed fitness,417,100.0,0.0,16.799772053880737,33.20022794611926,41700.0,41700.0,4170.0,16680000.0,1.0,0.07969369011001728,10.0,20.902381322548514,128.64304318005028,0.8796363138928655,0.3254147348472069,0.04909715499961749,1.0
DEAI-PSO + proposed fitness,418,100.0,0.0,16.721254328369888,33.27874567163011,41800.0,41800.0,4180.0,16720000.0,1.0,0.07851772551084864,10.0,23.64789201382976,125.63013360966939,1.0007307211899135,0.32954727936825146,0.04622544499943615,1.0
DEAI-PSO + proposed fitness,419,100.0,0.0,16.64153883492335,33.35846116507665,41900.0,41900.0,4190.0,16760000.0,1.0,0.07971549344653743,10.0,23.912876999753546,127.3153320331495,0.9382233563588563,0.3247894660549454,0.04744546500041906,1.0
DEAI-PSO + proposed fitness,420,100.0,0.0,16.563607311089818,33.43639268891018,42000.0,42000.0,4200.0,16800000.0,1.0,0.07793152383353145,10.0,26.370492132748023,123.59487619354377,1.0582852106623266,0.339504867294396,0.051370879999740285,1.0
DEAI-PSO + proposed fitness,421,100.0,0.0,16.48503350858335,33.514966491416644,42100.0,42100.0,4210.0,16840000.0,1.0,0.07857380250646803,10.0,23.496909913583288,126.36585990972654,0.9913592997722358,0.3349276962366771,0.04766411500095273,1.0
DEAI-PSO + proposed fitness,422,100.0,0.0,16.405677553183573,33.59432244681643,42200.0,42200.0,4220.0,16880000.0,1.0,0.07935595539977883,10.0,23.549110056344805,127.5259191664693,0.9643120380613055,0.33364156446653326,0.04940414500015322,1.0
DEAI-PSO + proposed fitness,423,100.0,0.0,16.327106854404498,33.6728931455955,42300.0,42300.0,4230.0,16920000.0,1.0,0.07857069877907437,10.0,26.486468816526703,124.43764496056119,1.0057227015815264,0.33680900026227656,0.04645589999927324,1.0
DEAI-PSO + proposed fitness,424,100.0,0.0,16.248423872038707,33.75157612796129,42400.0,42400.0,4240.0,16960000.0,1.0,0.07868298236579001,10.0,25.75474027872978,125.05234705468645,1.0303975825693752,0.33417757947668936,0.04516998499930196,1.0
DEAI-PSO + proposed fitness,425,100.0,0.0,16.170425271964135,33.829574728035865,42500.0,42500.0,4250.0,17000000.0,1.0,0.07799860007457263,10.0,22.946889368791144,125.49675576023137,0.9980380820847087,0.3348532965236613,0.04736932000087109,1.0
DEAI-PSO + proposed fitness,426,100.0,0.0,16.09295476741074,33.90704523258926,42600.0,42600.0,4260.0,17040000.0,1.0,0.07747050455339748,10.0,26.48537361269681,123.14495227679052,1.1090174221693274,0.3380940872657761,0.04615047000006598,1.0
DEAI-PSO + proposed fitness,427,100.0,0.0,16.01525319231292,33.98474680768708,42700.0,42700.0,4270.0,17080000.0,1.0,0.07770157509781876,10.0,24.75360249381358,124.0601306544622,0.9971192106636042,0.3324539784662606,0.04781569000042509,1.0
DEAI-PSO + proposed fitness,428,100.0,0.0,15.936770035805091,34.06322996419491,42800.0,42800.0,4280.0,17120000.0,1.0,0.07848315650782664,10.0,23.70182981888614,126.51092381799508,0.9378097274616806,0.33127300658442016,0.04732522500089544,1.0
DEAI-PSO + proposed fitness,429,100.0,0.0,15.85863824820638,34.14136175179362,42900.0,42900.0,4290.0,17160000.0,1.0,0.0781317875987125,10.0,23.846505997488247,125.66109097788444,0.9335859620675775,0.3307468413663873,0.04815448499939521,1.0
DEAI-PSO + proposed fitness,430,100.0,0.0,15.779449925654115,34.22055007434589,43000.0,43000.0,4300.0,17200000.0,1.0,0.07918832255226427,10.0,23.28897746154317,127.4451393525851,0.9213161124004359,0.3279324056788592,0.047782870000082765,1.0
DEAI-PSO + proposed fitness,431,100.0,0.0,15.701401573768461,34.29859842623154,43100.0,43100.0,4310.0,17240000.0,1.0,0.07804835188565455,10.0,27.142435094444956,124.0690893197453,0.9843182905045446,0.3387113001073923,0.048347090000243044,1.0
DEAI-PSO + proposed fitness,432,100.0,0.0,15.623168716798464,34.37683128320154,43200.0,43200.0,4320.0,17280000.0,1.0,0.078232856969999,10.0,26.992763006679844,123.86035593226491,1.0500296186477567,0.33892129687259337,0.04669332999983453,1.0
DEAI-PSO + proposed fitness,433,100.0,0.0,15.544524719180554,34.45547528081944,43300.0,43300.0,4330.0,17320000.0,1.0,0.07864399761790848,10.0,25.431274607666747,125.87052598532568,0.9444413865743748,0.33347574442250993,0.047974290001002375,1.0
DEAI-PSO + proposed fitness,434,100.0,0.0,15.467680991530766,34.53231900846923,43400.0,43400.0,4340.0,17360000.0,1.0,0.07684372764978749,10.0,24.983626287783963,122.82178588748252,1.1850565479939512,0.34119961609130744,0.046855734999189734,1.0
DEAI-PSO + proposed fitness,435,100.0,0.0,15.390175642655066,34.609824357344934,43500.0,43500.0,4350.0,17400000.0,1.0,0.07750534887570053,10.0,26.879966268211028,123.49677413788352,1.0823562314713873,0.33972767347171823,0.046718920001148946,1.0
DEAI-PSO + proposed fitness,436,100.0,0.0,15.312285577778374,34.687714422221624,43600.0,43600.0,4360.0,17440000.0,1.0,0.07789006487669,10.0,25.53176465773695,124.05841912914391,1.0413539555805027,0.3360201956860501,0.04416553999981261,1.0
DEAI-PSO + proposed fitness,437,100.0,0.0,15.23198825314567,34.76801174685433,43700.0,43700.0,4370.0,17480000.0,1.0,0.08029732463270607,10.0,25.04800354666795,127.38652136171295,0.9771519465779995,0.33133498875641293,0.044729365000603136,1.0
DEAI-PSO + proposed fitness,438,100.0,0.0,15.152712323890956,34.84728767610905,43800.0,43800.0,4380.0,17520000.0,1.0,0.07927592925471352,10.0,23.678753493110225,126.75750378646367,0.9758478854352364,0.3294780490880744,0.050882369999453655,1.0
DEAI-PSO + proposed fitness,439,100.0,0.0,15.074757467844742,34.92524253215526,43900.0,43900.0,4390.0,17560000.0,1.0,0.07795485604621524,10.0,25.372972321542292,124.6612759435988,1.009663603768679,0.3372661125557378,0.05074012000040966,1.0
DEAI-PSO + proposed fitness,440,100.0,0.0,14.995281444185675,35.00471855581433,44000.0,44000.0,4400.0,17600000.0,1.0,0.07947602365906566,10.0,22.854595521858997,127.60424370149003,0.8709254923998188,0.32467512453872976,0.04794322499910777,1.0
DEAI-PSO + proposed fitness,441,100.0,0.0,14.91736247730321,35.08263752269679,44100.0,44100.0,4410.0,17640000.0,1.0,0.07791896688246709,10.0,25.504067471549796,124.05106273136035,0.9986860376897045,0.3381819710279685,0.046853275000466967,1.0
DEAI-PSO + proposed fitness,442,100.0,0.0,14.83856524860119,35.16143475139881,44200.0,44200.0,4420.0,17680000.0,1.0,0.07879722870201791,10.0,23.712090230028128,126.66575154097097,0.920550917040152,0.3285691828976336,0.050900020000335645,1.0
DEAI-PSO + proposed fitness,443,100.0,0.0,14.760614283780185,35.239385716219815,44300.0,44300.0,4430.0,17720000.0,1.0,0.07795096482100447,10.0,27.792489228065726,122.88057255296562,1.0138654771876516,0.34190514078305084,0.045640944999468046,1.0
DEAI-PSO + proposed fitness,444,100.0,0.0,14.68124807491409,35.31875192508591,44400.0,44400.0,4440.0,17760000.0,1.0,0.07936620886609554,10.0,24.00394275422034,126.88571273218551,0.9843190384266671,0.3322128399596375,0.045073505000618755,1.0
DEAI-PSO + proposed fitness,445,100.0,0.0,14.602435646825834,35.39756435317417,44500.0,44500.0,4450.0,17800000.0,1.0,0.07881242808825659,10.0,25.989834317004,125.08352952963119,0.9627516970372296,0.334708683479316,0.045714254999984404,1.0
DEAI-PSO + proposed fitness,446,100.0,0.0,14.524541844129057,35.475458155870946,44600.0,44600.0,4460.0,17840000.0,1.0,0.07789380269677544,10.0,25.072140078201954,124.06018630744968,1.046876813123646,0.3347944402408909,0.04580043000059959,1.0
DEAI-PSO + proposed fitness,447,100.0,0.0,14.445433059331142,35.554566940668856,44700.0,44700.0,4470.0,17880000.0,1.0,0.07910878479791475,10.0,23.43351784100434,126.56864876424194,0.9585492179002479,0.331075581794249,0.04604899500009196,1.0
DEAI-PSO + proposed fitness,448,100.0,0.0,14.366535667035578,35.63346433296442,44800.0,44800.0,4480.0,17920000.0,1.0,0.07889739229556643,10.0,23.23095507110274,126.5499789529662,0.9734214140163291,0.33081221530283356,0.04441190000034112,1.0
DEAI-PSO + proposed fitness,449,100.0,0.0,14.287541269553316,35.712458730446684,44900.0,44900.0,4490.0,17960000.0,1.0,0.07899439748226192,10.0,24.11521034978538,126.87561006861445,0.9759212558788157,0.33275333680910585,0.04786388499960594,1.0
DEAI-PSO + proposed fitness,450,100.0,0.0,14.208917869344983,35.79108213065502,45000.0,45000.0,4500.0,18000000.0,1.0,0.07862340020833206,10.0,25.491175529540648,125.77882179617886,0.9489435483530666,0.3338875834083651,0.04727429000049597,1.0
DEAI-PSO + proposed fitness,451,100.0,0.0,14.130405060870881,35.869594939129115,45100.0,45100.0,4510.0,18040000.0,1.0,0.07851280847410039,10.0,25.193568118135413,125.43141124474676,0.9464828710863407,0.33572516209840486,0.04713850999942224,1.0
DEAI-PSO + proposed fitness,452,100.0,0.0,14.052855767797714,35.94714423220229,45200.0,45200.0,4520.0,18080000.0,1.0,0.07754929307316738,10.0,26.040160925531474,123.30151730907612,1.0928414774113697,0.33529231280492533,0.0460548099996231,1.0
DEAI-PSO + proposed fitness,453,100.0,0.0,13.975050247945969,36.02494975205403,45300.0,45300.0,4530.0,18120000.0,1.0,0.07780551985174497,10.0,23.568883721632645,125.18151875209364,0.9954848346597102,0.3352684253635734,0.04842821000056574,1.0
DEAI-PSO + proposed fitness,454,100.0,0.0,13.895798988634317,36.10420101136568,45400.0,45400.0,4540.0,18160000.0,1.0,0.07925125931165367,10.0,24.57945047190862,126.71937228442191,0.8854645419994085,0.3286995418080162,0.048029154999676395,1.0
DEAI-PSO + proposed fitness,455,100.0,0.0,13.815795282697469,36.184204717302535,45500.0,45500.0,4550.0,18200000.0,1.0,0.08000370593684902,10.0,22.10747492229725,129.1011951962085,0.877191542843318,0.32422736066173824,0.04673020000009274,1.0
DEAI-PSO + proposed fitness,456,100.0,0.0,13.737836549923705,36.2621634500763,45600.0,45600.0,4560.0,18240000.0,1.0,0.07795873277376301,10.0,25.442367921735265,124.48621262697228,1.0197333542676221,0.3371271064175292,0.04641505000035977,1.0
DEAI-PSO + proposed fitness,457,100.0,0.0,13.65813192646564,36.341868073534364,45700.0,45700.0,4570.0,18280000.0,1.0,0.0797046234580657,10.0,23.165138011304776,128.27759212756112,0.8902948984386334,0.32476132509346334,0.04471586999970896,1.0
DEAI-PSO + proposed fitness,458,100.0,0.0,13.579847788312193,36.42015221168781,45800.0,45800.0,4580.0,18320000.0,1.0,0.07828413815344604,10.0,23.888545674018935,125.64800823066398,0.9832314046417887,0.3336507331389208,0.04525547000012011,1.0
DEAI-PSO + proposed fitness,459,100.0,0.0,13.500543219958795,36.49945678004121,45900.0,45900.0,4590.0,18360000.0,1.0,0.07930456835339897,10.0,23.365742246647205,127.66741763340414,0.8772791611779691,0.32528244455783467,0.04642753999942215,1.0
DEAI-PSO + proposed fitness,460,100.0,0.0,13.422198174847964,36.57780182515204,46000.0,46000.0,4600.0,18400000.0,1.0,0.07834504511082914,10.0,26.18805938369199,124.55858674189366,0.9998760266171514,0.33773774148795666,0.046285285001067676,1.0
DEAI-PSO + proposed fitness,461,100.0,0.0,13.343531830058797,36.656468169941206,46100.0,46100.0,4610.0,18440000.0,1.0,0.07866634478916934,10.0,25.975749455225138,125.22083282130214,0.9832464710660027,0.3318664152556915,0.04753573999987566,1.0
DEAI-PSO + proposed fitness,462,100.0,0.0,13.26391408276086,36.73608591723914,46200.0,46200.0,4620.0,18480000.0,1.0,0.07961774729793421,10.0,25.733166888500694,126.55520210570974,0.9204817499880328,0.33500293351160465,0.04824079000063648,1.0
DEAI-PSO + proposed fitness,463,100.0,0.0,13.186160185348186,36.813839814651814,46300.0,46300.0,4630.0,18520000.0,1.0,0.07775389741267631,10.0,25.834639942841466,124.06774987753718,1.0754525518157259,0.3406820273822497,0.05013200499925006,1.0
DEAI-PSO + proposed fitness,464,100.0,0.0,13.108233193913724,36.891766806086274,46400.0,46400.0,4640.0,18560000.0,1.0,0.07792699143446154,10.0,26.750529089253057,123.44804668450567,1.0569032366798046,0.33787474135113027,0.04806874999958381,1.0
DEAI-PSO + proposed fitness,465,100.0,0.0,13.031130241817559,36.968869758182436,46500.0,46500.0,4650.0,18600000.0,1.0,0.07710295209616343,10.0,27.083677723088424,122.5471321191526,1.0763329900820733,0.34510242795446744,0.0465400849996513,1.0
DEAI-PSO + proposed fitness,466,100.0,0.0,12.953016987277593,37.04698301272241,46600.0,46600.0,4660.0,18640000.0,1.0,0.07811325453996805,10.0,25.21162936975581,124.2460353321931,1.0134926423725088,0.33763350037791146,0.046294685000611936,1.0
DEAI-PSO + proposed fitness,467,100.0,0.0,12.87491250054462,37.125087499455375,46700.0,46700.0,4670.0,18680000.0,1.0,0.07810448673297285,10.0,24.4755487201791,125.57475281998704,0.9997106767204184,0.3383149374229682,0.04607908500001941,1.0
DEAI-PSO + proposed fitness,468,100.0,0.0,12.795184099893318,37.20481590010668,46800.0,46800.0,4680.0,18720000.0,1.0,0.07972840065130064,10.0,22.2574075877369,128.44202628251207,0.9286402098621812,0.3286038032638787,0.04762155999887909,1.0
DEAI-PSO + proposed fitness,469,100.0,0.0,12.716573819343095,37.2834261806569,46900.0,46900.0,4690.0,18760000.0,1.0,0.07861028055022282,10.0,23.677147457164367,126.10952015589233,0.963575775559295,0.33586959963733654,0.04859499499943922,1.0
DEAI-PSO + proposed fitness,470,100.0,0.0,12.637411658598458,37.36258834140154,47000.0,47000.0,4700.0,18800000.0,1.0,0.07916216074463697,10.0,24.792980868243564,126.39579576730516,0.930609405195068,0.3303856206773669,0.0468596949998755,1.0
DEAI-PSO + proposed fitness,471,100.0,0.0,12.558687579486726,37.44131242051328,47100.0,47100.0,4710.0,18840000.0,1.0,0.0787240791117334,10.0,26.643077132391944,124.88639675241461,0.9831287846864472,0.336188102791657,0.04756315500053461,1.0
DEAI-PSO + proposed fitness,472,100.0,0.0,12.480725206959885,37.51927479304011,47200.0,47200.0,4720.0,18880000.0,1.0,0.07796237252683849,10.0,26.808271525957412,123.75060693735293,1.0736174598519586,0.3437541514548222,0.04628964499970607,1.0
DEAI-PSO + proposed fitness,473,100.0,0.0,12.403213267585599,37.5967867324144,47300.0,47300.0,4730.0,18920000.0,1.0,0.07751193937428794,10.0,25.186029399134412,123.65183317617834,1.0616284639843023,0.33817252506697393,0.04675120000065362,1.0
DEAI-PSO + proposed fitness,474,100.0,0.0,12.325096841660883,37.67490315833912,47400.0,47400.0,4740.0,18960000.0,1.0,0.07811642592471477,10.0,24.309716617299728,125.40716056597225,1.025320887635102,0.3351610602287063,0.04537206999993941,1.0
DEAI-PSO + proposed fitness,475,100.0,0.0,12.248029375214212,37.751970624785784,47500.0,47500.0,4750.0,19000000.0,1.0,0.07706746644667054,10.0,25.879702680115543,122.8204063670473,1.069636819682363,0.3443894445747221,0.04729108499959693,1.0
DEAI-PSO + proposed fitness,476,100.0,0.0,12.170116205386654,37.829883794613345,47600.0,47600.0,4760.0,19040000.0,1.0,0.07791316982756005,10.0,26.77986196618326,123.27239201503919,1.0597178225965458,0.34067355848953623,0.04871351000037975,1.0
DEAI-PSO + proposed fitness,477,100.0,0.0,12.091083504928099,37.9089164950719,47700.0,47700.0,4770.0,19080000.0,1.0,0.07903270045855378,10.0,23.29170433191272,127.09582594445808,0.9259538950755797,0.3331389039030623,0.04499929499943391,1.0
DEAI-PSO + proposed fitness,478,100.0,0.0,12.013920841382834,37.986079158617166,47800.0,47800.0,4780.0,19120000.0,1.0,0.07716266354526491,10.0,28.837543142938756,121.51125357119979,1.1342087884268979,0.3472433735079611,0.046748015000775925,1.0
DEAI-PSO + proposed fitness,479,100.0,0.0,11.935961685146673,38.06403831485333,47900.0,47900.0,4790.0,19160000.0,1.0,0.07795915623616212,10.0,24.80667901929636,124.84542522189341,0.9990675885186434,0.3409912501877195,0.046873369999229905,1.0
DEAI-PSO + proposed fitness,480,100.0,0.0,11.857517457479048,38.14248254252095,48000.0,48000.0,4800.0,19200000.0,1.0,0.07844422766762475,10.0,24.38427890209699,125.39537656058587,1.022876259617444,0.33686352308433515,0.04684944000000542,1.0
DEAI-PSO + proposed fitness,481,100.0,0.0,11.777874404287163,38.22212559571284,48100.0,48100.0,4810.0,19240000.0,1.0,0.07964305319188555,10.0,23.611195642545656,127.58787725516486,0.9557788042785255,0.33135907915677915,0.047576649998882205,1.0
DEAI-PSO + proposed fitness,482,100.0,0.0,11.699467797913131,38.30053220208687,48200.0,48200.0,4820.0,19280000.0,1.0,0.0784066063740311,10.0,24.250710210755827,125.08068367439166,1.0287111162044167,0.33984990914057767,0.046340575000431275,1.0
DEAI-PSO + proposed fitness,483,100.0,0.0,11.620304470267463,38.37969552973254,48300.0,48300.0,4830.0,19320000.0,1.0,0.0791633276456678,10.0,24.262157343047758,126.78639715690488,0.9524602100229016,0.33302282646524917,0.04746217499960039,1.0
DEAI-PSO + proposed fitness,484,100.0,0.0,11.540845476872448,38.45915452312755,48400.0,48400.0,4840.0,19360000.0,1.0,0.07945899339501512,10.0,23.362707331909665,127.317941066457,0.925648575372297,0.32938323202627584,0.04769133500049065,1.0
DEAI-PSO + proposed fitness,485,100.0,0.0,11.461893088633008,38.538106911366995,48500.0,48500.0,4850.0,19400000.0,1.0,0.07895238823944073,10.0,24.219624354560292,126.87706712772778,0.9192302748116615,0.3337572294481458,0.04691400500050804,1.0
DEAI-PSO + proposed fitness,486,100.0,0.0,11.381800790559254,38.618199209440746,48600.0,48600.0,4860.0,19440000.0,1.0,0.08009229807375381,10.0,20.933543352224284,129.66244881087124,0.8201355296773025,0.32228105484939246,0.04646418499942229,1.0
DEAI-PSO + proposed fitness,487,100.0,0.0,11.303087156605717,38.69691284339429,48700.0,48700.0,4870.0,19480000.0,1.0,0.07871363395353681,10.0,24.63400472963256,125.79798947551141,1.0034658177092715,0.3363514294607072,0.046037979999528036,1.0
DEAI-PSO + proposed fitness,488,100.0,0.0,11.22470236534809,38.77529763465191,48800.0,48800.0,4880.0,19520000.0,1.0,0.0783847912576281,10.0,24.14422895030168,125.40811071876053,0.9711365906061259,0.3332674853874166,0.04497435000084806,1.0
DEAI-PSO + proposed fitness,489,100.0,0.0,11.146812739209523,38.85318726079048,48900.0,48900.0,4890.0,19560000.0,1.0,0.07788962613856602,10.0,23.331761496611,124.98979651860904,1.0004343476615807,0.3404667230857639,0.046375589999297515,1.0
DEAI-PSO + proposed fitness,490,100.0,0.0,11.069957598022187,38.930042401977815,49000.0,49000.0,4900.0,19600000.0,1.0,0.07685514118733643,10.0,26.79942898383647,121.38177536716572,1.1537808032661467,0.3453893575196111,0.04612998500124377,1.0
DEAI-PSO + proposed fitness,491,100.0,0.0,10.992200476177382,39.00779952382261,49100.0,49100.0,4910.0,19640000.0,1.0,0.07775712184480392,10.0,25.230603903603793,124.05715183342056,1.0797838527934593,0.33976796934346926,0.047037265000108165,1.0
DEAI-PSO + proposed fitness,492,100.0,0.0,10.913726527863897,39.08627347213611,49200.0,49200.0,4920.0,19680000.0,1.0,0.07847394831348505,10.0,23.1966109333394,127.03380587311692,0.9523904824153009,0.33904531533142696,0.04588058000044839,1.0
DEAI-PSO + proposed fitness,493,100.0,0.0,10.83600706784949,39.16399293215051,49300.0,49300.0,4930.0,19720000.0,1.0,0.07771946001440666,10.0,24.55488344919184,124.95577708637461,1.034216175030203,0.33846932822544584,0.04765430000006745,1.0
DEAI-PSO + proposed fitness,494,100.0,0.0,10.758629673271997,39.241370326728,49400.0,49400.0,4940.0,19760000.0,1.0,0.07737739457749351,10.0,27.056012626019292,122.5087859878137,1.0509551256626142,0.34192087583980874,0.04746803500020178,1.0
DEAI-PSO + proposed fitness,495,100.0,0.0,10.680101376331617,39.31989862366838,49500.0,49500.0,4950.0,19800000.0,1.0,0.07852829694037941,10.0,24.246860162470053,125.95263918180922,0.9860357200272084,0.33785272586100945,0.04582667999893601,1.0
DEAI-PSO + proposed fitness,496,100.0,0.0,10.6015277492129,39.398472250787094,49600.0,49600.0,4960.0,19840000.0,1.0,0.07857362711871704,10.0,23.58510700906002,126.23559252659076,1.0053385913302868,0.3367203168662999,0.04669385000124748,1.0
DEAI-PSO + proposed fitness,497,100.0,0.0,10.522427409113536,39.47757259088646,49700.0,49700.0,4970.0,19880000.0,1.0,0.079100340099364,10.0,24.812741330416568,126.52381870346433,0.9305957010071297,0.3351635986074678,0.04617275499986136,1.0
DEAI-PSO + proposed fitness,498,100.0,0.0,10.44517448243092,39.55482551756908,49800.0,49800.0,4980.0,19920000.0,1.0,0.07725292668261644,10.0,26.46543471164187,122.86941071503888,1.1932848756005634,0.34261139959021186,0.046191585000269694,1.0
DEAI-PSO + proposed fitness,499,100.0,0.0,10.365923679665828,39.634076320334174,49900.0,49900.0,4990.0,19960000.0,1.0,0.07925080276509266,10.0,23.789048892041514,126.74472078054718,0.9390110901889122,0.33580265170583995,0.04666828500085103,1.0
DEAI-PSO + proposed fitness,500,100.0,0.0,10.287468586695825,39.71253141330418,50000.0,50000.0,5000.0,20000000.0,1.0,0.07845509297000382,10.0,24.852055765791572,125.86970161488537,0.9201925207892685,0.33955756628579914,0.04692488000000594,1.0
DEAI-PSO + proposed fitness,501,100.0,0.0,10.208128093560656,39.79187190643934,50100.0,50100.0,5010.0,20040000.0,1.0,0.07934049313516703,10.0,21.822849638801436,128.23410347465503,0.8911338083777517,0.3312013402199785,0.047805919999154865,1.0
DEAI-PSO + proposed fitness,502,100.0,0.0,10.128893116809866,39.87110688319014,50200.0,50200.0,5020.0,20080000.0,1.0,0.07923497675079036,10.0,21.68752777937525,127.98822909430535,0.902452301861301,0.3296408001361383,0.04649946999925305,1.0
DEAI-PSO + proposed fitness,503,100.0,0.0,10.049727059680075,39.95027294031992,50300.0,50300.0,5030.0,20120000.0,1.0,0.07916605712979186,10.0,25.962295202151267,125.5017875721721,0.9278238680251791,0.33451465053979496,0.04586301499948604,1.0
DEAI-PSO + proposed fitness,504,100.0,0.0,9.970689696331826,40.02931030366817,50400.0,50400.0,5040.0,20160000.0,1.0,0.0790373633482492,10.0,23.776327349434716,125.99555318625664,1.008973842217346,0.33749040923764484,0.046315959999265036,1.0
DEAI-PSO + proposed fitness,505,100.0,0.0,9.892030604444576,40.10796939555542,50500.0,50500.0,5050.0,20200000.0,1.0,0.0786590918872482,10.0,25.033061242194368,125.78181418557892,0.9887732695960736,0.3400423550704295,0.04627813000042806,1.0
DEAI-PSO + proposed fitness,506,100.0,0.0,9.813798589389766,40.18620141061024,50600.0,50600.0,5060.0,20240000.0,1.0,0.07823201505481277,10.0,24.55327642907283,125.54852626197562,1.0264090284904483,0.341155244925798,0.04755263999941235,1.0
DEAI-PSO + proposed fitness,507,100.0,0.0,9.735021343458962,40.26497865654104,50700.0,50700.0,5070.0,20280000.0,1.0,0.07877724593080244,10.0,26.612208185412737,124.90731576768462,0.9154076779298057,0.33857931022893106,0.04471691499929875,1.0
DEAI-PSO + proposed fitness,508,100.0,0.0,9.656933355032097,40.343066644967905,50800.0,50800.0,5080.0,20320000.0,1.0,0.07808798842686579,10.0,25.729014800014077,124.6742998428479,1.0542575022782341,0.3453761616845513,0.046175854999455625,1.0
DEAI-PSO + proposed fitness,509,100.0,0.0,9.578785891062237,40.42121410893776,50900.0,50900.0,5090.0,20360000.0,1.0,0.0781474639698588,10.0,24.729344529302065,124.48782572001164,1.0526490297601505,0.3443997228868455,0.042052739999417096,1.0
DEAI-PSO + proposed fitness,510,100.0,0.0,9.499628993334628,40.500371006665375,51000.0,51000.0,5100.0,20400000.0,1.0,0.07915689772761039,10.0,25.04804849605969,126.18138016196933,0.9567434069820437,0.3354186227550455,0.04715996999839263,1.0
DEAI-PSO + proposed fitness,511,100.0,0.0,9.422037727378374,40.577962272621626,51100.0,51100.0,5110.0,20440000.0,1.0,0.07759126595625361,10.0,25.555198244772384,124.06103576741312,1.0151348817540828,0.34610861023068085,0.04638879500125768,1.0
DEAI-PSO + proposed fitness,512,100.0,0.0,9.34311531395294,40.656884686047064,51200.0,51200.0,5120.0,20480000.0,1.0,0.07892241342543493,10.0,23.697530028173503,126.95327640034812,0.9390074101384686,0.3334284035966905,0.046098889999848326,1.0
DEAI-PSO + proposed fitness,513,100.0,0.0,9.263471473311174,40.73652852668882,51300.0,51300.0,5130.0,20520000.0,1.0,0.0796438406417653,10.0,22.633331858808482,127.87182556831264,0.9298009040534977,0.3321466798462538,0.0455216799997288,1.0
DEAI-PSO + proposed fitness,514,100.0,0.0,9.184762752676168,40.81523724732383,51400.0,51400.0,5140.0,20560000.0,1.0,0.07870872063500625,10.0,26.409682968875938,124.9903437019371,1.0071909132848114,0.3425972414660373,0.04727302999926906,1.0
DEAI-PSO + proposed fitness,515,100.0,0.0,9.106448345598361,40.893551654401634,51500.0,51500.0,5150.0,20600000.0,1.0,0.07831440707780621,10.0,26.182585618004698,124.71267419316264,1.0158865591214077,0.3429282771274682,0.046413389999361246,1.0
DEAI-PSO + proposed fitness,516,100.0,0.0,9.028126498973922,40.97187350102608,51600.0,51600.0,5160.0,20640000.0,1.0,0.0783218466244386,10.0,22.94586605148543,126.37195568149552,0.972866484412385,0.3414698249291107,0.04695742499970947,1.0
DEAI-PSO + proposed fitness,517,100.0,0.0,8.950227589497842,41.04977241050216,51700.0,51700.0,5170.0,20680000.0,1.0,0.0778989094760802,10.0,24.654619811296214,124.45777784127509,1.123329484922793,0.34293020367672833,0.04581615000133752,1.0
DEAI-PSO + proposed fitness,518,100.0,0.0,8.871284213390187,41.12871578660982,51800.0,51800.0,5180.0,20720000.0,1.0,0.07894337610765652,10.0,24.436322770526004,126.24436593307841,0.977304270860917,0.33737978571296146,0.04587718000002496,1.0
DEAI-PSO + proposed fitness,519,100.0,0.0,8.793131387066136,41.20686861293386,51900.0,51900.0,5190.0,20760000.0,1.0,0.07815282632404932,10.0,25.037311920016865,125.29183106344351,0.9572450081570272,0.339648612587934,0.046746429999984684,1.0
DEAI-PSO + proposed fitness,520,100.0,0.0,8.714331693366741,41.28566830663326,52000.0,52000.0,5200.0,20800000.0,1.0,0.07879969369939407,10.0,23.70424807309044,126.49505404293919,0.9159772562961971,0.33993972329965516,0.0486168200004613,1.0
DEAI-PSO + proposed fitness,521,100.0,0.0,8.635723498730101,41.3642765012699,52100.0,52100.0,5210.0,20840000.0,1.0,0.07860819463664082,10.0,24.025617996038026,126.57731876260353,0.8982932763455611,0.3417370709905448,0.04789338999980828,1.0
DEAI-PSO + proposed fitness,522,100.0,0.0,8.55752602948576,41.442473970514236,52200.0,52200.0,5220.0,20880000.0,1.0,0.07819746924433942,10.0,25.52653150823526,124.79334212354874,1.0165386733719541,0.34463886776579594,0.04781477000142331,1.0
DEAI-PSO + proposed fitness,523,100.0,0.0,8.479546093403929,41.520453906596074,52300.0,52300.0,5230.0,20920000.0,1.0,0.07797993608183255,10.0,25.415828823970962,124.5399022555566,1.0286425940426827,0.3430185492888395,0.048196334998647214,1.0
DEAI-PSO + proposed fitness,524,100.0,0.0,8.401549475807574,41.59845052419242,52400.0,52400.0,5240.0,20960000.0,1.0,0.07799661759635575,10.0,25.378598693135476,124.66090192535928,1.0206947055002855,0.3466909867404475,0.047537614999964714,1.0
DEAI-PSO + proposed fitness,525,100.0,0.0,8.324357480232726,41.67564251976727,52500.0,52500.0,5250.0,21000000.0,1.0,0.07719199557484702,10.0,27.129909572107067,122.17305606117107,1.1116924581343695,0.3465015485980023,0.04897561500074517,1.0
DEAI-PSO + proposed fitness,526,100.0,0.0,8.246318961954909,41.75368103804509,52600.0,52600.0,5260.0,21040000.0,1.0,0.07803851827781849,10.0,24.72806390322836,124.6272928321572,0.9327536811307761,0.337687928280583,0.04767613499971048,1.0
DEAI-PSO + proposed fitness,527,100.0,0.0,8.166725969150859,41.83327403084914,52700.0,52700.0,5270.0,21080000.0,1.0,0.07959299280404837,10.0,23.48375093563117,127.82461238841668,0.8874635131701524,0.33314811573723047,0.046801084998514854,1.0
DEAI-PSO + proposed fitness,528,100.0,0.0,8.088066900552374,41.91193309944763,52800.0,52800.0,5280.0,21120000.0,1.0,0.07865906859848537,10.0,24.285518378487332,125.75603157517926,0.9741913619121227,0.34482868021635726,0.04579411500053539,1.0
DEAI-PSO + proposed fitness,529,100.0,0.0,8.009464576219457,41.99053542378054,52900.0,52900.0,5290.0,21160000.0,1.0,0.07860232433291628,10.0,24.97718236222702,125.58872129394467,1.0111162621840921,0.33999772381413573,0.04961871499981498,1.0
DEAI-PSO + proposed fitness,530,100.0,0.0,7.931658084450307,42.068341915549695,53000.0,53000.0,5300.0,21200000.0,1.0,0.07780649176915086,10.0,24.965863211235703,124.13464168387183,1.0511487198499574,0.34293099989147896,0.0472336600003473,1.0
DEAI-PSO + proposed fitness,531,100.0,0.0,7.8537308360912785,42.14626916390872,53100.0,53100.0,5310.0,21240000.0,1.0,0.07792724835902773,10.0,24.961105221910945,124.83273302572336,1.024007377343585,0.3481066414008473,0.04709464500010654,1.0
DEAI-PSO + proposed fitness,532,100.0,0.0,7.776438003425011,42.223561996574986,53200.0,53200.0,5320.0,21280000.0,1.0,0.0772928326662679,10.0,29.150507025716553,121.79241817630366,1.158639746156262,0.35167189363606216,0.046734565000224396,1.0
DEAI-PSO + proposed fitness,533,100.0,0.0,7.699123704123056,42.30087629587695,53300.0,53300.0,5330.0,21320000.0,1.0,0.07731429930195577,10.0,25.251441943332896,123.63370214803032,1.1032533726753946,0.347776726978672,0.04590466999979981,1.0
DEAI-PSO + proposed fitness,534,100.0,0.0,7.621795635522135,42.37820436447787,53400.0,53400.0,5340.0,21360000.0,1.0,0.07732806860092105,10.0,26.82052822764001,122.61063084934521,1.1617435947049972,0.3493233374931653,0.04621762999995553,1.0
DEAI-PSO + proposed fitness,535,100.0,0.0,7.543708674838449,42.45629132516155,53500.0,53500.0,5350.0,21400000.0,1.0,0.07808696068368545,10.0,25.04752522818718,124.91634773169645,0.9762817525955473,0.3429752860303189,0.04651762500070618,1.0
DEAI-PSO + proposed fitness,536,100.0,0.0,7.465240131475447,42.53475986852455,53600.0,53600.0,5360.0,21440000.0,1.0,0.07846854336300173,10.0,24.23077940329254,125.96280340590988,0.9920657020813571,0.3425124927874755,0.05039438499989046,1.0
DEAI-PSO + proposed fitness,537,100.0,0.0,7.386770460415322,42.61322953958468,53700.0,53700.0,5370.0,21480000.0,1.0,0.07846967106012634,10.0,23.620124975964433,126.03428708064828,0.9467067462562004,0.33925612004640876,0.0497986549999041,1.0
DEAI-PSO + proposed fitness,538,100.0,0.0,7.3083026998352665,42.69169730016473,53800.0,53800.0,5380.0,21520000.0,1.0,0.0784677605800542,10.0,26.51105204243955,124.60715553316736,1.043133571034701,0.3465718051738478,0.04616904999966209,1.0
DEAI-PSO + proposed fitness,539,100.0,0.0,7.2298530563546874,42.770146943645315,53900.0,53900.0,5390.0,21560000.0,1.0,0.07844964348057903,10.0,25.7550259794779,125.12383333665025,0.991645313193333,0.34715916318579887,0.04920584000064991,1.0
DEAI-PSO + proposed fitness,540,100.0,0.0,7.151456283734087,42.848543716265915,54000.0,54000.0,5400.0,21600000.0,1.0,0.0783967726206006,10.0,25.98367073350001,125.05567886362576,1.0383492681773319,0.3467781096304662,0.0491379049992247,1.0
DEAI-PSO + proposed fitness,541,100.0,0.0,7.072393464069809,42.927606535930195,54100.0,54100.0,5410.0,21640000.0,1.0,0.0790628196642786,10.0,22.823388649391298,127.1056477502932,0.9001383546647093,0.3365640163210323,0.04781215499897371,1.0
DEAI-PSO + proposed fitness,542,100.0,0.0,6.992502662503074,43.00749733749693,54200.0,54200.0,5420.0,21680000.0,1.0,0.07989080156673403,10.0,23.1028082321412,128.47918567330052,0.866793088741072,0.333650996201761,0.04690565500022785,1.0
DEAI-PSO + proposed fitness,543,100.0,0.0,6.914041749949812,43.08595825005019,54300.0,54300.0,5430.0,21720000.0,1.0,0.07846091255326341,10.0,25.249458685380368,124.67933165701136,1.0001957444202072,0.3451395812430871,0.048499495000578464,1.0
DEAI-PSO + proposed fitness,544,100.0,0.0,6.835567660003589,43.16443233999641,54400.0,54400.0,5440.0,21760000.0,1.0,0.07847408994622143,10.0,22.619591331461628,126.47009026774845,0.9814227894350822,0.34086937962291397,0.05163698499927705,1.0
DEAI-PSO + proposed fitness,545,100.0,0.0,6.756624753385116,43.24337524661489,54500.0,54500.0,5450.0,21800000.0,1.0,0.07894290661847489,10.0,25.133443197380586,126.12171039722705,1.0131496940359757,0.34692520241069424,0.04995813499990618,1.0
DEAI-PSO + proposed fitness,546,100.0,0.0,6.677921351662794,43.32207864833721,54600.0,54600.0,5460.0,21840000.0,1.0,0.07870340172232027,10.0,23.529758615753387,125.99259405601961,1.0252733282717992,0.3468176612933024,0.047920470000826755,1.0
DEAI-PSO + proposed fitness,547,100.0,0.0,6.600341486527382,43.399658513472616,54700.0,54700.0,5470.0,21880000.0,1.0,0.07757986513541253,10.0,24.728889093706485,124.03083685333372,1.0157519507516155,0.350409433269394,0.04833087999977579,1.0
DEAI-PSO + proposed fitness,548,100.0,0.0,6.5225461740989275,43.47745382590107,54800.0,54800.0,5480.0,21920000.0,1.0,0.0777953124284541,10.0,24.601700608105563,124.5184846908118,1.043068138133071,0.3497935468433537,0.04827632999986235,1.0
DEAI-PSO + proposed fitness,549,100.0,0.0,6.444750185379505,43.555249814620495,54900.0,54900.0,5490.0,21960000.0,1.0,0.0777959887194228,10.0,24.290026680582233,124.5882381532227,1.043751464059399,0.34842714437566136,0.04788664499938022,1.0
DEAI-PSO + proposed fitness,550,100.0,0.0,6.367341799501975,43.63265820049803,55000.0,55000.0,5500.0,22000000.0,1.0,0.07740838587753014,10.0,26.27386840215138,122.85132334509692,1.111652844067489,0.35399150053540923,0.04559454500049469,1.0
DEAI-PSO + proposed fitness,551,100.0,0.0,6.289108638156831,43.71089136184317,55100.0,55100.0,5510.0,22040000.0,1.0,0.07823316134514376,10.0,24.752075614065483,125.50101471221751,0.9714400565420332,0.35013270850810446,0.04571410499956983,1.0
DEAI-PSO + proposed fitness,552,100.0,0.0,6.211215026876781,43.788784973123214,55200.0,55200.0,5520.0,22080000.0,1.0,0.0778936112800501,10.0,24.56630816372426,124.57649268034675,1.0325550918864514,0.3525057367658994,0.045965480000086247,1.0
DEAI-PSO + proposed fitness,553,100.0,0.0,6.1337754384882555,43.86622456151174,55300.0,55300.0,5530.0,22120000.0,1.0,0.07743958838852612,10.0,26.353691566110133,123.03094313488225,1.0900349902890931,0.3511406067178706,0.04703626000118675,1.0
DEAI-PSO + proposed fitness,554,100.0,0.0,6.056647580676296,43.9433524193237,55400.0,55400.0,5540.0,22160000.0,1.0,0.07712785781195915,10.0,28.141619460241962,121.22847017070744,1.2118659019457643,0.35524152812437537,0.04570764499949291,1.0
DEAI-PSO + proposed fitness,555,100.0,0.0,5.978717888896941,44.02128211110306,55500.0,55500.0,5550.0,22200000.0,1.0,0.07792969177935564,10.0,24.335358383241243,124.41752862044416,1.0447272229565479,0.34418030425412016,0.04694435500023246,1.0
DEAI-PSO + proposed fitness,556,100.0,0.0,5.899466526412126,44.10053347358787,55600.0,55600.0,5560.0,22240000.0,1.0,0.07925136248481421,10.0,23.703838612800908,127.40750929645814,0.9317651877661269,0.33981898182896686,0.0470485549994919,1.0
DEAI-PSO + proposed fitness,557,100.0,0.0,5.820766420952289,44.17923357904771,55700.0,55700.0,5570.0,22280000.0,1.0,0.07870010545983694,10.0,23.34270068915403,126.00360928415145,0.9976941963875865,0.34221876209898605,0.05093772000036552,1.0
DEAI-PSO + proposed fitness,558,100.0,0.0,5.741604354153573,44.25839564584643,55800.0,55800.0,5580.0,22320000.0,1.0,0.07916206679871671,10.0,24.71286644477737,126.72154681247859,0.9222742153728778,0.3412188940748958,0.04747111500037136,1.0
DEAI-PSO + proposed fitness,559,100.0,0.0,5.663284232051003,44.336715767949,55900.0,55900.0,5590.0,22360000.0,1.0,0.07832012210256985,10.0,24.95318602624294,125.27419532656435,1.0108784387150653,0.34911867861383794,0.047368660001666285,1.0
DEAI-PSO + proposed fitness,560,100.0,0.0,5.584516712004399,44.4154832879956,56000.0,56000.0,5600.0,22400000.0,1.0,0.07876752004660395,10.0,24.53426207834419,126.41382178180206,0.9389751082416498,0.3442043730732253,0.04753625999946962,1.0
DEAI-PSO + proposed fitness,561,100.0,0.0,5.507008484524102,44.4929915154759,56100.0,56100.0,5610.0,22440000.0,1.0,0.077508227480297,10.0,22.853236118300618,124.60955374499221,1.042064989018896,0.3498498889530246,0.047323149999647283,1.0
DEAI-PSO + proposed fitness,562,100.0,0.0,5.427970751977712,44.57202924802229,56200.0,56200.0,5620.0,22480000.0,1.0,0.07903773254638946,10.0,25.335457628866344,126.1646657454647,0.9265753494039549,0.34645071246127424,0.047572374999435854,1.0
DEAI-PSO + proposed fitness,563,100.0,0.0,5.3491414146766285,44.65085858532338,56300.0,56300.0,5630.0,22520000.0,1.0,0.07882933730108432,10.0,25.132946450169747,126.06792935299013,0.933100380566003,0.3477678308285132,0.04722366999994847,1.0
DEAI-PSO + proposed fitness,564,100.0,0.0,5.271262291162242,44.728737708837755,56400.0,56400.0,5640.0,22560000.0,1.0,0.07787912351438611,10.0,26.517085853861243,122.90627999814168,1.0982465361855467,0.35679785012707255,0.04626882500051579,1.0
DEAI-PSO + proposed fitness,565,100.0,0.0,5.192946939835142,44.807053060164854,56500.0,56500.0,5650.0,22600000.0,1.0,0.07831535132709926,10.0,26.589287825864226,124.14593689046933,1.0679740645538822,0.3568066309897452,0.0480370999994193,1.0
DEAI-PSO + proposed fitness,566,100.0,0.0,5.113866525439584,44.88613347456042,56600.0,56600.0,5660.0,22640000.0,1.0,0.07908041439555888,10.0,26.759190702303943,124.8259245856274,1.000924502937379,0.35233281677133965,0.04766596000008576,1.0
DEAI-PSO + proposed fitness,567,100.0,0.0,5.034636939803061,44.965363060196935,56700.0,56700.0,5670.0,22680000.0,1.0,0.07922958563652278,10.0,23.86731740524657,126.93850425587728,0.9483505633852525,0.3433462628813651,0.04631369999951858,1.0
DEAI-PSO + proposed fitness,568,100.0,0.0,4.9548388480184835,45.04516115198152,56800.0,56800.0,5680.0,22720000.0,1.0,0.07979809178457767,10.0,22.14514119645061,128.33946561516564,0.9167604676371843,0.3442677872247655,0.048014664999573145,1.0
DEAI-PSO + proposed fitness,569,100.0,0.0,4.874646691061633,45.125353308938365,56900.0,56900.0,5690.0,22760000.0,1.0,0.0801921569568494,10.0,22.711572096087043,128.76597927469703,0.8460364826195628,0.3438939221184144,0.048317890000180344,1.0
DEAI-PSO + proposed fitness,570,100.0,0.0,4.796228989438082,45.203771010561915,57000.0,57000.0,5700.0,22800000.0,1.0,0.07841770162355181,10.0,25.831087344215746,124.53744053789032,0.9498387346033678,0.35055312600208105,0.04567159499929403,1.0
DEAI-PSO + proposed fitness,571,100.0,0.0,4.7171794274620344,45.282820572537965,57100.0,57100.0,5710.0,22840000.0,1.0,0.0790495619760472,10.0,25.053593027004176,125.6664597946587,0.9451616708316267,0.35269285712545734,0.046349445000305425,1.0
DEAI-PSO + proposed fitness,572,100.0,0.0,4.6401511588972495,45.35984884110275,57200.0,57200.0,5720.0,22880000.0,1.0,0.07702826856478491,10.0,26.984908478760048,122.25440135103433,1.1517883008133694,0.3563586382389682,0.04770256999981939,1.0
DEAI-PSO + proposed fitness,573,100.0,0.0,4.562438591659292,45.437561408340706,57300.0,57300.0,5730.0,22920000.0,1.0,0.07771256723795679,10.0,26.882525719299018,123.29897406780435,1.0213347824154828,0.35710729346458187,0.04716322000022046,1.0
DEAI-PSO + proposed fitness,574,100.0,0.0,4.484455629805098,45.5155443701949,57400.0,57400.0,5740.0,22960000.0,1.0,0.07798296185419476,10.0,26.08450070952651,124.38086844212053,0.9701632519874867,0.35716953538060964,0.04715906500023266,1.0
DEAI-PSO + proposed fitness,575,100.0,0.0,4.406707163213589,45.59329283678641,57500.0,57500.0,5750.0,23000000.0,1.0,0.07774846659150939,10.0,25.405939194968774,123.4609659283501,1.0501388828955895,0.35444634499007144,0.046413364999170884,1.0
DEAI-PSO + proposed fitness,576,100.0,0.0,4.3290218375025775,45.67097816249742,57600.0,57600.0,5760.0,23040000.0,1.0,0.07768532571101194,10.0,26.155340042669327,123.34397877100028,1.1217441181643122,0.3511843495336739,0.047089294999022965,1.0
DEAI-PSO + proposed fitness,577,100.0,0.0,4.25054629092714,45.74945370907286,57700.0,57700.0,5770.0,23080000.0,1.0,0.07847554657543723,10.0,24.951469307262386,124.75583363522045,1.017481971255967,0.3535220075070025,0.04807277999898361,1.0
DEAI-PSO + proposed fitness,578,100.0,0.0,4.172205718962858,45.82779428103714,57800.0,57800.0,5780.0,23120000.0,1.0,0.07834057196428158,10.0,23.900796646272706,125.38453243043753,0.9776479799829788,0.3521485523260495,0.047407244999703835,1.0
DEAI-PSO + proposed fitness,579,100.0,0.0,4.093761469782828,45.90623853021717,57900.0,57900.0,5790.0,23160000.0,1.0,0.07844424918003008,10.0,24.810224616274976,126.15215213838208,0.9136125743584079,0.35398404883320855,0.045203145000778024,1.0
DEAI-PSO + proposed fitness,580,100.0,0.0,4.014667147717082,45.985332852282916,58000.0,58000.0,5800.0,23200000.0,1.0,0.07909432206574539,10.0,23.508498995314138,127.29604637384591,0.895737447521394,0.34692123213939546,0.047693039999649044,1.0
DEAI-PSO + proposed fitness,581,100.0,0.0,3.9353585990638593,46.06464140093614,58100.0,58100.0,5810.0,23240000.0,1.0,0.0793085486532232,10.0,24.28419554302227,127.46551263641724,0.9478077537793939,0.35252324353545333,0.04853471000096761,1.0
DEAI-PSO + proposed fitness,582,100.0,0.0,3.8565641799125077,46.14343582008749,58200.0,58200.0,5820.0,23280000.0,1.0,0.0787944191513518,10.0,25.797254950618104,125.9513240692152,0.9553436876526703,0.35981312850872976,0.046484734999830836,1.0
DEAI-PSO + proposed fitness,583,99.95,0.05,3.778357204602444,46.22164279539756,58300.0,58299.95,5830.0,23320000.0,0.999999142367067,0.07820697531006347,10.0,23.99322575792448,125.94434239001055,0.9964594453830513,0.35394788137773825,0.047949784999946135,0.9994999999999999
DEAI-PSO + proposed fitness,584,99.9,0.1,3.7004219742595104,46.29957802574049,58399.95,58397.85,5839.95,23359800.0,0.9999640404801452,0.07793523034293373,10.0,27.323523523727403,123.1528574598461,1.0938685692036618,0.8596710208097462,0.04453552499981015,0.9792929292929292
DEAI-PSO + proposed fitness,585,99.75,0.25,3.6231903784208157,46.376809621579184,58499.85,58497.6,5849.95,23399800.0,0.9999615364890507,0.07723159583869477,10.0,26.6441646791231,123.20976148135803,1.0655388722935533,0.35680124736960017,0.04834357500112674,0.9984693877551021
DEAI-PSO + proposed fitness,586,99.65,0.35,3.545243904641687,46.45475609535831,58599.6,58597.25,5859.95,23439800.0,0.9999598921354451,0.07794647377912847,10.0,24.99852962591107,125.30863097695246,0.9977276905907587,0.3565401400306657,0.04945983999896271,0.9989473684210527
DEAI-PSO + proposed fitness,587,99.6,0.4,3.4679896437134183,46.532010356286584,58699.25,58696.85,5869.9,23479600.0,0.9999591036891881,0.07725426092826906,9.95,25.900099416213738,123.362336264796,1.0247769061120122,0.360142620626548,0.04697620500119228,0.9994623655913978
DEAI-PSO + proposed fitness,588,99.6,0.4,3.3913288546061695,46.608671145393835,58798.85,58796.45,5879.85,23519400.0,0.9999591677016519,0.07666078910724904,9.95,25.669358027335136,122.12627951355611,1.1033532586496322,0.35980118247507187,0.04656531000036921,1.0
DEAI-PSO + proposed fitness,589,99.4,0.6,3.314292330389405,46.68570766961059,58898.45,58889.7,5889.7,23558800.0,0.9998513943984457,0.07703652421676424,9.95,26.384699461504443,124.3638739522789,1.1002296473017412,1.3556230486260534,0.04483050499984529,0.9338478260869565
DEAI-PSO + proposed fitness,590,99.15,0.85,3.2363678718480324,46.76363212815197,58997.85,58988.85,5899.65,23598600.0,0.9998473896696656,0.07792445854137257,9.95,27.225420016599422,124.82620138791378,0.9089654951726892,0.3591490409689621,0.0472205700014456,0.997312925170068
DEAI-PSO + proposed fitness,591,98.75,1.25,3.158287778800381,46.841712221199614,59097.0,59086.25,5909.55,23638200.0,0.999818005963139,0.07808009304765089,9.95,23.49122692612163,126.95610204189288,0.9243315412506181,0.3561312780491697,0.047207795000940675,0.9815014367816092
DEAI-PSO + proposed fitness,592,98.6,1.4,3.0813990557534594,46.91860094424654,59195.75,59184.85,5919.4,23677600.0,0.9998157376261769,0.07688872304692185,9.85,28.782337131833998,122.31160772720807,0.9660045930041876,0.359026175235414,0.04596134500134212,0.9982428533962759
DEAI-PSO + proposed fitness,593,98.35,1.65,3.005010066546634,46.99498993345337,59294.35,59280.8,5929.2,23716800.0,0.9997712954866312,0.07638898920682584,9.85,25.845867930288897,123.92432342441336,1.0243654193459455,0.8567349301445271,0.04712427000013122,0.9708695652173913
DEAI-PSO + proposed fitness,594,97.75,2.25,2.9294407340372097,47.070559265962785,59392.7,59376.5,5939.0,23756000.0,0.9997269785392643,0.07556933250942409,9.85,27.94170399441264,122.73784937271814,1.0642304460411685,0.8673091802769435,0.04485149999964051,0.9703368999421631
DEAI-PSO + proposed fitness,595,97.35,2.65,2.8524841982142517,47.14751580178575,59490.45,59473.85,5948.75,23795000.0,0.999720605233,0.07695653582295803,9.75,25.589353129454423,125.38683321968449,0.8790152947918545,0.353512750763606,0.04624559999901976,0.9946794097920858
DEAI-PSO + proposed fitness,596,96.75,3.25,2.7754968496818027,47.2245031503182,59587.8,59568.95,5958.45,23833800.0,0.9996831644881574,0.07698734853244889,9.75,26.747589387882567,125.81364249949817,0.9013201667586113,0.8589048414294345,0.045740239999213374,0.9723911028730307
DEAI-PSO + proposed fitness,597,96.05,3.95,2.6990410453871885,47.30095895461281,59684.55,59665.0,5968.1,23872400.0,0.9996717821453263,0.07645580429461418,9.65,24.149481572348858,126.86485584483562,0.8519417018104061,0.3537791682780974,0.04725647999948705,0.9899714098262485
DEAI-PSO + proposed fitness,598,95.6,4.4,2.6246190947709396,47.37538090522906,59780.6,59760.6,5977.75,23911000.0,0.999664593772701,0.07442195061624912,9.65,26.910723829946512,123.26445077133678,1.0117716845925535,0.3618972361021927,0.0481662750000396,0.9935433751893379
DEAI-PSO + proposed fitness,599,95.0,5.0,2.551361911887835,47.44863808811216,59876.2,59855.6,5987.3,23949200.0,0.9996548858422949,0.07325718288310454,9.55,26.467921124898975,122.43759959617766,0.9828120092377534,0.35834557638947334,0.04887058999993314,0.9904043474032289
DEAI-PSO + proposed fitness,600,94.15,5.85,2.4792290372906116,47.52077096270939,59971.2,59947.8,5996.8,23987200.0,0.9996084871227622,0.07213287459722312,9.55,26.437047424910777,121.86538950257518,1.0615061709229978,0.8634702357341801,0.04400258499954361,0.9663333333333334
DEAI-PSO + proposed fitness,601,93.55,6.45,2.4065633588701214,47.593436641129884,60065.35,60039.25,6006.2,24024800.0,0.9995638631653898,0.07266567842049045,9.45,26.30582792998902,123.4322704164122,0.9497712295156617,0.3583448122126383,0.045228599999973085,0.9679290836837421
DEAI-PSO + proposed fitness,602,92.85,7.15,2.335450380686306,47.66454961931369,60158.9,60127.65,6015.5,24062000.0,0.9994786345052729,0.07111297818381575,9.4,25.211805928529316,122.91983001490505,0.9440989082053726,1.3607350731911338,0.04608451499952935,0.9402178077439401
DEAI-PSO + proposed fitness,603,92.4,7.6,2.2647805288075005,47.7352194711925,60251.75,60220.05,6024.85,24099400.0,0.9994716320366713,0.07066985187880502,9.35,28.08071763677724,120.47411048728797,1.0462400237772667,0.3624731416126909,0.04463733999982651,0.9927812397114723
DEAI-PSO + proposed fitness,604,91.5,8.5,2.1957659072342137,47.80423409276578,60344.15,60311.55,6034.15,24136600.0,0.9994571277344233,0.06901462157328694,9.3,29.414227233563288,117.98553622963136,1.1723273225735937,0.37919881120218596,0.043027649999930875,0.9816542055595182
DEAI-PSO + proposed fitness,605,90.55,9.45,2.1253508191023998,47.874649180897606,60435.65,60400.6,6043.35,24173400.0,0.9994170269857422,0.07041508813181399,9.25,27.753433443822455,122.33264030307953,0.915987418893956,0.8592172455465583,0.04486792500028969,0.9685689136795401
DEAI-PSO + proposed fitness,606,89.3,10.7,2.056550910822494,47.943449089177506,60526.2,60484.25,6052.3,24209200.0,0.9993034749714715,0.06879990827990576,9.1,29.60865786725992,121.20899236724668,0.957971304170145,1.8615150422241407,0.04356323500032886,0.9079536160235868
DEAI-PSO + proposed fitness,607,88.35,11.65,1.9882789089709973,48.011721091029,60615.5,60568.65,6061.15,24244600.0,0.9992232204333714,0.06827200185149637,8.95,27.654321871589854,121.99316327975366,0.8925978073615773,1.3588692952393797,0.04255253000046651,0.9376114947235636
DEAI-PSO + proposed fitness,608,87.5,12.5,1.9213935369374269,48.07860646306257,60703.85,60656.15,6070.05,24280200.0,0.999209826931361,0.06688537203357059,8.9,29.395762086115006,119.71109046813949,0.9208650900484452,0.3599160888028256,0.04212971000088146,0.9817116320212296
DEAI-PSO + proposed fitness,609,86.45,13.55,1.8552090109324015,48.1447909890676,60791.35,60742.6,6078.8,24315200.0,0.999193153301207,0.06618452600502527,8.75,29.933876604079092,119.84264120010673,0.9203077654581762,0.3651238376414645,0.041890739999507785,0.9810945594042572
DEAI-PSO + proposed fitness,610,85.05,14.95,1.7907334706302838,48.209266529369714,60877.8,60826.15,6087.45,24349800.0,0.9991460509872614,0.06447554030211808,8.7,32.9481987150221,116.66768612451301,0.9352772564014329,0.8643546432780171,0.04212531499979377,0.9463944098832192
DEAI-PSO + proposed fitness,611,84.25,15.75,1.7267514945796463,48.273248505420355,60962.85,60910.4,6095.95,24383800.0,0.9991334779173646,0.06398197605063712,8.5,28.62992797240567,118.82596482557354,0.9725387996116048,0.35962383103867224,0.04018069999910949,0.9805730247668555
DEAI-PSO + proposed fitness,612,83.45,16.55,1.664393416630902,48.3356065833691,61047.1,60989.5,6104.35,24417400.0,0.999049646732274,0.06235807794874441,8.5,28.27709557163224,118.09210462629247,1.077148737757028,1.37071105582326,0.043770650000078605,0.9166211462254733
DEAI-PSO + proposed fitness,613,82.35,17.65,1.6020616007266177,48.39793839927338,61130.55,61070.05,6112.7,24450800.0,0.9990028355444629,0.06233181590428449,8.4,29.679390634274796,119.08834628429841,0.9171020060747027,0.8627317510516603,0.04273978999990504,0.9577351917462454
DEAI-PSO + proposed fitness,614,81.0,19.0,1.5401285031722254,48.45987149682777,61212.9,61151.05,6120.9,24483600.0,0.998981380130296,0.06193309755439206,8.2,31.19651121539369,117.97266911055915,0.8050294442068713,0.35107298404865533,0.04049530000047526,0.9706025018050397
DEAI-PSO + proposed fitness,615,80.05,19.95,1.4792583457812563,48.520741654218746,61293.9,61226.25,6129.0,24516000.0,0.9988875900805283,0.060870157390969404,8.2,28.659429000003627,119.40589711837804,0.83099720484112,1.3539599320168954,0.03853447500077891,0.932093974256888
DEAI-PSO + proposed fitness,616,78.5,21.5,1.4204723130229107,48.57952768697709,61373.95,61299.45,6137.0,24548000.0,0.9987768548767211,0.05878603275834534,8.1,28.077290718041837,118.44873316186973,0.9352004129546234,1.35965797425521,0.037826150000910275,0.897516617757051
DEAI-PSO + proposed fitness,617,77.35,22.65,1.3622554323505836,48.63774456764942,61452.45,61376.8,6145.0,24580000.0,0.9987588709966759,0.05821688067232715,8.0,28.32397519542309,117.25667201234319,0.8732075742936057,0.36450415426382543,0.03918516999983694,0.9682133590436095
DEAI-PSO + proposed fitness,618,76.1,23.9,1.304419595081814,48.69558040491818,61529.8,61451.05,6152.75,24611000.0,0.9987093893377695,0.057835837268769466,7.8,31.019723977524837,116.94011988399492,0.7450026599172285,0.8603280663302446,0.039981214999352234,0.9626083370820213
DEAI-PSO + proposed fitness,619,74.95,25.05,1.2475566871747956,48.75244331282521,61605.9,61526.0,6160.4,24641600.0,0.9986914734126682,0.05686290790701855,7.65,29.745291752407162,117.05401678843464,0.7401071202837529,0.3646249298687034,0.03798598499924992,0.9732967791891227
DEAI-PSO + proposed fitness,620,73.9,26.1,1.1921096904901636,48.80789030950984,61680.85,61599.9,6167.95,24671800.0,0.9986751645694667,0.05544699668463188,7.55,30.223089257534603,117.36431922401331,0.7684115445006519,0.36633916078022777,0.04124404000067443,0.9689010074999406
DEAI-PSO + proposed fitness,621,72.4,27.6,1.1378006061198085,48.86219939388019,61754.75,61672.3,6175.4,24701600.0,0.9986515479099154,0.0543090843703552,7.45,29.263745925554083,117.4594745736197,0.7817695355158901,0.36988937622939966,0.03989863000024343,0.9584739265559158
DEAI-PSO + proposed fitness,622,71.15,28.85,1.0842418586025329,48.91575814139747,61827.15,61741.2,6182.65,24730600.0,0.9985958734025211,0.05355874751727576,7.3,28.425144082840042,117.18941785841464,0.7102263830237329,0.8603580801737474,0.036020730000382174,0.9545120027603227
DEAI-PSO + proposed fitness,623,70.2,29.8,1.0316000952029942,48.96839990479701,61898.3,61809.35,6189.8,24759200.0,0.9985483033896594,0.05264176339953858,7.2,27.64131074852275,118.18352839167342,0.7247697011073637,0.8630261053834488,0.03684085500062793,0.9537887553956974
DEAI-PSO + proposed fitness,624,69.1,30.9,0.9793139169226794,49.02068608307732,61968.5,61876.9,6196.95,24787800.0,0.9985064776214709,0.05228617828031484,7.2,28.335448747224905,117.75912329307089,0.6512930930788445,0.8627295293470368,0.03640994500019588,0.9606863277995311
DEAI-PSO + proposed fitness,625,67.55,32.45,0.928581829079735,49.07141817092027,62037.6,61944.45,6204.0,24816000.0,0.9984822165145669,0.05073208784294446,7.05,28.546183324437873,116.2808021170496,0.734399583990369,0.36592143391230064,0.0352195750001556,0.9557194630780167
DEAI-PSO + proposed fitness,626,66.2,33.8,0.8790497282420727,49.12095027175793,62105.15,62006.25,6210.8,24843200.0,0.9983909689064108,0.049532100837662206,6.9,25.931840361113338,117.30161163030357,0.6766758304818687,1.8583995036509595,0.03666967999961344,0.9253692760192129
DEAI-PSO + proposed fitness,627,64.75,35.25,0.8314831976812285,49.16851680231877,62171.35,62069.05,6217.4,24869600.0,0.9983374170459893,0.04756653056084427,6.65,30.138233016322687,114.31143804161215,0.7157379492854947,0.3737657600948056,0.033860249999997906,0.9474761535510504
DEAI-PSO + proposed fitness,628,63.25,36.75,0.7849518997121668,49.21504810028783,62236.1,62132.3,6223.95,24895800.0,0.998314249994762,0.04653129796906156,6.55,31.66307555192564,114.86619579703756,0.7038238361909892,0.368354827975761,0.033387919999586305,0.9662128712790252
DEAI-PSO + proposed fitness,629,61.65,38.35,0.7402607790494452,49.25973922095055,62299.35,62190.25,6230.3,24921200.0,0.9982306844285468,0.0446911206627217,6.45,29.71175458210758,112.55989331511803,0.7633269332541401,1.8682343300904893,0.0317408949988021,0.9322678836011562
DEAI-PSO + proposed fitness,630,59.7,40.3,0.6957896414224408,49.304210358577556,62361.0,62249.95,6236.55,24946200.0,0.9982004260270128,0.04447113762700432,6.25,32.43870058019277,113.79144070035295,0.6242319976724557,0.36795521901934247,0.03130783000124211,0.954688502008351
DEAI-PSO + proposed fitness,631,58.2,41.8,0.6531224460976185,49.34687755390238,62420.7,62304.65,6242.45,24969800.0,0.9981218379222323,0.04266719532482232,6.0,32.133336749598605,114.1937495188819,0.6734997923528891,1.3732633946382569,0.03128931999999622,0.9242342141456413
DEAI-PSO + proposed fitness,632,56.2,43.8,0.6129320979461557,49.38706790205384,62478.9,62354.0,6248.2,24992800.0,0.9979824232931346,0.0401903481514628,5.9,32.806766349298705,113.24927608636942,0.7556379061059901,1.8698928110115414,0.03172408999962499,0.8676882153038559
DEAI-PSO + proposed fitness,633,54.25,45.75,0.5740919191666439,49.42590808083336,62535.1,62406.1,6253.9,25015600.0,0.9979184235884471,0.03884017877951185,5.75,31.221811839028113,110.63135926191781,0.7156080453620955,0.8720837813469544,0.030983289999130647,0.9192143547367158
DEAI-PSO + proposed fitness,634,52.5,47.5,0.5366129244324643,49.46338707556753,62589.35,62455.25,6259.3,25037200.0,0.99783882663091,0.03747899473417955,5.5,29.34254201742674,112.17190472150882,0.6507271735792095,0.877237855215544,0.03125742999873182,0.9240784400262211
DEAI-PSO + proposed fitness,635,50.1,49.9,0.5001996594790411,49.49980034052096,62641.85,62501.7,6264.6,25058400.0,0.9977442038511939,0.03641326495342327,5.5,28.87835276782289,115.05707296230548,0.5860193323349205,1.8796291532442644,0.03056716499995673,0.863884989020151
DEAI-PSO + proposed fitness,636,48.15,51.85,0.4658775633703748,49.53412243662963,62691.95,62545.25,6269.5,25078000.0,0.9976419118415507,0.03432209610866627,5.05,29.645746345560145,113.41020850174718,0.521657888822705,1.875030376276517,0.028409214999919642,0.848620491450051
DEAI-PSO + proposed fitness,637,45.3,54.7,0.4328286623045951,49.5671713376954,62740.1,62588.75,6274.3,25097200.0,0.9975694714153611,0.033048901065779665,4.95,28.495564075330996,114.05880589598743,0.5429296327293703,1.8806234554645662,0.027438744999744812,0.8094929650690965
DEAI-PSO + proposed fitness,638,42.7,57.3,0.4025220342361916,49.59747796576381,62785.4,62628.05,6278.8,25115200.0,0.99747609295146,0.03030662806840357,4.7,25.413320964228607,112.34873349841708,0.4564525340645235,2.3689951197819274,0.02651573500006634,0.8009445492733789
DEAI-PSO + proposed fitness,639,40.85,59.15,0.3736783870711422,49.62632161292886,62828.1,62666.7,6283.2,25132800.0,0.9974135652888393,0.03204849685005485,4.944444444444445,27.826020564543374,112.70502155676489,0.5196293227526083,1.4789385498115037,0.028894305557009323,0.920952608180869
DEAI-PSO + proposed fitness,640,38.7,61.3,0.34661407718284315,49.65338592281715,62868.95,62705.4,6287.45,25149800.0,0.9973807912141291,0.03007145543144335,4.722222222222222,28.24550665910637,112.00689200634324,0.5026758884168279,0.35898620220990485,0.027199588887823565,0.9334210574613268
DEAI-PSO + proposed fitness,641,37.4,62.6,0.32057546723040864,49.679424532769595,62907.65,62742.8,6291.4,25165600.0,0.9973612930421207,0.028931788836038377,4.388888888888889,28.557106703495364,111.36122152614833,0.3829894563901879,0.35799191855439016,0.02593985555439657,0.9414984458829232
DEAI-PSO + proposed fitness,642,36.05,63.95,0.29601277501302364,49.703987224986975,62945.05,62776.45,6295.25,25181000.0,0.9973036009015216,0.027291880241538884,4.333333333333333,26.597006476382045,110.64586286063351,0.4540812993695132,0.9109254571410172,0.027041011109961093,0.9127932485322459
DEAI-PSO + proposed fitness,643,34.3,65.7,0.27238808369558354,49.72761191630441,62981.1,62810.75,6299.05,25196200.0,0.9972770810818277,0.026249657019377908,4.222222222222222,26.556324164587462,110.21382680663048,0.3941122624757132,0.36010302102357855,0.025506316667209223,0.9208581704714339
DEAI-PSO + proposed fitness,644,32.2,67.8,0.25010002647862756,49.74989997352137,63015.4,62842.85,6302.55,25210200.0,0.9972433097428075,0.024764508018839997,4.0,28.016729209303843,109.93690624023345,0.3893521379687572,1.4696282816208117,0.025104949999836715,0.8200646750927827
DEAI-PSO + proposed fitness,645,30.0,70.0,0.22937599109770446,49.770624008902296,63047.6,62872.8,6305.8,25223200.0,0.9972088705707722,0.024381218095203643,3.8823529411764706,26.63822902317334,111.74478391490054,0.34126398978058603,0.9451769748365483,0.024822835294745507,0.8625956209915009
DEAI-PSO + proposed fitness,646,28.15,71.85,0.2097914552901498,49.79020854470985,63077.6,62900.95,6309.0,25236000.0,0.9971806834214488,0.023040630361828948,3.823529411764706,27.232082260766262,110.82661217994165,0.3683269130262431,0.9363016118066667,0.023986147059237257,0.8569502352033895
DEAI-PSO + proposed fitness,647,26.55,73.45,0.1918676478831722,49.80813235211683,63105.75,62925.85,6311.9,25247600.0,0.9971308610666785,0.022404759258722026,3.6875,26.58105936212528,108.90029778257528,0.3656298570606492,0.9787793862150368,0.02462194999861822,0.9004817810266257
DEAI-PSO + proposed fitness,648,25.35,74.65,0.17471416935789164,49.82528583064211,63132.3,62951.2,6314.6,25258400.0,0.9971128194405058,0.021441848156600704,3.375,26.421059745102063,109.13656739878765,0.2952452523971901,0.34463276250032615,0.02304397499983679,0.9351448468895232
DEAI-PSO + proposed fitness,649,23.95,76.05,0.1587268831387676,49.84127311686123,63157.65,62972.5,6317.15,25268600.0,0.9970507884575566,0.019984107773905038,3.3125,24.396077621208697,110.00472384092441,0.25808572405598357,1.5949394025977346,0.022184687499247957,0.8743130324250681
DEAI-PSO + proposed fitness,650,22.6,77.4,0.14363428855232555,49.85636571144767,63181.6,62994.8,6319.65,25278600.0,0.9970257188316737,0.018865743233052602,3.1875,25.31067459174515,108.72941397000355,0.258275129321624,0.9789506383238527,0.021782262499982608,0.8813139525767135
DEAI-PSO + proposed fitness,651,20.75,79.25,0.129561640107024,49.87043835989298,63204.2,63015.5,6322.0,25288000.0,0.9969967514319908,0.017590810556626913,3.0,24.206540036876937,109.43214035496955,0.232631078667986,1.612740499102064,0.0202880874994662,0.8339963768950007
DEAI-PSO + proposed fitness,652,19.4,80.6,0.11692517260746423,49.883074827392534,63224.95,63031.8,6324.1,25296400.0,0.9969286694337234,0.015795584374449702,2.8125,24.987092943323134,109.04181015430483,0.30479298700845375,2.236985245403262,0.021617843749936583,0.7656432189751273
DEAI-PSO + proposed fitness,653,17.85,82.15,0.10508624762019406,49.89491375237981,63244.35,63047.4,6326.05,25304200.0,0.9968705075973384,0.015785233316360246,2.8,23.374323484294088,108.50912365138521,0.2707631570086904,2.360856566136187,0.02006595999991987,0.7909702293711611
DEAI-PSO + proposed fitness,654,16.8,83.2,0.09401365080328991,49.90598634919671,63262.2,63064.1,6327.95,25311800.0,0.9968531324579386,0.014763462422538851,2.6666666666666665,25.45726891613027,110.29898167291124,0.21702977737544593,1.7171178248576955,0.01996784666698659,0.8105653684153722
DEAI-PSO + proposed fitness,655,15.5,84.5,0.08383051959962912,49.91616948040037,63279.0,63079.6,6329.75,25319000.0,0.9968334603038389,0.014547330290943994,2.7142857142857144,26.013093813194,110.39704523318562,0.21367472425985962,1.8203396886973766,0.019596928570016253,0.7584115383319762
DEAI-PSO + proposed fitness,656,14.45,85.55,0.0743950346411423,49.92560496535886,63294.5,63094.05,6331.4,25325600.0,0.9968177458911448,0.015725808264144697,2.8333333333333335,25.595173347042756,110.12300982744459,0.22157455624942726,2.0185708255817363,0.01978419999916999,0.8218597269800134
DEAI-PSO + proposed fitness,657,12.95,87.05,0.06597140627521221,49.93402859372479,63308.95,63107.0,6332.95,25331800.0,0.9967951366867143,0.015315687938054707,2.8181818181818183,24.855587734696062,108.80124442522275,0.2736663181213701,0.3706808574765991,0.02073226363691819,0.8847647567743262
DEAI-PSO + proposed fitness,658,11.9,88.1,0.05841662865768891,49.94158337134231,63321.9,63117.8,6334.25,25337000.0,0.996762580554685,0.013735959304587826,2.5454545454545454,24.669345151292887,110.02744296124416,0.2330060215957429,2.200230577652356,0.0199844272733158,0.7921776718827357
DEAI-PSO + proposed fitness,659,10.8,89.2,0.05153992059730243,49.94846007940269,63333.8,63128.6,6335.55,25342200.0,0.9967460753357926,0.012503105564339041,2.4545454545454546,23.954305626952852,107.56921683752624,0.22685548185180401,1.2670532160020032,0.019660463636021384,0.8093532131195786
DEAI-PSO + proposed fitness,660,10.0,90.0,0.04525966601749027,49.954740333982514,63344.6,63138.6,6336.7,25346800.0,0.996734203075528,0.012560509159624329,2.3,23.074483702809765,108.13975297591837,0.1635926993958996,0.3659257652371382,0.019125239999993937,0.9286646806001645
DEAI-PSO + proposed fitness,661,9.1,90.9,0.03948425235817714,49.96051574764182,63354.6,63147.7,6337.8,25351200.0,0.99672077621236,0.01155082731862626,2.2,26.710486677880034,108.8562072070711,0.15868649275545121,0.3835901170714408,0.019041969998943385,0.9158796028532871
DEAI-PSO + proposed fitness,662,8.0,92.0,0.03442053581048855,49.96557946418951,63363.7,63155.7,6338.85,25355400.0,0.9967043058469786,0.010127433095377164,2.1,25.19926786104753,107.63590343763829,0.16308622664701217,0.38235787888865336,0.021771559998160227,0.9019562647754137
DEAI-PSO + proposed fitness,663,7.2,92.8,0.029959322021622593,49.97004067797838,63371.7,63162.65,6339.7,25358800.0,0.9966884429046521,0.008922427577731932,1.8,24.25289363600795,106.75677048940854,0.06452953670302379,1.3606865702721183,0.020026389999839012,0.8082029728805523
DEAI-PSO + proposed fitness,664,6.45,93.55,0.02605926705245512,49.97394073294755,63378.9,63168.8,6340.45,25361800.0,0.9966725293626819,0.007800109938334942,1.7,21.75684112965131,106.09322031693175,0.071979895214035,2.3707143234441435,0.01958191000157967,0.7601569162544772
DEAI-PSO + proposed fitness,665,5.95,94.05,0.022399279558472728,49.97760072044153,63385.35,63174.65,6341.25,25365000.0,0.9966635441758627,0.007319974987964786,1.7,23.48299757015949,109.59015351262069,0.05775035224271936,1.3925082080680844,0.018122669999138454,0.8091025641025642
DEAI-PSO + proposed fitness,666,5.15,94.85,0.019243891781919924,49.98075610821808,63391.3,63179.8,6341.95,25367800.0,0.9966515404356142,0.006310775553105599,1.6,24.84032259735481,108.34368171896062,0.05486853873524063,2.3937681266404356,0.017525299999397247,0.7413875598086125
DEAI-PSO + proposed fitness,667,4.7,95.3,0.0163995871324919,49.98360041286751,63396.45,63184.5,6342.6,25370400.0,0.9966448965158582,0.007110761623570065,1.625,17.49988599747425,107.46214808852426,0.0622491183514922,0.37364957750220584,0.018227362498691946,0.9439328631138976
DEAI-PSO + proposed fitness,668,4.0,96.0,0.013895599801983868,49.986104400198016,63401.15,63188.35,6343.15,25372600.0,0.996632054890403,0.006259968326270082,1.5,19.892860547615538,107.66880560860288,0.04590939818732045,1.6381909438291133,0.01779341250039579,0.7882603686635945
DEAI-PSO + proposed fitness,669,3.35,96.65,0.011812301009106258,49.9881876989909,63405.15,63191.65,6343.65,25374600.0,0.9966215020584392,0.005208246982194022,1.375,15.979813682229858,109.0283563496869,0.023282774987947574,1.6395722901604604,0.017867512502562022,0.7732034412955466
DEAI-PSO + proposed fitness,670,2.85,97.15,0.01001199450084358,49.98998800549916,63408.5,63194.4,6344.1,25376400.0,0.9966124392356643,0.004500766270656698,1.375,18.6398225274331,108.82672544420969,0.027041620267203036,2.8815503807436653,0.015453037501174549,0.6579166666666667
DEAI-PSO + proposed fitness,671,2.55,97.45,0.008493207914676157,49.991506792085325,63411.35,63196.95,6344.45,25377800.0,0.9966079506350306,0.004339390246192639,1.1428571428571428,19.249070670437618,106.54965773082499,0.0,1.8312501412056166,0.01563457142765401,0.7971861471861471
DEAI-PSO + proposed fitness,672,2.1,97.9,0.007203082210223216,49.992796917789775,63413.9,63199.0,6344.7,25378800.0,0.996600353335016,0.004300419014843133,1.1666666666666667,18.080719468832445,108.26434955142803,0.007936507936507936,3.7181090655086897,0.016616100000343675,0.603030303030303
DEAI-PSO + proposed fitness,673,1.85,98.15,0.005995144187237331,49.99400485581276,63416.0,63200.85,6344.95,25379800.0,0.9965966379450757,0.00483175209194354,1.2,32.30317584847894,110.07751167142865,0.009523809523809523,2.381154808965463,0.015330440000980161,0.7365079365079366
DEAI-PSO + proposed fitness,674,1.5,98.5,0.0050405344075393575,49.99495946559246,63417.85,63202.35,6345.2,25380800.0,0.996591401252136,0.004773048898489868,1.25,22.270637925952485,109.11331515398119,0.013157894736842105,0.40223401219970145,0.014664649999758694,0.8085056390977443
DEAI-PSO + proposed fitness,675,1.35,98.65,0.00420807566693052,49.99579192433307,63419.35,63203.7,6345.45,25381800.0,0.9965891998918985,0.004162293703044188,1.25,21.576915169189434,110.83865805492336,0.014705882352941176,0.3746214020722548,0.017263549998460803,0.9558823529411764
DEAI-PSO + proposed fitness,676,1.35,98.65,0.0034043912539801955,49.99659560874602,63420.7,63205.05,6345.65,25382600.0,0.9965892563458857,0.004018422064751621,1.0,22.995182253628048,109.9128171530607,0.0,0.4139016835217691,0.014256675001888652,1.0
DEAI-PSO + proposed fitness,677,1.0,99.0,0.0027170252463091437,49.997282974753695,63422.05,63205.95,6345.8,25383200.0,0.9965824998067905,0.0034368300383552618,1.0,31.829467669143362,105.71775206575148,0.0,2.9372796553976306,0.015426974998263177,0.6464285714285715
DEAI-PSO + proposed fitness,678,0.85,99.15,0.0021411995997502762,49.99785880040025,63423.05,63206.8,6346.0,25384000.0,0.9965802732395093,0.0028791282327943354,1.0,26.795369906244616,111.1383302957748,0.0,0.4349805025855937,0.013233749999926658,0.8920454545454546
DEAI-PSO + proposed fitness,679,0.55,99.45,0.0017434521293170934,49.99825654787068,63423.9,63207.35,6346.1,25384400.0,0.9965757550607538,0.001988737352165915,1.0,25.915207215845076,112.01046569552265,0.0,5.486023272609843,0.014265649999288144,0.4722222222222222
DEAI-PSO + proposed fitness,680,0.55,99.45,0.0014183824578691856,49.99858161754213,63424.45,63207.9,6346.2,25384800.0,0.9965757799315412,0.003250696714479078,1.0,15.747216685835225,107.51749884969641,0.0,0.40003385442847744,0.014470950001850724,1.0
DEAI-PSO + proposed fitness,681,0.55,99.45,0.00108655051947202,49.998913449480526,63425.0,63208.45,6346.3,25385200.0,0.9965758047975433,0.003318319383971656,1.0,13.917740613286437,110.58276358077232,0.0,0.4167793962886733,0.016909100002521882,1.0
DEAI-PSO + proposed fitness,682,0.45,99.55,0.000787630051660166,49.99921236994834,63425.55,63208.85,6346.35,25385400.0,0.9965735258297977,0.00298920467811854,1.0,15.434744426254914,110.52940075483906,0.0,5.399335832401654,0.015943949998472817,0.5
DEAI-PSO + proposed fitness,683,0.4,99.6,0.0005177506482264857,49.99948224935177,63426.0,63209.25,6346.4,25385600.0,0.9965727773651819,0.0026987940343368025,1.0,24.855811644918237,107.51749884969641,0.0,5.334658189523565,0.015935050003463402,0.5
DEAI-PSO + proposed fitness,684,0.3,99.7,0.000334961472389982,49.99966503852761,63426.4,63209.55,6346.45,25385800.0,0.996571287193128,0.003655783516730073,1.0,24.855811644918237,106.7674819300541,0.0,0.34575998399659524,0.0149332000000868,0.75
DEAI-PSO + proposed fitness,685,0.3,99.7,0.0001500036164482863,49.99984999638355,63426.7,63209.85,6346.5,25386000.0,0.9965712998625268,0.0036991571188339143,1.0,25.845282353819663,112.9337619017825,0.0,0.39463191288641125,0.012470599998778198,1.0
DEAI-PSO + proposed fitness,686,0.15,99.85,3.495790591886805e-05,49.99996504209408,63427.0,63209.85,6346.5,25386000.0,0.996566792687528,0.002300914210588365,1.0,22.885460063198092,106.7674819300541,0.0,10.364309730408051,0.012204700004076585,0.0
DEAI-PSO + proposed fitness,687,0.0,100.0,0.0,50.0,63427.15,63209.85,6346.5,25386000.0,0.9965645394055906,0.0006991581183773609,1.0,36.62788054315748,112.9337619017825,0.0,10.468609151448003,0.012483200000133365,0.0
DEAI-PSO + proposed fitness,688,0.0,100.0,0.0,50.0,63427.15,63209.85,6346.5,25386000.0,0.9965645394055906,,,,,,,,
DEAI-PSO + proposed fitness,689,0.0,100.0,0.0,50.0,63427.15,63209.85,6346.5,25386000.0,0.9965645394055906,,,,,,,,
DEAI-PSO + proposed fitness,690,0.0,100.0,0.0,50.0,63427.15,63209.85,6346.5,25386000.0,0.9965645394055906,,,,,,,,
DEAI-PSO + proposed fitness,691,0.0,100.0,0.0,50.0,63427.15,63209.85,6346.5,25386000.0,0.9965645394055906,,,,,,,,
DEAI-PSO + proposed fitness,692,0.0,100.0,0.0,50.0,63427.15,63209.85,6346.5,25386000.0,0.9965645394055906,,,,,,,,
DEAI-PSO + proposed fitness,693,0.0,100.0,0.0,50.0,63427.15,63209.85,6346.5,25386000.0,0.9965645394055906,,,,,,,,
DEAI-PSO + proposed fitness,694,0.0,100.0,0.0,50.0,63427.15,63209.85,6346.5,25386000.0,0.9965645394055906,,,,,,,,
DEAI-PSO + proposed fitness,695,0.0,100.0,0.0,50.0,63427.15,63209.85,6346.5,25386000.0,0.9965645394055906,,,,,,,,
DEAI-PSO + proposed fitness,696,0.0,100.0,0.0,50.0,63427.15,63209.85,6346.5,25386000.0,0.9965645394055906,,,,,,,,
DEAI-PSO + proposed fitness,697,0.0,100.0,0.0,50.0,63427.15,63209.85,6346.5,25386000.0,0.9965645394055906,,,,,,,,
DEAI-PSO + proposed fitness,698,0.0,100.0,0.0,50.0,63427.15,63209.85,6346.5,25386000.0,0.9965645394055906,,,,,,,,
DEAI-PSO + proposed fitness,699,0.0,100.0,0.0,50.0,63427.15,63209.85,6346.5,25386000.0,0.9965645394055906,,,,,,,,
DEAI-PSO + proposed fitness,700,0.0,100.0,0.0,50.0,63427.15,63209.85,6346.5,25386000.0,0.9965645394055906,,,,,,,,
DEAI-PSO + proposed fitness,701,0.0,100.0,0.0,50.0,63427.15,63209.85,6346.5,25386000.0,0.9965645394055906,,,,,,,,
DEAI-PSO + proposed fitness,702,0.0,100.0,0.0,50.0,63427.15,63209.85,6346.5,25386000.0,0.9965645394055906,,,,,,,,
DEAI-PSO + proposed fitness,703,0.0,100.0,0.0,50.0,63427.15,63209.85,6346.5,25386000.0,0.9965645394055906,,,,,,,,
DEAI-PSO + proposed fitness,704,0.0,100.0,0.0,50.0,63427.15,63209.85,6346.5,25386000.0,0.9965645394055906,,,,,,,,
DEAI-PSO + proposed fitness,705,0.0,100.0,0.0,50.0,63427.15,63209.85,6346.5,25386000.0,0.9965645394055906,,,,,,,,
DEAI-PSO + proposed fitness,706,0.0,100.0,0.0,50.0,63427.15,63209.85,6346.5,25386000.0,0.9965645394055906,,,,,,,,
DEAI-PSO + proposed fitness,707,0.0,100.0,0.0,50.0,63427.15,63209.85,6346.5,25386000.0,0.9965645394055906,,,,,,,,
DEAI-PSO + proposed fitness,708,0.0,100.0,0.0,50.0,63427.15,63209.85,6346.5,25386000.0,0.9965645394055906,,,,,,,,
DEAI-PSO + proposed fitness,709,0.0,100.0,0.0,50.0,63427.15,63209.85,6346.5,25386000.0,0.9965645394055906,,,,,,,,
DEAI-PSO + proposed fitness,710,0.0,100.0,0.0,50.0,63427.15,63209.85,6346.5,25386000.0,0.9965645394055906,,,,,,,,
DEAI-PSO + proposed fitness,711,0.0,100.0,0.0,50.0,63427.15,63209.85,6346.5,25386000.0,0.9965645394055906,,,,,,,,
DEAI-PSO + proposed fitness,712,0.0,100.0,0.0,50.0,63427.15,63209.85,6346.5,25386000.0,0.9965645394055906,,,,,,,,
DEAI-PSO + proposed fitness,713,0.0,100.0,0.0,50.0,63427.15,63209.85,6346.5,25386000.0,0.9965645394055906,,,,,,,,
DEAI-PSO + proposed fitness,714,0.0,100.0,0.0,50.0,63427.15,63209.85,6346.5,25386000.0,0.9965645394055906,,,,,,,,
DEAI-PSO + proposed fitness,715,0.0,100.0,0.0,50.0,63427.15,63209.85,6346.5,25386000.0,0.9965645394055906,,,,,,,,
DEAI-PSO + proposed fitness,716,0.0,100.0,0.0,50.0,63427.15,63209.85,6346.5,25386000.0,0.9965645394055906,,,,,,,,
DEAI-PSO + proposed fitness,717,0.0,100.0,0.0,50.0,63427.15,63209.85,6346.5,25386000.0,0.9965645394055906,,,,,,,,
DEAI-PSO + proposed fitness,718,0.0,100.0,0.0,50.0,63427.15,63209.85,6346.5,25386000.0,0.9965645394055906,,,,,,,,
DEAI-PSO + proposed fitness,719,0.0,100.0,0.0,50.0,63427.15,63209.85,6346.5,25386000.0,0.9965645394055906,,,,,,,,
DEAI-PSO + proposed fitness,720,0.0,100.0,0.0,50.0,63427.15,63209.85,6346.5,25386000.0,0.9965645394055906,,,,,,,,
DEAI-PSO + proposed fitness,721,0.0,100.0,0.0,50.0,63427.15,63209.85,6346.5,25386000.0,0.9965645394055906,,,,,,,,
DEAI-PSO + proposed fitness,722,0.0,100.0,0.0,50.0,63427.15,63209.85,6346.5,25386000.0,0.9965645394055906,,,,,,,,
DEAI-PSO + proposed fitness,723,0.0,100.0,0.0,50.0,63427.15,63209.85,6346.5,25386000.0,0.9965645394055906,,,,,,,,
DEAI-PSO + proposed fitness,724,0.0,100.0,0.0,50.0,63427.15,63209.85,6346.5,25386000.0,0.9965645394055906,,,,,,,,
DEAI-PSO + proposed fitness,725,0.0,100.0,0.0,50.0,63427.15,63209.85,6346.5,25386000.0,0.9965645394055906,,,,,,,,
DEAI-PSO + proposed fitness,726,0.0,100.0,0.0,50.0,63427.15,63209.85,6346.5,25386000.0,0.9965645394055906,,,,,,,,
DEAI-PSO + proposed fitness,727,0.0,100.0,0.0,50.0,63427.15,63209.85,6346.5,25386000.0,0.9965645394055906,,,,,,,,
DEAI-PSO + proposed fitness,728,0.0,100.0,0.0,50.0,63427.15,63209.85,6346.5,25386000.0,0.9965645394055906,,,,,,,,
Hybrid GWO-ABC (Eq. 12),1,100.0,0.0,49.92577205268328,0.0742279473167251,100.0,100.0,6.6,26400.0,1.0,0.0742279473167251,6.6,32.817078622757315,122.82052157785104,0.4706957120147829,0.30007970545176466,0.12011110499952338,1.0
Hybrid GWO-ABC (Eq. 12),2,100.0,0.0,49.85194098980177,0.1480590101982358,200.0,200.0,12.85,51400.0,1.0,0.07383106288151069,6.25,32.07383208280737,123.927108671731,0.4478549776659403,0.2996232367768644,0.12701336999962223,1.0
Hybrid GWO-ABC (Eq. 12),3,100.0,0.0,49.77865830419039,0.22134169580961824,300.0,300.0,18.6,74400.0,1.0,0.07328268561138244,5.75,31.872061386880894,124.01180013627209,0.4725780425658246,0.3078660350970599,0.12534966499988515,1.0
Hybrid GWO-ABC (Eq. 12),4,100.0,0.0,49.70545699712923,0.2945430028707662,400.0,400.0,24.25,97000.0,1.0,0.07320130706114795,5.65,30.786626751217046,125.02126152716046,0.48782231728866765,0.31010039089386765,0.1273633749995497,1.0
Hybrid GWO-ABC (Eq. 12),5,100.0,0.0,49.632752763178196,0.36724723682180455,500.0,500.0,29.6,118400.0,1.0,0.07270423395103834,5.35,29.48914917277755,125.7755624136825,0.5147010806141364,0.31551137955012953,0.1299676549995638,1.0
Hybrid GWO-ABC (Eq. 12),6,100.0,0.0,49.559969408192416,0.44003059180758336,600.0,600.0,35.1,140400.0,1.0,0.07278335498577881,5.5,27.185925676295994,128.04623040420472,0.5236920748750447,0.31269159024187304,0.12845040500033064,1.0
Hybrid GWO-ABC (Eq. 12),7,100.0,0.0,49.48713794141263,0.512862058587368,700.0,700.0,40.25,161000.0,1.0,0.07283146677978465,5.15,29.563716898212142,127.05281943849653,0.5327022939322963,0.32136109097833354,0.1304872600005183,1.0
Hybrid GWO-ABC (Eq. 12),8,100.0,0.0,49.41452225347207,0.5854777465279326,800.0,800.0,45.55,182200.0,1.0,0.07261568794056465,5.3,26.760594469137704,128.22794556349783,0.551994396137941,0.3184497354586947,0.13142651999914962,1.0
Hybrid GWO-ABC (Eq. 12),9,100.0,0.0,49.341471647968575,0.6585283520314242,900.0,900.0,50.9,203600.0,1.0,0.07305060550349154,5.35,27.21060997720867,128.56439249390473,0.5362951733455018,0.31722461646708966,0.12926112999994074,1.0
Hybrid GWO-ABC (Eq. 12),10,100.0,0.0,49.26928878716417,0.7307112128358266,1000.0,1000.0,56.0,224000.0,1.0,0.07218286080440244,5.1,25.515827124979122,128.1773321267263,0.6068716616421408,0.3264344590778507,0.13444671500074037,1.0
Hybrid GWO-ABC (Eq. 12),11,100.0,0.0,49.19661033092067,0.8033896690793298,1100.0,1100.0,61.1,244400.0,1.0,0.07267845624350322,5.1,24.755677056871022,130.50231570934065,0.5238804153718899,0.3147325380512366,0.13036359999859998,1.0
Hybrid GWO-ABC (Eq. 12),12,100.0,0.0,49.12383997785268,0.8761600221473167,1200.0,1200.0,66.15,264600.0,1.0,0.0727703530679868,5.05,25.903368915363796,130.11865202132287,0.5612476902354009,0.3227177568815559,0.13289248499932,1.0
Hybrid GWO-ABC (Eq. 12),13,100.0,0.0,49.05116670508381,0.9488332949161933,1300.0,1300.0,71.3,285200.0,1.0,0.07267327276887663,5.15,23.53650031567292,131.06404936523927,0.5613423724398487,0.31807988861900355,0.13078860500099837,1.0
Hybrid GWO-ABC (Eq. 12),14,100.0,0.0,48.978179149833714,1.0218208501662835,1400.0,1400.0,76.4,305600.0,1.0,0.07298755525009035,5.1,24.297865000487747,131.86839767255032,0.5340478671888677,0.31680191630108223,0.12624983000168868,1.0
Hybrid GWO-ABC (Eq. 12),15,100.0,0.0,48.90512708200747,1.094872917992528,1500.0,1500.0,81.45,325800.0,1.0,0.07305206782624438,5.05,25.77623898613421,130.24836394214014,0.5436115980724575,0.3200225740230237,0.13354387000072165,1.0
Hybrid GWO-ABC (Eq. 12),16,100.0,0.0,48.83170465876382,1.1682953412361798,1600.0,1600.0,86.65,346600.0,1.0,0.07342242324365174,5.2,25.006207806316713,131.4460878082905,0.5513428782911977,0.3195007359853005,0.1317483249989891,1.0
Hybrid GWO-ABC (Eq. 12),17,100.0,0.0,48.75859414739876,1.2414058526012415,1700.0,1700.0,91.65,366600.0,1.0,0.07311051136506172,5.0,25.069505638723033,131.21478575000017,0.5592275292310154,0.32258816514305183,0.13153015499956383,1.0
Hybrid GWO-ABC (Eq. 12),18,100.0,0.0,48.68557646618102,1.3144235338189856,1800.0,1800.0,96.7,386800.0,1.0,0.07301768121774402,5.05,24.192126842956704,131.16612130149136,0.5701300982152986,0.3219322086076838,0.13623879999940983,1.0
Hybrid GWO-ABC (Eq. 12),19,100.0,0.0,48.61277401446552,1.3872259855344786,1900.0,1900.0,101.75,407000.0,1.0,0.07280245171549318,5.05,24.79756010196118,130.33326389176491,0.5885576401190459,0.32506304183843415,0.13536638500045228,1.0
Hybrid GWO-ABC (Eq. 12),20,100.0,0.0,48.53975074324846,1.4602492567515397,2000.0,2000.0,106.75,427000.0,1.0,0.07302327121706113,5.0,27.14770153096968,128.52078225086834,0.5843567843369672,0.32811861901707096,0.13419762500052457,1.0
Hybrid GWO-ABC (Eq. 12),21,100.0,0.0,48.46658255920676,1.5334174407932366,2100.0,2100.0,111.95,447800.0,1.0,0.07316818404169681,5.2,25.78766667408692,129.42319834092098,0.5990620517179454,0.32633493325115215,0.13600520999898436,1.0
Hybrid GWO-ABC (Eq. 12),22,100.0,0.0,48.39342803537842,1.6065719646215837,2200.0,2200.0,117.05,468200.0,1.0,0.073154523828347,5.1,25.93453914860592,130.27002009520535,0.547892730340202,0.32099254618694617,0.14073527500113414,1.0
Hybrid GWO-ABC (Eq. 12),23,100.0,0.0,48.32031169281391,1.6796883071860917,2300.0,2300.0,122.1,488400.0,1.0,0.07311634256450823,5.05,26.808812594762127,129.2004397042541,0.5795130254463678,0.32680751175334827,0.13522928999955183,1.0
Hybrid GWO-ABC (Eq. 12),24,100.0,0.0,48.247148943765545,1.752851056234454,2400.0,2400.0,127.2,508800.0,1.0,0.07316274904836213,5.1,26.616405184979634,128.88229041223616,0.5788250709471782,0.3253877624665323,0.13580681000057665,1.0
Hybrid GWO-ABC (Eq. 12),25,100.0,0.0,48.17387381204908,1.826126187950924,2500.0,2500.0,132.45,529800.0,1.0,0.0732751317164702,5.25,25.024395333196974,130.75199663464085,0.5558247944511588,0.319246143741569,0.130114759999924,1.0
Hybrid GWO-ABC (Eq. 12),26,100.0,0.0,48.100854317163765,1.899145682836234,2600.0,2600.0,137.55,550200.0,1.0,0.07301949488531001,5.1,25.379603128987036,129.91540109401416,0.58449144885521,0.3249146234405353,0.1296923549991334,1.0
Hybrid GWO-ABC (Eq. 12),27,100.0,0.0,48.02790523847193,1.9720947615280693,2700.0,2700.0,142.6,570400.0,1.0,0.07294907869183512,5.05,26.955996329091214,128.9324873759107,0.5679688402098821,0.32527162892475897,0.12963473499985412,1.0
Hybrid GWO-ABC (Eq. 12),28,100.0,0.0,47.9547593745234,2.0452406254766,2800.0,2800.0,147.7,590800.0,1.0,0.07314586394853073,5.1,26.567463631997747,129.47287157590583,0.5438537962691257,0.3209460029192818,0.13302805500061368,1.0
Hybrid GWO-ABC (Eq. 12),29,100.0,0.0,47.88183604191448,2.1181639580855203,2900.0,2900.0,152.8,611200.0,1.0,0.07292333260892044,5.1,26.858085669728972,128.54977884913566,0.559300071430122,0.32272605409925553,0.1366320250013814,1.0
Hybrid GWO-ABC (Eq. 12),30,100.0,0.0,47.80893383178953,2.191066168210466,3000.0,3000.0,157.9,631600.0,1.0,0.07290221012494591,5.1,25.28677543211822,129.84004789058594,0.5627066067306862,0.32149170356532747,0.13666503000022204,1.0
Hybrid GWO-ABC (Eq. 12),31,100.0,0.0,47.7358592856104,2.264140714389592,3100.0,3100.0,162.9,651600.0,1.0,0.07307454617912583,5.0,26.863152069741524,129.47499205502734,0.54578132701357,0.32291485810741777,0.13570028000031015,1.0
Hybrid GWO-ABC (Eq. 12),32,100.0,0.0,47.662687315516294,2.337312684483708,3200.0,3200.0,168.0,672000.0,1.0,0.07317197009411594,5.1,25.402787301663253,130.19164044878457,0.5732921947469504,0.3238441795593495,0.13922619499862776,1.0
Hybrid GWO-ABC (Eq. 12),33,100.0,0.0,47.58970414989499,2.4102958501050056,3300.0,3300.0,173.2,692800.0,1.0,0.07298316562129763,5.2,26.746076404769223,128.49957385267433,0.5577730929211581,0.32162852840637296,0.1319748450005136,1.0
Hybrid GWO-ABC (Eq. 12),34,100.0,0.0,47.51662888453238,2.4833711154676217,3400.0,3400.0,178.3,713200.0,1.0,0.07307526536261584,5.1,25.494793138843377,129.3869870322217,0.5840156885570587,0.32462559858287954,0.13232885999968858,1.0
Hybrid GWO-ABC (Eq. 12),35,100.0,0.0,47.44358769538987,2.5564123046101237,3500.0,3500.0,183.4,733600.0,1.0,0.0730411891425021,5.1,26.927163140302184,128.50220523152524,0.581572427826669,0.32631176095198255,0.1342468849998113,1.0
Hybrid GWO-ABC (Eq. 12),36,100.0,0.0,47.36993333687094,2.6300666631290577,3600.0,3600.0,188.5,754000.0,1.0,0.07365435851893416,5.1,27.015055172313037,129.88795900334702,0.5369190237165815,0.32125862569276753,0.13083116999987396,1.0
Hybrid GWO-ABC (Eq. 12),37,100.0,0.0,47.297003006463854,2.702996993536147,3700.0,3700.0,193.65,774600.0,1.0,0.07293033040708892,5.15,26.08507261444211,128.28430184166885,0.6183389001447855,0.32947651406985234,0.13300533500078018,1.0
Hybrid GWO-ABC (Eq. 12),38,100.0,0.0,47.22423577214001,2.7757642278599866,3800.0,3800.0,198.65,794600.0,1.0,0.07276723432383961,5.0,26.15768192558976,128.73772655479758,0.602643463336374,0.3291691601545974,0.13647945000047912,1.0
Hybrid GWO-ABC (Eq. 12),39,100.0,0.0,47.15079249896754,2.849207501032461,3900.0,3900.0,203.75,815000.0,1.0,0.07344327317247483,5.1,27.53291367676506,128.99772518737885,0.5620444620674574,0.32535766736453786,0.13415359499995247,1.0
Hybrid GWO-ABC (Eq. 12),40,100.0,0.0,47.07829178253006,2.921708217469946,4000.0,4000.0,208.85,835400.0,1.0,0.07250071643748442,5.1,26.085720509760915,128.36724240717732,0.6183089619730174,0.32999985636819107,0.1423445400010678,1.0
Hybrid GWO-ABC (Eq. 12),41,100.0,0.0,47.00534771418856,2.9946522858114415,4100.0,4100.0,213.9,855600.0,1.0,0.0729440683414957,5.05,26.816175260693306,128.73974345469827,0.5537693246243235,0.32272910550269585,0.12975850000075298,1.0
Hybrid GWO-ABC (Eq. 12),42,100.0,0.0,46.93231197720807,3.067688022791925,4200.0,4200.0,218.9,875600.0,1.0,0.07303573698048389,5.0,24.113447014517998,131.26258966784323,0.5534826970530538,0.3204011856626531,0.13574357499965117,1.0
Hybrid GWO-ABC (Eq. 12),43,100.0,0.0,46.85977395058435,3.1402260494156504,4300.0,4300.0,223.9,895600.0,1.0,0.07253802662372522,5.0,27.07280083667385,127.79050046201326,0.6278566870505953,0.333939707465307,0.12851353499900142,1.0
Hybrid GWO-ABC (Eq. 12),44,100.0,0.0,46.78656012723168,3.213439872768325,4400.0,4400.0,228.95,915800.0,1.0,0.07321382335267401,5.05,27.047243610104754,128.85316973906885,0.5732807493632606,0.32614966092004716,0.13306075000073178,1.0
Hybrid GWO-ABC (Eq. 12),45,100.0,0.0,46.71391009901713,3.286089900982874,4500.0,4500.0,234.05,936200.0,1.0,0.07265002821454943,5.1,26.4018997910422,128.18623091771676,0.6281893971113202,0.3319551520138019,0.13701206000041566,1.0
Hybrid GWO-ABC (Eq. 12),46,100.0,0.0,46.64121919440886,3.3587808055911355,4600.0,4600.0,239.1,956400.0,1.0,0.07269090460826141,5.05,26.878980302828474,128.26843671294898,0.5898670823286556,0.32768162926756644,0.1376804750001611,1.0
Hybrid GWO-ABC (Eq. 12),47,100.0,0.0,46.56798008399623,3.432019916003772,4700.0,4700.0,244.15,976600.0,1.0,0.07323911041263642,5.05,28.31274763943179,127.81723180141496,0.5895155600298511,0.33023576304876034,0.1334160200007318,1.0
Hybrid GWO-ABC (Eq. 12),48,100.0,0.0,46.49546238667175,3.5045376133282495,4800.0,4800.0,249.2,996800.0,1.0,0.07251769732447784,5.05,27.408369597175227,127.30619272551033,0.6210229595011798,0.33260413464502775,0.13349625500013645,1.0
Hybrid GWO-ABC (Eq. 12),49,100.0,0.0,46.422037992998,3.577962007001999,4900.0,4900.0,254.25,1017000.0,1.0,0.07342439367374887,5.05,26.64723826772903,129.65951248579697,0.5459388361337453,0.32195202574683585,0.1365408200010279,1.0
Hybrid GWO-ABC (Eq. 12),50,100.0,0.0,46.3489179862736,3.651082013726401,5000.0,5000.0,259.4,1037600.0,1.0,0.07312000672440284,5.15,26.415016292205394,128.18042509950698,0.6241644633209146,0.33116023621625607,0.12934686000080547,1.0
Hybrid GWO-ABC (Eq. 12),51,100.0,0.0,46.2762317356064,3.723768264393594,5100.0,5100.0,264.55,1058200.0,1.0,0.07268625066719281,5.15,27.797019798908842,127.10618310678399,0.6006408934373381,0.3290650355815875,0.13183408499971846,1.0
Hybrid GWO-ABC (Eq. 12),52,100.0,0.0,46.20333733570018,3.7966626642998165,5200.0,5200.0,269.6,1078400.0,1.0,0.07289439990622278,5.05,27.68084129770144,127.65586792011345,0.5872318549278368,0.3282886325035143,0.1273386599990772,1.0
Hybrid GWO-ABC (Eq. 12),53,100.0,0.0,46.12986450644519,3.8701354935548116,5300.0,5300.0,274.65,1098600.0,1.0,0.07347282925499492,5.05,28.04857906270262,128.7896330831562,0.5303862567138351,0.32179101838138957,0.12547498000094492,1.0
Hybrid GWO-ABC (Eq. 12),54,100.0,0.0,46.056889629530176,3.9431103704698254,5400.0,5400.0,279.75,1119000.0,1.0,0.07297487691501345,5.1,26.99121754725231,128.4461914593166,0.6028107826517657,0.3297252234234789,0.12824586499955332,1.0
Hybrid GWO-ABC (Eq. 12),55,100.0,0.0,45.983986871007275,4.0160131289927214,5500.0,5500.0,284.85,1139400.0,1.0,0.07290275852289625,5.1,26.70651046033288,128.7226395184376,0.6041299855593117,0.3298387601737162,0.1349633099991479,1.0
Hybrid GWO-ABC (Eq. 12),56,100.0,0.0,45.91095360503256,4.0890463949674345,5600.0,5600.0,290.0,1160000.0,1.0,0.07303326597471305,5.15,27.27339137335523,127.95994396596288,0.5900830748210132,0.32740806301103886,0.12838221000056366,1.0
Hybrid GWO-ABC (Eq. 12),57,100.0,0.0,45.83781896222179,4.162181037778207,5700.0,5700.0,295.3,1181200.0,1.0,0.07313464281077238,5.3,27.15656387276324,127.68911619895019,0.6135635438879554,0.3291867612661257,0.1264351350007928,1.0
Hybrid GWO-ABC (Eq. 12),58,100.0,0.0,45.76451725617203,4.235482743827976,5800.0,5800.0,300.4,1201600.0,1.0,0.07330170604976942,5.1,26.257853003797702,129.73148489950984,0.5721011886733035,0.32500628181461516,0.12170521500120231,1.0
Hybrid GWO-ABC (Eq. 12),59,100.0,0.0,45.691521963269935,4.308478036730067,5900.0,5900.0,305.6,1222400.0,1.0,0.07299529290209109,5.2,26.20752953088681,128.583646787948,0.5771267628788483,0.3237675704848167,0.12237319000123534,1.0
Hybrid GWO-ABC (Eq. 12),60,100.0,0.0,45.6181415209614,4.3818584790386,6000.0,6000.0,310.85,1243400.0,1.0,0.07338044230853277,5.25,29.27896384251822,126.82650928928349,0.5431487682098546,0.32257278434287107,0.12493654999925638,1.0
Hybrid GWO-ABC (Eq. 12),61,100.0,0.0,45.54461041354549,4.45538958645451,6100.0,6100.0,316.0,1264000.0,1.0,0.07353110741590925,5.15,27.587073857331678,127.78794755152319,0.6250767968734684,0.33320348047119613,0.13359248000124352,1.0
Hybrid GWO-ABC (Eq. 12),62,100.0,0.0,45.47161985921183,4.528380140788167,6200.0,6200.0,321.15,1284600.0,1.0,0.07299055433365816,5.15,26.793082269079814,127.88245579995353,0.613464665286332,0.329902620666187,0.13277058000130637,1.0
Hybrid GWO-ABC (Eq. 12),63,100.0,0.0,45.39839082420107,4.6016091757989255,6300.0,6300.0,326.3,1305200.0,1.0,0.07322903501075864,5.15,29.54170946762826,126.65436033672893,0.5816623829193166,0.32953400513921266,0.12665587500014225,1.0
Hybrid GWO-ABC (Eq. 12),64,100.0,0.0,45.32517145008071,4.67482854991929,6400.0,6400.0,331.5,1326000.0,1.0,0.07321937412036413,5.2,27.661402650355996,127.87812546354708,0.5929249680443559,0.3281270057165885,0.1301312900006451,1.0
Hybrid GWO-ABC (Eq. 12),65,100.0,0.0,45.25214439130425,4.747855608695747,6500.0,6500.0,336.6,1346400.0,1.0,0.07302705877645685,5.1,26.02147072322619,128.94467262049403,0.5984294034504479,0.3277539340693386,0.12950011500179243,1.0
Hybrid GWO-ABC (Eq. 12),66,100.0,0.0,45.179019538824875,4.82098046117513,6600.0,6600.0,341.8,1367200.0,1.0,0.07312485247938269,5.2,28.682538479955763,126.58225014101758,0.6072564181068231,0.3311468736427435,0.1293668649985193,1.0
Hybrid GWO-ABC (Eq. 12),67,100.0,0.0,45.10568048001696,4.894319519983044,6700.0,6700.0,346.95,1387800.0,1.0,0.07333905880791355,5.15,27.664417384944414,128.0296218279437,0.5747293309532302,0.3260282514082986,0.1272429850010667,1.0
Hybrid GWO-ABC (Eq. 12),68,100.0,0.0,45.03202441503461,4.9679755849653855,6800.0,6800.0,352.0,1408000.0,1.0,0.07365606498234208,5.05,28.730104969090224,128.77122401891418,0.5033215676974494,0.31914381004238035,0.1258858000004693,1.0
Hybrid GWO-ABC (Eq. 12),69,100.0,0.0,44.959061817301404,5.040938182698594,6900.0,6900.0,357.1,1428400.0,1.0,0.07296259773320805,5.1,27.86706315284004,127.46074073488812,0.60366320903162,0.3305496725481938,0.13004360999912024,1.0
Hybrid GWO-ABC (Eq. 12),70,100.0,0.0,44.885896485143185,5.114103514856813,7000.0,7000.0,362.2,1448800.0,1.0,0.07316533215822041,5.1,27.16542581754577,128.82741062828842,0.5585183632031742,0.3238017562309433,0.13278781499975595,1.0
Hybrid GWO-ABC (Eq. 12),71,100.0,0.0,44.81309584259016,5.186904157409846,7100.0,7100.0,367.3,1469200.0,1.0,0.07280064255303245,5.1,27.385317166900045,127.12014750320274,0.5962383163370467,0.32824890041891613,0.1291362849988218,1.0
Hybrid GWO-ABC (Eq. 12),72,100.0,0.0,44.740183862559164,5.259816137440838,7200.0,7200.0,372.4,1489600.0,1.0,0.07291198003099097,5.1,28.442169967107862,127.39985680060218,0.5508559192203833,0.32389387624980637,0.13020506500033663,1.0
Hybrid GWO-ABC (Eq. 12),73,100.0,0.0,44.66704137785063,5.332958622149371,7300.0,7300.0,377.5,1510000.0,1.0,0.07314248470853321,5.1,27.157636034289396,127.78259733596886,0.5917133122325337,0.32778161549206275,0.12601462499806076,1.0
Hybrid GWO-ABC (Eq. 12),74,100.0,0.0,44.59402394947821,5.405976050521785,7400.0,7400.0,382.65,1530600.0,1.0,0.07301742837241428,5.15,28.551067873145417,127.23964702166197,0.5767060930970105,0.3274832241859059,0.13144435500071266,1.0
Hybrid GWO-ABC (Eq. 12),75,100.0,0.0,44.521343340403476,5.478656659596519,7500.0,7500.0,387.7,1550800.0,1.0,0.0726806090747342,5.05,26.927499290114945,128.12441102536602,0.5793869310397529,0.32622470290862216,0.1333148000001529,1.0
Hybrid GWO-ABC (Eq. 12),76,100.0,0.0,44.447946409908134,5.5520535900918695,7600.0,7600.0,392.8,1571200.0,1.0,0.07339693049535043,5.1,26.934760794563545,129.43373719698934,0.5665840715978725,0.32538565908124706,0.12862467500126512,1.0
Hybrid GWO-ABC (Eq. 12),77,100.0,0.0,44.37524778953477,5.62475221046523,7700.0,7700.0,398.0,1592000.0,1.0,0.07269862037336097,5.2,27.053342564510473,127.41642500102284,0.6079500687317696,0.32866781815172963,0.13291566999942006,1.0
Hybrid GWO-ABC (Eq. 12),78,100.0,0.0,44.30248949196184,5.69751050803816,7800.0,7800.0,403.1,1612400.0,1.0,0.07275829757292981,5.1,27.30762877923515,127.85502164455866,0.5911513122815051,0.32811980685096653,0.12702576000046975,1.0
Hybrid GWO-ABC (Eq. 12),79,100.0,0.0,44.229215548332654,5.770784451667346,7900.0,7900.0,408.25,1633000.0,1.0,0.07327394362918618,5.15,29.922100864087973,125.85726663499095,0.593274791997707,0.3310200625502567,0.12715391000019735,1.0
Hybrid GWO-ABC (Eq. 12),80,100.0,0.0,44.1561657282732,5.843834271726797,8000.0,8000.0,413.35,1653400.0,1.0,0.07304982005945035,5.1,27.401342784456784,127.78515526282817,0.6329067584403145,0.33440141185595557,0.12464339999933145,1.0
Hybrid GWO-ABC (Eq. 12),81,100.0,0.0,44.0835194137253,5.916480586274701,8100.0,8100.0,418.35,1673400.0,1.0,0.07264631454790411,5.0,26.719566643447713,128.19017905303508,0.5963578005079431,0.3290693791437843,0.12861078999958409,1.0
Hybrid GWO-ABC (Eq. 12),82,100.0,0.0,44.01083945680096,5.989160543199039,8200.0,8200.0,423.4,1693600.0,1.0,0.07267995692433722,5.05,26.484111339020114,127.74383354776292,0.6273855796482726,0.3323022094939146,0.1341130050001084,1.0
Hybrid GWO-ABC (Eq. 12),83,100.0,0.0,43.93824134338574,6.061758656614257,8300.0,8300.0,428.5,1714000.0,1.0,0.07259811341521889,5.1,26.70246696678542,127.13031297487237,0.6291270727454417,0.3317495578681312,0.13351612000005844,1.0
Hybrid GWO-ABC (Eq. 12),84,100.0,0.0,43.86541377691022,6.1345862230897765,8400.0,8400.0,433.5,1734000.0,1.0,0.07282756647551984,5.0,27.611247089754535,127.46749611267596,0.5684419987356077,0.32575227027031756,0.13015265999965778,1.0
Hybrid GWO-ABC (Eq. 12),85,100.0,0.0,43.79278555339549,6.207214446604508,8500.0,8500.0,438.5,1754000.0,1.0,0.0726282235147302,5.0,27.25037391667687,127.73150621386279,0.5652315006175528,0.3249491991581735,0.1265859700000874,1.0
Hybrid GWO-ABC (Eq. 12),86,100.0,0.0,43.720332796031194,6.279667203968806,8600.0,8600.0,443.6,1774400.0,1.0,0.07245275736429875,5.1,26.825721343395465,127.54028882289951,0.6103561045252766,0.3297013787267937,0.1304694099984772,1.0
Hybrid GWO-ABC (Eq. 12),87,100.0,0.0,43.64741798377293,6.352582016227068,8700.0,8700.0,448.65,1794600.0,1.0,0.07291481225826146,5.05,28.57672018807246,127.28342978165665,0.5699370750257431,0.32733133346404136,0.13141743500018493,1.0
Hybrid GWO-ABC (Eq. 12),88,100.0,0.0,43.57442244483399,6.42557755516601,8800.0,8800.0,453.75,1815000.0,1.0,0.07299553893894135,5.1,27.42751346566994,128.17545239443052,0.5965946790418546,0.3295525764064741,0.12282320500016794,1.0
Hybrid GWO-ABC (Eq. 12),89,100.0,0.0,43.501496049828816,6.498503950171184,8900.0,8900.0,458.8,1835200.0,1.0,0.07292639500517595,5.05,28.263680017240393,126.95623265115887,0.6150103390722529,0.3331370706206539,0.1276693650008383,1.0
Hybrid GWO-ABC (Eq. 12),90,100.0,0.0,43.42885589111621,6.571144108883793,9000.0,9000.0,463.85,1855400.0,1.0,0.07264015871260873,5.05,26.941956463239176,127.83089466886047,0.5628587175984567,0.3238245772491024,0.12978830499960167,1.0
Hybrid GWO-ABC (Eq. 12),91,100.0,0.0,43.35544804399542,6.644551956004579,9100.0,9100.0,469.0,1876000.0,1.0,0.07340784712078659,5.15,26.26835974102887,129.28844905817078,0.6026648558638414,0.3288707508957044,0.12976945000082196,1.0
Hybrid GWO-ABC (Eq. 12),92,100.0,0.0,43.28213365566561,6.717866344334392,9200.0,9200.0,474.15,1896600.0,1.0,0.07331438832981192,5.15,27.902880558507434,127.9374676978598,0.6104958531703324,0.3319076116940869,0.12932123999889883,1.0
Hybrid GWO-ABC (Eq. 12),93,100.0,0.0,43.20857107535737,6.791428924642628,9300.0,9300.0,479.25,1917000.0,1.0,0.07356258030823604,5.1,27.642378005345243,129.53046445642275,0.5267136408543243,0.3210004035921391,0.1266178250007215,1.0
Hybrid GWO-ABC (Eq. 12),94,100.0,0.0,43.13538949258436,6.864610507415643,9400.0,9400.0,484.5,1938000.0,1.0,0.07318158277301486,5.25,28.489146948231866,127.49711669077553,0.5257302505147198,0.3190178897349324,0.13233505500029424,1.0
Hybrid GWO-ABC (Eq. 12),95,100.0,0.0,43.06224249828186,6.9377575017181385,9500.0,9500.0,489.7,1958800.0,1.0,0.07314699430249583,5.2,27.145056658577126,128.23279387080913,0.5992259136897766,0.3285539512200645,0.12569297500012908,1.0
Hybrid GWO-ABC (Eq. 12),96,100.0,0.0,42.9891387256949,7.010861274305094,9600.0,9600.0,494.8,1979200.0,1.0,0.07310377258695588,5.1,26.586665363605,128.35983404356017,0.6261810266439045,0.3324609175841745,0.13128785499939113,1.0
Hybrid GWO-ABC (Eq. 12),97,100.0,0.0,42.915978392796106,7.084021607203899,9700.0,9700.0,499.85,1999400.0,1.0,0.07316033289880366,5.05,27.383180742486513,129.02513289155917,0.5715264348940197,0.3269609887017757,0.12910443000037047,1.0
Hybrid GWO-ABC (Eq. 12),98,100.0,0.0,42.84308219584862,7.156917804151375,9800.0,9800.0,505.0,2020000.0,1.0,0.07289619694747743,5.15,26.093378360161392,128.75836274507083,0.6008731055536051,0.32770217650967287,0.12243597000051523,1.0
Hybrid GWO-ABC (Eq. 12),99,100.0,0.0,42.76959699640824,7.230403003591761,9900.0,9900.0,510.05,2040200.0,1.0,0.07348519944038437,5.05,30.40608296046082,126.18992198589073,0.5789638847817337,0.3315539105010684,0.1398215799996251,1.0
Hybrid GWO-ABC (Eq. 12),100,100.0,0.0,42.69655949627318,7.30344050372682,10000.0,10000.0,515.1,2060400.0,1.0,0.07303750013506054,5.05,29.565084119857225,126.12598472196132,0.5803363489230042,0.3298352210365948,0.13133711500049686,1.0
Hybrid GWO-ABC (Eq. 12),101,100.0,0.0,42.623544488045745,7.376455511954255,10100.0,10100.0,520.3,2081200.0,1.0,0.0730150082274342,5.2,26.796788586581584,127.21991635461032,0.6625503158603483,0.3355492809222098,0.12559259499976178,1.0
Hybrid GWO-ABC (Eq. 12),102,100.0,0.0,42.550605714992955,7.44939428500704,10200.0,10200.0,525.45,2101800.0,1.0,0.07293877305278543,5.15,29.174516117408494,126.35953570144709,0.585838032338282,0.32916869083793754,0.13471466500050155,1.0
Hybrid GWO-ABC (Eq. 12),103,100.0,0.0,42.477559354719354,7.522440645280649,10300.0,10300.0,530.7,2122800.0,1.0,0.07304636027360942,5.25,28.221593489981608,126.22792428885987,0.6349372304701533,0.3333696727559294,0.12906347000025561,1.0
Hybrid GWO-ABC (Eq. 12),104,100.0,0.0,42.405007880560454,7.594992119439548,10400.0,10400.0,535.75,2143000.0,1.0,0.0725514741588988,5.05,27.74565542414204,126.8283854685747,0.6081522058043424,0.331073920280036,0.1295902499987278,1.0
Hybrid GWO-ABC (Eq. 12),105,100.0,0.0,42.331937759353494,7.668062240646511,10500.0,10500.0,540.8,2163200.0,1.0,0.07307012120696221,5.05,28.253444152016037,127.213997625225,0.5577629378106284,0.32482301606171404,0.1329884749990015,1.0
Hybrid GWO-ABC (Eq. 12),106,100.0,0.0,42.25910258435219,7.740897415647811,10600.0,10600.0,545.85,2183400.0,1.0,0.0728351750013001,5.05,27.50392772428168,127.72221234096007,0.6029691953533032,0.33068893692755996,0.13553134000103456,1.0
Hybrid GWO-ABC (Eq. 12),107,100.0,0.0,42.18630102324231,7.813698976757694,10700.0,10700.0,551.05,2204200.0,1.0,0.0728015611098833,5.2,26.75885322058746,127.45826971316185,0.6503420684332537,0.3346079793713066,0.1355842750013835,1.0
Hybrid GWO-ABC (Eq. 12),108,100.0,0.0,42.11396149136688,7.886038508633121,10800.0,10800.0,556.15,2224600.0,1.0,0.0723395318754271,5.1,26.300363341383758,126.92821913531529,0.6340910589686721,0.33176821407760676,0.1358697650004615,1.0
Hybrid GWO-ABC (Eq. 12),109,100.0,0.0,42.04129122152534,7.958708778474656,10900.0,10900.0,561.3,2245200.0,1.0,0.07267026984153482,5.15,25.908048939743566,128.46782746839074,0.5996060345410816,0.3266855648905356,0.13731576999962272,1.0
Hybrid GWO-ABC (Eq. 12),110,100.0,0.0,41.96860185547203,8.031398144527966,11000.0,11000.0,566.35,2265400.0,1.0,0.07268936605331114,5.05,26.07206287425446,127.6419042157698,0.6467810124662252,0.3344016285830139,0.12647804000043833,1.0
Hybrid GWO-ABC (Eq. 12),111,100.0,0.0,41.89575558030663,8.104244419693373,11100.0,11100.0,571.35,2285400.0,1.0,0.07284627516540568,5.0,28.708383858429507,127.01218564431265,0.5829896695507158,0.3300334178551821,0.13197386499996355,1.0
Hybrid GWO-ABC (Eq. 12),112,100.0,0.0,41.822988774602905,8.177011225397093,11200.0,11200.0,576.45,2305800.0,1.0,0.07276680570372066,5.1,28.85105824399214,126.36708878657123,0.6170297394373803,0.33369019505097663,0.12913134999980685,1.0
Hybrid GWO-ABC (Eq. 12),113,100.0,0.0,41.75012059263031,8.249879407369688,11300.0,11300.0,581.55,2326200.0,1.0,0.07286818197259563,5.1,27.667269215476942,127.19357812102994,0.6026850289774347,0.33023317006934255,0.1324745449997863,1.0
Hybrid GWO-ABC (Eq. 12),114,100.0,0.0,41.67723385008491,8.322766149915086,11400.0,11400.0,586.7,2346800.0,1.0,0.07288674254539843,5.15,26.44402015482738,127.90176073277853,0.6079416979896101,0.3287158528259335,0.14351664000132586,1.0
Hybrid GWO-ABC (Eq. 12),115,100.0,0.0,41.60392234385431,8.396077656145689,11500.0,11500.0,591.75,2367000.0,1.0,0.0733115062306009,5.05,26.796279975981935,129.47850905595416,0.5705679407199361,0.32628135068234143,0.13300940000044648,1.0
Hybrid GWO-ABC (Eq. 12),116,100.0,0.0,41.53126847563311,8.468731524366888,11600.0,11600.0,596.8,2387200.0,1.0,0.0726538682211995,5.05,26.5764038407481,127.8854969460931,0.6264562404261388,0.332505575920023,0.1344885599995905,1.0
Hybrid GWO-ABC (Eq. 12),117,100.0,0.0,41.45813968586395,8.541860314136049,11700.0,11700.0,601.9,2407600.0,1.0,0.07312878976916118,5.1,28.002922724803437,127.38377633811368,0.570576618377924,0.32605549848112314,0.12996989999919606,1.0
Hybrid GWO-ABC (Eq. 12),118,100.0,0.0,41.384952516768536,8.61504748323146,11800.0,11800.0,607.05,2428200.0,1.0,0.07318716909541152,5.15,27.615235577382265,127.81243280920198,0.5786133243145495,0.3265972257036174,0.12725045000115642,1.0
Hybrid GWO-ABC (Eq. 12),119,100.0,0.0,41.311952588865296,8.688047411134704,11900.0,11900.0,612.1,2448400.0,1.0,0.0729999279032441,5.05,28.009409985062007,127.72848988185174,0.6019050678933325,0.3314769244997261,0.13181024999903457,1.0
Hybrid GWO-ABC (Eq. 12),120,100.0,0.0,41.239175101976365,8.760824898023632,12000.0,12000.0,617.15,2468600.0,1.0,0.07277748688892664,5.05,24.769455168363752,130.08363012001578,0.6098434187220241,0.32869757519611575,0.12333592499962834,1.0
Hybrid GWO-ABC (Eq. 12),121,100.0,0.0,41.16608335352301,8.833916646476998,12100.0,12100.0,622.15,2488600.0,1.0,0.073091748453367,5.0,27.455413821238217,128.4953882597197,0.561194520531574,0.325619311097834,0.131521129999237,1.0
Hybrid GWO-ABC (Eq. 12),122,100.0,0.0,41.093607463528336,8.906392536471662,12200.0,12200.0,627.25,2509000.0,1.0,0.07247588999466466,5.1,28.499747953383984,125.75420684653936,0.6266441879492419,0.33396796849234256,0.1268390699991869,1.0
Hybrid GWO-ABC (Eq. 12),123,100.0,0.0,41.02063478431774,8.97936521568226,12300.0,12300.0,632.4,2529600.0,1.0,0.07297267921059607,5.15,27.115833156574077,128.16037307320738,0.5994950248477313,0.32883793979777926,0.12983627499997966,1.0
Hybrid GWO-ABC (Eq. 12),124,100.0,0.0,40.94774724208552,9.052252757914482,12400.0,12400.0,637.5,2550000.0,1.0,0.07288754223222363,5.1,26.80946535888641,128.03709819357667,0.6524736871146937,0.3367208266027632,0.13360093999981473,1.0
Hybrid GWO-ABC (Eq. 12),125,100.0,0.0,40.87460770711311,9.12539229288689,12500.0,12500.0,642.55,2570200.0,1.0,0.0731395349724071,5.05,28.64899126021613,127.10064315521045,0.6201331992664841,0.335083134574595,0.12684050500029115,1.0
Hybrid GWO-ABC (Eq. 12),126,100.0,0.0,40.802174087677884,9.197825912322113,12600.0,12600.0,647.65,2590600.0,1.0,0.07243361943522438,5.1,27.05354734553684,126.3214570093033,0.6582082318401261,0.33631497531643395,0.12770763999906193,1.0
Hybrid GWO-ABC (Eq. 12),127,100.0,0.0,40.72932793054103,9.270672069458971,12700.0,12700.0,652.75,2611000.0,1.0,0.0728461571368566,5.1,27.161097174864096,127.94239375334821,0.593024883584319,0.3284526240604446,0.12994999500006088,1.0
Hybrid GWO-ABC (Eq. 12),128,100.0,0.0,40.65641586669691,9.343584133303091,12800.0,12800.0,657.8,2631200.0,1.0,0.07291206384412022,5.05,27.843882686610478,127.46938772695576,0.6207747968617271,0.3338299767444341,0.13429568499959715,1.0
Hybrid GWO-ABC (Eq. 12),129,100.0,0.0,40.583585995755485,9.41641400424452,12900.0,12900.0,662.85,2651400.0,1.0,0.07282987094143038,5.05,27.6426682167676,127.60817467020809,0.5899226052626471,0.3290422658549373,0.12917241500035742,1.0
Hybrid GWO-ABC (Eq. 12),130,100.0,0.0,40.51116173690322,9.488838263096776,13000.0,13000.0,667.85,2671400.0,1.0,0.07242425885225501,5.0,27.404197341397907,127.493964048272,0.6290383623426757,0.33484190537205916,0.1329243050000514,1.0
Hybrid GWO-ABC (Eq. 12),131,100.0,0.0,40.43819481451273,9.56180518548727,13100.0,13100.0,672.85,2691400.0,1.0,0.07296692239049243,5.0,28.873113473438387,126.84111860132487,0.5752430209771944,0.3292339097236089,0.12741649499985214,1.0
Hybrid GWO-ABC (Eq. 12),132,100.0,0.0,40.365592036522635,9.634407963477368,13200.0,13200.0,678.0,2712000.0,1.0,0.07260277799009991,5.15,26.962622407322606,127.66159719764862,0.6041715043702721,0.3288502224067236,0.13335627000051317,1.0
Hybrid GWO-ABC (Eq. 12),133,100.0,0.0,40.29296254209761,9.707037457902391,13300.0,13300.0,683.15,2732600.0,1.0,0.07262949442502312,5.15,26.520494948433814,126.94836496199832,0.6553023676721635,0.33482847995511544,0.12569735500037496,1.0
Hybrid GWO-ABC (Eq. 12),134,100.0,0.0,40.220230281395,9.779769718605003,13400.0,13400.0,688.25,2753000.0,1.0,0.07273226070261138,5.1,27.925549210941142,126.63075956924222,0.6333315904056034,0.3346183537679173,0.12821147499998914,1.0
Hybrid GWO-ABC (Eq. 12),135,100.0,0.0,40.14778657851517,9.852213421484825,13500.0,13500.0,693.3,2773200.0,1.0,0.07244370287982242,5.05,27.523192144022836,126.83876933595631,0.625347632678428,0.3336010351872237,0.12545216999969852,1.0
Hybrid GWO-ABC (Eq. 12),136,100.0,0.0,40.074898280806835,9.925101719193167,13600.0,13600.0,698.35,2793400.0,1.0,0.07288829770834156,5.05,27.88243183264142,127.00537836455435,0.6158276698778545,0.3329522950764763,0.12721374499924423,1.0
Hybrid GWO-ABC (Eq. 12),137,100.0,0.0,40.002110669597464,9.997889330402534,13700.0,13700.0,703.35,2813400.0,1.0,0.07278761120936714,5.0,27.78792589505857,127.696169100111,0.5671332652354513,0.3268226098439326,0.12944629500125301,1.0
Hybrid GWO-ABC (Eq. 12),138,100.0,0.0,39.92914013202038,10.070859867979621,13800.0,13800.0,708.4,2833600.0,1.0,0.07297053757708731,5.05,28.131239840282966,127.177592251716,0.6192910333961873,0.33388691135692244,0.1346244400003343,1.0
Hybrid GWO-ABC (Eq. 12),139,100.0,0.0,39.85600729196657,10.143992708033432,13900.0,13900.0,713.5,2854000.0,1.0,0.0731328400538093,5.1,26.23695350821369,129.24289964321673,0.5893321311363705,0.3274114140422174,0.12993409000082465,1.0
Hybrid GWO-ABC (Eq. 12),140,100.0,0.0,39.78271019920229,10.217289800797706,14000.0,14000.0,718.5,2874000.0,1.0,0.07329709276427607,5.0,28.278802604901482,127.99921299602067,0.561943669492973,0.3271932963870018,0.1305847300005553,1.0
Hybrid GWO-ABC (Eq. 12),141,100.0,0.0,39.709767500388935,10.29023249961107,14100.0,14100.0,723.7,2894800.0,1.0,0.0729426988133639,5.2,27.868660120678946,126.66019817388035,0.599676955158652,0.3285913407337887,0.12520276499999455,1.0
Hybrid GWO-ABC (Eq. 12),142,100.0,0.0,39.63625901079506,10.363740989204938,14200.0,14200.0,728.8,2915200.0,1.0,0.07350848959386731,5.1,28.519625970513538,128.0199520140883,0.5685233558322171,0.3274902036780438,0.1256096200006141,1.0
Hybrid GWO-ABC (Eq. 12),143,100.0,0.0,39.563145510830374,10.43685448916963,14300.0,14300.0,733.85,2935400.0,1.0,0.07311349996469083,5.05,29.10178659438382,126.44764259099013,0.6145824573434935,0.33453514462853884,0.12724677999904088,1.0
Hybrid GWO-ABC (Eq. 12),144,100.0,0.0,39.490036904505935,10.509963095494065,14400.0,14400.0,738.95,2955800.0,1.0,0.07310860632443657,5.1,26.718001029343366,128.10329009382448,0.6292800754795758,0.3331069874787355,0.1275755199989362,1.0
Hybrid GWO-ABC (Eq. 12),145,100.0,0.0,39.417205145085525,10.582794854914479,14500.0,14500.0,744.0,2976000.0,1.0,0.07283175942041283,5.05,28.45184796913926,126.80962775571786,0.5827738200729147,0.3289167036075221,0.13057743499921343,1.0
Hybrid GWO-ABC (Eq. 12),146,100.0,0.0,39.344371404358625,10.655628595641375,14600.0,14600.0,749.0,2996000.0,1.0,0.07283374072689633,5.0,28.058747570569192,126.70506522514464,0.5913174644891452,0.32970172637068,0.12471567999964464,1.0
Hybrid GWO-ABC (Eq. 12),147,100.0,0.0,39.27136881464815,10.72863118535185,14700.0,14700.0,754.05,3016200.0,1.0,0.07300258971047598,5.05,29.213440609899855,127.01697483159708,0.5930172370295523,0.3322633977735684,0.12663130499968248,1.0
Hybrid GWO-ABC (Eq. 12),148,100.0,0.0,39.19851252736711,10.80148747263289,14800.0,14800.0,759.05,3036200.0,1.0,0.07285628728104072,5.0,29.05571660662408,125.82259345913533,0.6294642500552328,0.3365728865215579,0.13367130000078759,1.0
Hybrid GWO-ABC (Eq. 12),149,100.0,0.0,39.12519800388693,10.87480199611307,14900.0,14900.0,764.15,3056600.0,1.0,0.07331452348017926,5.1,27.49501199462487,127.97378186723196,0.5961425610135547,0.3296242226529928,0.13323777500008874,1.0
Hybrid GWO-ABC (Eq. 12),150,100.0,0.0,39.052552507483234,10.947447492516769,15000.0,15000.0,769.25,3077000.0,1.0,0.07264549640369751,5.1,28.74901493542839,125.27623236678042,0.6733525080476483,0.3409383813107508,0.1326576000006753,1.0
Hybrid GWO-ABC (Eq. 12),151,100.0,0.0,38.98002290386035,11.01997709613965,15100.0,15100.0,774.3,3097200.0,1.0,0.07252960362288122,5.05,26.71968603330084,127.18201241974187,0.6222223581822163,0.3319072707879193,0.1364540950005903,1.0
Hybrid GWO-ABC (Eq. 12),152,100.0,0.0,38.90740971270232,11.092590287297678,15200.0,15200.0,779.3,3117200.0,1.0,0.07261319115802926,5.0,26.797380499393693,128.47769181949423,0.6118831978386607,0.332062912909672,0.12882693000137807,1.0
Hybrid GWO-ABC (Eq. 12),153,100.0,0.0,38.83465622954118,11.165343770458822,15300.0,15300.0,784.4,3137600.0,1.0,0.0727534831611436,5.1,26.437122965635133,128.11716809320393,0.606505352622561,0.3293643306953455,0.1370591799997783,1.0
Hybrid GWO-ABC (Eq. 12),154,100.0,0.0,38.76126688124034,11.23873311875966,15400.0,15400.0,789.5,3158000.0,1.0,0.07338934830083872,5.1,26.55535655938355,130.03066003211876,0.5573311470341153,0.32401451318012475,0.13752090499947373,1.0
Hybrid GWO-ABC (Eq. 12),155,100.0,0.0,38.68871267913776,11.311287320862244,15500.0,15500.0,794.5,3178000.0,1.0,0.07255420210258272,5.0,25.67645610078141,129.08419096881863,0.5855942465848994,0.3265966716675203,0.1289619600007427,1.0
Hybrid GWO-ABC (Eq. 12),156,100.0,0.0,38.615644271809785,11.384355728190215,15600.0,15600.0,799.5,3198000.0,1.0,0.07306840732797112,5.0,27.800751646135232,128.0615537032554,0.560707538896945,0.3263918813839175,0.13159070999936376,1.0
Hybrid GWO-ABC (Eq. 12),157,100.0,0.0,38.54315637615714,11.456843623842861,15700.0,15700.0,804.5,3218000.0,1.0,0.07248789565264709,5.0,26.058826737778794,128.233450631331,0.6339151357693049,0.3337477210948202,0.13189882500009845,1.0
Hybrid GWO-ABC (Eq. 12),158,100.0,0.0,38.47031164071966,11.529688359280337,15800.0,15800.0,809.6,3238400.0,1.0,0.0728447354374758,5.1,27.433229749926,127.92019443051431,0.5945111126511099,0.32944579782079314,0.13018446000132827,1.0
Hybrid GWO-ABC (Eq. 12),159,100.0,0.0,38.39718907168108,11.602810928318915,15900.0,15900.0,814.7,3258800.0,1.0,0.07312256903857772,5.1,28.33312692721855,127.47573679633933,0.585295302540916,0.32916424410486506,0.13232775499927812,1.0
Hybrid GWO-ABC (Eq. 12),160,100.0,0.0,38.324076119559976,11.675923880440024,16000.0,16000.0,819.75,3279000.0,1.0,0.07311295212110842,5.05,26.352903922482675,129.23500921060526,0.5824443276256664,0.3271799019412723,0.13113172499906794,1.0
Hybrid GWO-ABC (Eq. 12),161,100.0,0.0,38.25095261456555,11.749047385434448,16100.0,16100.0,824.95,3299800.0,1.0,0.07312350499442566,5.2,26.58550153471641,127.88511647228279,0.6453606987819842,0.33444353877154054,0.13127255999970658,1.0
Hybrid GWO-ABC (Eq. 12),162,100.0,0.0,38.17785722365047,11.822142776349528,16200.0,16200.0,830.05,3320200.0,1.0,0.07309539091507951,5.1,28.010532583846544,127.18292329077676,0.6026226114465716,0.3309827101820946,0.1340844800000923,1.0
Hybrid GWO-ABC (Eq. 12),163,100.0,0.0,38.10477622344716,11.895223776552838,16300.0,16300.0,835.15,3340600.0,1.0,0.07308100020330918,5.1,28.34623017605336,126.75775331466653,0.6036255592371569,0.3313078699770198,0.1268457149988535,1.0
Hybrid GWO-ABC (Eq. 12),164,100.0,0.0,38.03205978378172,11.967940216218276,16400.0,16400.0,840.15,3360600.0,1.0,0.07271643966543735,5.0,26.875009945171975,127.75034105772825,0.6399792116527543,0.3359184710057793,0.13038233000115723,1.0
Hybrid GWO-ABC (Eq. 12),165,100.0,0.0,37.959156645646964,12.040843354353033,16500.0,16500.0,845.15,3380600.0,1.0,0.07290313813475784,5.0,29.289963255822197,126.72398982265311,0.5672448368523018,0.3287513350384312,0.13172958499926607,1.0
Hybrid GWO-ABC (Eq. 12),166,100.0,0.0,37.8859294407528,12.114070559247207,16600.0,16600.0,850.25,3401000.0,1.0,0.07322720489417342,5.1,26.632529868640923,129.2619340747401,0.5673646070106615,0.32504390451456655,0.13290833000064595,1.0
Hybrid GWO-ABC (Eq. 12),167,100.0,0.0,37.812625595548084,12.187374404451917,16700.0,16700.0,855.25,3421000.0,1.0,0.07330384520471042,5.0,26.736669505298288,128.82463817087933,0.6074293220559595,0.3315714564315545,0.13568180500114976,1.0
Hybrid GWO-ABC (Eq. 12),168,100.0,0.0,37.7395633165403,12.260436683459707,16800.0,16800.0,860.3,3441200.0,1.0,0.0730622790077902,5.05,27.76840804817086,128.0689912376062,0.5956114373068713,0.3305362587039389,0.13008492500048305,1.0
Hybrid GWO-ABC (Eq. 12),169,100.0,0.0,37.667128153893394,12.332871846106602,16900.0,16900.0,865.35,3461400.0,1.0,0.07243516264689447,5.05,27.084493510669184,126.53750096002457,0.659673012532801,0.3373704219250496,0.12912607500002196,1.0
Hybrid GWO-ABC (Eq. 12),170,100.0,0.0,37.59415000925758,12.405849990742416,17000.0,17000.0,870.4,3481600.0,1.0,0.07297814463581424,5.05,28.431713867724433,127.11094696834421,0.5836345088291119,0.3294765039016679,0.1294845999993413,1.0
Hybrid GWO-ABC (Eq. 12),171,100.0,0.0,37.521555868140204,12.478444131859797,17100.0,17100.0,875.4,3501600.0,1.0,0.07259414111738031,5.0,26.558852915183273,128.23178742195066,0.5959976380502957,0.32891965006622514,0.12827139999935752,1.0
Hybrid GWO-ABC (Eq. 12),172,100.0,0.0,37.448808995315915,12.551191004684085,17200.0,17200.0,880.5,3522000.0,1.0,0.072746872824289,5.1,27.364619910746757,127.90695594551057,0.6225178823921139,0.3332779174497727,0.13083095500041964,1.0
Hybrid GWO-ABC (Eq. 12),173,100.0,0.0,37.37610406559618,12.623895934403823,17300.0,17300.0,885.5,3542000.0,1.0,0.07270492971973859,5.0,28.105256856323336,126.88907813686606,0.6218150867613904,0.3345034631928415,0.12999228500120807,1.0
Hybrid GWO-ABC (Eq. 12),174,100.0,0.0,37.302992874882875,12.697007125117127,17400.0,17400.0,890.6,3562400.0,1.0,0.07311119071330197,5.1,27.347142916492754,127.82205836574656,0.6281518332952016,0.33387938141379275,0.1280913100006728,1.0
Hybrid GWO-ABC (Eq. 12),175,100.0,0.0,37.23030872374475,12.769691276255255,17500.0,17500.0,895.65,3582600.0,1.0,0.07268415113812914,5.05,27.125852457706458,126.61905393686388,0.662971568190389,0.33801027187635946,0.12679303500117384,1.0
Hybrid GWO-ABC (Eq. 12),176,100.0,0.0,37.15715282936807,12.84284717063193,17600.0,17600.0,900.8,3603200.0,1.0,0.07315589437667427,5.15,27.34284147819464,128.08999040852956,0.5782876417975215,0.32635023458601636,0.12606632999995782,1.0
Hybrid GWO-ABC (Eq. 12),177,100.0,0.0,37.08489484484308,12.915105155156919,17700.0,17700.0,905.8,3623200.0,1.0,0.0722579845249907,5.0,26.808636256468095,126.8948685575167,0.6406115438948412,0.33477560838588094,0.12566222499990545,1.0
Hybrid GWO-ABC (Eq. 12),178,100.0,0.0,37.01234506808366,12.987654931916342,17800.0,17800.0,910.8,3643200.0,1.0,0.07254977675942235,5.0,26.857202450300427,127.71494799738409,0.5991336083176079,0.32955695729097434,0.1274439299992082,1.0
Hybrid GWO-ABC (Eq. 12),179,100.0,0.0,36.93923257037967,13.060767429620332,17900.0,17900.0,915.85,3663400.0,1.0,0.07311249770398973,5.05,27.175562055765404,128.6282986090663,0.5930742286901459,0.32953215154983384,0.12926897000033932,1.0
Hybrid GWO-ABC (Eq. 12),180,100.0,0.0,36.866270253126615,13.133729746873382,18000.0,18000.0,920.9,3683600.0,1.0,0.07296231725304914,5.05,28.028423302842533,127.04842883386341,0.5815150509048204,0.328168066713171,0.12903709999955026,1.0
Hybrid GWO-ABC (Eq. 12),181,100.0,0.0,36.793277575985755,13.206722424014242,18100.0,18100.0,925.9,3703600.0,1.0,0.07299267714086106,5.0,27.986728980792027,127.57809376359565,0.6181580543849108,0.3343742090584554,0.12780989999992015,1.0
Hybrid GWO-ABC (Eq. 12),182,100.0,0.0,36.71982142273399,13.280178577266009,18200.0,18200.0,931.05,3724200.0,1.0,0.07345615325176488,5.15,28.064525984197086,127.9507366889223,0.5822993497131045,0.32820836161619893,0.12782703499942727,1.0
Hybrid GWO-ABC (Eq. 12),183,100.0,0.0,36.64633147482759,13.353668525172406,18300.0,18300.0,936.15,3744600.0,1.0,0.07348994790640048,5.1,28.577422838181537,127.75828127904637,0.5844583296266881,0.3299924607475855,0.12542404499909027,1.0
Hybrid GWO-ABC (Eq. 12),184,100.0,0.0,36.573361665301036,13.42663833469896,18400.0,18400.0,941.3,3765200.0,1.0,0.07296980952655438,5.15,26.83832964036526,128.3609952442161,0.6056028089471543,0.3294356570039597,0.1280950299991673,1.0
Hybrid GWO-ABC (Eq. 12),185,100.0,0.0,36.50039371012774,13.499606289872261,18500.0,18500.0,946.4,3785600.0,1.0,0.07296795517329926,5.1,26.37903061213048,128.59494634878223,0.616008750779726,0.33084389006136095,0.12886486499919556,1.0
Hybrid GWO-ABC (Eq. 12),186,100.0,0.0,36.42799963469036,13.57200036530964,18600.0,18600.0,951.6,3806400.0,1.0,0.07239407543737819,5.2,26.83733021250605,126.52382382230311,0.6818626612644623,0.33850948219111465,0.125294035000843,1.0
Hybrid GWO-ABC (Eq. 12),187,100.0,0.0,36.355334490636444,13.644665509363557,18700.0,18700.0,956.65,3826600.0,1.0,0.07266514405391752,5.05,25.939249742172194,129.24588072473443,0.575701167909606,0.3251421575548792,0.12270178499929899,1.0
Hybrid GWO-ABC (Eq. 12),188,100.0,0.0,36.282732458378064,13.717267541621936,18800.0,18800.0,961.65,3846600.0,1.0,0.07260203225837962,5.0,28.29894645770724,126.65365775134796,0.6189555299622529,0.3343603895019163,0.1275281800000812,1.0
Hybrid GWO-ABC (Eq. 12),189,100.0,0.0,36.21019414598989,13.789805854010112,18900.0,18900.0,966.65,3866600.0,1.0,0.07253831238817554,5.0,27.69016251345251,127.2279675695082,0.6182211811446786,0.3335268299201037,0.12809596999941278,1.0
Hybrid GWO-ABC (Eq. 12),190,100.0,0.0,36.13739026866425,13.862609731335748,19000.0,19000.0,971.65,3886600.0,1.0,0.0728038773256369,5.0,27.92967990175897,127.12560896870363,0.6532524644971447,0.33923623767405897,0.13273635500008824,1.0
Hybrid GWO-ABC (Eq. 12),191,100.0,0.0,36.06498255992447,13.935017440075523,19100.0,19100.0,976.7,3906800.0,1.0,0.07240770873977417,5.05,27.383306513162587,126.71584473110158,0.6547268372881941,0.33743999123284657,0.13251823500031606,1.0
Hybrid GWO-ABC (Eq. 12),192,100.0,0.0,35.99238335308029,14.007616646919704,19200.0,19200.0,981.7,3926800.0,1.0,0.0725992068441812,5.0,28.80466823456038,126.39756284510943,0.579717702844259,0.32924185583206744,0.13333734999941954,1.0
Hybrid GWO-ABC (Eq. 12),193,100.0,0.0,35.91999099690109,14.080009003098903,19300.0,19300.0,986.75,3947000.0,1.0,0.07239235617919917,5.05,27.695059808601115,125.90262408994117,0.6482557255436796,0.33646217996416594,0.12958555500008515,1.0
Hybrid GWO-ABC (Eq. 12),194,100.0,0.0,35.84677752685548,14.153222473144519,19400.0,19400.0,991.9,3967600.0,1.0,0.07321347004561467,5.15,28.690855150755844,126.86106037419863,0.6135906444832226,0.3330465312122898,0.13256717000003845,1.0
Hybrid GWO-ABC (Eq. 12),195,100.0,0.0,35.77376994157478,14.22623005842522,19500.0,19500.0,996.9,3987600.0,1.0,0.07300758528070155,5.0,27.93448539958097,128.15569554618918,0.5882690545550213,0.3304955452767032,0.13111100000023726,1.0
Hybrid GWO-ABC (Eq. 12),196,100.0,0.0,35.70136620707574,14.298633792924255,19600.0,19600.0,1002.0,4008000.0,1.0,0.0724037344990343,5.1,27.48070533338256,126.15948264057411,0.6618187910135808,0.3377194254620468,0.1365514749995782,1.0
Hybrid GWO-ABC (Eq. 12),197,100.0,0.0,35.62852586774211,14.371474132257882,19700.0,19700.0,1007.15,4028600.0,1.0,0.07284033933362792,5.15,28.33029328662652,126.03188377203614,0.5995283771331067,0.32948989064482914,0.12977672500092013,1.0
Hybrid GWO-ABC (Eq. 12),198,100.0,0.0,35.555629919349165,14.444370080650833,19800.0,19800.0,1012.15,4048600.0,1.0,0.07289594839295148,5.0,27.86243718437306,127.62718417661696,0.6028081451603311,0.33213559158676276,0.12932638000056612,1.0
Hybrid GWO-ABC (Eq. 12),199,100.0,0.0,35.482367223349854,14.51763277665015,19900.0,19900.0,1017.2,4068800.0,1.0,0.07326269599931443,5.05,29.439673581001085,126.5835411163079,0.5708757787731262,0.32889765001770044,0.1318507749991113,1.0
Hybrid GWO-ABC (Eq. 12),200,100.0,0.0,35.409563809481654,14.59043619051835,20000.0,20000.0,1022.2,4088800.0,1.0,0.07280341386820019,5.0,27.598465032006168,127.69245927862305,0.5933411648546609,0.33013821089480255,0.1295237799997267,1.0
Hybrid GWO-ABC (Eq. 12),201,100.0,0.0,35.33693509783766,14.663064902162343,20100.0,20100.0,1027.3,4109200.0,1.0,0.07262871164399591,5.1,28.685176861444535,125.43502385038123,0.6388134470905549,0.33580024140797726,0.12288086499975179,1.0
Hybrid GWO-ABC (Eq. 12),202,100.0,0.0,35.26410902752738,14.735890972472614,20200.0,20200.0,1032.4,4129600.0,1.0,0.07282607031027162,5.1,28.57501903065188,125.92291830225449,0.63327154812527,0.3351082195298035,0.12440534999914235,1.0
Hybrid GWO-ABC (Eq. 12),203,100.0,0.0,35.19129910379376,14.808700896206242,20300.0,20300.0,1037.5,4150000.0,1.0,0.07280992373362523,5.1,28.066488703352867,126.5978021497095,0.6398986964511015,0.3359974786689696,0.12660855499998433,1.0
Hybrid GWO-ABC (Eq. 12),204,100.0,0.0,35.11849909512176,14.881500904878237,20400.0,20400.0,1042.6,4170400.0,1.0,0.07280000867199768,5.1,26.360378300905666,128.27657018650356,0.5930421189711951,0.3272994607547103,0.12220906000075046,1.0
Hybrid GWO-ABC (Eq. 12),205,100.0,0.0,35.04558632768271,14.954413672317283,20500.0,20500.0,1047.65,4190600.0,1.0,0.07291276743904618,5.05,27.97941866733409,126.90620414602736,0.6251655844592963,0.3346505259867488,0.12073231499853136,1.0
Hybrid GWO-ABC (Eq. 12),206,100.0,0.0,34.97255815807345,15.027441841926557,20600.0,20600.0,1052.7,4210800.0,1.0,0.07302816960927175,5.05,27.10783304102477,128.20563397261986,0.5769460341452058,0.32695270573369495,0.12453392000024906,1.0
Hybrid GWO-ABC (Eq. 12),207,100.0,0.0,34.89996145590147,15.100038544098535,20700.0,20700.0,1057.7,4230800.0,1.0,0.07259670217197858,5.0,27.1499642563568,127.39722727927744,0.6447437848371415,0.3365958345840809,0.12273411999922246,1.0
Hybrid GWO-ABC (Eq. 12),208,100.0,0.0,34.82731806475038,15.172681935249619,20800.0,20800.0,1062.7,4250800.0,1.0,0.07264339115108491,5.0,27.412688526039382,127.3195515753329,0.5767849349963835,0.3269383467272832,0.12881108499968832,1.0
Hybrid GWO-ABC (Eq. 12),209,100.0,0.0,34.7540941398761,15.245905860123901,20900.0,20900.0,1067.7,4270800.0,1.0,0.07322392487428005,5.0,27.84521246463813,129.05863917590005,0.5598804245585125,0.32710521080749166,0.1255278949993226,1.0
Hybrid GWO-ABC (Eq. 12),210,100.0,0.0,34.681272112373094,15.31872788762691,21000.0,21000.0,1072.75,4291000.0,1.0,0.07282202750300862,5.05,27.638679313678875,127.79078992427235,0.5750955834795911,0.3272818327912378,0.12644372499926249,1.0
Hybrid GWO-ABC (Eq. 12),211,100.0,0.0,34.6084866525528,15.391513347447201,21100.0,21100.0,1077.8,4311200.0,1.0,0.0727854598202935,5.05,26.902489574180958,127.77346268334608,0.6291172797856419,0.33373809087866746,0.12297219499960192,1.0
Hybrid GWO-ABC (Eq. 12),212,100.0,0.0,34.53540750166874,15.46459249833126,21200.0,21200.0,1082.9,4331600.0,1.0,0.07307915088405643,5.1,27.605874479926126,127.43952747066244,0.6420579362943718,0.3362687834191055,0.13968280499902902,1.0
Hybrid GWO-ABC (Eq. 12),213,100.0,0.0,34.46217765716125,15.537822342838755,21300.0,21300.0,1087.95,4351800.0,1.0,0.0732298445074953,5.05,28.11417042741126,127.98335702222039,0.5651541809175176,0.32690553058111693,0.134140629999456,1.0
Hybrid GWO-ABC (Eq. 12),214,100.0,0.0,34.3896087431145,15.610391256885498,21400.0,21400.0,1093.0,4372000.0,1.0,0.07256891404674519,5.05,27.58749949380283,126.85668250769649,0.6644017652763072,0.339524779956088,0.1270594350004103,1.0
Hybrid GWO-ABC (Eq. 12),215,100.0,0.0,34.3167283620016,15.683271637998407,21500.0,21500.0,1098.05,4392200.0,1.0,0.07288038111290795,5.05,27.373831819667714,127.45838120696685,0.6348636154389957,0.3352251521214634,0.12795636500013643,1.0
Hybrid GWO-ABC (Eq. 12),216,100.0,0.0,34.24404279026707,15.755957209732923,21600.0,21600.0,1103.15,4412600.0,1.0,0.07268557173451669,5.1,27.986868183672424,125.83606343633043,0.6598692599362502,0.3381804470128979,0.1262359849995846,1.0
Hybrid GWO-ABC (Eq. 12),217,100.0,0.0,34.171724625261945,15.828275374738055,21700.0,21700.0,1108.25,4433000.0,1.0,0.07231816500513197,5.1,26.29005476672892,127.1936105875498,0.6408038142834612,0.33323791315869805,0.12880978499961201,1.0
Hybrid GWO-ABC (Eq. 12),218,100.0,0.0,34.09911065136803,15.900889348631972,21800.0,21800.0,1113.25,4453000.0,1.0,0.0726139738939164,5.0,26.848030860595713,127.4904954535543,0.6101308715092186,0.3311557727157227,0.12969741000015347,1.0
Hybrid GWO-ABC (Eq. 12),219,100.0,0.0,34.02617584715935,15.973824152840649,21900.0,21900.0,1118.25,4473000.0,1.0,0.0729348042086766,5.0,26.868886195594786,128.71991506028442,0.5913811652647056,0.32959555729193374,0.12553872500029684,1.0
Hybrid GWO-ABC (Eq. 12),220,100.0,0.0,33.95313879515205,16.046861204847946,22000.0,22000.0,1123.3,4493200.0,1.0,0.07303705200729738,5.05,27.97116478698528,127.70346475319431,0.5887408499955268,0.3300447819457236,0.12739787999998953,1.0
Hybrid GWO-ABC (Eq. 12),221,100.0,0.0,33.88076597974235,16.119234020257647,22100.0,22100.0,1128.5,4514000.0,1.0,0.07237281540970245,5.2,26.127971021171742,127.3495064680091,0.6401121205981714,0.33206846572798954,0.12769093999959297,1.0
Hybrid GWO-ABC (Eq. 12),222,100.0,0.0,33.80830037838659,16.191699621613406,22200.0,22200.0,1133.55,4534200.0,1.0,0.07246560135575741,5.05,28.38766285104193,125.42599290776988,0.6642991700475636,0.3396095062614849,0.13203165999984776,1.0
Hybrid GWO-ABC (Eq. 12),223,100.0,0.0,33.73501995211934,16.264980047880663,22300.0,22300.0,1138.55,4554200.0,1.0,0.07328042626725662,5.0,28.845033462824553,127.41600169524432,0.5706125930160655,0.3290941397904419,0.12497210999936215,1.0
Hybrid GWO-ABC (Eq. 12),224,100.0,0.0,33.66251387279052,16.337486127209477,22400.0,22400.0,1143.55,4574200.0,1.0,0.07250607932881437,5.0,27.473663575440604,127.0788144749973,0.6139419494644199,0.33239423479041397,0.12464581499953056,1.0
Hybrid GWO-ABC (Eq. 12),225,100.0,0.0,33.58998237842228,16.41001762157772,22500.0,22500.0,1148.6,4594400.0,1.0,0.07253149436824273,5.05,28.79339739575069,125.86085218122227,0.6572806934862825,0.3399290923678615,0.1266437100006442,1.0
Hybrid GWO-ABC (Eq. 12),226,100.0,0.0,33.51738985324973,16.482610146750268,22600.0,22600.0,1153.7,4614800.0,1.0,0.07259252517254708,5.1,27.828054496563254,126.37436364946947,0.6669376490330527,0.3393812037145615,0.12288833999955387,1.0
Hybrid GWO-ABC (Eq. 12),227,100.0,0.0,33.444704878983586,16.55529512101641,22700.0,22700.0,1158.8,4635200.0,1.0,0.07268497426614325,5.1,28.68341436915738,126.06161588142143,0.628160920286616,0.33484300750946466,0.12424977500086243,1.0
Hybrid GWO-ABC (Eq. 12),228,100.0,0.0,33.3714210935043,16.628578906495697,22800.0,22800.0,1163.85,4655400.0,1.0,0.07328378547928764,5.05,27.684836537753238,127.7329729327216,0.6169177868032633,0.3334350477085939,0.12428925499989418,1.0
Hybrid GWO-ABC (Eq. 12),229,100.0,0.0,33.298758247162574,16.70124175283743,22900.0,22900.0,1168.85,4675400.0,1.0,0.07266284634173133,5.0,27.90158791431997,127.01601047247914,0.6160793447542072,0.3336555980067305,0.12489084000008006,1.0
Hybrid GWO-ABC (Eq. 12),230,100.0,0.0,33.22645227274546,16.773547727254538,23000.0,23000.0,1173.85,4695400.0,1.0,0.07230597441710777,5.0,26.840024721835828,126.74449122829849,0.6119367431852419,0.3305513483173108,0.12048741500038887,1.0
Hybrid GWO-ABC (Eq. 12),231,100.0,0.0,33.15397142094269,16.84602857905731,23100.0,23100.0,1178.9,4715600.0,1.0,0.07248085180277286,5.05,26.443630188011923,127.54309735416896,0.6326352856501563,0.3332539578440973,0.12584218999909352,1.0
Hybrid GWO-ABC (Eq. 12),232,100.0,0.0,33.08127904223714,16.918720957762858,23200.0,23200.0,1183.95,4735800.0,1.0,0.07269237870554938,5.05,27.673602682264182,127.19707767416102,0.6090212471856998,0.33200732366284824,0.12444245999977284,1.0
Hybrid GWO-ABC (Eq. 12),233,100.0,0.0,33.00854096486484,16.991459035135158,23300.0,23300.0,1188.95,4755800.0,1.0,0.07273807737230023,5.0,29.85579773297268,125.22051515499945,0.601529435552422,0.3336697297177919,0.126044290000209,1.0
Hybrid GWO-ABC (Eq. 12),234,100.0,0.0,32.9357488729789,17.0642511270211,23400.0,23400.0,1194.15,4776600.0,1.0,0.07279209188594002,5.2,26.73605474070552,127.0927295683116,0.6426960812276306,0.33330062380324355,0.1257964450000145,1.0
Hybrid GWO-ABC (Eq. 12),235,100.0,0.0,32.862616826988535,17.137383173011465,23500.0,23500.0,1199.25,4797000.0,1.0,0.07313204599036709,5.1,29.677087947961745,126.2007043543367,0.6092037169759342,0.3344929476214346,0.129002070000206,1.0
Hybrid GWO-ABC (Eq. 12),236,100.0,0.0,32.79020174922965,17.20979825077035,23600.0,23600.0,1204.25,4817000.0,1.0,0.07241507775888394,5.0,27.713159157903267,126.59933158772466,0.6248982329379693,0.3341486267373577,0.12543834000098286,1.0
Hybrid GWO-ABC (Eq. 12),237,100.0,0.0,32.717548655952776,17.282451344047224,23700.0,23700.0,1209.25,4837000.0,1.0,0.07265309327687533,5.0,27.28377085242159,127.42334756282312,0.633248697941976,0.33548377040817723,0.12826932999851123,1.0
Hybrid GWO-ABC (Eq. 12),238,100.0,0.0,32.6449093840238,17.355090615976202,23800.0,23800.0,1214.25,4857000.0,1.0,0.07263927192897732,5.0,27.455061011645295,126.78819131148222,0.6432806841229564,0.3366669696058012,0.12613259500030835,1.0
Hybrid GWO-ABC (Eq. 12),239,100.0,0.0,32.57210649921485,17.427893500785157,23900.0,23900.0,1219.3,4877200.0,1.0,0.07280288480895347,5.05,27.374127078257384,127.54136312697524,0.6418191943108305,0.3367244241154975,0.1318416799997067,1.0
Hybrid GWO-ABC (Eq. 12),240,100.0,0.0,32.499042878842836,17.500957121157168,24000.0,24000.0,1224.3,4897200.0,1.0,0.07306362037201168,5.0,29.80416697587295,126.28206751681118,0.5545091328462224,0.32789834957074826,0.13307160999975168,1.0
Hybrid GWO-ABC (Eq. 12),241,100.0,0.0,32.42575466700619,17.574245332993808,24100.0,24100.0,1229.35,4917400.0,1.0,0.07328821183664136,5.05,27.410836944055415,128.3920351057574,0.5940980610242775,0.33040990868766273,0.1232372349997604,1.0
Hybrid GWO-ABC (Eq. 12),242,100.0,0.0,32.352908745969856,17.64709125403015,24200.0,24200.0,1234.4,4937600.0,1.0,0.07284592103634022,5.05,29.6932972598296,125.32446342160522,0.6004074311550659,0.33275507320870246,0.12858672499933163,1.0
Hybrid GWO-ABC (Eq. 12),243,100.0,0.0,32.27960274148246,17.720397258517544,24300.0,24300.0,1239.5,4958000.0,1.0,0.0733060044873941,5.1,27.525697715186148,128.44697276563127,0.577863469545132,0.327654282071392,0.12799105999984023,1.0
Hybrid GWO-ABC (Eq. 12),244,100.0,0.0,32.206895792516974,17.793104207483026,24400.0,24400.0,1244.5,4978000.0,1.0,0.07270694896548147,5.0,29.112184488596323,125.76350054743762,0.6215539464702486,0.3358932878880356,0.12806311499953155,1.0
Hybrid GWO-ABC (Eq. 12),245,100.0,0.0,32.13460798085076,17.865392019149244,24500.0,24500.0,1249.5,4998000.0,1.0,0.07228781166621942,5.0,27.399633674346678,126.52915499497806,0.6128484454684214,0.3316752351482613,0.1260178199994698,1.0
Hybrid GWO-ABC (Eq. 12),246,100.0,0.0,32.06199208344389,17.93800791655611,24600.0,24600.0,1254.5,5018000.0,1.0,0.07261589740686372,5.0,27.44983039080792,127.00715314028973,0.6136363670475924,0.332577979592696,0.125511729999198,1.0
Hybrid GWO-ABC (Eq. 12),247,100.0,0.0,31.989263042396097,18.010736957603903,24700.0,24700.0,1259.55,5038200.0,1.0,0.07272904104779787,5.05,28.0950606811716,126.48322104843653,0.6538030818199494,0.3387723705751981,0.12553043000043546,1.0
Hybrid GWO-ABC (Eq. 12),248,100.0,0.0,31.91668987910748,18.083310120892516,24800.0,24800.0,1264.55,5058200.0,1.0,0.07257316328861219,5.0,27.206261766243433,126.70473156020917,0.6624499786803747,0.3390922348922694,0.1281696300000476,1.0
Hybrid GWO-ABC (Eq. 12),249,100.0,0.0,31.84397097001276,18.15602902998724,24900.0,24900.0,1269.55,5078200.0,1.0,0.07271890909472312,5.0,28.193763066409694,126.74541215311244,0.6021404654177523,0.3320823079675136,0.13138124499892,1.0
Hybrid GWO-ABC (Eq. 12),250,100.0,0.0,31.771038509752294,18.228961490247706,25000.0,25000.0,1274.55,5098200.0,1.0,0.07293246026046489,5.0,27.575354548830546,127.43825287790294,0.6400413351492981,0.3371688110852621,0.1284595699991769,1.0
Hybrid GWO-ABC (Eq. 12),251,100.0,0.0,31.69801362194237,18.301986378057627,25100.0,25100.0,1279.55,5118200.0,1.0,0.07302488780992249,5.0,28.994135734434387,126.68886254103992,0.6147871888449005,0.3352959711914917,0.13470580499997595,1.0
Hybrid GWO-ABC (Eq. 12),252,100.0,0.0,31.625176977368234,18.374823022631766,25200.0,25200.0,1284.55,5138200.0,1.0,0.07283664457413774,5.0,28.232795433092953,126.80653994494921,0.6617552920277093,0.34072237531022725,0.13302645000003394,1.0
Hybrid GWO-ABC (Eq. 12),253,100.0,0.0,31.55266468548613,18.447335314513875,25300.0,25300.0,1289.6,5158400.0,1.0,0.0725122918821091,5.05,27.85169633052472,125.95057338479481,0.6441308426611561,0.3362057901506673,0.12487256999957026,1.0
Hybrid GWO-ABC (Eq. 12),254,100.0,0.0,31.479876536887293,18.520123463112704,25400.0,25400.0,1294.65,5178600.0,1.0,0.07278814859882968,5.05,27.856368175880203,127.19411390281871,0.6192833115580675,0.33405728347502617,0.1274896950006223,1.0
Hybrid GWO-ABC (Eq. 12),255,100.0,0.0,31.407844683989214,18.592155316010786,25500.0,25500.0,1299.65,5198600.0,1.0,0.072031852898081,5.0,26.17290926663377,126.82653830427812,0.6325017027800036,0.3326357304111951,0.13346699999892736,1.0
Hybrid GWO-ABC (Eq. 12),256,100.0,0.0,31.33533490855526,18.66466509144474,25600.0,25600.0,1304.65,5218600.0,1.0,0.0725097754339508,5.0,26.83809559769311,127.34831337536818,0.6578661146091541,0.3382021726247969,0.1303360049998446,1.0
Hybrid GWO-ABC (Eq. 12),257,100.0,0.0,31.262451927765984,18.737548072234013,25700.0,25700.0,1309.65,5238600.0,1.0,0.07288298078927795,5.0,26.5711166997523,128.92283601092802,0.5969541432923272,0.33024895363871215,0.12400403500105313,1.0
Hybrid GWO-ABC (Eq. 12),258,100.0,0.0,31.18976796923668,18.81023203076332,25800.0,25800.0,1314.75,5259000.0,1.0,0.0726839585293055,5.1,28.514371916650457,125.6890936517804,0.6633993023411315,0.33979479085210657,0.12860026999987895,1.0
Hybrid GWO-ABC (Eq. 12),259,100.0,0.0,31.116358322266905,18.883641677733095,25900.0,25900.0,1319.8,5279200.0,1.0,0.07340964696977359,5.05,27.9894630340123,128.15198839755743,0.5669018667205161,0.3274011468727022,0.12916805499953626,1.0
Hybrid GWO-ABC (Eq. 12),260,100.0,0.0,31.043481475253788,18.956518524746212,26000.0,26000.0,1324.8,5299200.0,1.0,0.07287684701311914,5.0,27.66106157090378,127.21210358683155,0.6290104526936645,0.3355955265953278,0.12774651999970957,1.0
Hybrid GWO-ABC (Eq. 12),261,100.0,0.0,30.970940080620885,19.029059919379115,26100.0,26100.0,1329.9,5319600.0,1.0,0.07254139463290059,5.1,29.105316960936335,125.0281374142858,0.6300035662955125,0.33542241943301865,0.12441602000035346,1.0
Hybrid GWO-ABC (Eq. 12),262,100.0,0.0,30.898213506260767,19.101786493739233,26200.0,26200.0,1334.9,5339600.0,1.0,0.07272657436012117,5.0,28.344195982327086,126.73608256718421,0.6208634779156936,0.3350840145486679,0.12646324999986974,1.0
Hybrid GWO-ABC (Eq. 12),263,100.0,0.0,30.825601919982535,19.174398080017465,26300.0,26300.0,1339.95,5359800.0,1.0,0.07261158627823025,5.05,27.7937665017377,126.25424556475753,0.6242621386684957,0.3336746713250617,0.12260815499939781,1.0
Hybrid GWO-ABC (Eq. 12),264,100.0,0.0,30.753140928731995,19.246859071268005,26400.0,26400.0,1344.95,5379800.0,1.0,0.07246099125054144,5.0,29.47340970953986,124.80658850708392,0.6583393861897957,0.3412040427717186,0.12302106000024651,1.0
Hybrid GWO-ABC (Eq. 12),265,100.0,0.0,30.680410733739002,19.319589266261,26500.0,26500.0,1349.95,5399800.0,1.0,0.07273019499299452,5.0,28.40645730977111,125.99129395673901,0.672509209821534,0.3425787097017638,0.12305886000067404,1.0
Hybrid GWO-ABC (Eq. 12),266,100.0,0.0,30.608029730708626,19.391970269291374,26600.0,26600.0,1354.95,5419800.0,1.0,0.07238100303037295,5.0,26.074050105697715,127.69160841220275,0.6588877262329043,0.337440916486088,0.1314606649997586,1.0
Hybrid GWO-ABC (Eq. 12),267,100.0,0.0,30.535344451427413,19.464655548572587,26700.0,26700.0,1359.95,5439800.0,1.0,0.07268527928121067,5.0,28.628040440715676,126.21165405956226,0.5998492008331898,0.3323562164587843,0.1267444749999413,1.0
Hybrid GWO-ABC (Eq. 12),268,100.0,0.0,30.46225466731703,19.537745332682974,26800.0,26800.0,1365.0,5460000.0,1.0,0.07308978411038822,5.05,26.996273917109807,128.91912334952374,0.5705773070442455,0.326698945319047,0.12763773999940894,1.0
Hybrid GWO-ABC (Eq. 12),269,100.0,0.0,30.389816579607537,19.610183420392467,26900.0,26900.0,1370.0,5480000.0,1.0,0.07243808770949176,5.0,25.994027755444193,127.90594156394745,0.6471050243488738,0.33579449069483047,0.12811640000072658,1.0
Hybrid GWO-ABC (Eq. 12),270,100.0,0.0,30.316746958628368,19.683253041371632,27000.0,27000.0,1375.0,5500000.0,1.0,0.07306962097916489,5.0,29.24788143346759,126.74913011900598,0.6098387692418537,0.335478725418354,0.12804326000004948,1.0
Hybrid GWO-ABC (Eq. 12),271,100.0,0.0,30.243788699693575,19.75621130030643,27100.0,27100.0,1380.0,5520000.0,1.0,0.07295825893479932,5.0,27.916133414807597,127.6083156567393,0.6304115264270806,0.33665938560516045,0.13054741999985708,1.0
Hybrid GWO-ABC (Eq. 12),272,100.0,0.0,30.170638339678796,19.829361660321204,27200.0,27200.0,1385.0,5540000.0,1.0,0.07315036001477608,5.0,28.46446825422463,127.22782432669017,0.5672560417269586,0.3279231177072234,0.12677731499934453,1.0
Hybrid GWO-ABC (Eq. 12),273,100.0,0.0,30.09810884072194,19.90189115927806,27300.0,27300.0,1390.0,5560000.0,1.0,0.07252949895685123,5.0,27.20464420732797,127.0486258532951,0.6639548655683278,0.33986143848072115,0.12441554000033647,1.0
Hybrid GWO-ABC (Eq. 12),274,100.0,0.0,30.025245507471332,19.974754492528664,27400.0,27400.0,1395.05,5580200.0,1.0,0.07286333325060745,5.05,28.229916426265156,127.15869445155072,0.6296028191891659,0.3363233619895421,0.12106062500024564,1.0
Hybrid GWO-ABC (Eq. 12),275,100.0,0.0,29.952607369329336,20.047392630670664,27500.0,27500.0,1400.15,5600600.0,1.0,0.07263813814200155,5.1,27.83872798872458,125.89192832600713,0.6403639607506929,0.33522434985670035,0.12607380500121507,1.0
Hybrid GWO-ABC (Eq. 12),276,100.0,0.0,29.879750720862596,20.120249279137404,27600.0,27600.0,1405.2,5620800.0,1.0,0.07285664846673842,5.05,26.173917522366374,128.15523310657122,0.6135750946081033,0.33080412154801137,0.12857351999955427,1.0
Hybrid GWO-ABC (Eq. 12),277,100.0,0.0,29.807158889556867,20.192841110443133,27700.0,27700.0,1410.2,5640800.0,1.0,0.07259183130572992,5.0,28.40674263333142,126.16251861365026,0.6054930240029835,0.33259142902270056,0.12959783500045888,1.0
Hybrid GWO-ABC (Eq. 12),278,100.0,0.0,29.73460634462204,20.26539365537796,27800.0,27800.0,1415.25,5661000.0,1.0,0.07255254493482485,5.05,27.18776814061544,126.77426289019994,0.6465268951984078,0.3363919142621991,0.13291312999972432,1.0
Hybrid GWO-ABC (Eq. 12),279,100.0,0.0,29.661919763542283,20.338080236457717,27900.0,27900.0,1420.25,5681000.0,1.0,0.07268658107975642,5.0,27.351588128132146,127.71915236516311,0.6061631536054504,0.33212627786397864,0.13874246000086715,1.0
Hybrid GWO-ABC (Eq. 12),280,100.0,0.0,29.589145783197047,20.410854216802957,28000.0,28000.0,1425.35,5701400.0,1.0,0.07277398034524171,5.1,27.961153030491364,127.05503770671824,0.6232577081277614,0.33428743284539075,0.13221195000041916,1.0
Hybrid GWO-ABC (Eq. 12),281,100.0,0.0,29.516020671998994,20.483979328001006,28100.0,28100.0,1430.4,5721600.0,1.0,0.07312511119804892,5.05,27.382506941184346,127.79574780693554,0.6105740366810177,0.33233507094910114,0.1323821850000968,1.0
Hybrid GWO-ABC (Eq. 12),282,100.0,0.0,29.443149632162026,20.556850367837974,28200.0,28200.0,1435.5,5742000.0,1.0,0.07287103983696638,5.1,27.856947983505357,127.03790575142307,0.6254885815615491,0.3342931452029338,0.13072463499956938,1.0
Hybrid GWO-ABC (Eq. 12),283,100.0,0.0,29.37061482832231,20.62938517167769,28300.0,28300.0,1440.5,5762000.0,1.0,0.07253480383971737,5.0,26.015186623494877,127.75300708933602,0.6573629998456221,0.33722024278430046,0.1270472099997278,1.0
Hybrid GWO-ABC (Eq. 12),284,100.0,0.0,29.2979397438554,20.7020602561446,28400.0,28400.0,1445.5,5782000.0,1.0,0.07267508446690965,5.0,29.771866076382793,125.3894604668177,0.646453611297385,0.3407125169690517,0.12481835500002489,1.0
Hybrid GWO-ABC (Eq. 12),285,100.0,0.0,29.22516631117844,20.77483368882156,28500.0,28500.0,1450.6,5802400.0,1.0,0.07277343267696086,5.1,27.79652133721969,126.8126397604902,0.6189505081535562,0.3330980784356314,0.12453972000002977,1.0
Hybrid GWO-ABC (Eq. 12),286,100.0,0.0,29.15284092490906,20.847159075090936,28600.0,28600.0,1455.65,5822600.0,1.0,0.07232538626937704,5.05,27.925652470120145,126.33385171133436,0.6158435242798033,0.33284985180445786,0.1357165850004094,1.0
Hybrid GWO-ABC (Eq. 12),287,100.0,0.0,29.080140550474265,20.919859449525735,28700.0,28700.0,1460.65,5842600.0,1.0,0.07270037443479768,5.0,27.86967579525284,127.37003142614083,0.6123995894458498,0.3339122809555264,0.13018713000055868,1.0
Hybrid GWO-ABC (Eq. 12),288,100.0,0.0,29.007367285715993,20.992632714284007,28800.0,28800.0,1465.7,5862800.0,1.0,0.07277326475827106,5.05,26.50791273994999,128.03287557614175,0.6466981290361709,0.33640708187828544,0.12839436999893222,1.0
Hybrid GWO-ABC (Eq. 12),289,100.0,0.0,28.935143162498026,21.064856837501974,28900.0,28900.0,1470.7,5882800.0,1.0,0.07222412321796785,5.0,27.759014730342397,126.22385081561268,0.6494471788048961,0.3379894302969448,0.1357320900006016,1.0
Hybrid GWO-ABC (Eq. 12),290,100.0,0.0,28.861840381392387,21.138159618607613,29000.0,29000.0,1475.7,5902800.0,1.0,0.07330278110564041,5.0,29.180546011119322,126.87933671132969,0.5792412268769591,0.3306574894544732,0.12837195000101928,1.0
Hybrid GWO-ABC (Eq. 12),291,100.0,0.0,28.78893233048499,21.211067669515014,29100.0,29100.0,1480.7,5922800.0,1.0,0.07290805090740023,5.0,27.692443975121858,127.52891500766766,0.6186030283473712,0.33467162877360473,0.13277186000123037,1.0
Hybrid GWO-ABC (Eq. 12),292,100.0,0.0,28.71612512002518,21.283874879974817,29200.0,29200.0,1485.7,5942800.0,1.0,0.07280721045980343,5.0,27.576490978473526,127.42662773097939,0.6495754639572134,0.3386356605668154,0.1315371149994462,1.0
Hybrid GWO-ABC (Eq. 12),293,100.0,0.0,28.64321735497871,21.35678264502129,29300.0,29300.0,1490.7,5962800.0,1.0,0.07290776504647276,5.0,27.259220275516924,127.96974250557139,0.6055349051472663,0.3319664689704493,0.1299770149991673,1.0
Hybrid GWO-ABC (Eq. 12),294,100.0,0.0,28.570620811747467,21.429379188252533,29400.0,29400.0,1495.75,5983000.0,1.0,0.0725965432312428,5.05,28.496158434354363,126.20195097887412,0.6169855987077658,0.33398542609468,0.1302433850010857,1.0
Hybrid GWO-ABC (Eq. 12),295,100.0,0.0,28.497869047014603,21.502130952985393,29500.0,29500.0,1500.75,6003000.0,1.0,0.07275176473286074,5.0,26.547180770345722,128.28004366144805,0.6205991912152464,0.33320972591441655,0.1364204500005144,1.0
Hybrid GWO-ABC (Eq. 12),296,100.0,0.0,28.425104713542623,21.574895286457373,29600.0,29600.0,1505.8,6023200.0,1.0,0.0727643334719799,5.05,27.695854024799537,127.00563290726862,0.6524913878093546,0.338407146026611,0.129085770000529,1.0
Hybrid GWO-ABC (Eq. 12),297,100.0,0.0,28.352414948533056,21.647585051466944,29700.0,29700.0,1510.8,6043200.0,1.0,0.07268976500957187,5.0,27.096450846568285,128.03646453481412,0.5901015624581912,0.32961882482239735,0.1305396549982106,1.0
Hybrid GWO-ABC (Eq. 12),298,100.0,0.0,28.27968080341422,21.72031919658578,29800.0,29800.0,1515.85,6063400.0,1.0,0.07273414511883373,5.05,29.321488246083383,125.69602865027684,0.6491955635288856,0.3399748909192081,0.12754537499968138,1.0
Hybrid GWO-ABC (Eq. 12),299,100.0,0.0,28.206986891745977,21.793013108254026,29900.0,29900.0,1520.85,6083400.0,1.0,0.07269391166824732,5.0,27.37101274305751,126.49435010431799,0.6812048249596063,0.3408895814908188,0.1308941950006556,1.0
Hybrid GWO-ABC (Eq. 12),300,100.0,0.0,28.134449685932132,21.865550314067868,30000.0,30000.0,1525.85,6103400.0,1.0,0.07253720581383885,5.0,27.076573125795797,127.06699356337135,0.6398086944168375,0.3355647240960563,0.12557685499959917,1.0
Hybrid GWO-ABC (Eq. 12),301,100.0,0.0,28.06200203041079,21.937997969589212,30100.0,30100.0,1530.9,6123600.0,1.0,0.07244765552134336,5.05,26.733093528612574,126.85722768340649,0.6703636746061996,0.3388058891494437,0.12220724500075449,1.0
Hybrid GWO-ABC (Eq. 12),302,100.0,0.0,27.989359744604418,22.01064025539558,30200.0,30200.0,1535.95,6143800.0,1.0,0.07264228580637244,5.05,26.808425961002733,126.80105664339928,0.6471300975614569,0.3356779098469666,0.1279863200001273,1.0
Hybrid GWO-ABC (Eq. 12),303,100.0,0.0,27.916747466083155,22.083252533916845,30300.0,30300.0,1540.95,6163800.0,1.0,0.07261227852126417,5.0,27.528229459554012,127.00892329888238,0.647561162925544,0.33787470852426155,0.12571794999930716,1.0
Hybrid GWO-ABC (Eq. 12),304,100.0,0.0,27.84425938920794,22.15574061079206,30400.0,30400.0,1545.95,6183800.0,1.0,0.07248807687521346,5.0,26.544132138964876,127.29146176980903,0.6712133134150701,0.3396947312696138,0.1305150499996671,1.0
Hybrid GWO-ABC (Eq. 12),305,100.0,0.0,27.771560284653127,22.228439715346873,30500.0,30500.0,1551.0,6204000.0,1.0,0.07269910455481324,5.05,28.736813336743882,126.0811690443372,0.6359056324702663,0.33754212269453027,0.1319215900002746,1.0
Hybrid GWO-ABC (Eq. 12),306,100.0,0.0,27.69899413738126,22.301005862618737,30600.0,30600.0,1556.0,6224000.0,1.0,0.07256614727186524,5.0,27.674325295115125,127.7316068520289,0.5875192409946706,0.33019808161563224,0.127022090000537,1.0
Hybrid GWO-ABC (Eq. 12),307,100.0,0.0,27.626245868902686,22.373754131097314,30700.0,30700.0,1561.05,6244200.0,1.0,0.0727482684785766,5.05,27.107532234747634,127.95902334054183,0.6274172254623439,0.33474864863980286,0.1297970500010706,1.0
Hybrid GWO-ABC (Eq. 12),308,100.0,0.0,27.553446772198026,22.446553227801974,30800.0,30800.0,1566.05,6264200.0,1.0,0.07279909670465923,5.0,28.10248980886876,127.234663019946,0.5884326000941554,0.3307293568479446,0.12869332500085875,1.0
Hybrid GWO-ABC (Eq. 12),309,100.0,0.0,27.48066558877382,22.519334411226183,30900.0,30900.0,1571.1,6284400.0,1.0,0.07278118342420807,5.05,27.815849373679384,126.49045792580448,0.635737825897422,0.33590114423760303,0.12883639500032587,1.0
Hybrid GWO-ABC (Eq. 12),310,100.0,0.0,27.40806231927042,22.59193768072958,31000.0,31000.0,1576.15,6304600.0,1.0,0.07260326950339735,5.05,29.03006867857667,125.53112625333361,0.6326224879525348,0.3370083458115539,0.1336702750006225,1.0
Hybrid GWO-ABC (Eq. 12),311,100.0,0.0,27.335847888246956,22.664152111753044,31100.0,31100.0,1581.15,6324600.0,1.0,0.07221443102346434,5.0,28.44164855596142,124.89953513610256,0.6623176006301741,0.33985812175088487,0.13097478000090632,1.0
Hybrid GWO-ABC (Eq. 12),312,100.0,0.0,27.26309065692586,22.73690934307414,31200.0,31200.0,1586.15,6344600.0,1.0,0.07275723132109313,5.0,27.319228639225123,127.72875590075823,0.6118587800918194,0.33305738384509065,0.13066485000053946,1.0
Hybrid GWO-ABC (Eq. 12),313,100.0,0.0,27.19050405113951,22.80949594886049,31300.0,31300.0,1591.15,6364600.0,1.0,0.07258660578635308,5.0,26.709472795423032,127.48354104712942,0.6355271951674116,0.3351531162168452,0.1312540100003389,1.0
Hybrid GWO-ABC (Eq. 12),314,100.0,0.0,27.11823532767472,22.881764672325282,31400.0,31400.0,1596.15,6384600.0,1.0,0.07226872346478999,5.0,27.913631908541582,125.78691308763996,0.6539476058130688,0.33866755238436086,0.13197909000082292,1.0
Hybrid GWO-ABC (Eq. 12),315,100.0,0.0,27.045542534372906,22.95445746562709,31500.0,31500.0,1601.15,6404600.0,1.0,0.07269279330181053,5.0,28.84604784540769,125.27034328533455,0.6166496404980342,0.3343963919891123,0.12932056999961788,1.0
Hybrid GWO-ABC (Eq. 12),316,100.0,0.0,26.972982054933453,23.027017945066543,31600.0,31600.0,1606.2,6424800.0,1.0,0.07256047943945401,5.05,27.497542057804925,126.49743567148786,0.6535742287592912,0.33749851604710496,0.1316975450001337,1.0
Hybrid GWO-ABC (Eq. 12),317,100.0,0.0,26.899511143467247,23.100488856532753,31700.0,31700.0,1611.2,6444800.0,1.0,0.07347091146620865,5.0,28.165259044620104,128.7647303351393,0.6054702791337736,0.3349952132293367,0.13125727999940864,1.0
Hybrid GWO-ABC (Eq. 12),318,100.0,0.0,26.827105381386694,23.172894618613306,31800.0,31800.0,1616.25,6465000.0,1.0,0.0724057620805528,5.05,29.01674867153077,125.04809704125744,0.68357828120237,0.3439864963534767,0.1282107849991007,1.0
Hybrid GWO-ABC (Eq. 12),319,100.0,0.0,26.754775641274183,23.245224358725817,31900.0,31900.0,1621.25,6485000.0,1.0,0.07232974011251195,5.0,26.82141417277266,126.97331202007658,0.6129190351298285,0.33150959795418355,0.13838813999936975,1.0
Hybrid GWO-ABC (Eq. 12),320,100.0,0.0,26.682263125183788,23.317736874816212,32000.0,32000.0,1626.25,6505000.0,1.0,0.072512516090395,5.0,29.03071404943019,125.41143223141314,0.6485429051139614,0.33958912405659203,0.1263289700000314,1.0
Hybrid GWO-ABC (Eq. 12),321,100.0,0.0,26.609386711923925,23.39061328807608,32100.0,32100.0,1631.3,6525200.0,1.0,0.07287641325986574,5.05,26.895566053773145,128.32448365804683,0.6079855312386501,0.3319190044043482,0.12721091999919737,1.0
Hybrid GWO-ABC (Eq. 12),322,100.0,0.0,26.536676364647917,23.46332363535208,32200.0,32200.0,1636.35,6545400.0,1.0,0.07271034727600263,5.05,26.828000024787666,127.23976304615341,0.6240110079858889,0.33265611914149773,0.12955055000093124,1.0
Hybrid GWO-ABC (Eq. 12),323,100.0,0.0,26.46386520826146,23.53613479173854,32300.0,32300.0,1641.35,6565400.0,1.0,0.07281115638645944,5.0,28.00362048900491,126.64494673350039,0.661095132013635,0.3406881359361918,0.1290104200001224,1.0
Hybrid GWO-ABC (Eq. 12),324,100.0,0.0,26.391183574763648,23.608816425236352,32400.0,32400.0,1646.4,6585600.0,1.0,0.07268163349781247,5.05,29.988874295269,125.01907246802853,0.6012279362166606,0.33388968771264044,0.13924358500044037,1.0
Hybrid GWO-ABC (Eq. 12),325,100.0,0.0,26.318481948780896,23.681518051219104,32500.0,32500.0,1651.45,6605800.0,1.0,0.07270162598275079,5.05,27.656760028038995,126.47224925298833,0.670863568097538,0.3407407492872522,0.13282087499974296,1.0
Hybrid GWO-ABC (Eq. 12),326,100.0,0.0,26.24603500689206,23.75396499310794,32600.0,32600.0,1656.45,6625800.0,1.0,0.07244694188883613,5.0,27.598406756058516,126.5160403860805,0.6424463979600739,0.33720816596089576,0.1311903549991257,1.0
Hybrid GWO-ABC (Eq. 12),327,100.0,0.0,26.17346469587402,23.82653530412598,32700.0,32700.0,1661.5,6646000.0,1.0,0.07257031101804098,5.05,28.10939062731929,126.13968532891154,0.6289029266366681,0.3353016430499628,0.12900424499966903,1.0
Hybrid GWO-ABC (Eq. 12),328,100.0,0.0,26.10042674429036,23.899573255709644,32800.0,32800.0,1666.5,6666000.0,1.0,0.07303795158366207,5.0,27.55527447392679,127.81366328541371,0.6218466800709935,0.3352427668310774,0.12673325499999918,1.0
Hybrid GWO-ABC (Eq. 12),329,100.0,0.0,26.02723055338647,23.972769446613526,32900.0,32900.0,1671.5,6686000.0,1.0,0.07319619090388425,5.0,28.92943932190651,126.92369067733505,0.6220230302629937,0.3372248348896624,0.12670045500053675,1.0
Hybrid GWO-ABC (Eq. 12),330,100.0,0.0,25.954555741475627,24.04544425852437,33000.0,33000.0,1676.55,6706200.0,1.0,0.07267481191084375,5.05,26.90427117542915,127.18872041564293,0.6756095907519859,0.34087750747949597,0.13658205999854545,1.0
Hybrid GWO-ABC (Eq. 12),331,100.0,0.0,25.88182252387038,24.11817747612962,33100.0,33100.0,1681.55,6726200.0,1.0,0.07273321760525046,5.0,27.330939183390957,127.75480150771241,0.6343209499961062,0.33674956969337366,0.1261252249994868,1.0
Hybrid GWO-ABC (Eq. 12),332,100.0,0.0,25.808888837874445,24.19111116212555,33200.0,33200.0,1686.6,6746400.0,1.0,0.07293368599593109,5.05,27.60996224824148,127.1275750097354,0.6342983352469685,0.33612819056641696,0.12837717000111298,1.0
Hybrid GWO-ABC (Eq. 12),333,100.0,0.0,25.736386176057483,24.263613823942517,33300.0,33300.0,1691.6,6766400.0,1.0,0.07250266181696467,5.0,25.52998106286347,129.06351743902889,0.6039587013079843,0.3298699757101183,0.1265683449993958,1.0
Hybrid GWO-ABC (Eq. 12),334,100.0,0.0,25.663375920742453,24.336624079257547,33400.0,33400.0,1696.7,6786800.0,1.0,0.07301025531502851,5.1,28.027477661153192,127.22761710941222,0.5920315907776273,0.33032826683610556,0.12859398499931557,1.0
Hybrid GWO-ABC (Eq. 12),335,100.0,0.0,25.59092807893932,24.40907192106068,33500.0,33500.0,1701.7,6806800.0,1.0,0.07244784180313105,5.0,26.726842140199846,127.17674145566025,0.6643961039540881,0.3392379014521191,0.1235903650012915,1.0
Hybrid GWO-ABC (Eq. 12),336,100.0,0.0,25.51844588140248,24.48155411859752,33600.0,33600.0,1706.7,6826800.0,1.0,0.07248219753684104,5.0,27.98973793659449,126.53491868999569,0.6471716334238894,0.3386639629018978,0.12426283499953569,1.0
Hybrid GWO-ABC (Eq. 12),337,100.0,0.0,25.445745773663802,24.554254226336198,33700.0,33700.0,1711.7,6846800.0,1.0,0.07270010773868005,5.0,28.26700345957388,126.62120984367706,0.6541279577313548,0.3405162121593873,0.11950896000053035,1.0
Hybrid GWO-ABC (Eq. 12),338,100.0,0.0,25.3729237553054,24.6270762446946,33800.0,33800.0,1716.75,6867000.0,1.0,0.07282201835840123,5.05,27.650573837386265,126.23698859167344,0.6692862883135131,0.3403823108472924,0.1254400749996421,1.0
Hybrid GWO-ABC (Eq. 12),339,100.0,0.0,25.300331667824214,24.699668332175786,33900.0,33900.0,1721.75,6887000.0,1.0,0.07259208748118695,5.0,28.51837236364173,126.41403131119907,0.6358152869821181,0.33788481797317277,0.12315958500039415,1.0
Hybrid GWO-ABC (Eq. 12),340,100.0,0.0,25.227576081852597,24.772423918147403,34000.0,34000.0,1726.75,6907000.0,1.0,0.07275558597161744,5.0,26.96976864795326,127.42680061325773,0.6346034243404501,0.33562000104080836,0.12730357000036746,1.0
Hybrid GWO-ABC (Eq. 12),341,100.0,0.0,25.154722942298935,24.845277057701065,34100.0,34100.0,1731.75,6927000.0,1.0,0.07285313955366206,5.0,27.98608408628167,128.02432085640945,0.5708476934552222,0.3287128327745853,0.12916069500024605,1.0
Hybrid GWO-ABC (Eq. 12),342,100.0,0.0,25.08208292588798,24.91791707411202,34200.0,34200.0,1736.75,6947000.0,1.0,0.07264001641095189,5.0,27.972585435314823,126.41226989647467,0.6608607509155617,0.340592603347177,0.12493032500060508,1.0
Hybrid GWO-ABC (Eq. 12),343,100.0,0.0,25.00881950306366,24.99118049693634,34300.0,34300.0,1741.75,6967000.0,1.0,0.0732634228243219,5.0,27.44830826066264,128.47538926972874,0.5759235314224103,0.3288452815759671,0.1261462800001027,1.0
Hybrid GWO-ABC (Eq. 12),344,100.0,0.0,24.936640430451764,25.063359569548236,34400.0,34400.0,1746.8,6987200.0,1.0,0.07217907261189715,5.05,26.63483650247805,126.99434244532793,0.6348089016738657,0.3341756835962103,0.1322205650016258,1.0
Hybrid GWO-ABC (Eq. 12),345,100.0,0.0,24.86364665806574,25.13635334193426,34500.0,34500.0,1751.8,7007200.0,1.0,0.07299377238602175,5.0,28.825925679338514,126.35159972529004,0.66407725113767,0.3428719558051957,0.14321294000037596,1.0
Hybrid GWO-ABC (Eq. 12),346,100.0,0.0,24.79122355197916,25.20877644802084,34600.0,34600.0,1756.8,7027200.0,1.0,0.0724231060865824,5.0,27.653057416440866,126.45596083815758,0.6215590742518167,0.33432051374351224,0.12188892999947712,1.0
Hybrid GWO-ABC (Eq. 12),347,100.0,0.0,24.718698664535506,25.281301335464494,34700.0,34700.0,1761.8,7047200.0,1.0,0.07252488744365308,5.0,27.063503298725283,127.20820260289085,0.6305125129216875,0.3351975356862866,0.13075268999928086,1.0
Hybrid GWO-ABC (Eq. 12),348,100.0,0.0,24.646363664643918,25.353636335356082,34800.0,34800.0,1766.8,7067200.0,1.0,0.07233499989159001,5.0,28.143514838002964,125.47091119055963,0.661735095109339,0.3401768904003767,0.12937307999964104,1.0
Hybrid GWO-ABC (Eq. 12),349,100.0,0.0,24.573376961056173,25.426623038943827,34900.0,34900.0,1771.8,7087200.0,1.0,0.07298670358774455,5.0,28.147261363956453,127.78916830380058,0.5914716573392388,0.3319596008275055,0.13157255500082102,1.0
Hybrid GWO-ABC (Eq. 12),350,100.0,0.0,24.501037818673208,25.498962181326792,35000.0,35000.0,1776.8,7107200.0,1.0,0.07233914238296499,5.0,28.262405417346862,125.52526780364065,0.6632584229433413,0.3406476339489142,0.12440407999929448,1.0
Hybrid GWO-ABC (Eq. 12),351,100.0,0.0,24.428579404013725,25.571420595986275,35100.0,35100.0,1781.8,7127200.0,1.0,0.07245841465948147,5.0,27.300142220272715,126.62026616725159,0.6274276359443294,0.3344355425649509,0.131176439999399,1.0
Hybrid GWO-ABC (Eq. 12),352,100.0,0.0,24.35583456782043,25.64416543217957,35200.0,35200.0,1786.85,7147400.0,1.0,0.07274483619329644,5.05,29.809425866851274,124.61002411256372,0.6870042802437842,0.34602452234467307,0.1345347499995114,1.0
Hybrid GWO-ABC (Eq. 12),353,100.0,0.0,24.28323120568657,25.71676879431343,35300.0,35300.0,1791.85,7167400.0,1.0,0.07260336213386047,5.0,28.655067417501858,126.31953205781663,0.6409275038363705,0.33880170026991246,0.12630217499972787,1.0
Hybrid GWO-ABC (Eq. 12),354,100.0,0.0,24.210672080034715,25.789327919965285,35400.0,35400.0,1796.85,7187400.0,1.0,0.07255912565185288,5.0,27.440949767675313,126.494150370009,0.69016981108295,0.3436390510296971,0.12204766499999095,1.0
Hybrid GWO-ABC (Eq. 12),355,100.0,0.0,24.13815611591322,25.861843884086777,35500.0,35500.0,1801.95,7207800.0,1.0,0.0725159641214967,5.1,26.96797135022419,126.15003821452619,0.6593199203809845,0.337334453056923,0.13110907999980553,1.0
Hybrid GWO-ABC (Eq. 12),356,100.0,0.0,24.065379616187087,25.934620383812916,35600.0,35600.0,1807.0,7228000.0,1.0,0.07277649972613301,5.05,27.043896017688503,127.52511474463013,0.6461203883210983,0.3375541406021407,0.13231458499976725,1.0
Hybrid GWO-ABC (Eq. 12),357,100.0,0.0,23.99290664550195,26.00709335449805,35700.0,35700.0,1812.05,7248200.0,1.0,0.07247297068513525,5.05,26.813166250683338,127.10573611080387,0.6594019571367955,0.33853577959419795,0.1255100299997139,1.0
Hybrid GWO-ABC (Eq. 12),358,100.0,0.0,23.920049731577258,26.079950268422742,35800.0,35800.0,1817.05,7268200.0,1.0,0.0728569139246952,5.0,27.463954255816883,127.03612847068591,0.6463868350078444,0.33803259609061775,0.12929861999982678,1.0
Hybrid GWO-ABC (Eq. 12),359,100.0,0.0,23.84750476275033,26.152495237249667,35900.0,35900.0,1822.1,7288400.0,1.0,0.07254496882692436,5.05,27.731139472021862,126.91123229026547,0.6210072112192057,0.33438319297741587,0.1251283850004256,1.0
Hybrid GWO-ABC (Eq. 12),360,100.0,0.0,23.774907196600957,26.225092803399043,36000.0,36000.0,1827.15,7308600.0,1.0,0.07259756614937327,5.05,29.171585484782792,125.65867120584554,0.659671365468901,0.3418294854118789,0.12734754500015696,1.0
Hybrid GWO-ABC (Eq. 12),361,100.0,0.0,23.702101460162357,26.297898539837643,36100.0,36100.0,1832.15,7328600.0,1.0,0.07280573643860126,5.0,26.829627570320092,128.39702293698403,0.5967798740616271,0.3305245249881103,0.12612908999944922,1.0
Hybrid GWO-ABC (Eq. 12),362,100.0,0.0,23.62928895403582,26.37071104596418,36200.0,36200.0,1837.15,7348600.0,1.0,0.0728125061265363,5.0,27.93229380136331,127.13068086130693,0.6300039954281798,0.3367313056263724,0.12618921500106808,1.0
Hybrid GWO-ABC (Eq. 12),363,100.0,0.0,23.556658770470033,26.443341229529967,36300.0,36300.0,1842.3,7369200.0,1.0,0.07263018356578517,5.15,28.224140001178863,125.26744593963583,0.6646951884007066,0.33907864388898107,0.13210902500031807,1.0
Hybrid GWO-ABC (Eq. 12),364,100.0,0.0,23.484672184312483,26.515327815687517,36400.0,36400.0,1847.3,7389200.0,1.0,0.0719865861575526,5.0,27.71123516682159,125.21248635802822,0.6972306625852883,0.34426291269525194,0.12743394499921123,1.0
Hybrid GWO-ABC (Eq. 12),365,100.0,0.0,23.41204118194201,26.587958818057995,36500.0,36500.0,1852.3,7409200.0,1.0,0.07263100237047607,5.0,28.450043688382028,126.13519901937063,0.6128261077020186,0.3340235947899297,0.13125454499968328,1.0
Hybrid GWO-ABC (Eq. 12),366,100.0,0.0,23.339056413381392,26.66094358661861,36600.0,36600.0,1857.3,7429200.0,1.0,0.07298476856061686,5.0,29.195952284992238,126.51836044813733,0.6184388132834677,0.3370833132861117,0.1267015450001054,1.0
Hybrid GWO-ABC (Eq. 12),367,100.0,0.0,23.266749731405703,26.733250268594297,36700.0,36700.0,1862.35,7449400.0,1.0,0.07230668197568946,5.05,26.689885007925398,126.8581155560828,0.6280549518424585,0.33346922916968286,0.1270219800007908,1.0
Hybrid GWO-ABC (Eq. 12),368,100.0,0.0,23.19396271514078,26.80603728485922,36800.0,36800.0,1867.35,7469400.0,1.0,0.07278701626491965,5.0,26.43992796939612,127.87284246590244,0.6359017518335699,0.3356521216571739,0.13062600000012026,1.0
Hybrid GWO-ABC (Eq. 12),369,100.0,0.0,23.120987526247482,26.879012473752518,36900.0,36900.0,1872.35,7489400.0,1.0,0.07297518889329808,5.0,28.337147862269756,126.53981794347672,0.6422737800187418,0.33903305766406816,0.12727063500024088,1.0
Hybrid GWO-ABC (Eq. 12),370,100.0,0.0,23.048658833953517,26.951341166046483,37000.0,37000.0,1877.35,7509400.0,1.0,0.07232869229396535,5.0,28.277844443106773,125.10961939594748,0.6776111409550452,0.34303997011842263,0.13295812999931514,1.0
Hybrid GWO-ABC (Eq. 12),371,100.0,0.0,22.97604793821718,27.02395206178282,37100.0,37100.0,1882.35,7529400.0,1.0,0.07261089573633743,5.0,27.090607326753577,127.18812457628762,0.6378605308163687,0.33654301260949393,0.12957166000051074,1.0
Hybrid GWO-ABC (Eq. 12),372,100.0,0.0,22.90286301178741,27.097136988212593,37200.0,37200.0,1887.4,7549600.0,1.0,0.07318492642977148,5.05,27.20653203069015,127.98889281540923,0.643380637454485,0.33773097121191187,0.1283334650001052,1.0
Hybrid GWO-ABC (Eq. 12),373,100.0,0.0,22.830267585506437,27.169732414493563,37300.0,37300.0,1892.4,7569600.0,1.0,0.0725954262809724,5.0,26.806120610623925,127.5695179298195,0.6547968333948362,0.33901675841270995,0.12757657999936783,1.0
Hybrid GWO-ABC (Eq. 12),374,100.0,0.0,22.75780806554859,27.24219193445141,37400.0,37400.0,1897.45,7589800.0,1.0,0.07245951995784558,5.05,28.020286602408277,126.60524708100745,0.6268574396606611,0.33574161244838213,0.13409629000016138,1.0
Hybrid GWO-ABC (Eq. 12),375,100.0,0.0,22.685113798176584,27.31488620182342,37500.0,37500.0,1902.45,7609800.0,1.0,0.07269426737200675,5.0,27.55945708663196,126.71351279256324,0.6560004492437519,0.3396785560804348,0.13196730500021658,1.0
Hybrid GWO-ABC (Eq. 12),376,100.0,0.0,22.61257564797072,27.387424352029278,37600.0,37600.0,1907.45,7629800.0,1.0,0.07253815020586477,5.0,26.901247602337083,127.48179137264655,0.6377079031152577,0.3366594297626021,0.13114345499925548,1.0
Hybrid GWO-ABC (Eq. 12),377,100.0,0.0,22.539922998336976,27.460077001663024,37700.0,37700.0,1912.45,7649800.0,1.0,0.07265264963374171,5.0,29.25395912728883,125.897558627163,0.6415029004145724,0.34036451189977956,0.12905462000016996,1.0
Hybrid GWO-ABC (Eq. 12),378,100.0,0.0,22.46728569594165,27.532714304058345,37800.0,37800.0,1917.45,7669800.0,1.0,0.072637302395324,5.0,29.334398449284116,125.92711890011705,0.6075061599154064,0.33547870576991756,0.12827280000055907,1.0
Hybrid GWO-ABC (Eq. 12),379,100.0,0.0,22.394623451598978,27.605376548401022,37900.0,37900.0,1922.45,7689800.0,1.0,0.07266224434267662,5.0,28.208778082318172,126.91028307428378,0.6311571294887156,0.33776526873268226,0.12941583500032722,1.0
Hybrid GWO-ABC (Eq. 12),380,100.0,0.0,22.322261080859047,27.677738919140957,38000.0,38000.0,1927.45,7709800.0,1.0,0.07236237073992946,5.0,27.88780372783134,126.15727810315305,0.6569149013766487,0.34028022239913425,0.13199480999937804,1.0
Hybrid GWO-ABC (Eq. 12),381,100.0,0.0,22.249628832231036,27.750371167768964,38100.0,38100.0,1932.45,7729800.0,1.0,0.07263224862801039,5.0,27.42528974233724,126.79449998212002,0.6346537687705074,0.3365011105709744,0.129956470000252,1.0
Hybrid GWO-ABC (Eq. 12),382,100.0,0.0,22.17699443627887,27.823005563721125,38200.0,38200.0,1937.45,7749800.0,1.0,0.07263439595216444,5.0,27.25891561134111,126.47456959059579,0.6585277999269035,0.3395135250217275,0.1332384400000592,1.0
Hybrid GWO-ABC (Eq. 12),383,100.0,0.0,22.104007331450557,27.89599266854944,38300.0,38300.0,1942.5,7770000.0,1.0,0.07298710482831368,5.05,27.566281977446533,127.97607749554831,0.5900453600952541,0.33088911684212835,0.1338368899992929,1.0
Hybrid GWO-ABC (Eq. 12),384,100.0,0.0,22.031031014360675,27.96896898563932,38400.0,38400.0,1947.55,7790200.0,1.0,0.07297631708988277,5.05,28.279015697012653,127.01332082573518,0.6313648568233532,0.3374637274689224,0.12658060000067053,1.0
Hybrid GWO-ABC (Eq. 12),385,100.0,0.0,21.95838937063557,28.04161062936443,38500.0,38500.0,1952.55,7810200.0,1.0,0.07264164372510659,5.0,28.1955459926913,125.65349587852543,0.6825262966186483,0.3440816319685802,0.13495800500022598,1.0
Hybrid GWO-ABC (Eq. 12),386,100.0,0.0,21.88569419141603,28.11430580858397,38600.0,38600.0,1957.55,7830200.0,1.0,0.0726951792195388,5.0,26.09324860152666,128.72766731922508,0.611428930247763,0.332364892583103,0.13473845500011522,1.0
Hybrid GWO-ABC (Eq. 12),387,100.0,0.0,21.81320526003016,28.186794739969837,38700.0,38700.0,1962.55,7850200.0,1.0,0.07248893138587054,5.0,27.9490158480403,126.09527962549501,0.6640134868236377,0.34135268962006976,0.12939780500055348,1.0
Hybrid GWO-ABC (Eq. 12),388,100.0,0.0,21.74067749465143,28.259322505348575,38800.0,38800.0,1967.55,7870200.0,1.0,0.07252776537873266,5.0,27.768928914660524,126.87654459539718,0.6296255128876236,0.3368586094768099,0.1268013749995589,1.0
Hybrid GWO-ABC (Eq. 12),389,100.0,0.0,21.668255622743114,28.33174437725689,38900.0,38900.0,1972.55,7890200.0,1.0,0.07242187190831259,5.0,27.285025083197233,126.09405713428976,0.6534145796589096,0.33869896965428314,0.12667802000105438,1.0
Hybrid GWO-ABC (Eq. 12),390,100.0,0.0,21.59539388202672,28.40460611797328,39000.0,39000.0,1977.55,7910200.0,1.0,0.07286174071639735,5.0,28.345800113018676,126.62997282975405,0.6250799159235341,0.3370314962273274,0.12423087999923155,1.0
Hybrid GWO-ABC (Eq. 12),391,100.0,0.0,21.522692480466713,28.477307519533287,39100.0,39100.0,1982.6,7930400.0,1.0,0.0727014015600039,5.05,30.742188537715528,124.3330045954227,0.635657507338548,0.3405735347977504,0.1231080599998677,1.0
Hybrid GWO-ABC (Eq. 12),392,100.0,0.0,21.449868303587635,28.550131696412365,39200.0,39200.0,1987.7,7950800.0,1.0,0.07282417687907686,5.1,27.596905371948175,127.02651006877491,0.6272048611413111,0.3351722836096431,0.12551105499805998,1.0
Hybrid GWO-ABC (Eq. 12),393,100.0,0.0,21.376573523873535,28.62342647612647,39300.0,39300.0,1992.7,7970800.0,1.0,0.07329477971410228,5.0,28.163396324590032,127.56398199897353,0.6114561799717548,0.3353350936990456,0.1328853249997337,1.0
Hybrid GWO-ABC (Eq. 12),394,100.0,0.0,21.303854848857558,28.69614515114244,39400.0,39400.0,1997.7,7990800.0,1.0,0.07271867501597598,5.0,28.707422242847098,125.48185100575913,0.6503160126583069,0.3403485222074944,0.12949551499914377,1.0
Hybrid GWO-ABC (Eq. 12),395,100.0,0.0,21.231567633171984,28.768432366828016,39500.0,39500.0,2002.7,8010800.0,1.0,0.07228721568557664,5.0,29.05444448315605,124.91061135311831,0.6559475121108351,0.34120297414627265,0.12771593500037853,1.0
Hybrid GWO-ABC (Eq. 12),396,100.0,0.0,21.15913636983871,28.840863630161294,39600.0,39600.0,2007.7,8030800.0,1.0,0.07243126333327439,5.0,26.255494437700285,127.01524061740244,0.6620860316509585,0.33888133497270406,0.12639710499934154,1.0
Hybrid GWO-ABC (Eq. 12),397,100.0,0.0,21.08626618617978,28.913733813820222,39700.0,39700.0,2012.7,8050800.0,1.0,0.07287018365892557,5.0,28.68747990075301,126.67663787729778,0.6263301657052895,0.3376990370795173,0.1326166100006958,1.0
Hybrid GWO-ABC (Eq. 12),398,100.0,0.0,21.013418562547304,28.986581437452696,39800.0,39800.0,2017.7,8070800.0,1.0,0.07284762363247718,5.0,26.434684428125244,128.60946223407353,0.6295808063605703,0.3359706463286605,0.12917099999904166,1.0
Hybrid GWO-ABC (Eq. 12),399,100.0,0.0,20.941327061386747,29.05867293861325,39900.0,39900.0,2022.7,8090800.0,1.0,0.0720915011605566,5.0,28.682708908910605,124.79773256124126,0.651706527617962,0.3399364848776709,0.13438707499990415,1.0
Hybrid GWO-ABC (Eq. 12),400,100.0,0.0,20.868533584543485,29.131466415456515,40000.0,40000.0,2027.7,8110800.0,1.0,0.07279347684326413,5.0,29.722187013239278,125.14341698001843,0.6538301413130381,0.34287813515093146,0.12624648000091837,1.0
Hybrid GWO-ABC (Eq. 12),401,100.0,0.0,20.795808833964024,29.20419116603598,40100.0,40100.0,2032.75,8131000.0,1.0,0.07272475057946207,5.05,26.54253949506053,127.49442498393016,0.6608783792361579,0.3392257645274805,0.13799726000033843,1.0
Hybrid GWO-ABC (Eq. 12),402,100.0,0.0,20.72295433679873,29.27704566320127,40200.0,40200.0,2037.75,8151000.0,1.0,0.0728544971652914,5.0,28.954154820444547,125.8491070054619,0.685626382949737,0.3464068194640006,0.12903809000090405,1.0
Hybrid GWO-ABC (Eq. 12),403,100.0,0.0,20.650460548072534,29.349539451927466,40300.0,40300.0,2042.75,8171000.0,1.0,0.07249378872619587,5.0,27.346143026533305,126.45701662102451,0.6547392260809775,0.3394247849038652,0.1289338400001725,1.0
Hybrid GWO-ABC (Eq. 12),404,100.0,0.0,20.5781683921021,29.4218316078979,40400.0,40400.0,2047.75,8191000.0,1.0,0.07229215597043588,5.0,26.961910749736795,126.05092793696626,0.6753008907687572,0.34124688829603744,0.12903993999934754,1.0
Hybrid GWO-ABC (Eq. 12),405,100.0,0.0,20.50555459266091,29.49444540733909,40500.0,40500.0,2052.75,8211000.0,1.0,0.07261379944118591,5.0,27.557675839900025,126.81584567751354,0.6350122249037703,0.33730428642756977,0.12852734999978566,1.0
Hybrid GWO-ABC (Eq. 12),406,100.0,0.0,20.433184433813462,29.56681556618654,40600.0,40600.0,2057.75,8231000.0,1.0,0.0723701588474496,5.0,28.102493005380826,126.06794723458233,0.6294981941862782,0.3367059993421551,0.12831399499955295,1.0
Hybrid GWO-ABC (Eq. 12),407,100.0,0.0,20.36064424063081,29.63935575936919,40700.0,40700.0,2062.75,8251000.0,1.0,0.07254019318265499,5.0,29.257453588878043,125.18303406306487,0.6282942931981491,0.3381263149364354,0.12712359499928425,1.0
Hybrid GWO-ABC (Eq. 12),408,100.0,0.0,20.287967359075424,29.712032640924576,40800.0,40800.0,2067.8,8271200.0,1.0,0.07267688155538429,5.05,26.900549334969213,127.46756463593731,0.6589863800860046,0.3397245758084302,0.12989965499982645,1.0
Hybrid GWO-ABC (Eq. 12),409,100.0,0.0,20.215507357869072,29.78449264213093,40900.0,40900.0,2072.8,8291200.0,1.0,0.07246000120635313,5.0,27.68008751567465,126.50496132889582,0.6475989902563336,0.33901123696043295,0.12915546000076575,1.0
Hybrid GWO-ABC (Eq. 12),410,100.0,0.0,20.142991102239957,29.85700889776004,41000.0,41000.0,2077.8,8311200.0,1.0,0.0725162556291119,5.0,28.59005557543524,125.08633116023657,0.6823209225194942,0.3437796386285341,0.13636674000008497,1.0
Hybrid GWO-ABC (Eq. 12),411,100.0,0.0,20.070674427842793,29.92932557215721,41100.0,41100.0,2082.8,8331200.0,1.0,0.07231667439716798,5.0,27.677419123329297,126.19860395994858,0.6813809979508769,0.3437997040450095,0.12097805999947013,1.0
Hybrid GWO-ABC (Eq. 12),412,100.0,0.0,19.998090898705247,30.00190910129475,41200.0,41200.0,2087.8,8351200.0,1.0,0.07258352913754411,5.0,28.047527149641002,126.03386332443613,0.6630322787273965,0.34180182233473416,0.12281596999964677,1.0
Hybrid GWO-ABC (Eq. 12),413,100.0,0.0,19.926030820478974,30.073969179521026,41300.0,41300.0,2092.8,8371200.0,1.0,0.07206007822627196,5.0,27.615702357510976,125.7750964495535,0.6847649097573684,0.3439422651212183,0.12576209499929975,1.0
Hybrid GWO-ABC (Eq. 12),414,100.0,0.0,19.853428794166966,30.146571205833034,41400.0,41400.0,2097.85,8391400.0,1.0,0.0726020263120061,5.05,28.034733694451496,126.14819256485605,0.632577561308054,0.33674191039004064,0.1253865999999107,1.0
Hybrid GWO-ABC (Eq. 12),415,100.0,0.0,19.781053085778918,30.21894691422108,41500.0,41500.0,2102.85,8411400.0,1.0,0.07237570838804927,5.0,28.418309303082527,125.70591021843427,0.6869249537767821,0.3457459741861235,0.12202127499949711,1.0
Hybrid GWO-ABC (Eq. 12),416,100.0,0.0,19.708071898933575,30.29192810106643,41600.0,41600.0,2107.85,8431400.0,1.0,0.07298118684534635,5.0,27.075624665075516,127.51680863947863,0.6547448976397799,0.34008809157891906,0.12000254000049608,1.0
Hybrid GWO-ABC (Eq. 12),417,100.0,0.0,19.635462598309857,30.364537401690143,41700.0,41700.0,2112.85,8451400.0,1.0,0.07260930062371714,5.0,27.006428064479508,127.42258027699722,0.652908109495299,0.33968842843267083,0.12288075000033132,1.0
Hybrid GWO-ABC (Eq. 12),418,100.0,0.0,19.56334099256719,30.43665900743281,41800.0,41800.0,2117.85,8471400.0,1.0,0.0721216057426636,5.0,27.498309491532655,125.46089536983257,0.6701843644357083,0.3415775092430736,0.1275252299987187,1.0
Hybrid GWO-ABC (Eq. 12),419,100.0,0.0,19.49090444244826,30.50909555755174,41900.0,41900.0,2122.85,8491400.0,1.0,0.0724365501189304,5.0,28.731427249418495,125.48091657538399,0.6593936812105069,0.34217004685058844,0.1284566949994769,1.0
Hybrid GWO-ABC (Eq. 12),420,100.0,0.0,19.4185103435155,30.581489656484496,42000.0,42000.0,2127.9,8511600.0,1.0,0.07239409893275947,5.05,27.143392962502674,125.71764699447085,0.6863786084335315,0.34279211012961963,0.13841794500076504,1.0
Hybrid GWO-ABC (Eq. 12),421,100.0,0.0,19.34594406286595,30.654055937134054,42100.0,42100.0,2132.9,8531600.0,1.0,0.07256628064955209,5.0,26.9823604973398,126.96979337478467,0.6736208650108878,0.34250833216535603,0.12832929999931367,1.0
Hybrid GWO-ABC (Eq. 12),422,100.0,0.0,19.273617309597423,30.726382690402573,42200.0,42200.0,2137.9,8551600.0,1.0,0.07232675326852575,5.0,27.64630013699366,125.98020830062953,0.6687118048107152,0.34196008109696835,0.12511182500129508,1.0
Hybrid GWO-ABC (Eq. 12),423,100.0,0.0,19.200668508481726,30.799331491518274,42300.0,42300.0,2142.9,8571600.0,1.0,0.07294880111569882,5.0,27.78782120525322,128.26323420469762,0.5832637502106237,0.33183513900839506,0.12459544999983337,1.0
Hybrid GWO-ABC (Eq. 12),424,100.0,0.0,19.12825035922337,30.87174964077663,42400.0,42400.0,2147.9,8591600.0,1.0,0.07241814925835718,5.0,27.73063570630992,126.11415871119235,0.6629380099546658,0.3414137778065222,0.12164738000028592,1.0
Hybrid GWO-ABC (Eq. 12),425,100.0,0.0,19.055639327797643,30.944360672202357,42500.0,42500.0,2152.9,8611600.0,1.0,0.07261103142572427,5.0,28.237934917282615,126.8289907699739,0.5992470706968915,0.3337372108520342,0.1276901799999905,1.0
Hybrid GWO-ABC (Eq. 12),426,100.0,0.0,18.982502637833665,31.017497362166335,42600.0,42600.0,2157.9,8631600.0,1.0,0.07313668996397986,5.0,28.118211435550705,127.27125023114124,0.6409015864030679,0.3401787453891973,0.1258693100000528,1.0
Hybrid GWO-ABC (Eq. 12),427,100.0,0.0,18.909615906404486,31.090384093595514,42700.0,42700.0,2162.9,8651600.0,1.0,0.07288673142917972,5.0,28.539523083859695,126.39578629018831,0.6187450021792622,0.3366246658040793,0.12216043500047817,1.0
Hybrid GWO-ABC (Eq. 12),428,100.0,0.0,18.836463232044494,31.16353676795551,42800.0,42800.0,2167.9,8671600.0,1.0,0.07315267435999111,5.0,28.664480944370922,126.81777964843059,0.6349065461171112,0.33975783433740714,0.12225591000060376,1.0
Hybrid GWO-ABC (Eq. 12),429,100.0,0.0,18.763678880497043,31.236321119502957,42900.0,42900.0,2172.9,8691600.0,1.0,0.0727843515474504,5.0,27.182551900832514,127.80144680085516,0.6222078913220008,0.3359204111007722,0.13226232999986678,1.0
Hybrid GWO-ABC (Eq. 12),430,100.0,0.0,18.691067680417873,31.30893231958213,43000.0,43000.0,2177.9,8711600.0,1.0,0.07261120007916962,5.0,27.29856404974577,127.28653217364415,0.6299039338890733,0.33672041089479254,0.1296572950006521,1.0
Hybrid GWO-ABC (Eq. 12),431,100.0,0.0,18.618510711431615,31.38148928856839,43100.0,43100.0,2182.9,8731600.0,1.0,0.07255696898625956,5.0,26.603251802195302,127.89333650295248,0.6372118081116668,0.33715078356848244,0.12150438000026043,1.0
Hybrid GWO-ABC (Eq. 12),432,100.0,0.0,18.545846662416686,31.454153337583314,43200.0,43200.0,2187.9,8751600.0,1.0,0.07266404901492737,5.0,28.482338017758003,125.2739566964045,0.7014178793407198,0.34781783364511093,0.12513378499970712,1.0
Hybrid GWO-ABC (Eq. 12),433,100.0,0.0,18.473532084424665,31.526467915575335,43300.0,43300.0,2192.9,8771600.0,1.0,0.0723145779920232,5.0,26.67270605118626,126.72876285966213,0.6529914631806633,0.3386137125002489,0.12597716000054787,1.0
Hybrid GWO-ABC (Eq. 12),434,100.0,0.0,18.400726370571835,31.599273629428165,43400.0,43400.0,2197.95,8791800.0,1.0,0.07280571385282801,5.05,28.191210138143845,126.16371375420627,0.6552236489283885,0.3409107215598345,0.12697013999932097,1.0
Hybrid GWO-ABC (Eq. 12),435,100.0,0.0,18.32789070692006,31.672109293079938,43500.0,43500.0,2202.95,8811800.0,1.0,0.07283566365177699,5.0,30.066466602723875,124.82188473366352,0.6426810131693148,0.34198966876704595,0.12003794999982347,1.0
Hybrid GWO-ABC (Eq. 12),436,100.0,0.0,18.255267882579055,31.74473211742095,43600.0,43600.0,2207.95,8831800.0,1.0,0.07262282434100484,5.0,27.546694498455572,126.6857083209162,0.6495478367681359,0.3398100608889395,0.12485446500031686,1.0
Hybrid GWO-ABC (Eq. 12),437,100.0,0.0,18.182863289218485,31.81713671078152,43700.0,43700.0,2212.95,8851800.0,1.0,0.07240459336056801,5.0,28.000314208904825,125.27073517533913,0.6960555482628525,0.345940590020498,0.12395313000015448,1.0
Hybrid GWO-ABC (Eq. 12),438,100.0,0.0,18.11018850039452,31.889811499605475,43800.0,43800.0,2217.95,8871800.0,1.0,0.07267478882396183,5.0,27.47647797407193,126.79201032169688,0.6854103843764899,0.34460895120504215,0.12725951499960503,1.0
Hybrid GWO-ABC (Eq. 12),439,100.0,0.0,18.03740927653471,31.96259072346529,43900.0,43900.0,2223.0,8892000.0,1.0,0.07277922385981431,5.05,27.965290597988663,126.63617040233171,0.6520426406232881,0.340341550020062,0.12527551000130188,1.0
Hybrid GWO-ABC (Eq. 12),440,100.0,0.0,17.964979054908433,32.035020945091574,44000.0,44000.0,2228.05,8912200.0,1.0,0.07243022162627852,5.05,27.559968986142202,125.97728932447406,0.668886924082605,0.3415970343191047,0.12580555500098853,1.0
Hybrid GWO-ABC (Eq. 12),441,100.0,0.0,17.89235515445278,32.10764484554722,44100.0,44100.0,2233.05,8932200.0,1.0,0.07262390045565077,5.0,27.735658024143028,126.1099892150867,0.6753068496367288,0.34345557643405566,0.12519467500060272,1.0
Hybrid GWO-ABC (Eq. 12),442,100.0,0.0,17.819410253906874,32.180589746093126,44200.0,44200.0,2238.05,8952200.0,1.0,0.07294490054590366,5.0,27.93787941704385,127.77982271165338,0.5980097520721451,0.3339179239334472,0.1216650149985071,1.0
Hybrid GWO-ABC (Eq. 12),443,100.0,0.0,17.747165232804893,32.25283476719511,44300.0,44300.0,2243.05,8972200.0,1.0,0.07224502110198436,5.0,26.91245372544439,127.21015134424712,0.6666680382918669,0.34187713302410944,0.12193977499955508,1.0
Hybrid GWO-ABC (Eq. 12),444,100.0,0.0,17.674478074760863,32.32552192523914,44400.0,44400.0,2248.05,8992200.0,1.0,0.07268715804402852,5.0,28.176954647653037,126.25066723381465,0.6308079844340609,0.3381052917150081,0.12549003500025718,1.0
Hybrid GWO-ABC (Eq. 12),445,100.0,0.0,17.601665190565136,32.398334809434864,44500.0,44500.0,2253.05,9012200.0,1.0,0.07281288419572593,5.0,27.412542826221745,127.80529420220236,0.6379284439236652,0.3389946984806889,0.12728980499960016,1.0
Hybrid GWO-ABC (Eq. 12),446,100.0,0.0,17.529106448583605,32.470893551416395,44600.0,44600.0,2258.15,9032600.0,1.0,0.07255874198153425,5.1,27.392137691181993,126.72235159664888,0.6463112935590353,0.33807810484833,0.1256953300002351,1.0
Hybrid GWO-ABC (Eq. 12),447,100.0,0.0,17.45710062755659,32.542899372443415,44700.0,44700.0,2263.15,9052600.0,1.0,0.07200582102701443,5.0,27.294075311460272,125.83801146519264,0.6956598062659868,0.34554799048366347,0.1207487849995232,1.0
Hybrid GWO-ABC (Eq. 12),448,100.0,0.0,17.384428696974275,32.61557130302573,44800.0,44800.0,2268.15,9072600.0,1.0,0.0726719305823142,5.0,28.94970361685345,125.46860862417941,0.6599962359355812,0.34318126636903695,0.1264862499996525,1.0
Hybrid GWO-ABC (Eq. 12),449,100.0,0.0,17.311713737584327,32.68828626241567,44900.0,44900.0,2273.15,9092600.0,1.0,0.07271495938994779,5.0,26.821613327042048,127.32153385184306,0.6775812463738589,0.34322803664933177,0.1213471250001021,1.0
Hybrid GWO-ABC (Eq. 12),450,100.0,0.0,17.238873631927397,32.7611263680726,45000.0,45000.0,2278.15,9112600.0,1.0,0.07284010565693197,5.0,27.282041272848602,127.6491713203668,0.6348936722706104,0.3382460887857367,0.12480387499999779,1.0
Hybrid GWO-ABC (Eq. 12),451,100.0,0.0,17.16609324449399,32.833906755506014,45100.0,45100.0,2283.15,9132600.0,1.0,0.07278038743340529,5.0,27.823537136144882,127.2414936274243,0.6420075615428754,0.3400307330895183,0.12262026999887894,1.0
Hybrid GWO-ABC (Eq. 12),452,100.0,0.0,17.093527765454162,32.90647223454583,45200.0,45200.0,2288.15,9152600.0,1.0,0.07256547903982477,5.0,27.248797337325065,127.38533933402118,0.670607775556815,0.34299423501777726,0.12745160999911603,1.0
Hybrid GWO-ABC (Eq. 12),453,100.0,0.0,17.021335533953152,32.97866446604685,45300.0,45300.0,2293.15,9172600.0,1.0,0.07219223150101346,5.0,26.40067691814222,126.98454331871423,0.6570383704833143,0.3391554196084892,0.12797188999975334,1.0
Hybrid GWO-ABC (Eq. 12),454,100.0,0.0,16.9484252037414,33.0515747962586,45400.0,45400.0,2298.15,9192600.0,1.0,0.07291033021174798,5.0,29.49627690704885,125.79197412634612,0.6214271247249141,0.3388623215766121,0.123759875000178,1.0
Hybrid GWO-ABC (Eq. 12),455,100.0,0.0,16.875779732329214,33.124220267670786,45500.0,45500.0,2303.15,9212600.0,1.0,0.07264547141218669,5.0,26.14615439101441,127.75044069340922,0.6623516560930063,0.3404006897008316,0.12356208499986679,1.0
Hybrid GWO-ABC (Eq. 12),456,100.0,0.0,16.803607052268273,33.196392947731724,45600.0,45600.0,2308.15,9232600.0,1.0,0.07217268006094262,5.0,27.343048673526738,125.92701795986382,0.7012684234697352,0.34653276828310536,0.12481633500065073,1.0
Hybrid GWO-ABC (Eq. 12),457,100.0,0.0,16.730702092225837,33.26929790777416,45700.0,45700.0,2313.15,9252600.0,1.0,0.07290496004243607,5.0,27.772035261725215,127.22960645482604,0.6179057857468966,0.3363429016425433,0.12143780499900458,1.0
Hybrid GWO-ABC (Eq. 12),458,100.0,0.0,16.658082650895345,33.341917349104655,45800.0,45800.0,2318.15,9272600.0,1.0,0.07261944133049125,5.0,28.157545278335135,126.38137924969487,0.6471795340390669,0.34040885397970405,0.1326419149991125,1.0
Hybrid GWO-ABC (Eq. 12),459,100.0,0.0,16.58547179739262,33.41452820260737,45900.0,45900.0,2323.15,9292600.0,1.0,0.07261085350272367,5.0,26.789704443263798,127.61283642846941,0.6292736732346957,0.3363941940888006,0.1276361000003817,1.0
Hybrid GWO-ABC (Eq. 12),460,100.0,0.0,16.51297919828489,33.48702080171511,46000.0,46000.0,2328.15,9312600.0,1.0,0.07249259910773667,5.0,26.618148108042465,127.62653903916093,0.638097443965015,0.3373927242844438,0.12804778999961855,1.0
Hybrid GWO-ABC (Eq. 12),461,100.0,0.0,16.44058538677172,33.55941461322828,46100.0,46100.0,2333.15,9332600.0,1.0,0.07239381151316744,5.0,27.500806621271863,125.81780695000789,0.7110534203088015,0.34833321335465756,0.12407100500022353,1.0
Hybrid GWO-ABC (Eq. 12),462,100.0,0.0,16.36799216018796,33.63200783981204,46200.0,46200.0,2338.15,9352600.0,1.0,0.07259322658376063,5.0,28.41228471315723,126.24121980743469,0.6363739704949442,0.339305976307479,0.12346829000089202,1.0
Hybrid GWO-ABC (Eq. 12),463,100.0,0.0,16.295198782745153,33.704801217254854,46300.0,46300.0,2343.2,9372800.0,1.0,0.07279337744280694,5.05,27.694321439004312,127.55154074186821,0.6390876034670144,0.3393085668245091,0.12887670000018261,1.0
Hybrid GWO-ABC (Eq. 12),464,100.0,0.0,16.222733541235936,33.77726645876406,46400.0,46400.0,2348.2,9392800.0,1.0,0.0724652415092141,5.0,26.323782071399894,127.50693903342706,0.6912971712094039,0.34464786221561855,0.12562375500056078,1.0
Hybrid GWO-ABC (Eq. 12),465,100.0,0.0,16.150083582171803,33.8499164178282,46500.0,46500.0,2353.2,9412800.0,1.0,0.07264995906413434,5.0,27.48042506466836,126.7319335303508,0.6656745471324678,0.3423483825324992,0.12298776499956147,1.0
Hybrid GWO-ABC (Eq. 12),466,100.0,0.0,16.077528987711638,33.92247101228837,46600.0,46600.0,2358.25,9433000.0,1.0,0.07255459446016702,5.05,28.15148929828744,125.9016094589492,0.6543480263749943,0.34077960249538314,0.1253873850004311,1.0
Hybrid GWO-ABC (Eq. 12),467,100.0,0.0,16.00467333504027,33.995326664959734,46700.0,46700.0,2363.25,9453000.0,1.0,0.07285565267136818,5.0,27.47480740595467,127.59993848835897,0.6542820801026935,0.34143337079151803,0.1290699400007725,1.0
Hybrid GWO-ABC (Eq. 12),468,100.0,0.0,15.93210900940706,34.06789099059294,46800.0,46800.0,2368.25,9473000.0,1.0,0.07256432563320958,5.0,28.03983623113181,126.26237832255693,0.6350810898578176,0.3386252174509855,0.1279221900000266,1.0
Hybrid GWO-ABC (Eq. 12),469,100.0,0.0,15.859477984204267,34.14052201579573,46900.0,46900.0,2373.25,9493000.0,1.0,0.07263102520278997,5.0,28.092822078450258,126.30805258484592,0.6775019138403298,0.3449295457786093,0.12487654999895312,1.0
Hybrid GWO-ABC (Eq. 12),470,100.0,0.0,15.786887306112732,34.21311269388727,47000.0,47000.0,2378.25,9513000.0,1.0,0.07259067809153699,5.0,26.77780661251852,127.29564884841852,0.6648304756042055,0.34151510504703664,0.12656569500068143,1.0
Hybrid GWO-ABC (Eq. 12),471,100.0,0.0,15.714336785700272,34.28566321429973,47100.0,47100.0,2383.25,9533000.0,1.0,0.07255052041245902,5.0,28.267324865166188,126.09352589532591,0.6431624941427486,0.3392576237767466,0.12153673000066192,1.0
Hybrid GWO-ABC (Eq. 12),472,100.0,0.0,15.641900225529739,34.35809977447026,47200.0,47200.0,2388.25,9553000.0,1.0,0.07243656017053413,5.0,28.211366525400802,125.4724179871718,0.7062514152467372,0.3485514627191067,0.12494854500037036,1.0
Hybrid GWO-ABC (Eq. 12),473,100.0,0.0,15.56943944471856,34.430560555281446,47300.0,47300.0,2393.25,9573000.0,1.0,0.07246078081117897,5.0,28.726765994712526,125.1457943126971,0.6761400975157854,0.3447756263866365,0.1237107550008659,1.0
Hybrid GWO-ABC (Eq. 12),474,100.0,0.0,15.497374509254579,34.502625490745416,47400.0,47400.0,2398.25,9593000.0,1.0,0.07206493546398036,5.0,27.050543127334926,126.22674391956767,0.6701341207954254,0.3414727018254229,0.11956221999935224,1.0
Hybrid GWO-ABC (Eq. 12),475,100.0,0.0,15.4246935552357,34.5753064447643,47500.0,47500.0,2403.25,9613000.0,1.0,0.07268095401887917,5.0,27.845993068584818,126.42329287160082,0.6592848612216782,0.3420403714322416,0.12344813000054274,1.0
Hybrid GWO-ABC (Eq. 12),476,100.0,0.0,15.351950678034715,34.64804932196528,47600.0,47600.0,2408.25,9633000.0,1.0,0.07274287720098452,5.0,29.127026912097996,125.76795613541124,0.6389413127121026,0.3406531051026414,0.12967031999942263,1.0
Hybrid GWO-ABC (Eq. 12),477,100.0,0.0,15.279138132187857,34.72086186781214,47700.0,47700.0,2413.25,9653000.0,1.0,0.07281254584685773,5.0,28.82316796484269,126.40833381159666,0.6106691775332875,0.33625541111392415,0.12356840000138618,1.0
Hybrid GWO-ABC (Eq. 12),478,100.0,0.0,15.206763280000033,34.79323671999997,47800.0,47800.0,2418.25,9673000.0,1.0,0.07237485218782576,5.0,27.63059893248854,126.13797794488114,0.6585777771624343,0.3410462182746413,0.12489607500065177,1.0
Hybrid GWO-ABC (Eq. 12),479,100.0,0.0,15.133630100616006,34.866369899384,47900.0,47900.0,2423.25,9693000.0,1.0,0.07313317938402619,5.0,27.301319173413248,128.09181077985565,0.6062860992222446,0.33426407774741534,0.12674618999990345,1.0
Hybrid GWO-ABC (Eq. 12),480,100.0,0.0,15.061220263617907,34.938779736382095,48000.0,48000.0,2428.25,9713000.0,1.0,0.07240983699809922,5.0,27.996584982195696,126.3572239611912,0.654702863369792,0.3415196092171398,0.12316948500119906,1.0
Hybrid GWO-ABC (Eq. 12),481,100.0,0.0,14.988593048103743,35.011406951896255,48100.0,48100.0,2433.25,9733000.0,1.0,0.07262721551416229,5.0,28.13617146697044,126.04555161045319,0.685027413934336,0.34560413938763046,0.11834598499990534,1.0
Hybrid GWO-ABC (Eq. 12),482,100.0,0.0,14.915730495116026,35.08426950488398,48200.0,48200.0,2438.3,9753200.0,1.0,0.07286255298771796,5.05,29.361675230500406,125.27711391955991,0.6580228384690985,0.3431984105779304,0.12394432499968389,1.0
Hybrid GWO-ABC (Eq. 12),483,100.0,0.0,14.843240881810601,35.1567591181894,48300.0,48300.0,2443.3,9773200.0,1.0,0.0724896133054238,5.0,27.915738987884147,126.51153832434893,0.6465489585051167,0.3405354877645016,0.12014059500106669,1.0
Hybrid GWO-ABC (Eq. 12),484,100.0,0.0,14.770682855943317,35.22931714405668,48400.0,48400.0,2448.4,9793600.0,1.0,0.07255802586728563,5.1,26.598152021727504,126.9859031614606,0.6490078775945352,0.3375686539190592,0.12615165999850433,1.0
Hybrid GWO-ABC (Eq. 12),485,100.0,0.0,14.69772990362669,35.302270096373306,48500.0,48500.0,2453.4,9813600.0,1.0,0.07295295231662643,5.0,28.524512632523766,126.8284056582124,0.5915729525764658,0.3337048690833129,0.13348081500043918,1.0
Hybrid GWO-ABC (Eq. 12),486,100.0,0.0,14.625156341823034,35.374843658176964,48600.0,48600.0,2458.4,9833600.0,1.0,0.0725735618036543,5.0,29.113392606358055,125.62567796425424,0.6542470201762742,0.3427234726391335,0.12476669999996375,1.0
Hybrid GWO-ABC (Eq. 12),487,100.0,0.0,14.5524897366778,35.4475102633222,48700.0,48700.0,2463.4,9853600.0,1.0,0.07266660514523648,5.0,29.228778116603177,125.19081984562112,0.634101473007554,0.33958376418160136,0.12121410000072501,1.0
Hybrid GWO-ABC (Eq. 12),488,100.0,0.0,14.480423024653124,35.51957697534688,48800.0,48800.0,2468.4,9873600.0,1.0,0.07206671202467527,5.0,27.06071264528225,125.95943553888226,0.7031597542017873,0.3466246235008611,0.12485221999959321,1.0
Hybrid GWO-ABC (Eq. 12),489,100.0,0.0,14.407831850826312,35.59216814917369,48900.0,48900.0,2473.4,9893600.0,1.0,0.07259117382681284,5.0,28.447232454272676,125.62840107615727,0.6591682347518112,0.34197243875607486,0.12717845999941346,1.0
Hybrid GWO-ABC (Eq. 12),490,100.0,0.0,14.335649648696144,35.66435035130385,49000.0,49000.0,2478.4,9913600.0,1.0,0.07218220213016666,5.0,27.34708514404009,125.46988757319734,0.682359236808319,0.34385524782630167,0.12440114499804622,1.0
Hybrid GWO-ABC (Eq. 12),491,100.0,0.0,14.263189260113794,35.7368107398862,49100.0,49100.0,2483.4,9933600.0,1.0,0.07246038858234982,5.0,27.29511445151318,126.50651383953657,0.6654863993431153,0.34210810737801484,0.12288117999923998,1.0
Hybrid GWO-ABC (Eq. 12),492,100.0,0.0,14.190283328713207,35.80971667128679,49200.0,49200.0,2488.4,9953600.0,1.0,0.0729059314005868,5.0,27.141128544324943,127.62108728112905,0.6249828879455332,0.33699125753097,0.12300168999936431,1.0
Hybrid GWO-ABC (Eq. 12),493,100.0,0.0,14.117495587668921,35.88250441233108,49300.0,49300.0,2493.4,9973600.0,1.0,0.07278774104428712,5.0,27.71825196393008,126.96531589867159,0.6609053492275044,0.3427891516691938,0.12664467500071624,1.0
Hybrid GWO-ABC (Eq. 12),494,100.0,0.0,14.04456501776267,35.95543498223733,49400.0,49400.0,2498.4,9993600.0,1.0,0.07293056990625031,5.0,28.132380134763913,126.98013075867179,0.6488178757897268,0.3419663806736829,0.12440952499964623,1.0
Hybrid GWO-ABC (Eq. 12),495,100.0,0.0,13.972213037425993,36.027786962574005,49500.0,49500.0,2503.4,10013600.0,1.0,0.0723519803366762,5.0,26.91874408282995,126.12556106476727,0.7140146247589175,0.3483659895750164,0.12671991999959573,1.0
Hybrid GWO-ABC (Eq. 12),496,100.0,0.0,13.899961404456622,36.10003859554338,49600.0,49600.0,2508.4,10033600.0,1.0,0.07225163296937165,5.0,28.44749527781198,125.10562936631388,0.6831873281901337,0.34627382771763815,0.12106587000052968,1.0
Hybrid GWO-ABC (Eq. 12),497,100.0,0.0,13.827586936722104,36.172413063277894,49700.0,49700.0,2513.4,10053600.0,1.0,0.07237446773451905,5.0,27.12679265371127,126.21483045416717,0.6610032890475381,0.3410728240036075,0.12411785500044062,1.0
Hybrid GWO-ABC (Eq. 12),498,100.0,0.0,13.755100918926463,36.24489908107354,49800.0,49800.0,2518.4,10073600.0,1.0,0.07248601779564039,5.0,27.8255285887251,126.0314865056129,0.6438111465102276,0.3396865678962309,0.12454123499956041,1.0
Hybrid GWO-ABC (Eq. 12),499,100.0,0.0,13.682552855755343,36.31744714424466,49900.0,49900.0,2523.4,10093600.0,1.0,0.07254806317111999,5.0,28.323879351414075,126.0479541375056,0.668193652417649,0.3447588421892759,0.11918415500003902,1.0
Hybrid GWO-ABC (Eq. 12),500,100.0,0.0,13.609933039154157,36.39006696084584,50000.0,50000.0,2528.4,10113600.0,1.0,0.07261981660118746,5.0,27.82745697729691,126.42200842333534,0.6521375808181279,0.3414968308531773,0.1197230749996379,1.0
Hybrid GWO-ABC (Eq. 12),501,100.0,0.0,13.537461841111556,36.46253815888845,50100.0,50100.0,2533.4,10133600.0,1.0,0.0724711980425992,5.0,28.851002265975097,125.01314234543683,0.6794107579210216,0.3462110062830234,0.1268543400001363,1.0
Hybrid GWO-ABC (Eq. 12),502,100.0,0.0,13.464779931952231,36.53522006804777,50200.0,50200.0,2538.4,10153600.0,1.0,0.0726819091593259,5.0,27.691900877526553,126.44703063904838,0.6314507604291855,0.3385317882731781,0.12018097500003933,1.0
Hybrid GWO-ABC (Eq. 12),503,100.0,0.0,13.39271001722912,36.60728998277088,50300.0,50300.0,2543.4,10173600.0,1.0,0.07206991472311097,5.0,26.905987817922313,126.60723758872469,0.6539330658005753,0.3403709376538445,0.12479442499970901,1.0
Hybrid GWO-ABC (Eq. 12),504,100.0,0.0,13.320193857520346,36.679806142479656,50400.0,50400.0,2548.4,10193600.0,1.0,0.07251615970877508,5.0,26.716746672728636,127.11653618026317,0.6615346670092529,0.3416462390877545,0.12194247000043106,1.0
Hybrid GWO-ABC (Eq. 12),505,100.0,0.0,13.247692659985992,36.752307340014006,50500.0,50500.0,2553.45,10213800.0,1.0,0.07250119753435227,5.05,28.39460472895023,125.51032374472314,0.6732890847795042,0.34496578070747597,0.12190898499975447,1.0
Hybrid GWO-ABC (Eq. 12),506,100.0,0.0,13.175180162488164,36.82481983751184,50600.0,50600.0,2558.45,10233800.0,1.0,0.07251249749782822,5.0,27.59780998010144,126.35151885702467,0.6703950532847911,0.34433118584610023,0.12604587000096218,1.0
Hybrid GWO-ABC (Eq. 12),507,100.0,0.0,13.102384948517289,36.89761505148271,50700.0,50700.0,2563.45,10253800.0,1.0,0.07279521397087532,5.0,28.117738493134034,126.20564458770173,0.6681398136940981,0.34482024936256467,0.12150720000026922,1.0
Hybrid GWO-ABC (Eq. 12),508,100.0,0.0,13.030236292655555,36.96976370734444,50800.0,50800.0,2568.45,10273800.0,1.0,0.07214865586173236,5.0,26.957044737700546,125.69450977274803,0.7104406590093371,0.348621310384848,0.12189182500005699,1.0
Hybrid GWO-ABC (Eq. 12),509,100.0,0.0,12.957262942551614,37.042737057448385,50900.0,50900.0,2573.45,10293800.0,1.0,0.07297335010394246,5.0,27.416371960793402,128.5294538069926,0.6182585968457789,0.3381087362294006,0.13343902000087837,1.0
Hybrid GWO-ABC (Eq. 12),510,100.0,0.0,12.884760929015005,37.115239070985,51000.0,51000.0,2578.45,10313800.0,1.0,0.0725020135366096,5.0,28.011515096395158,126.43551143880856,0.6365169530024616,0.3402066907682244,0.12181640999951923,1.0
Hybrid GWO-ABC (Eq. 12),511,100.0,0.0,12.812314311567622,37.18768568843238,51100.0,51100.0,2583.5,10334000.0,1.0,0.0724466174473819,5.05,27.561424112351478,126.44145949847034,0.6948790283870092,0.34737025185866294,0.12334548000108043,1.0
Hybrid GWO-ABC (Eq. 12),512,100.0,0.0,12.739876529047184,37.26012347095282,51200.0,51200.0,2588.5,10354000.0,1.0,0.07243778252043773,5.0,27.805141910273488,125.88670033583614,0.6810035974664077,0.34571982101740023,0.12122589000064181,1.0
Hybrid GWO-ABC (Eq. 12),513,100.0,0.0,12.667514797536628,37.332485202463374,51300.0,51300.0,2593.55,10374200.0,1.0,0.07236173151055816,5.05,27.14506391555081,126.28111487424341,0.6687444679621236,0.34208591133815724,0.11841546500036201,1.0
Hybrid GWO-ABC (Eq. 12),514,100.0,0.0,12.594923814002515,37.40507618599749,51400.0,51400.0,2598.55,10394200.0,1.0,0.0725909835341116,5.0,28.320334050628922,126.24761543676968,0.6449124526961774,0.341517372450025,0.12220828499921481,1.0
Hybrid GWO-ABC (Eq. 12),515,100.0,0.0,12.522031474567807,37.47796852543219,51500.0,51500.0,2603.55,10414200.0,1.0,0.07289233943470678,5.0,28.039794411190968,126.72341915386842,0.6308952238238233,0.33922702964395546,0.1213141549993452,1.0
Hybrid GWO-ABC (Eq. 12),516,100.0,0.0,12.449438569109704,37.5505614308903,51600.0,51600.0,2608.6,10434400.0,1.0,0.0725929054581039,5.05,27.772871328423953,126.23446342369314,0.6516561441042785,0.340938017182134,0.12425327499986452,1.0
Hybrid GWO-ABC (Eq. 12),517,100.0,0.0,12.376682159889144,37.62331784011086,51700.0,51700.0,2613.6,10454400.0,1.0,0.07275640922055979,5.0,29.202154377323758,125.66311195382237,0.6408537666212768,0.34242393450942615,0.12355691499942623,1.0
Hybrid GWO-ABC (Eq. 12),518,100.0,0.0,12.304114485466105,37.69588551453389,51800.0,51800.0,2618.6,10474400.0,1.0,0.0725676744230392,5.0,27.998612339806158,126.6275647450423,0.6421134325881315,0.34140877752291166,0.12444847500046308,1.0
Hybrid GWO-ABC (Eq. 12),519,100.0,0.0,12.23173838070151,37.76826161929849,51900.0,51900.0,2623.6,10494400.0,1.0,0.07237610476459685,5.0,27.963651184633193,125.84868228668358,0.6939917067581675,0.34809517513704674,0.1211380550001195,1.0
Hybrid GWO-ABC (Eq. 12),520,100.0,0.0,12.159058050310525,37.84094194968948,52000.0,52000.0,2628.6,10514400.0,1.0,0.07268033039098273,5.0,27.966344691611386,126.62985062856549,0.6612974431451357,0.34401652033262187,0.12794108000016421,1.0
Hybrid GWO-ABC (Eq. 12),521,100.0,0.0,12.086316788751322,37.91368321124868,52100.0,52100.0,2633.6,10534400.0,1.0,0.07274126155920486,5.0,28.474877823715424,126.17769825040993,0.6353010392092842,0.34107614333777336,0.13012690500108876,1.0
Hybrid GWO-ABC (Eq. 12),522,100.0,0.0,12.01425894524757,37.98574105475243,52200.0,52200.0,2638.6,10554400.0,1.0,0.07205784350375,5.0,27.482150309456436,125.6333472359299,0.6905199010899492,0.34711344400016647,0.12570936000010988,1.0
Hybrid GWO-ABC (Eq. 12),523,100.0,0.0,11.941617740601423,38.05838225939858,52300.0,52300.0,2643.6,10574400.0,1.0,0.07264120464614807,5.0,27.421601696372516,126.15606179894034,0.7013547529476132,0.3488497243923019,0.12702485999907367,1.0
Hybrid GWO-ABC (Eq. 12),524,100.0,0.0,11.869068638387457,38.13093136161255,52400.0,52400.0,2648.6,10594400.0,1.0,0.07254910221396652,5.0,27.156290363298076,126.87010588283007,0.6385271048172221,0.3399466943267572,0.12304059999987657,1.0
Hybrid GWO-ABC (Eq. 12),525,100.0,0.0,11.796344302847789,38.203655697152215,52500.0,52500.0,2653.6,10614400.0,1.0,0.07272433553966832,5.0,27.120155184401618,127.84771291391708,0.6328425216797786,0.33932391112993565,0.1238631449999957,1.0
Hybrid GWO-ABC (Eq. 12),526,100.0,0.0,11.72331981070037,38.276680189299626,52600.0,52600.0,2658.6,10634400.0,1.0,0.07302449214741813,5.0,28.10437385460952,127.00076724181284,0.6409230241797018,0.34202292789955024,0.12130319499992766,1.0
Hybrid GWO-ABC (Eq. 12),527,100.0,0.0,11.651120735010622,38.34887926498938,52700.0,52700.0,2663.6,10654400.0,1.0,0.07219907568974823,5.0,27.182984044353287,125.30015989856699,0.7228999924779822,0.35053375659358327,0.12407878499980143,1.0
Hybrid GWO-ABC (Eq. 12),528,100.0,0.0,11.578605992876803,38.4213940071232,52800.0,52800.0,2668.6,10674400.0,1.0,0.07251474213381934,5.0,27.161576550025462,126.95712445377217,0.6600670842611408,0.34282558219837567,0.12893763499923808,1.0
Hybrid GWO-ABC (Eq. 12),529,100.0,0.0,11.505860976201554,38.494139023798446,52900.0,52900.0,2673.6,10694400.0,1.0,0.07274501667524849,5.0,27.305150449440767,127.44902135601828,0.6336353475865746,0.3397908567986466,0.1213909699992655,1.0
Hybrid GWO-ABC (Eq. 12),530,100.0,0.0,11.433755779955826,38.56624422004417,53000.0,53000.0,2678.6,10714400.0,1.0,0.07210519624572828,5.0,28.2820592382724,124.70633628293413,0.7248166201604089,0.35251461033583675,0.12719138999964344,1.0
Hybrid GWO-ABC (Eq. 12),531,100.0,0.0,11.361046317937111,38.63895368206289,53100.0,53100.0,2683.6,10734400.0,1.0,0.07270946201871417,5.0,27.238410508182746,127.3046995832635,0.670065843559068,0.3449863190980866,0.12432322499917063,1.0
Hybrid GWO-ABC (Eq. 12),532,100.0,0.0,11.288894334977035,38.71110566502296,53200.0,53200.0,2688.6,10754400.0,1.0,0.07215198296007505,5.0,27.977317128337717,125.4853310717371,0.6832241307652043,0.34642291138619813,0.12207994499949563,1.0
Hybrid GWO-ABC (Eq. 12),533,100.0,0.0,11.216562359849444,38.78343764015055,53300.0,53300.0,2693.6,10774400.0,1.0,0.07233197512759286,5.0,27.54451234066699,126.60219091174672,0.6354811981229029,0.33965034349399825,0.1266386049985158,1.0
Hybrid GWO-ABC (Eq. 12),534,100.0,0.0,11.144101145656268,38.85589885434373,53400.0,53400.0,2698.6,10794400.0,1.0,0.07246121419317442,5.0,27.59525926962745,126.29927306626848,0.6891635950035785,0.3475626560604951,0.12752559999971708,1.0
Hybrid GWO-ABC (Eq. 12),535,100.0,0.0,11.071643244678748,38.92835675532125,53500.0,53500.0,2703.6,10814400.0,1.0,0.07245790097752147,5.0,28.773823301320352,124.49773279703261,0.7182929352457983,0.3525469794691932,0.1224203599995235,1.0
Hybrid GWO-ABC (Eq. 12),536,100.0,0.0,10.998945008618668,39.00105499138133,53600.0,53600.0,2708.6,10834400.0,1.0,0.0726982360600795,5.0,28.08329287376201,126.42957750862297,0.6633892299899882,0.3445650870798248,0.1308725900005811,1.0
Hybrid GWO-ABC (Eq. 12),537,100.0,0.0,10.925630250065048,39.07436974993495,53700.0,53700.0,2713.6,10854400.0,1.0,0.07331475855362042,5.0,27.807485646001737,127.95644515031287,0.5754946982508374,0.3323928804966268,0.13287366000004114,1.0
Hybrid GWO-ABC (Eq. 12),538,100.0,0.0,10.853082727814602,39.1469172721854,53800.0,53800.0,2718.6,10874400.0,1.0,0.07254752225044517,5.0,27.537481770260108,126.87867246513858,0.60945489994007,0.33633142478229894,0.12574621499989008,1.0
Hybrid GWO-ABC (Eq. 12),539,100.0,0.0,10.78015770933473,39.21984229066527,53900.0,53900.0,2723.6,10894400.0,1.0,0.07292501847987172,5.0,29.369668948557027,125.75826134341943,0.6251903485088939,0.3409280459567814,0.12395276500028558,1.0
Hybrid GWO-ABC (Eq. 12),540,100.0,0.0,10.70829156594862,39.29170843405138,54000.0,54000.0,2728.6,10914400.0,1.0,0.07186614338611053,5.0,27.459076716129307,124.85310721724639,0.7213814327839562,0.3506947846413076,0.12801285999994433,1.0
Hybrid GWO-ABC (Eq. 12),541,100.0,0.0,10.635807518085732,39.364192481914266,54100.0,54100.0,2733.65,10934600.0,1.0,0.0724840478628872,5.05,27.82463677511955,125.67884247818992,0.7047896190046786,0.3494073603701871,0.12582075000063925,1.0
Hybrid GWO-ABC (Eq. 12),542,100.0,0.0,10.563524088731697,39.4364759112683,54200.0,54200.0,2738.65,10954600.0,1.0,0.07228342935403598,5.0,27.982826076805992,125.682922409155,0.6570047931559915,0.3433912969896517,0.12369688500039047,1.0
Hybrid GWO-ABC (Eq. 12),543,100.0,0.0,10.491217530520059,39.50878246947994,54300.0,54300.0,2743.65,10974600.0,1.0,0.07230655821163837,5.0,28.202456181025173,125.63645034413405,0.6860974671501853,0.3474055305863651,0.12089307000132976,1.0
Hybrid GWO-ABC (Eq. 12),544,100.0,0.0,10.419063175948084,39.58093682405192,54400.0,54400.0,2748.65,10994600.0,1.0,0.07215435457197454,5.0,27.71859930933894,125.51769343346707,0.6886574865684512,0.3474024121819104,0.12302689500065753,1.0
Hybrid GWO-ABC (Eq. 12),545,100.0,0.0,10.346650526152738,39.653349473847264,54500.0,54500.0,2753.65,11014600.0,1.0,0.0724126497953467,5.0,29.10151482668001,124.6633245103171,0.6662156153815478,0.3460264663303519,0.12262935999970068,1.0
Hybrid GWO-ABC (Eq. 12),546,100.0,0.0,10.273927084916666,39.726072915083336,54600.0,54600.0,2758.65,11034600.0,1.0,0.07272344123607173,5.0,29.396248432580784,125.5046684521852,0.6599507000354228,0.3463868587915265,0.12006705999956466,1.0
Hybrid GWO-ABC (Eq. 12),547,100.0,0.0,10.201665578677469,39.79833442132253,54700.0,54700.0,2763.65,11054600.0,1.0,0.07226150623919639,5.0,28.088113617663982,125.25656607358917,0.7235753916529852,0.35300820880337874,0.12389625000032538,1.0
Hybrid GWO-ABC (Eq. 12),548,100.0,0.0,10.129149704275164,39.870850295724836,54800.0,54800.0,2768.65,11074600.0,1.0,0.07251587440230525,5.0,29.176110108235854,125.29704537684492,0.6584765039577574,0.34590458278119546,0.12550959999971384,1.0
Hybrid GWO-ABC (Eq. 12),549,100.0,0.0,10.057024457313787,39.94297554268621,54900.0,54900.0,2773.65,11094600.0,1.0,0.07212524696137743,5.0,25.84985212888547,126.71645228137334,0.7078410220390265,0.3486645316637024,0.12811712000111583,1.0
Hybrid GWO-ABC (Eq. 12),550,100.0,0.0,9.984572268296816,40.015427731703184,55000.0,55000.0,2778.65,11114600.0,1.0,0.07245218901697062,5.0,29.194669000666426,124.80950070827748,0.7055876116877375,0.3525549547490898,0.11774582500038377,1.0
Hybrid GWO-ABC (Eq. 12),551,100.0,0.0,9.912085946175452,40.08791405382455,55100.0,55100.0,2783.65,11134600.0,1.0,0.07248632212136422,5.0,29.147789999610012,124.34913281902706,0.6896357877204488,0.34974972456333764,0.1262705349992757,1.0
Hybrid GWO-ABC (Eq. 12),552,100.0,0.0,9.839937390096065,40.16006260990393,55200.0,55200.0,2788.65,11154600.0,1.0,0.07214855607938793,5.0,27.011783419919063,125.85554353807206,0.7041030561742414,0.34997152259234043,0.12531727000096,1.0
Hybrid GWO-ABC (Eq. 12),553,100.0,0.0,9.767442310575849,40.232557689424155,55300.0,55300.0,2793.65,11174600.0,1.0,0.07249507952021475,5.0,27.750051457847643,126.86769371811097,0.6354704749525304,0.3419072592779448,0.126955175000694,1.0
Hybrid GWO-ABC (Eq. 12),554,100.0,0.0,9.694726515181038,40.30527348481896,55400.0,55400.0,2798.65,11194600.0,1.0,0.07271579539481073,5.0,28.72297694969246,126.28148709146573,0.6370589252998351,0.34309636850462283,0.12702816499913752,1.0
Hybrid GWO-ABC (Eq. 12),555,100.0,0.0,9.622433878004525,40.37756612199548,55500.0,55500.0,2803.65,11214600.0,1.0,0.07229263717651416,5.0,26.777657268503894,126.29926240155615,0.6935079273188222,0.34810205869352584,0.124764679998043,1.0
Hybrid GWO-ABC (Eq. 12),556,100.0,0.0,9.549740666425462,40.450259333574536,55600.0,55600.0,2808.65,11234600.0,1.0,0.0726932115790619,5.0,28.277238227640964,125.83357410088078,0.648466884330608,0.34409257386802217,0.129313299999194,1.0
Hybrid GWO-ABC (Eq. 12),557,100.0,0.0,9.4773945694981,40.5226054305019,55700.0,55700.0,2813.65,11254600.0,1.0,0.07234609692736171,5.0,28.2950887459725,125.60382377932358,0.6621694228526148,0.3463941696538241,0.12419549000005645,1.0
Hybrid GWO-ABC (Eq. 12),558,100.0,0.0,9.404711271673746,40.59528872832625,55800.0,55800.0,2818.65,11274600.0,1.0,0.07268329782435497,5.0,29.74151900524289,124.97326628495561,0.6488762796732944,0.34650910703764043,0.1256148549986392,1.0
Hybrid GWO-ABC (Eq. 12),559,100.0,0.0,9.331983959527962,40.66801604047204,55900.0,55900.0,2823.65,11294600.0,1.0,0.07272731214578373,5.0,29.108496508533126,125.78835028103515,0.6399634471042933,0.34464423766523916,0.12113909999970929,1.0
Hybrid GWO-ABC (Eq. 12),560,100.0,0.0,9.259036851267014,40.74096314873299,56000.0,56000.0,2828.65,11314600.0,1.0,0.07294710826094794,5.0,27.45977668577033,127.34413647824474,0.678911274944466,0.3484571777251822,0.1199408400007087,1.0
Hybrid GWO-ABC (Eq. 12),561,100.0,0.0,9.186415280887607,40.8135847191124,56100.0,56100.0,2833.65,11334600.0,1.0,0.07262157037940682,5.0,27.68403158356667,126.29449865071669,0.657296009696945,0.3452541924767173,0.12187612999950943,1.0
Hybrid GWO-ABC (Eq. 12),562,100.0,0.0,9.113701856619594,40.88629814338041,56200.0,56200.0,2838.7,11354800.0,1.0,0.07271342426801422,5.05,27.18727610887144,127.24972768823856,0.6669263069867837,0.3455237349733636,0.11938449000117543,1.0
Hybrid GWO-ABC (Eq. 12),563,100.0,0.0,9.04122714496359,40.95877285503641,56300.0,56300.0,2843.7,11374800.0,1.0,0.07247471165600139,5.0,27.864130326752978,126.02461919837233,0.6697276727638298,0.3468520953536534,0.1259564849995513,1.0
Hybrid GWO-ABC (Eq. 12),564,100.0,0.0,8.968762854633773,41.03123714536623,56400.0,56400.0,2848.7,11394800.0,1.0,0.07246429032981819,5.0,27.612403743290468,126.0802723340317,0.6618697095450596,0.345169472240912,0.1170754400001897,1.0
Hybrid GWO-ABC (Eq. 12),565,100.0,0.0,8.89650641348987,41.10349358651013,56500.0,56500.0,2853.7,11414800.0,1.0,0.07225644114390364,5.0,28.594893322250613,124.81238144804908,0.7099666671199631,0.3531468162562156,0.12138914999995905,1.0
Hybrid GWO-ABC (Eq. 12),566,100.0,0.0,8.824104407604676,41.17589559239532,56600.0,56600.0,2858.7,11434800.0,1.0,0.07240200588519556,5.0,28.025067256918987,126.06572433307986,0.6749385657676218,0.34820712825869365,0.11747972000011941,1.0
Hybrid GWO-ABC (Eq. 12),567,100.0,0.0,8.75176838119727,41.248231618802734,56700.0,56700.0,2863.7,11454800.0,1.0,0.07233602640740386,5.0,26.48319077738041,126.90940310641136,0.6616739836016257,0.34412338750613963,0.1273165600003267,1.0
Hybrid GWO-ABC (Eq. 12),568,100.0,0.0,8.679063989431645,41.32093601056835,56800.0,56800.0,2868.7,11474800.0,1.0,0.07270439176562409,5.0,27.094685767351837,126.8670616545235,0.6989567150317606,0.35061206993504884,0.1256926450001629,1.0
Hybrid GWO-ABC (Eq. 12),569,100.0,0.0,8.606785227878628,41.39321477212137,56900.0,56900.0,2873.7,11494800.0,1.0,0.07227876155301893,5.0,26.856867675475154,125.99496853336784,0.7081728661719897,0.3510878902663924,0.12619150499995158,1.0
Hybrid GWO-ABC (Eq. 12),570,100.0,0.0,8.534436427422742,41.46556357257726,57000.0,57000.0,2878.7,11514800.0,1.0,0.07234880045588529,5.0,28.59905132113398,124.61212677402332,0.7213155145497245,0.355328831475824,0.12799363999984054,1.0
Hybrid GWO-ABC (Eq. 12),571,100.0,0.0,8.462179400132781,41.537820599867224,57100.0,57100.0,2883.7,11534800.0,1.0,0.07225702728996111,5.0,27.007461356805408,126.21516033625805,0.7089294907172794,0.35205898364145394,0.1261118099995656,1.0
Hybrid GWO-ABC (Eq. 12),572,100.0,0.0,8.389478292205583,41.61052170779442,57200.0,57200.0,2888.7,11554800.0,1.0,0.07270110792719846,5.0,27.933065985592226,126.54614753920585,0.6730778230596811,0.34870957972707617,0.1344483399989258,1.0
Hybrid GWO-ABC (Eq. 12),573,100.0,0.0,8.31736966906128,41.68263033093872,57300.0,57300.0,2893.7,11574800.0,1.0,0.07210862314430208,5.0,27.430796056107642,125.35319653699787,0.7090705708947505,0.3526369662078304,0.12924987499973212,1.0
Hybrid GWO-ABC (Eq. 12),574,100.0,0.0,8.24453502194295,41.75546497805705,57400.0,57400.0,2898.7,11594800.0,1.0,0.07283464711832988,5.0,27.67740649823394,126.65783615685257,0.6798195542038025,0.3496011302273786,0.1277299449993734,1.0
Hybrid GWO-ABC (Eq. 12),575,100.0,0.0,8.171859263019568,41.82814073698043,57500.0,57500.0,2903.7,11614800.0,1.0,0.0726757589233816,5.0,29.038476874357958,125.49993651931293,0.6689375758508322,0.3495996437964178,0.1264787249998335,1.0
Hybrid GWO-ABC (Eq. 12),576,100.0,0.0,8.099545893919847,41.900454106080154,57600.0,57600.0,2908.7,11634800.0,1.0,0.07231336909972241,5.0,28.104281052719386,125.838750575933,0.6773278900847588,0.34944269354727225,0.12282421499985503,1.0
Hybrid GWO-ABC (Eq. 12),577,100.0,0.0,8.02727947782832,41.972720522171684,57700.0,57700.0,2913.7,11654800.0,1.0,0.07226641609152744,5.0,27.453242386255702,125.7731096530334,0.6591790878800905,0.34586525946764757,0.1171215400005167,1.0
Hybrid GWO-ABC (Eq. 12),578,100.0,0.0,7.954922624938545,42.04507737506145,57800.0,57800.0,2918.7,11674800.0,1.0,0.07235685288977392,5.0,27.434005404097512,126.51282668907295,0.6873647359108911,0.3501347115578154,0.11883682500047144,1.0
Hybrid GWO-ABC (Eq. 12),579,100.0,0.0,7.882590103689244,42.117409896310754,57900.0,57900.0,2923.7,11694800.0,1.0,0.07233252124930001,5.0,27.24982957253756,126.27715472413286,0.69434635147934,0.3511671813294449,0.11752945000043838,1.0
Hybrid GWO-ABC (Eq. 12),580,100.0,0.0,7.810086440772578,42.18991355922742,58000.0,58000.0,2928.7,11714800.0,1.0,0.07250366291666692,5.0,28.607188675546915,125.55312361897154,0.6779503782322439,0.3509527361658656,0.11896458499941218,1.0
Hybrid GWO-ABC (Eq. 12),581,100.0,0.0,7.7378980442401994,42.2621019557598,58100.0,58100.0,2933.7,11734800.0,1.0,0.07218839653237916,5.0,27.753303823918394,125.81223721085703,0.6754277994050992,0.34858078255298164,0.11911937999975634,1.0
Hybrid GWO-ABC (Eq. 12),582,100.0,0.0,7.6653621512420616,42.334637848757936,58200.0,58200.0,2938.7,11754800.0,1.0,0.07253589299813719,5.0,28.65447973075404,125.19382960118485,0.7008598372613959,0.3535828525583567,0.1265057100008562,1.0
Hybrid GWO-ABC (Eq. 12),583,100.0,0.0,7.593112955257093,42.4068870447429,58300.0,58300.0,2943.7,11774800.0,1.0,0.07224919598496937,5.0,27.591562391979853,125.66991141782212,0.6773643287005291,0.3488945604170979,0.12030955499976699,1.0
Hybrid GWO-ABC (Eq. 12),584,100.0,0.0,7.5206048029448285,42.47939519705517,58400.0,58400.0,2948.7,11794800.0,1.0,0.07250815231226375,5.0,26.229196403714703,127.74820897721656,0.6371137770618691,0.34200926469012727,0.12607977000188839,1.0
Hybrid GWO-ABC (Eq. 12),585,100.0,0.0,7.4480539413464175,42.551946058653584,58500.0,58500.0,2953.7,11814800.0,1.0,0.0725508615984114,5.0,27.78611711021236,126.30779461322803,0.6817078052316938,0.3502031751420318,0.1224628149990167,1.0
Hybrid GWO-ABC (Eq. 12),586,100.0,0.0,7.375516304725446,42.62448369527455,58600.0,58600.0,2958.7,11834800.0,1.0,0.07253763662097135,5.0,27.805562458714906,126.13213383126738,0.6575275878452959,0.3471283181221824,0.11555446000020311,1.0
Hybrid GWO-ABC (Eq. 12),587,100.0,0.0,7.3027633037730455,42.69723669622696,58700.0,58700.0,2963.7,11854800.0,1.0,0.07275300095240045,5.0,26.80435638869966,127.4278206950506,0.6540061137914521,0.34552529350272543,0.11552682999936223,1.0
Hybrid GWO-ABC (Eq. 12),588,100.0,0.0,7.230333006010591,42.76966699398941,58800.0,58800.0,2968.7,11874800.0,1.0,0.07243029776245487,5.0,28.102564416768644,126.03498191939244,0.6458114027801708,0.34635234610645116,0.12030515500009642,1.0
Hybrid GWO-ABC (Eq. 12),589,100.0,0.0,7.158187250783283,42.841812749216714,58900.0,58900.0,2973.7,11894800.0,1.0,0.07214575522730846,5.0,28.78705970369534,124.44174110382619,0.7149106145453692,0.35616442675705223,0.12676464000032867,1.0
Hybrid GWO-ABC (Eq. 12),590,100.0,0.0,7.085340369765584,42.91465963023442,59000.0,59000.0,2978.7,11914800.0,1.0,0.07284688101769912,5.0,28.467512571887664,126.77419515682386,0.6049813888918502,0.3412863911800163,0.12443061499907344,1.0
Hybrid GWO-ABC (Eq. 12),591,99.95,0.05,7.012740820731517,42.987259179268484,59100.0,59099.95,2983.7,11934800.0,0.9999991539763113,0.07259954903406607,5.0,28.278998717332456,125.92639215279087,0.6688574203341456,0.3504381409741813,0.11916599500036681,0.9994999999999999
Hybrid GWO-ABC (Eq. 12),592,99.95,0.05,6.940222654435642,43.059777345564356,59199.95,59199.9,2988.75,11955000.0,0.9999991553911384,0.07251816629587511,5.05,27.78374841987506,125.81739400609399,0.656558796323199,0.34689063651438573,0.12464409000058367,1.0
Hybrid GWO-ABC (Eq. 12),593,99.95,0.05,6.867443551287538,43.132556448712464,59299.9,59299.85,2993.75,11975000.0,0.9999991568012412,0.0727791031481038,5.0,28.070331605850775,126.47831636246562,0.6822912979864135,0.35247270815180537,0.12103777500014985,1.0
Hybrid GWO-ABC (Eq. 12),594,99.95,0.05,6.795301843145239,43.20469815685476,59399.85,59399.8,2998.75,11995000.0,0.9999991582066434,0.0721417081422985,5.0,28.23348909710227,125.31556943603275,0.7235718550104809,0.35793535001243315,0.12207443000042986,1.0
Hybrid GWO-ABC (Eq. 12),595,99.95,0.05,6.722749120071103,43.2772508799289,59499.8,59499.75,3003.75,12015000.0,0.9999991596073686,0.072552723074137,5.0,27.207590727613496,127.19724099665885,0.6716745210858261,0.34995605097427346,0.12160348999968847,1.0
Hybrid GWO-ABC (Eq. 12),596,99.95,0.05,6.650077050338153,43.349922949661845,59599.75,59599.7,3008.75,12035000.0,0.99999916100344,0.07267206973294953,5.0,28.926124440315288,125.5489896936916,0.6830877639663011,0.35407297889508554,0.1194544699999824,1.0
Hybrid GWO-ABC (Eq. 12),597,99.95,0.05,6.577560263727376,43.42243973627262,59699.7,59699.65,3013.75,12055000.0,0.9999991623948805,0.0725167866107764,5.0,28.51368882883769,125.74771711282771,0.6845920725970785,0.35297912890188804,0.11967386500000429,1.0
Hybrid GWO-ABC (Eq. 12),598,99.95,0.05,6.504821329150646,43.495178670849356,59799.65,59799.6,3018.75,12075000.0,0.9999991637817136,0.07273893457673068,5.0,28.309529156000366,126.2912050439581,0.6649163869989867,0.35071863113764457,0.123958639999546,1.0
Hybrid GWO-ABC (Eq. 12),599,99.95,0.05,6.432354201805945,43.56764579819405,59899.6,59899.55,3023.75,12095000.0,0.9999991651639618,0.07246712734470054,5.0,29.12836875796317,124.88654657695663,0.6943043403373853,0.3553104589763083,0.12001060000002325,1.0
Hybrid GWO-ABC (Eq. 12),600,99.9,0.1,6.359846492424636,43.64015350757536,59999.55,59999.45,3028.75,12115000.0,0.9999983330832958,0.07250770938130909,5.0,28.38850136091786,125.74851597852123,0.6519915548715115,0.34868330204681414,0.12190431999952125,0.9994949494949494
Hybrid GWO-ABC (Eq. 12),601,99.9,0.1,6.287055895736964,43.71294410426303,60099.45,60099.35,3033.75,12135000.0,0.9999983358018939,0.07279059668767177,5.0,28.18370377851044,126.73127724742558,0.6439432512306034,0.3478078119984415,0.12274883999925805,1.0
Hybrid GWO-ABC (Eq. 12),602,99.9,0.1,6.214895682784127,43.78510431721587,60199.35,60199.25,3038.8,12155200.0,0.9999983385116387,0.07216021295283745,5.05,27.535239230277682,125.57230029885599,0.6755795843527969,0.35049919729182294,0.12508434500014118,1.0
Hybrid GWO-ABC (Eq. 12),603,99.85,0.15,6.142226753312165,43.857773246687835,60299.25,60299.1,3043.8,12175200.0,0.9999975120251772,0.0726689294719626,5.0,27.468143541881126,126.95490341342523,0.6688909816497143,0.3506928875625449,0.1298788849999255,0.9994999999999999
Hybrid GWO-ABC (Eq. 12),604,99.8,0.2,6.070017431741845,43.929982568258154,60399.1,60398.9,3048.8,12195200.0,0.9999966882618965,0.07220932157031919,5.0,28.43564675236029,124.91271234344057,0.7202247484816782,0.35893178700936035,0.12461954499995045,0.9994999999999999
Hybrid GWO-ABC (Eq. 12),605,99.8,0.2,5.997995319375074,44.00200468062492,60498.9,60498.7,3053.8,12215200.0,0.9999966936546407,0.07202211236677072,5.0,27.7291521849965,125.94443897499525,0.6538197455842643,0.34956481626122365,0.1294344350004394,1.0
Hybrid GWO-ABC (Eq. 12),606,99.8,0.2,5.925580656511943,44.07441934348806,60598.7,60598.5,3058.8,12235200.0,0.9999966990298503,0.07241466286313192,5.0,28.334980534492814,126.08669793206332,0.6544940902670933,0.350442946715883,0.13113327999999455,1.0
Hybrid GWO-ABC (Eq. 12),607,99.8,0.2,5.853543256749332,44.14645674325067,60698.5,60698.3,3063.8,12255200.0,0.9999967043876106,0.07203739976261017,5.0,26.809137169319182,126.31230390021362,0.6839965887006001,0.35172358118317976,0.1252518549998058,1.0
Hybrid GWO-ABC (Eq. 12),608,99.8,0.2,5.781213676159675,44.21878632384032,60798.3,60798.1,3068.8,12275200.0,0.9999967097280065,0.0723295805896571,5.0,28.3980036152872,125.42713325157601,0.6938168639087052,0.3553124829141979,0.12907775999992738,1.0
Hybrid GWO-ABC (Eq. 12),609,99.8,0.2,5.708923578813524,44.291076421186474,60898.1,60897.9,3073.8,12295200.0,0.9999967150511221,0.07229009734615159,5.0,28.841673087829456,125.28770343273843,0.6669401277513971,0.353094049853269,0.1243762850001076,1.0
Hybrid GWO-ABC (Eq. 12),610,99.8,0.2,5.6368983298863355,44.363101670113664,60997.9,60997.7,3078.8,12315200.0,0.9999967203570413,0.07202524892718817,5.0,27.339040532074637,125.68092359969728,0.702701088073473,0.35579374961427673,0.12222953000018606,1.0
Hybrid GWO-ABC (Eq. 12),611,99.8,0.2,5.564506386092909,44.43549361390709,61097.7,61097.5,3083.8,12335200.0,0.9999967256458474,0.07239194379342662,5.0,27.126200169364274,127.1970565833429,0.6631854110728312,0.35081570072006196,0.12035626500037325,1.0
Hybrid GWO-ABC (Eq. 12),612,99.75,0.25,5.49216205873807,44.50783794126193,61197.5,61197.25,3088.8,12355200.0,0.9999959138173482,0.07234432735483917,5.0,27.680752303466722,126.3242897992108,0.6194262577710474,0.34501088330280266,0.12091391499925522,0.9994949494949494
Hybrid GWO-ABC (Eq. 12),613,99.75,0.25,5.4201997125733925,44.57980028742661,61297.25,61297.0,3093.8,12375200.0,0.9999959203653722,0.07196234616467745,5.0,28.12780127351286,125.51139242402346,0.6736477459621292,0.3541127436052811,0.11799735999920813,1.0
Hybrid GWO-ABC (Eq. 12),614,99.75,0.25,5.347328678662596,44.6526713213374,61397.0,61396.75,3098.8,12395200.0,0.9999959268924433,0.07287103391079644,5.0,27.74493991534714,127.9702619290161,0.6034095354508531,0.3447010277451018,0.1228987300004519,1.0
Hybrid GWO-ABC (Eq. 12),615,99.75,0.25,5.275461995719793,44.724538004280205,61496.75,61496.5,3103.8,12415200.0,0.999995933398662,0.07186668294280371,5.0,26.77638472312612,126.34192885955028,0.6975099233225414,0.3557716327647395,0.12557876500031853,1.0
Hybrid GWO-ABC (Eq. 12),616,99.7,0.3,5.202789334545793,44.79721066545421,61596.5,61596.2,3108.8,12435200.0,0.9999951281958163,0.0726726611739988,5.0,27.421488111905965,127.12465652623871,0.6640242826945426,0.3520208078839044,0.12526292499933334,0.9994999999999999
Hybrid GWO-ABC (Eq. 12),617,99.7,0.3,5.1304709800131025,44.8695290199869,61696.2,61695.9,3113.8,12455200.0,0.9999951359630345,0.07231835453269127,5.0,27.94148934465477,126.63099339134257,0.6372081799241087,0.3492049118005104,0.12779443499966875,1.0
Hybrid GWO-ABC (Eq. 12),618,99.7,0.3,5.057804154094989,44.94219584590501,61795.9,61795.6,3118.8,12475200.0,0.9999951437055247,0.07266682591811294,5.0,28.33710929759053,127.182198760348,0.6149892876123284,0.34707517106528896,0.12298410500079626,1.0
Hybrid GWO-ABC (Eq. 12),619,99.6,0.4,4.985846901930345,45.014153098069656,61895.6,61895.2,3123.8,12495200.0,0.9999935352615845,0.07195725216464406,5.0,26.83982807747362,126.35085657882242,0.6787874343300404,0.3533891259564875,0.11836499999953957,0.9989847454133167
Hybrid GWO-ABC (Eq. 12),620,99.55,0.45,4.9131927194076495,45.086807280592346,61995.2,61994.75,3128.8,12515200.0,0.9999927386946617,0.07265418252269532,5.0,27.576674382122356,127.9014376176209,0.6485430660388092,0.35137922993013465,0.11786289499905252,0.9994897959183673
Hybrid GWO-ABC (Eq. 12),621,99.55,0.45,4.841345515165663,45.15865448483434,62094.75,62094.3,3133.8,12535200.0,0.9999927500942866,0.07184720424198712,5.0,26.897990653496567,126.15826299292723,0.6804118963724226,0.3546232150640977,0.121576644999368,1.0
Hybrid GWO-ABC (Eq. 12),622,99.55,0.45,4.769237509251712,45.23076249074829,62194.3,62193.85,3138.85,12555400.0,0.9999927614581731,0.07210800591395024,5.05,28.64763765447578,125.26336735561738,0.6468168679372248,0.35117762588707446,0.12066506000119262,1.0
Hybrid GWO-ABC (Eq. 12),623,99.55,0.45,4.696844554546681,45.30315544545332,62293.85,62293.4,3143.85,12575400.0,0.999992772786489,0.07239295470503107,5.0,28.90845536030725,125.92394392271038,0.6456864045447075,0.35279875700313573,0.13418708500103094,1.0
Hybrid GWO-ABC (Eq. 12),624,99.55,0.45,4.624921506687332,45.37507849331267,62393.4,62392.95,3148.85,12595400.0,0.9999927840794012,0.07192304785934978,5.0,27.112213834673447,126.44412874814327,0.6740533623188879,0.35417952114300394,0.12039141500026744,1.0
Hybrid GWO-ABC (Eq. 12),625,99.55,0.45,4.552715676730334,45.44728432326967,62492.95,62492.5,3153.85,12615400.0,0.9999927953370751,0.07220582995699758,5.0,27.52275679713012,126.11243629129532,0.7087510508812714,0.3593916061175317,0.1192417199992633,1.0
Hybrid GWO-ABC (Eq. 12),626,99.55,0.45,4.48028745039438,45.519712549605615,62592.5,62592.05,3158.85,12635400.0,0.9999928065596755,0.07242822633595411,5.0,27.189345320741957,127.15269888821088,0.6651494816807271,0.3542023001110516,0.1199535649997415,1.0
Hybrid GWO-ABC (Eq. 12),627,99.55,0.45,4.408262837772161,45.59173716222784,62692.05,62691.6,3163.85,12655400.0,0.9999928177473661,0.07202461262221982,5.0,28.72399412129973,125.83211137211602,0.6313927124590356,0.350614138456587,0.12480421499894874,1.0
Hybrid GWO-ABC (Eq. 12),628,99.45,0.55,4.336546651675138,45.663453348324865,62791.6,62791.05,3168.85,12675400.0,0.9999912359346123,0.07171618609702209,5.0,27.990748485904106,124.85454443813543,0.7146395435837193,0.3612956922793448,0.12891790500034403,0.9989845360824742
Hybrid GWO-ABC (Eq. 12),629,99.4,0.6,4.264429476170911,45.73557052382909,62891.05,62890.45,3173.85,12695400.0,0.9999904535983732,0.0721171755042271,5.0,28.043540139555763,125.96589057886123,0.6880771159262273,0.3583701998592298,0.12423381500011602,0.9994845360824742
Hybrid GWO-ABC (Eq. 12),630,99.4,0.6,4.191966852514552,45.808033147485446,62990.45,62989.85,3178.85,12715400.0,0.9999904682835993,0.07246262365635928,5.0,29.161572513503085,125.82099703317999,0.6335463680890719,0.35294677703318006,0.12492693999884068,1.0
Hybrid GWO-ABC (Eq. 12),631,99.4,0.6,4.120036487585006,45.87996351241499,63089.85,63089.25,3183.85,12735400.0,0.9999904829237076,0.07193036492954533,5.0,27.081843462934216,126.90933361941568,0.6673409758207017,0.3544083411951463,0.12372645500036014,1.0
Hybrid GWO-ABC (Eq. 12),632,99.3,0.7,4.048241781916389,45.95175821808361,63189.25,63188.55,3188.85,12755400.0,0.9999889144384587,0.07179470566861694,5.0,27.597457702816797,126.39704332034106,0.6696936134828769,0.3562038178673086,0.1257925499990961,0.9989791666666668
Hybrid GWO-ABC (Eq. 12),633,99.2,0.8,3.9764624506086315,46.02353754939137,63288.55,63287.75,3193.85,12775400.0,0.9999873515248829,0.07177933130775838,5.0,27.184018374015597,126.77390049338173,0.6552404770951286,0.35295235137394426,0.12135162500017031,0.9989949494949496
Hybrid GWO-ABC (Eq. 12),634,99.15,0.85,3.904563118426257,46.09543688157375,63387.75,63386.9,3198.85,12795400.0,0.9999865821995684,0.07189933218237451,5.0,27.10672820231884,127.16503420963231,0.6443471531410925,0.35191207538850766,0.12230441000065184,0.9994999999999999
Hybrid GWO-ABC (Eq. 12),635,99.1,0.9,3.8328368254704537,46.16716317452955,63486.9,63486.0,3203.85,12815400.0,0.9999858152868356,0.0717262929558028,5.0,28.238464719626528,125.55292833845836,0.6766208319561622,0.35805527595554476,0.11822745000026771,0.9994999999999999
Hybrid GWO-ABC (Eq. 12),636,99.0,1.0,3.761404279876416,46.238595720123584,63586.0,63585.0,3208.85,12835400.0,0.9999842641542065,0.07143254559403764,5.0,26.842410766594536,127.40485324822421,0.5834399171155404,0.34392256225057577,0.12197400000040944,0.9989897959183673
Hybrid GWO-ABC (Eq. 12),637,99.0,1.0,3.689786127086228,46.31021387291377,63685.0,63684.0,3213.85,12855400.0,0.9999842881359877,0.07161815279018824,5.0,29.971262510719548,124.84623912336455,0.6289059799600635,0.35436672488483195,0.12653729999874486,1.0
Hybrid GWO-ABC (Eq. 12),638,99.0,1.0,3.6182700507008896,46.38172994929911,63784.0,63783.0,3218.9,12875600.0,0.9999843120447647,0.07151607638533822,5.05,28.557681160818085,125.2120967122423,0.6775422168865269,0.3589347889254941,0.1186984649997612,1.0
Hybrid GWO-ABC (Eq. 12),639,98.95,1.05,3.546570353668371,46.45342964633163,63883.0,63881.95,3223.9,12895600.0,0.9999835534082567,0.07169969703251872,5.0,29.4494574864313,124.59225655890005,0.6383468123622381,0.35558079798860315,0.12503017999952135,0.9994999999999999
Hybrid GWO-ABC (Eq. 12),640,98.9,1.1,3.475058248250999,46.524941751749,63981.95,63980.85,3228.9,12915600.0,0.9999827971324283,0.07151210541737171,5.0,28.634472113093135,125.18431286313034,0.6658557880678815,0.35891482816239034,0.12311081999978342,0.9994999999999999
Hybrid GWO-ABC (Eq. 12),641,98.8,1.2,3.4036426539643854,46.59635734603562,64080.85,64079.65,3233.9,12935600.0,0.9999812631750762,0.0714155942866139,5.0,26.962499629488946,127.29032708674659,0.6382475555203591,0.35410137172318723,0.13065569999962462,0.999
Hybrid GWO-ABC (Eq. 12),642,98.75,1.25,3.331959435149745,46.66804056485025,64179.65,64178.4,3238.9,12955600.0,0.9999805127177475,0.07168321881464049,5.0,27.247026023121457,127.22100631300664,0.6196374137359983,0.3521091318728945,0.12426197000022512,0.9994949494949494
Hybrid GWO-ABC (Eq. 12),643,98.75,1.25,3.2604968326727173,46.73950316732728,64278.4,64277.15,3243.95,12975800.0,0.9999805422383954,0.07146260247702725,5.05,28.744333538244792,125.66080439927717,0.6548989087374343,0.35852930552329226,0.12634862499944574,1.0
Hybrid GWO-ABC (Eq. 12),644,98.65,1.35,3.1889885791728174,46.81101142082718,64377.15,64375.8,3248.95,12995800.0,0.999979018488758,0.07150825349989985,5.0,27.842530558138073,126.98992410625806,0.6337599580664748,0.35602142852064633,0.12446180999941134,0.9989847454133169
Hybrid GWO-ABC (Eq. 12),645,98.65,1.35,3.117756154143701,46.8822438458563,64475.8,64474.45,3253.95,13015800.0,0.9999790501435812,0.0712324250291169,5.0,28.288117938501454,125.4072947781564,0.6843999054261358,0.36230848054697645,0.12236319999938132,1.0
Hybrid GWO-ABC (Eq. 12),646,98.6,1.4,3.0466527512748867,46.953347248725116,64574.45,64573.05,3258.95,13035800.0,0.9999783077092055,0.07110340286881443,5.0,28.762341790847852,125.4787026890693,0.6409105596079425,0.35826717008793546,0.12833076500101015,0.9994999999999999
Hybrid GWO-ABC (Eq. 12),647,98.55,1.45,2.9757865964851815,47.02421340351482,64673.05,64671.6,3264.0,13056000.0,0.9999775675604864,0.0708661547897045,5.05,26.632078466889464,125.96429453237351,0.6976277282575565,0.3625072261119339,0.1234969250006543,0.9994999999999999
Hybrid GWO-ABC (Eq. 12),648,98.45,1.55,2.9040037671038688,47.09599623289613,64771.6,64770.05,3269.05,13076200.0,0.9999760578199328,0.07178282938131313,5.05,29.978996813129207,126.27428249084835,0.5758760381173417,0.3507307722873654,0.12203262000002724,0.998989898989899
Hybrid GWO-ABC (Eq. 12),649,98.3,1.7,2.8333336229468182,47.16666637705318,64870.05,64868.35,3274.05,13096200.0,0.999973782307437,0.07067014415705039,5.0,27.85589626034663,125.21623365863425,0.6748958727306513,0.36277124175294284,0.11773407500004396,0.9984847454133169
Hybrid GWO-ABC (Eq. 12),650,98.2,1.8,2.7623550317810492,47.23764496821895,64968.35,64966.55,3279.05,13116200.0,0.9999722819999681,0.07097859116576907,5.0,27.502871446399297,127.01270902712494,0.61792150261151,0.356944005888601,0.1264115550002316,0.9989794855774237
Hybrid GWO-ABC (Eq. 12),651,98.2,1.8,2.690947075089265,47.30905292491074,65066.55,65064.75,3284.05,13136200.0,0.9999723234104195,0.07140795669178426,5.0,28.516521895296698,126.53362698230436,0.6509128380184925,0.3620031231935678,0.12498036499891896,1.0
Hybrid GWO-ABC (Eq. 12),652,98.0,2.0,2.6198896637126343,47.380110336287366,65164.75,65160.7,3289.05,13156200.0,0.9999378481068373,0.07105741137663088,5.05,28.61265648985367,125.72873887414593,0.6598650437263776,0.36414130883923923,0.12363148999902478,0.9770459699031127
Hybrid GWO-ABC (Eq. 12),653,97.95,2.05,2.5494387605505446,47.450561239449456,65262.75,65256.15,3294.0,13176000.0,0.999898877552288,0.0704509031620892,5.0,28.09214972753407,125.77180676804895,0.6571838835395795,0.8631697157871316,0.12308415500046976,0.9731578947368421
Hybrid GWO-ABC (Eq. 12),654,97.75,2.25,2.4790569937315423,47.52094300626846,65360.7,65352.3,3298.95,13195800.0,0.9998714910900949,0.07038176681900235,5.0,27.991313823006795,126.67933545863949,0.604478628092095,0.8562994257418126,0.1261390850009775,0.9808829787234042
Hybrid GWO-ABC (Eq. 12),655,97.5,2.5,2.4082714959149376,47.59172850408506,65458.45,65447.9,3303.9,13215600.0,0.9998388306562722,0.07078549781660522,5.0,27.921289377791275,126.92639009472184,0.6250691785223926,0.8588499158824133,0.12361877000039385,0.9764180264180264
Hybrid GWO-ABC (Eq. 12),656,97.1,2.9,2.33769761659502,47.662302383404985,65555.95,65540.7,3308.8,13235200.0,0.9997672889476255,0.07057387931991747,5.0,28.18280129285438,127.18722680187416,0.5860007718002819,0.8545595367378395,0.12138411999949313,0.9478644888082275
Hybrid GWO-ABC (Eq. 12),657,96.7,3.3,2.268257397632188,47.73174260236782,65653.05,65633.65,3313.6,13254400.0,0.9997043599517939,0.069440218962832,4.9,28.919757654949347,124.96606360133812,0.6082563953482655,0.859387352835593,0.12457102499865869,0.9538229748291192
Hybrid GWO-ABC (Eq. 12),658,96.35,3.65,2.198666344622995,47.80133365537701,65749.75,65727.3,3318.45,13273800.0,0.9996583151076865,0.06959105300919306,4.95,28.73847260757274,126.09220238753126,0.6030657174062987,0.8591191258735892,0.12430658500015852,0.9606172922152304
Hybrid GWO-ABC (Eq. 12),659,95.75,4.25,2.129885621204314,47.87011437879569,65846.1,65819.3,3323.25,13293000.0,0.99959254713366,0.06878072341868073,4.9,29.158781371077907,124.56166976254137,0.6569683011587922,1.3657801138233325,0.12042027499883261,0.9460893760376848
Hybrid GWO-ABC (Eq. 12),660,95.2,4.8,2.0616401135798696,47.93835988642013,65941.85,65909.05,3327.95,13311800.0,0.9995018393390982,0.0682455076244445,4.9,28.176357460592772,125.18474284619246,0.6660206761414971,1.368224938526929,0.1216142849996686,0.921168055064968
Hybrid GWO-ABC (Eq. 12),661,94.5,5.5,1.9943292673407498,48.005670732659254,66037.05,65998.45,3332.6,13330400.0,0.9994144205729405,0.06731084623911981,4.8,27.316166289127672,126.08049527589685,0.6267648917037425,1.8637407183915642,0.117327110000042,0.9269512042421508
Hybrid GWO-ABC (Eq. 12),662,93.8,6.2,1.926912383077768,48.07308761692223,66131.55,66086.4,3337.2,13348800.0,0.9993157829596224,0.0674168842629818,4.8,28.72918211978078,126.34279468421633,0.5824714766836767,1.8593610109674301,0.12160922999937611,0.9112019266652887
Hybrid GWO-ABC (Eq. 12),663,93.05,6.95,1.8596865546604504,48.140313445339544,66225.35,66174.65,3341.9,13367600.0,0.9992324661981058,0.06722582841731747,4.9,29.371395343202416,125.48789513281982,0.6318139102451339,1.8656395586049836,0.11784462000068743,0.921740975382558
Hybrid GWO-ABC (Eq. 12),664,91.75,8.25,1.7934282814260871,48.20657171857391,66318.4,66261.5,3346.5,13386000.0,0.9991394473248727,0.06625827323436322,4.85,30.400360854579,124.42541052166061,0.5712797165882093,1.86234349277833,0.12771923999898718,0.9022852817137116
Hybrid GWO-ABC (Eq. 12),665,90.75,9.25,1.7283642800513532,48.27163571994865,66410.15,66346.6,3351.05,13404200.0,0.9990398040054191,0.06506400137473413,4.75,29.365159086352367,125.43229376144079,0.6085287996737176,2.3660130063745277,0.11538712500005203,0.8934282730191866
Hybrid GWO-ABC (Eq. 12),666,89.75,10.25,1.664757387085452,48.33524261291455,66500.9,66428.8,3355.3,13421200.0,0.9989116385528825,0.06360689296590119,4.55,29.339028763486112,127.13477538970517,0.5841130538013861,2.36978484103382,0.12573717500090426,0.8500146886016452
Hybrid GWO-ABC (Eq. 12),667,88.55,11.45,1.6008079565441773,48.39919204345582,66590.65,66513.15,3359.8,13439200.0,0.9988309998960666,0.06394943054127467,4.7,29.86209976186246,127.33994904913189,0.561220304322464,1.8635985326019555,0.1161598349986889,0.8855988621988384
Hybrid GWO-ABC (Eq. 12),668,87.35,12.65,1.5383444135846431,48.461655586415354,66679.2,66593.95,3364.0,13456000.0,0.9987151474097248,0.06246354295953409,4.5,31.13757403941033,125.8343603967431,0.5642987484872891,2.3715939379280604,0.12088705000060145,0.8365884535632435
Hybrid GWO-ABC (Eq. 12),669,85.95,14.05,1.4771251827836347,48.52287481721636,66766.55,66674.4,3368.2,13472800.0,0.9986122163721921,0.061219230801008516,4.45,29.073832962444264,129.3104783543902,0.5500538177380848,2.3716443766654964,0.12671776000061072,0.8403341858856697
Hybrid GWO-ABC (Eq. 12),670,84.3,15.7,1.41640117193164,48.58359882806836,66852.5,66752.25,3372.35,13489400.0,0.998491512594871,0.060724010851994706,4.45,31.772654901734505,130.04467454019394,0.5739425881852156,2.371744485377249,0.11788310499869112,0.8152590441579113
Hybrid GWO-ABC (Eq. 12),671,83.15,16.85,1.3566048638298904,48.643395136170106,66936.8,66827.85,3376.4,13505600.0,0.9983619368139716,0.05979630810174957,4.4,29.877977211572915,130.47573274885102,0.5409989938498347,3.368834379347075,0.11936336500039033,0.7906080119796646
Hybrid GWO-ABC (Eq. 12),672,81.5,18.5,1.2981961532309008,48.701803846769096,67019.95,66902.8,3380.3,13521200.0,0.9982401566736989,0.05840871059898971,4.25,30.422528601130818,131.2139495010412,0.4588090957498694,2.8601310703847247,0.11769863499939674,0.7851238218355123
Hybrid GWO-ABC (Eq. 12),673,80.55,19.45,1.2402761360059096,48.75972386399409,67101.45,66978.15,3384.2,13536800.0,0.9981491160083171,0.060968439184201174,4.421052631578948,30.797893406277556,127.94186030421606,0.5048364844962456,2.4700861662741103,0.11113430526318935,0.8401747387084733
Hybrid GWO-ABC (Eq. 12),674,79.4,20.6,1.183568544206616,48.816431455793385,67182.0,67051.15,3388.25,13553000.0,0.9980374009646468,0.0596922018939934,4.526315789473684,29.67328195424643,131.45452909819997,0.5376399655618445,3.0032396486198567,0.11780648947406964,0.8152376502434133
Hybrid GWO-ABC (Eq. 12),675,77.55,22.45,1.1279243346899226,48.87207566531008,67261.4,67121.6,3391.95,13567800.0,0.9979051201911361,0.058572852122835195,4.2631578947368425,31.28482540843887,130.45375420561385,0.4933389973879039,3.002298258261432,0.11258111578928565,0.7838875079888706
Hybrid GWO-ABC (Eq. 12),676,76.45,23.55,1.0730632788023584,48.92693672119764,67338.95,67192.45,3395.75,13583000.0,0.9978063708203135,0.06095672876396004,4.555555555555555,29.721495095380483,128.12219592411842,0.5386517529368918,2.0299455098908488,0.1146538055565745,0.8356153815013552
Hybrid GWO-ABC (Eq. 12),677,75.15,24.85,1.0192402668212375,48.980759733178765,67415.4,67261.45,3399.5,13598000.0,0.9976965504910528,0.05980334664568977,4.5,31.06066665466018,127.78440086679615,0.5255790593273073,2.585731766504736,0.11967482777779676,0.8173452622135517
Hybrid GWO-ABC (Eq. 12),678,73.8,26.2,0.9668573378334717,49.033142662166526,67490.55,67324.6,3402.95,13611800.0,0.9975197333641217,0.05820325443085103,4.277777777777778,30.13896413642274,128.9898567967659,0.5112035223200757,4.259580526138178,0.11407207222307786,0.7566510599404899
Hybrid GWO-ABC (Eq. 12),679,72.3,27.7,0.91578362494003,49.08421637505997,67564.35,67384.25,3406.25,13625000.0,0.9973115619704462,0.056748569881601915,4.277777777777778,28.620613952384286,129.63867748917886,0.48474784425481826,3.701585761289145,0.11697149444525065,0.714416527252429
Hybrid GWO-ABC (Eq. 12),680,71.25,28.75,0.8649685598886437,49.135031440111355,67636.65,67448.15,3409.7,13638800.0,0.997188659095993,0.05978242947221903,4.411764705882353,32.77216319357191,124.93053168479625,0.47658782706900527,2.713781245686783,0.11918930588324335,0.8326838648059005
Hybrid GWO-ABC (Eq. 12),681,69.75,30.25,0.8156183969524404,49.18438160304756,67707.9,67507.3,3413.1,13652400.0,0.9970113691503215,0.05805901521906285,4.529411764705882,29.46419327267825,125.86982006969514,0.5222637773714051,3.8912857295227106,0.11513589411761667,0.7598924922344928
Hybrid GWO-ABC (Eq. 12),682,67.85,32.15,0.7678537237892901,49.23214627621071,67777.65,67565.7,3416.15,13664600.0,0.9968455098022565,0.056193733133117985,4.117647058823529,31.99356752767855,126.35946720868571,0.45939073776423955,3.895209999657271,0.11548182941110366,0.7541583732412087
Hybrid GWO-ABC (Eq. 12),683,65.65,34.35,0.721423455034986,49.27857654496501,67845.5,67623.05,3419.35,13677400.0,0.9966922678154104,0.05462384559329894,4.294117647058823,31.5858039776317,124.55259704456094,0.519026341270039,3.9016893833861315,0.1142548882352832,0.7436636999470538
Hybrid GWO-ABC (Eq. 12),684,64.4,35.6,0.67627839049165,49.323721609508354,67911.15,67680.75,3422.45,13689800.0,0.996576688380963,0.05311184063921877,4.0588235294117645,30.830519778137546,127.29035598290044,0.4680072534051302,2.7188661263573883,0.11551417647099109,0.7709712605114888
Hybrid GWO-ABC (Eq. 12),685,62.75,37.25,0.6318248680391378,49.36817513196086,67975.55,67736.0,3425.4,13701600.0,0.9964435171915456,0.05229826170883783,4.0,30.823736270576582,130.9672895276305,0.42424230249911876,3.892100860794368,0.1129341470574111,0.7227233721619893
Hybrid GWO-ABC (Eq. 12),686,60.65,39.35,0.5887387617792974,49.4112612382207,68038.3,67788.8,3428.3,13713200.0,0.9962989527477164,0.05385763282480059,4.125,30.196417237115153,129.80334544965126,0.4535461909239425,4.111452455321645,0.10989756249909988,0.7553222770273151
Hybrid GWO-ABC (Eq. 12),687,58.15,41.85,0.5474996456180096,49.452500354381996,68098.95,67836.35,3431.1,13724400.0,0.9961085916790811,0.05154889520160976,4.25,30.098427419324096,132.1058505247407,0.47510213006790386,4.741957013150673,0.11578083125141347,0.6801921495615886
Hybrid GWO-ABC (Eq. 12),688,56.2,43.8,0.5081479605333118,49.491852039466686,68157.1,67880.85,3433.55,13734200.0,0.9959101668664079,0.04918960635587223,4.0,27.359443953478404,134.74169578508247,0.39015237852556545,5.366131135826125,0.11171526250063835,0.6048326400026731
Hybrid GWO-ABC (Eq. 12),689,53.75,46.25,0.47113737061292527,49.52886262938707,68213.3,67922.4,3435.9,13743600.0,0.9956975171754051,0.04934745322718204,3.933333333333333,28.608300652534414,131.3385703361932,0.47699926316537167,6.373228950631452,0.11595751333273559,0.6075273987062101
Hybrid GWO-ABC (Eq. 12),690,51.85,48.15,0.4349285638877466,49.565071436112255,68267.05,67963.25,3438.25,13753000.0,0.9955106394978068,0.04827840896690487,3.8,30.57513790666977,137.83218515556385,0.3945994732853799,6.368836344485042,0.11102051999963199,0.6051865933715449
Hybrid GWO-ABC (Eq. 12),691,49.0,51.0,0.40030299584160584,49.599697004158394,68318.9,67999.5,3440.5,13762000.0,0.995284868930416,0.04616742406152103,3.7333333333333334,32.63991783970322,137.62345431863912,0.3882346695671891,7.035376036769905,0.1137933999998495,0.5450374419059794
Hybrid GWO-ABC (Eq. 12),692,45.8,54.2,0.3675094546226907,49.63249054537731,68367.9,68037.65,3442.7,13770800.0,0.995128336797747,0.04372472162522022,3.6,35.95446345982847,135.1826055556376,0.3226445660817714,6.3662877052572515,0.11008854000150071,0.5811981431627148
Hybrid GWO-ABC (Eq. 12),693,43.35,56.65,0.33728512121450227,49.6627148787855,68413.7,68065.85,3444.55,13778200.0,0.9948744188527068,0.04029911121091789,3.533333333333333,31.68831230709202,137.1879716514454,0.3670880580116297,7.718478573544098,0.11370299999931982,0.43163316002019225
Hybrid GWO-ABC (Eq. 12),694,41.25,58.75,0.30912531224544615,49.69087468775455,68457.05,68093.25,3446.2,13784800.0,0.9946447809641741,0.0433227830293171,3.6923076923076925,31.77860262188877,133.1889624683125,0.3967066129513065,6.534643410491293,0.11908612307720781,0.4837188330526665
Hybrid GWO-ABC (Eq. 12),695,39.2,60.8,0.2820815023019914,49.71791849769801,68498.3,68120.7,3447.9,13791600.0,0.9944464711448241,0.041605861451468835,3.6923076923076925,27.202635137540135,137.84172405807405,0.33448167967322584,6.526789400265215,0.1160040384605124,0.4872702049367613
Hybrid GWO-ABC (Eq. 12),696,36.9,63.1,0.25694813278228384,49.743051867217716,68537.5,68143.65,3449.2,13796800.0,0.9942130969370426,0.04188894919951261,3.5,31.667731695588465,130.84982960158973,0.3336266434783277,7.0354874190745385,0.12084075833384607,0.4347955692066705
Hybrid GWO-ABC (Eq. 12),697,34.3,65.7,0.23375574299208496,49.76624425700791,68574.4,68164.6,3450.4,13801600.0,0.9939843297472105,0.04216798143672524,3.5454545454545454,31.534202407213453,126.64866493807736,0.39011569994180634,7.656156388912854,0.11301200909193457,0.4383120560831404
Hybrid GWO-ABC (Eq. 12),698,32.05,67.95,0.21233305026953492,49.787666949730465,68608.7,68183.05,3451.6,13806400.0,0.9937572547097993,0.03895035040463645,3.3636363636363638,34.22701514897937,130.06986550778458,0.38566970735564676,7.664902370112366,0.11611991818129107,0.3791045520745586
Hybrid GWO-ABC (Eq. 12),699,29.45,70.55,0.1917982289982209,49.80820177100178,68640.75,68201.3,3452.7,13810800.0,0.9935598417712305,0.037336038675116326,3.090909090909091,35.79731064205135,135.1937514194765,0.2681662695117558,7.6476804533270375,0.11396025454583154,0.3831082510045621
Hybrid GWO-ABC (Eq. 12),700,26.75,73.25,0.17304904030838825,49.826950959691615,68670.2,68217.15,3453.65,13814600.0,0.993365463758769,0.03408943398151401,3.0,32.3668384007877,142.9487825853331,0.25252962372192744,7.633082034458983,0.11326207272610521,0.324219378033811
Hybrid GWO-ABC (Eq. 12),701,24.45,75.55,0.15541073895398688,49.84458926104601,68696.95,68231.95,3454.5,13818000.0,0.993194956790244,0.032069638826184244,2.727272727272727,36.47363010811739,146.139049183523,0.24141164881918753,8.54035726101224,0.11254188181787454,0.31319896845529555
Hybrid GWO-ABC (Eq. 12),702,21.85,78.15,0.14002712479216525,49.85997287520784,68721.4,68247.45,3455.4,13821600.0,0.9930675188847526,0.027970207566948426,2.727272727272727,39.24287838059356,147.03053806294906,0.24849426588972212,7.659577037601378,0.1101922454551889,0.3222434566762222
Hybrid GWO-ABC (Eq. 12),703,19.95,80.05,0.12559578043333458,49.874404219566664,68743.25,68262.8,3456.3,13825200.0,0.9929751153106299,0.03206965413073479,2.888888888888889,39.41657713970273,142.80166672199385,0.2137754269323062,7.042538186668255,0.10616547777802528,0.3974747474747475
Hybrid GWO-ABC (Eq. 12),704,18.0,82.0,0.11294093498534034,49.88705906501466,68763.2,68273.65,3457.05,13828200.0,0.9928455718951901,0.03163711361998563,2.75,38.48859121214535,141.60843982744734,0.2783797720934643,9.128900450306359,0.10948944999927335,0.3150448199424438
Hybrid GWO-ABC (Eq. 12),705,16.85,83.15,0.10086019692784194,49.89913980307216,68781.2,68286.45,3457.85,13831400.0,0.9927717492339871,0.030201845143745992,2.75,41.134310272844,144.93270003570666,0.24790943224838385,7.864748760564607,0.10621926249950775,0.38286897590361446
Hybrid GWO-ABC (Eq. 12),706,15.55,84.45,0.08939557126590114,49.910604428734096,68798.05,68297.5,3458.7,13834800.0,0.9926894449388319,0.028661564154852003,3.0,46.975119022028395,147.75362475215215,0.2564390739461906,7.890441611031218,0.11032117499962624,0.3365822862774082
Hybrid GWO-ABC (Eq. 12),707,14.35,85.65,0.07912192031839047,49.92087807968161,68813.6,68308.45,3459.35,13837400.0,0.9926242480690822,0.025684127368776708,2.5,34.86760697903731,150.34651385895577,0.2326470892058198,7.897579624296082,0.10172016249998705,0.3138246982631734
Hybrid GWO-ABC (Eq. 12),708,13.3,86.7,0.06984895676361294,49.93015104323639,68827.95,68318.15,3459.9,13839600.0,0.9925584214126653,0.030909878515925065,2.6666666666666665,32.52350194172336,145.184930796029,0.19415835762289232,7.0163701007903585,0.10440270000132539,0.3724053724053724
Hybrid GWO-ABC (Eq. 12),709,12.4,87.6,0.0612530741588854,49.938746925841116,68841.25,68325.35,3460.45,13841800.0,0.9924722450503989,0.034383530418910166,3.2,30.196378299689037,134.67790965466338,0.3063851425385555,10.365996165632414,0.11027044000074966,0.3441462295628962
Hybrid GWO-ABC (Eq. 12),710,11.55,88.45,0.05337454367640454,49.946625456323595,68853.65,68331.7,3461.0,13844000.0,0.9923869477031838,0.03939265241240434,4.0,32.348459047827774,131.8795043415805,0.3743529428377571,10.380550643177717,0.11566135000066424,0.3913888325657291
Hybrid GWO-ABC (Eq. 12),711,10.75,89.25,0.04583799267155956,49.954162007328435,68865.2,68335.25,3461.35,13845400.0,0.9922741850871709,0.03768275502422491,3.75,30.019212796494553,134.6570557136796,0.39531045652457913,10.366440016115659,0.10092285000064294,0.2019825918762089
Hybrid GWO-ABC (Eq. 12),712,10.0,90.0,0.03909089102700904,49.96090910897299,68875.95,68341.2,3461.8,13847200.0,0.9922067546951938,0.04498067763033675,4.333333333333333,29.989383746242112,123.71704439493628,0.49070450086957673,7.046093136506279,0.12720696666656295,0.4779869301465802
Hybrid GWO-ABC (Eq. 12),713,9.25,90.75,0.032975029224921036,49.96702497077508,68885.95,68346.55,3462.2,13848800.0,0.9921415029280147,0.040772412013920005,4.0,25.297020786032572,127.86760871609175,0.43822494039478294,7.031472593853118,0.13483979999728035,0.42655658754729964
Hybrid GWO-ABC (Eq. 12),714,8.25,91.75,0.027250942727760418,49.97274905727224,68895.2,68349.8,3462.45,13849800.0,0.9920573318400896,0.038160576647737476,3.6666666666666665,30.964957984441607,128.23546010071504,0.33335630310121944,10.364746639130884,0.12778949999968367,0.2355072463768116
Hybrid GWO-ABC (Eq. 12),715,7.4,92.6,0.02216929406625793,49.97783070593374,68903.45,68351.95,3462.6,13850400.0,0.9919718896060903,0.03387765774334994,3.0,33.5377107724082,131.75309154249058,0.1590479822172142,10.357720834082834,0.12329630000022007,0.1575091575091575
Hybrid GWO-ABC (Eq. 12),716,6.75,93.25,0.01760899128264829,49.98239100871736,68910.85,68354.95,3462.85,13851400.0,0.9919103847973153,0.030402018557397575,3.3333333333333335,38.50288694041894,127.50688302871043,0.32472505510593286,10.389903138414802,0.11726539999896583,0.23255813953488372
Hybrid GWO-ABC (Eq. 12),717,5.7,94.3,0.013535183219840782,49.986464816780156,68917.6,68356.6,3463.0,13852000.0,0.9918391724184901,0.027158720418716725,2.3333333333333335,44.43773834304532,148.685000032751,0.15688373481626192,10.390964672245223,0.1171942000000854,0.13253012048192772
Hybrid GWO-ABC (Eq. 12),718,4.3,95.7,0.010200066839490854,49.98979993316051,68923.3,68357.65,3463.15,13852600.0,0.991774354477168,0.022234109202332857,2.3333333333333335,47.895970907986374,155.42631605336888,0.21584330497520188,10.387022436820809,0.10859566666961958,0.0909090909090909
Hybrid GWO-ABC (Eq. 12),719,3.65,96.35,0.0075981352362894175,49.992401864763714,68927.6,68358.5,3463.2,13852800.0,0.9917263829814461,0.01734621068800957,1.6666666666666667,41.24508720074936,156.93538489505548,0.08686296640524192,10.367620921282585,0.11550030000216793,0.08333333333333333
Hybrid GWO-ABC (Eq. 12),720,3.05,96.95,0.00535299551541014,49.99464700448459,68931.25,68359.65,3463.35,13853400.0,0.9916917349549526,0.014967598139195182,2.3333333333333335,24.970796108901677,163.04110872110948,0.1674784915709742,10.406526731539026,0.1058164999994915,0.11979166666666667
Hybrid GWO-ABC (Eq. 12),721,2.35,97.65,0.0037382883664487153,49.99626171163355,68934.3,68360.0,3463.4,13853600.0,0.991654339148654,0.016147071489614254,2.5,35.073173657916605,156.60465416707444,0.27640033692898963,10.389135560045647,0.11413189999802853,0.0603448275862069
Hybrid GWO-ABC (Eq. 12),722,1.95,98.05,0.0025058800449442773,49.99749411995506,68936.65,68360.0,3463.4,13853600.0,0.9916218264435873,0.024648166430088755,3.0,43.65766976775655,104.2318215618695,0.12035860105302937,10.374688665442,0.09997020000446355,0.0
Hybrid GWO-ABC (Eq. 12),723,1.35,98.65,0.0015783925528490208,49.998421607447156,68938.6,68360.0,3463.4,13853600.0,0.9915948801108712,0.018549749841905133,3.0,33.4428535787832,121.40153858618915,0.32635697593225266,10.38576941511673,0.10207120000268333,0.0
Hybrid GWO-ABC (Eq. 12),724,0.95,99.05,0.000985010242432857,49.99901498975757,68939.95,68360.0,3463.4,13853600.0,0.9915762420889417,0.011867646208323278,2.0,24.13074808481053,136.19815941358203,0.1111111111111111,10.336104535585486,0.10196140000334708,0.0
Hybrid GWO-ABC (Eq. 12),725,0.7,99.3,0.0005648704126664627,49.99943512958733,68940.9,68360.0,3463.4,13853600.0,0.9915631348362581,0.008402796595327881,1.0,44.31394898565146,132.9692489766793,0.0,10.373452487202151,0.09816549999959534,0.0
Hybrid GWO-ABC (Eq. 12),726,0.45,99.55,0.00023756888269965375,49.999762431117304,68941.6,68360.0,3463.4,13853600.0,0.9915534812931405,0.00654603059933618,1.0,47.38758684396983,147.9599554406235,0.0,10.347866541680823,0.11084500000288244,0.0
Hybrid GWO-ABC (Eq. 12),727,0.1,99.9,4.704472358875562e-05,49.99995295527641,68942.05,68360.0,3463.4,13853600.0,0.9915472774288434,0.003810483182217963,1.0,63.92747856374763,154.00011506789363,0.0,10.381123955830814,0.10310739999840735,0.0
Hybrid GWO-ABC (Eq. 12),728,0.0,100.0,0.0,50.0,68942.15,68360.0,3463.4,13853600.0,0.9915458990032098,0.0009408944717751123,1.0,32.20064484592769,182.54765575781107,0.0,10.528165856356734,0.0942298000009032,0.0
"Hybrid GWO-ABC (Eq. 12, fixed K)",1,100.0,0.0,49.92410037488739,0.07589962511261454,100.0,100.0,10.0,40000.0,1.0,0.07589962511261454,10.0,29.999547544388054,119.90524755192965,0.8205302972008859,0.3095147844235435,0.12170573999901535,1.0
"Hybrid GWO-ABC (Eq. 12, fixed K)",2,100.0,0.0,49.84755701218676,0.15244298781323487,200.0,200.0,20.0,80000.0,1.0,0.07654336270062032,10.0,28.9064442163605,122.56035013291414,0.7928512529094575,0.3066278293859562,0.13562895000068237,1.0
"Hybrid GWO-ABC (Eq. 12, fixed K)",3,100.0,0.0,49.77107354295993,0.22892645704007072,300.0,300.0,30.0,120000.0,1.0,0.07648346922683587,10.0,31.028079473516563,120.65283614810792,0.8433836419078118,0.3163685461555913,0.12666505999986838,1.0
"Hybrid GWO-ABC (Eq. 12, fixed K)",4,100.0,0.0,49.69478694877785,0.3052130512221492,400.0,400.0,40.0,160000.0,1.0,0.07628659418207846,10.0,28.188418596583254,121.87867873672167,0.9164115662472294,0.32183200365604586,0.1280924699996831,1.0
"Hybrid GWO-ABC (Eq. 12, fixed K)",5,100.0,0.0,49.61892266999768,0.38107733000232075,500.0,500.0,50.0,200000.0,1.0,0.07586427878017155,10.0,27.862684407717513,120.76159286540971,0.9654990593043683,0.3230577576255783,0.13111255500007246,1.0
"Hybrid GWO-ABC (Eq. 12, fixed K)",6,100.0,0.0,49.54293640693827,0.4570635930617378,600.0,600.0,60.0,240000.0,1.0,0.07598626305941707,10.0,26.890064507137517,121.63100853569918,0.9964906668700516,0.32422166058380675,0.1288806749995274,1.0
"Hybrid GWO-ABC (Eq. 12, fixed K)",7,100.0,0.0,49.46689515905829,0.5331048409417111,700.0,700.0,70.0,280000.0,1.0,0.07604124787997328,10.0,26.550595708050015,121.60010015070966,0.9939744736664435,0.32566591829902614,0.12878439999840338,1.0
"Hybrid GWO-ABC (Eq. 12, fixed K)",8,100.0,0.0,49.3904480550535,0.6095519449465051,800.0,800.0,80.0,320000.0,1.0,0.07644710400479404,10.0,23.485216712935923,123.78369327924838,0.946729658537383,0.31764511838382725,0.13021573000005446,1.0
"Hybrid GWO-ABC (Eq. 12, fixed K)",9,100.0,0.0,49.31409759199615,0.6859024080038477,900.0,900.0,90.0,360000.0,1.0,0.07635046305734257,10.0,24.120859386645726,123.1020781368301,1.0183916725176814,0.3224376104881903,0.13348936500005948,1.0
"Hybrid GWO-ABC (Eq. 12, fixed K)",10,100.0,0.0,49.23808293700735,0.7619170629926483,1000.0,1000.0,100.0,400000.0,1.0,0.0760146549888006,10.0,23.401586423579054,122.62619328514097,1.0570337037885003,0.3221630745006391,0.13145137499923293,1.0
"Hybrid GWO-ABC (Eq. 12, fixed K)",11,100.0,0.0,49.1615557432964,0.8384442567036021,1100.0,1100.0,110.0,440000.0,1.0,0.07652719371095387,10.0,22.500546096166673,124.1885839435879,1.0446525715189907,0.3231323731077142,0.13536972000001696,1.0
"Hybrid GWO-ABC (Eq. 12, fixed K)",12,100.0,0.0,49.084985771138754,0.9150142288612482,1200.0,1200.0,120.0,480000.0,1.0,0.07656997215764605,10.0,23.622472680269844,123.34293365875922,1.037432325817854,0.32352971043204065,0.13069763500097906,1.0
"Hybrid GWO-ABC (Eq. 12, fixed K)",13,100.0,0.0,49.00796149224618,0.9920385077538206,1300.0,1300.0,130.0,520000.0,1.0,0.07702427889257243,10.0,21.946639100922958,124.93347801740826,0.9888476832246642,0.317844226840549,0.13887588499965203,1.0
"Hybrid GWO-ABC (Eq. 12, fixed K)",14,100.0,0.0,48.931264418283625,1.068735581716372,1400.0,1400.0,140.0,560000.0,1.0,0.07669707396255135,10.0,22.708184621728982,123.96462902427399,1.0136347095722897,0.32080407364367336,0.12996903999992354,1.0
"Hybrid GWO-ABC (Eq. 12, fixed K)",15,100.0,0.0,48.85407034253298,1.1459296574670212,1500.0,1500.0,150.0,600000.0,1.0,0.07719407575064921,10.0,21.652925553184375,125.25038473259728,1.0210644199325831,0.31913527792613927,0.12812579999954324,1.0
"Hybrid GWO-ABC (Eq. 12, fixed K)",16,100.0,0.0,48.77706203752389,1.2229379624761063,1600.0,1600.0,160.0,640000.0,1.0,0.07700830500908502,10.0,20.939316288901786,124.8909577960053,1.021237841703949,0.3204390472012364,0.12895513500116068,1.0
"Hybrid GWO-ABC (Eq. 12, fixed K)",17,100.0,0.0,48.6999387900053,1.3000612099947062,1700.0,1700.0,170.0,680000.0,1.0,0.07712324751860003,10.0,21.65572846784409,124.93642850572792,0.9925527370120569,0.31873283278796427,0.12742500499953166,1.0
"Hybrid GWO-ABC (Eq. 12, fixed K)",18,100.0,0.0,48.62250484049769,1.3774951595023108,1800.0,1800.0,180.0,720000.0,1.0,0.07743394950760454,10.0,21.2478116587391,125.14582692733305,0.9978726936763433,0.31932133640704174,0.13173583500065433,1.0
"Hybrid GWO-ABC (Eq. 12, fixed K)",19,100.0,0.0,48.54523748768244,1.4547625123175603,1900.0,1900.0,190.0,760000.0,1.0,0.07726735281524952,10.0,23.357519798595074,124.31608053863889,1.0068974842881349,0.32175481280830476,0.1302429650000704,1.0
"Hybrid GWO-ABC (Eq. 12, fixed K)",20,100.0,0.0,48.46805498367325,1.5319450163267505,2000.0,2000.0,200.0,800000.0,1.0,0.0771825040091901,10.0,24.12554852029702,123.93146882673236,0.9552296819733703,0.31939426228858936,0.1262305699998251,1.0
"Hybrid GWO-ABC (Eq. 12, fixed K)",21,100.0,0.0,48.39132091818516,1.6086790818148438,2100.0,2100.0,210.0,840000.0,1.0,0.07673406548809325,10.0,23.598816235136965,123.52979867064028,1.0064155162588357,0.32137578995629157,0.13089811500030918,1.0
"Hybrid GWO-ABC (Eq. 12, fixed K)",22,100.0,0.0,48.31451488857501,1.6854851114249858,2200.0,2200.0,220.0,880000.0,1.0,0.07680602961014209,10.0,23.940771847348675,123.71442359108426,1.005254999570486,0.32090833808618247,0.13887867999837908,1.0
"Hybrid GWO-ABC (Eq. 12, fixed K)",23,100.0,0.0,48.23780226194517,1.7621977380548313,2300.0,2300.0,230.0,920000.0,1.0,0.07671262662984546,10.0,23.84915770681586,123.33181153612418,0.9912683989171629,0.32252390080902177,0.12841464499979338,1.0
"Hybrid GWO-ABC (Eq. 12, fixed K)",24,100.0,0.0,48.16107528838373,1.8389247116162744,2400.0,2400.0,240.0,960000.0,1.0,0.07672697356144305,10.0,24.543607087869148,123.37346449135131,1.030413982824887,0.32616530004380445,0.13490430999845557,1.0
"Hybrid GWO-ABC (Eq. 12, fixed K)",25,100.0,0.0,48.084231623193496,1.9157683768065052,2500.0,2500.0,250.0,1000000.0,1.0,0.07684366519023093,10.0,23.407450263798534,123.31170149522333,1.0273797870355796,0.3230665689294422,0.1325265200008289,1.0
"Hybrid GWO-ABC (Eq. 12, fixed K)",26,100.0,0.0,48.007467852295505,1.9925321477044957,2600.0,2600.0,260.0,1040000.0,1.0,0.07676377089799047,10.0,24.13299531265543,123.17010630871508,1.0164707493326515,0.3246289687335756,0.13324812999962887,1.0
"Hybrid GWO-ABC (Eq. 12, fixed K)",27,100.0,0.0,47.93000862093734,2.0699913790626563,2700.0,2700.0,270.0,1080000.0,1.0,0.07745923135816071,10.0,22.83703344502656,125.03017860681652,0.980249032934838,0.3214431907068539,0.13529133000010915,1.0
"Hybrid GWO-ABC (Eq. 12, fixed K)",28,100.0,0.0,47.85337645963553,2.146623540364476,2800.0,2800.0,280.0,1120000.0,1.0,0.07663216130181957,10.0,23.95423073264225,123.01589307360716,1.0230434091922276,0.32519431919646935,0.1312061699998594,1.0
"Hybrid GWO-ABC (Eq. 12, fixed K)",29,100.0,0.0,47.776496324061405,2.223503675938593,2900.0,2900.0,290.0,1160000.0,1.0,0.07688013557411714,10.0,22.725809696413556,124.02689928116622,0.9902476503674114,0.31995351237884606,0.1368344499995146,1.0
"Hybrid GWO-ABC (Eq. 12, fixed K)",30,100.0,0.0,47.69920176489291,2.300798235107088,3000.0,3000.0,300.0,1200000.0,1.0,0.07729455916849481,10.0,23.612250602949636,124.47056502677897,0.9930620635018382,0.31751730269432576,0.1377111900008458,1.0
"Hybrid GWO-ABC (Eq. 12, fixed K)",31,100.0,0.0,47.62078429620591,2.3792157037940833,3100.0,3100.0,310.0,1240000.0,1.0,0.07841746868699531,10.0,21.83335038918404,126.79695223933888,0.9720298445065056,0.32048856597531017,0.13743478000069445,1.0
"Hybrid GWO-ABC (Eq. 12, fixed K)",32,100.0,0.0,47.54402467401233,2.4559753259876773,3200.0,3200.0,320.0,1280000.0,1.0,0.07675962219359392,10.0,23.311470582062206,123.07367081800798,1.0420615151028634,0.3237079687524962,0.13994539500017708,1.0
"Hybrid GWO-ABC (Eq. 12, fixed K)",33,100.0,0.0,47.46682677145502,2.53317322854498,3300.0,3300.0,330.0,1320000.0,1.0,0.07719790255730281,10.0,22.824188712598463,123.99852552212823,1.0278354198190036,0.32196776609202205,0.13978543500052182,1.0
"Hybrid GWO-ABC (Eq. 12, fixed K)",34,100.0,0.0,47.389296716947506,2.610703283052493,3400.0,3400.0,340.0,1360000.0,1.0,0.07753005450751296,10.0,23.94353611952649,124.01694175031476,0.9908884836606051,0.3223432991626377,0.1400573400009307,1.0
"Hybrid GWO-ABC (Eq. 12, fixed K)",35,100.0,0.0,47.311897816313106,2.688102183686889,3500.0,3500.0,350.0,1400000.0,1.0,0.07739890063439603,10.0,24.545824563132168,123.83292893851831,0.974061164047489,0.3223607487559662,0.13858055000091554,1.0
"Hybrid GWO-ABC (Eq. 12, fixed K)",36,100.0,0.0,47.234585522490576,2.7654144775094247,3600.0,3600.0,360.0,1440000.0,1.0,0.0773122938225356,10.0,23.263615999764806,124.78676501246521,0.9915973787018382,0.321069559286663,0.13769599000042945,1.0
"Hybrid GWO-ABC (Eq. 12, fixed K)",37,100.0,0.0,47.15719051357977,2.8428094864202293,3700.0,3700.0,370.0,1480000.0,1.0,0.07739500891080482,10.0,25.541573348191598,123.26620978640372,0.9988545182033428,0.3238938815496956,0.13604786999931093,1.0
"Hybrid GWO-ABC (Eq. 12, fixed K)",38,100.0,0.0,47.07972103363212,2.920278966367877,3800.0,3800.0,380.0,1520000.0,1.0,0.07746947994764782,10.0,23.10087306941847,124.37000742930255,0.9771272115286822,0.32006210663507767,0.1418535200002225,1.0
"Hybrid GWO-ABC (Eq. 12, fixed K)",39,100.0,0.0,47.00242645082746,2.997573549172541,3900.0,3900.0,390.0,1560000.0,1.0,0.07729458280466375,10.0,22.8516492592281,124.76605211709496,1.0064456815539853,0.32147385371132575,0.13799791000019468,1.0
"Hybrid GWO-ABC (Eq. 12, fixed K)",40,100.0,0.0,46.924936758630096,3.075063241369904,4000.0,4000.0,400.0,1600000.0,1.0,0.07748969219736317,10.0,23.247030167711152,125.01637692999797,1.0210254108381254,0.3251978905170597,0.13286743499957082,1.0
"Hybrid GWO-ABC (Eq. 12, fixed K)",41,100.0,0.0,46.84736033191335,3.152639668086652,4100.0,4100.0,410.0,1640000.0,1.0,0.0775764267167478,10.0,22.192226580563737,125.25753057134288,0.9798915270067093,0.31663813889819487,0.1300041299997247,1.0
"Hybrid GWO-ABC (Eq. 12, fixed K)",42,100.0,0.0,46.77034497887526,3.229655021124743,4200.0,4200.0,420.0,1680000.0,1.0,0.07701535303809096,10.0,23.93180487913751,123.46957581568215,1.036624905490031,0.3272995642241038,0.13148790999985066,1.0
"Hybrid GWO-ABC (Eq. 12, fixed K)",43,100.0,0.0,46.692643829128855,3.307356170871145,4300.0,4300.0,430.0,1720000.0,1.0,0.07770114974640237,10.0,22.977260027709374,125.33604541233663,0.9861157846585229,0.3225710239405045,0.13670780500106047,1.0
"Hybrid GWO-ABC (Eq. 12, fixed K)",44,100.0,0.0,46.61500824360352,3.3849917563964818,4400.0,4400.0,440.0,1760000.0,1.0,0.07763558552533638,10.0,23.053535450987976,124.79074735837234,1.001997200042257,0.3240363768746166,0.13161747500016646,1.0
"Hybrid GWO-ABC (Eq. 12, fixed K)",45,100.0,0.0,46.538020451201405,3.461979548798601,4500.0,4500.0,450.0,1800000.0,1.0,0.07698779240211913,10.0,21.949891718312337,124.52771255888896,1.0436689508131685,0.32110749415126666,0.13159809000171663,1.0
"Hybrid GWO-ABC (Eq. 12, fixed K)",46,100.0,0.0,46.460698466469964,3.5393015335300384,4600.0,4600.0,460.0,1840000.0,1.0,0.07732198473143762,10.0,23.0920656489129,124.46402528533379,0.9993214440032231,0.3196578195244831,0.13843767000107618,1.0
"Hybrid GWO-ABC (Eq. 12, fixed K)",47,100.0,0.0,46.38336351249785,3.61663648750215,4700.0,4700.0,470.0,1880000.0,1.0,0.07733495397211207,10.0,24.019174147780223,123.73161085393588,1.0376047850155115,0.325816037453008,0.1361928499998612,1.0
"Hybrid GWO-ABC (Eq. 12, fixed K)",48,100.0,0.0,46.306715238465436,3.69328476153456,4800.0,4800.0,480.0,1920000.0,1.0,0.0766482740324097,10.0,23.248831157938163,123.68492391158716,1.0297742678325208,0.32304311883995257,0.13307974000017567,1.0
"Hybrid GWO-ABC (Eq. 12, fixed K)",49,100.0,0.0,46.22997759680056,3.7700224031994436,4900.0,4900.0,490.0,1960000.0,1.0,0.07673764166488403,10.0,23.808101598176144,123.8580798349549,1.0299322101534805,0.32495320635909974,0.13694800999837753,1.0
"Hybrid GWO-ABC (Eq. 12, fixed K)",50,100.0,0.0,46.15254665513076,3.8474533448692356,5000.0,5000.0,500.0,2000000.0,1.0,0.07743094166979177,10.0,23.682215379411037,124.33865624548437,0.9857343651673135,0.3241803478243172,0.13221904000020004,1.0
"Hybrid GWO-ABC (Eq. 12, fixed K)",51,100.0,0.0,46.0757250356302,3.924274964369798,5100.0,5100.0,510.0,2040000.0,1.0,0.07682161950056213,10.0,24.851768299414527,123.0672936956365,0.9999384523971393,0.32333437735301224,0.13004067500005476,1.0
"Hybrid GWO-ABC (Eq. 12, fixed K)",52,100.0,0.0,45.9989340131839,4.001065986816103,5200.0,5200.0,520.0,2080000.0,1.0,0.07679102244630513,10.0,23.968182820542886,123.25666337668028,1.0399063167365576,0.3239576271128068,0.12866264500080432,1.0
"Hybrid GWO-ABC (Eq. 12, fixed K)",53,100.0,0.0,45.920917203391554,4.079082796608448,5300.0,5300.0,530.0,2120000.0,1.0,0.07801680979234468,10.0,23.586461873404087,125.53264612040213,0.9753976556183523,0.32207987033052665,0.13023127500200643,1.0
"Hybrid GWO-ABC (Eq. 12, fixed K)",54,100.0,0.0,45.84310601469575,4.156893985304256,5400.0,5400.0,540.0,2160000.0,1.0,0.0778111886958083,10.0,22.862187300105045,125.5379694239213,0.9888151951626659,0.31949372089484424,0.13237349499977427,1.0
"Hybrid GWO-ABC (Eq. 12, fixed K)",55,100.0,0.0,45.766092565952036,4.2339074340479685,5500.0,5500.0,550.0,2200000.0,1.0,0.07701344874371188,10.0,23.391112403984007,123.53143745019034,1.01907456026099,0.32204203524802905,0.13158074499988287,1.0
"Hybrid GWO-ABC (Eq. 12, fixed K)",56,100.0,0.0,45.68896288020272,4.3110371197972785,5600.0,5600.0,560.0,2240000.0,1.0,0.07712968574930983,10.0,23.200201358327625,124.4657726625093,0.9954534884588323,0.32293596321419116,0.12932630000032078,1.0
"Hybrid GWO-ABC (Eq. 12, fixed K)",57,100.0,0.0,45.61232484159548,4.387675158404518,5700.0,5700.0,570.0,2280000.0,1.0,0.07663803860724024,10.0,23.91988237404403,122.99662943396072,1.0060734196928816,0.32159452204939865,0.1297782300003746,1.0
"Hybrid GWO-ABC (Eq. 12, fixed K)",58,100.0,0.0,45.5354636221919,4.464536377808105,5800.0,5800.0,580.0,2320000.0,1.0,0.0768612194035871,10.0,23.787937985781827,123.4231227164826,1.0574006155264954,0.3224937574599868,0.13281516499991994,1.0
"Hybrid GWO-ABC (Eq. 12, fixed K)",59,100.0,0.0,45.45854081025736,4.5414591897426355,5900.0,5900.0,590.0,2360000.0,1.0,0.07692281193453035,10.0,23.371030538003048,123.71644086604377,1.0495355800986457,0.32563252273423504,0.12728585500044573,1.0
"Hybrid GWO-ABC (Eq. 12, fixed K)",60,100.0,0.0,45.381341621816446,4.618658378183556,6000.0,6000.0,600.0,2400000.0,1.0,0.07719918844092141,10.0,23.721774985384194,123.9621005271877,1.028389741137254,0.3244430831478605,0.12529036499981885,1.0
"Hybrid GWO-ABC (Eq. 12, fixed K)",61,100.0,0.0,45.30458819712025,4.695411802879745,6100.0,6100.0,610.0,2440000.0,1.0,0.07675342469618762,10.0,23.35585805936801,123.102070135783,1.039546306229565,0.32364832125095466,0.12731545000096958,1.0
"Hybrid GWO-ABC (Eq. 12, fixed K)",62,100.0,0.0,45.2280077059459,4.771992294054104,6200.0,6200.0,620.0,2480000.0,1.0,0.07658049117435936,10.0,24.259078142564864,123.38690575126523,1.0235087904019622,0.32508459016307134,0.13179819000033605,1.0
"Hybrid GWO-ABC (Eq. 12, fixed K)",63,100.0,0.0,45.15109280272083,4.848907197279166,6300.0,6300.0,630.0,2520000.0,1.0,0.07691490322506275,10.0,24.72966846261108,122.99310728258531,1.0534976186460687,0.32538003973240587,0.13123078499993426,1.0
"Hybrid GWO-ABC (Eq. 12, fixed K)",64,100.0,0.0,45.07385966071324,4.926140339286761,6400.0,6400.0,640.0,2560000.0,1.0,0.07723314200759397,10.0,23.787287528909257,124.19028892129586,0.9957542751379063,0.32351641957115607,0.13090111000055912,1.0
"Hybrid GWO-ABC (Eq. 12, fixed K)",65,100.0,0.0,44.99640483752234,5.003595162477663,6500.0,6500.0,650.0,2600000.0,1.0,0.07745482319090194,10.0,23.80053755799651,124.16263580552447,1.0278315751655696,0.32343420985010546,0.1308257049993699,1.0
"Hybrid GWO-ABC (Eq. 12, fixed K)",66,100.0,0.0,44.91885735675207,5.081142643247927,6600.0,6600.0,660.0,2640000.0,1.0,0.077547480770264,10.0,23.79633456493029,124.40587121280082,0.9567685468856423,0.31820158437276574,0.13870898999957718,1.0
"Hybrid GWO-ABC (Eq. 12, fixed K)",67,100.0,0.0,44.842127360391984,5.15787263960802,6700.0,6700.0,670.0,2680000.0,1.0,0.07672999636009337,10.0,24.63589166109879,122.85811205003601,1.0729102012488787,0.32983489653155096,0.13467617000023893,1.0
"Hybrid GWO-ABC (Eq. 12, fixed K)",68,100.0,0.0,44.76545143264568,5.234548567354317,6800.0,6800.0,680.0,2720000.0,1.0,0.07667592774629632,10.0,22.776242964275877,123.40589236713052,1.0329632456357418,0.3223284857412195,0.13083992000028957,1.0
"Hybrid GWO-ABC (Eq. 12, fixed K)",69,100.0,0.0,44.68852191955472,5.311478080445282,6900.0,6900.0,690.0,2760000.0,1.0,0.07692951309096543,10.0,24.718834916061912,123.29577419521074,1.0350922561143214,0.3264841247987196,0.13900052000062715,1.0
"Hybrid GWO-ABC (Eq. 12, fixed K)",70,100.0,0.0,44.61166203198832,5.388337968011681,7000.0,7000.0,700.0,2800000.0,1.0,0.07685988756639972,10.0,23.3749827477986,123.85635708691855,1.0239167106540819,0.3230083486270569,0.14301483499984896,1.0
"Hybrid GWO-ABC (Eq. 12, fixed K)",71,100.0,0.0,44.533689497766666,5.466310502233334,7100.0,7100.0,710.0,2840000.0,1.0,0.07797253422165262,10.0,23.687917480100246,125.01220913570941,1.006516353435147,0.32236653777980645,0.13485419999851728,1.0
"Hybrid GWO-ABC (Eq. 12, fixed K)",72,100.0,0.0,44.45702747961027,5.54297252038973,7200.0,7200.0,720.0,2880000.0,1.0,0.07666201815639581,10.0,24.082844085428626,122.7620849194042,1.0546334818749021,0.3256624354019096,0.13388520000007703,1.0
"Hybrid GWO-ABC (Eq. 12, fixed K)",73,100.0,0.0,44.37970707992587,5.620292920074129,7300.0,7300.0,730.0,2920000.0,1.0,0.07732039968439892,10.0,24.6153404530803,123.54074987109405,1.0363689212814855,0.32722215787205505,0.13072826499992515,1.0
"Hybrid GWO-ABC (Eq. 12, fixed K)",74,100.0,0.0,44.302992064205796,5.697007935794202,7400.0,7400.0,740.0,2960000.0,1.0,0.07671501572007422,10.0,24.14054274397987,123.55597139579342,1.0212089950302223,0.3236708879512642,0.13599609000120835,1.0
"Hybrid GWO-ABC (Eq. 12, fixed K)",75,100.0,0.0,44.225688078302625,5.774311921697375,7500.0,7500.0,750.0,3000000.0,1.0,0.07730398590317264,10.0,22.79793712802905,124.84665905313211,1.0064797219263395,0.3218485234125839,0.1404125050001312,1.0
"Hybrid GWO-ABC (Eq. 12, fixed K)",76,100.0,0.0,44.14904149773699,5.85095850226301,7600.0,7600.0,760.0,3040000.0,1.0,0.07664658056563418,10.0,23.458546194161393,124.01632563101509,1.0130957805943441,0.32323192318510957,0.13240865000007035,1.0
"Hybrid GWO-ABC (Eq. 12, fixed K)",77,100.0,0.0,44.07132057698307,5.928679423016931,7700.0,7700.0,770.0,3080000.0,1.0,0.07772092075392116,10.0,22.44251886929394,125.47660965013263,1.0051377936973773,0.3238014944646203,0.1345818200003123,1.0
"Hybrid GWO-ABC (Eq. 12, fixed K)",78,100.0,0.0,43.99416903827952,6.005830961720475,7800.0,7800.0,780.0,3120000.0,1.0,0.07715153870354392,10.0,24.154628564998152,123.42802879480678,1.0030509965428647,0.32364146230774377,0.13733372000097005,1.0
"Hybrid GWO-ABC (Eq. 12, fixed K)",79,100.0,0.0,43.91713264340429,6.082867356595708,7900.0,7900.0,790.0,3160000.0,1.0,0.07703639487523332,10.0,23.2316110101289,123.79231981766375,1.0585943994289058,0.32650875410042945,0.13879303999965487,1.0
"Hybrid GWO-ABC (Eq. 12, fixed K)",80,100.0,0.0,43.83983994926946,6.160160050730535,8000.0,8000.0,800.0,3200000.0,1.0,0.07729269413482669,10.0,23.37418693215008,124.26221546700299,1.0284306449451286,0.3226149559553311,0.13650507999991532,1.0
"Hybrid GWO-ABC (Eq. 12, fixed K)",81,100.0,0.0,43.76258400031777,6.237415999682223,8100.0,8100.0,810.0,3240000.0,1.0,0.07725594895168797,10.0,22.886964938290774,124.40599318978984,1.0123920082542632,0.3232606554620451,0.13452055999914592,1.0
"Hybrid GWO-ABC (Eq. 12, fixed K)",82,100.0,0.0,43.68515754976687,6.314842450233131,8200.0,8200.0,820.0,3280000.0,1.0,0.07742645055090805,10.0,23.39811989339359,124.6796449507658,1.0004777770958326,0.3225733265010174,0.12945878499995161,1.0
"Hybrid GWO-ABC (Eq. 12, fixed K)",83,100.0,0.0,43.60750057173515,6.39249942826485,8300.0,8300.0,830.0,3320000.0,1.0,0.07765697803171853,10.0,23.145161076725135,123.8911387748032,1.0281619346629214,0.32471556671964047,0.1295976250010426,1.0
"Hybrid GWO-ABC (Eq. 12, fixed K)",84,100.0,0.0,43.52952005889858,6.470479941101425,8400.0,8400.0,840.0,3360000.0,1.0,0.07798051283657514,10.0,23.717257521041166,124.87961973463618,0.9689795990495881,0.32395213934881784,0.1311547099994641,1.0
"Hybrid GWO-ABC (Eq. 12, fixed K)",85,100.0,0.0,43.451824235915176,6.548175764084823,8500.0,8500.0,850.0,3400000.0,1.0,0.07769582298339905,10.0,23.069300388717277,124.90254719826046,0.9966250700729986,0.32205136983806215,0.13276911999928415,1.0
"Hybrid GWO-ABC (Eq. 12, fixed K)",86,100.0,0.0,43.37478305529216,6.6252169447078355,8600.0,8600.0,860.0,3440000.0,1.0,0.07704118062301149,10.0,24.879181083099958,122.96313711501259,1.047041187609754,0.3278053346336522,0.12796317500033183,1.0
"Hybrid GWO-ABC (Eq. 12, fixed K)",87,100.0,0.0,43.29774248029982,6.702257519700185,8700.0,8700.0,870.0,3480000.0,1.0,0.0770405749923487,10.0,22.86457237112064,124.38718086479136,0.9934105944431844,0.3216244273827918,0.13165184000099545,1.0
"Hybrid GWO-ABC (Eq. 12, fixed K)",88,100.0,0.0,43.22021148999691,6.7797885100030815,8800.0,8800.0,880.0,3520000.0,1.0,0.0775309903028976,10.0,23.59470870522311,124.325084212748,0.9892783120770657,0.324497004552077,0.13526391000013974,1.0
"Hybrid GWO-ABC (Eq. 12, fixed K)",89,100.0,0.0,43.1429613435778,6.857038656422193,8900.0,8900.0,890.0,3560000.0,1.0,0.07725014641911229,10.0,23.696769922201504,124.02397011777582,1.027142008990389,0.32295710083109913,0.13598723499999324,1.0
"Hybrid GWO-ABC (Eq. 12, fixed K)",90,100.0,0.0,43.065915334622574,6.934084665377431,9000.0,9000.0,900.0,3600000.0,1.0,0.0770460089552369,10.0,22.682213302060852,123.89701127017493,1.0368666946435634,0.3235485273803774,0.13021622999949614,1.0
"Hybrid GWO-ABC (Eq. 12, fixed K)",91,100.0,0.0,42.98893430550863,7.011065694491374,9100.0,9100.0,910.0,3640000.0,1.0,0.07698102911394322,10.0,25.561405335162316,122.63203449807307,0.9922794886322123,0.3259589029713821,0.13025177499985147,1.0
"Hybrid GWO-ABC (Eq. 12, fixed K)",92,100.0,0.0,42.91200106552486,7.087998934475138,9200.0,9200.0,920.0,3680000.0,1.0,0.07693323998376336,10.0,24.884451863279992,123.34863657821809,1.0278503295989503,0.3286209842644023,0.1328545700009272,1.0
"Hybrid GWO-ABC (Eq. 12, fixed K)",93,100.0,0.0,42.83450307450541,7.165496925494584,9300.0,9300.0,930.0,3720000.0,1.0,0.07749799101944639,10.0,23.480611196929747,124.6217988958978,0.9925539532590998,0.32241534657767745,0.1383638199997222,1.0
"Hybrid GWO-ABC (Eq. 12, fixed K)",94,100.0,0.0,42.75678793448958,7.243212065510417,9400.0,9400.0,940.0,3760000.0,1.0,0.0777151400158342,10.0,22.975574028700176,124.48033008207808,1.001832566974673,0.32264773290431237,0.15139827499915554,1.0
"Hybrid GWO-ABC (Eq. 12, fixed K)",95,100.0,0.0,42.67971648912989,7.320283510870112,9500.0,9500.0,950.0,3800000.0,1.0,0.07707144535969412,10.0,23.529167075228067,123.953704854336,0.9948675988342138,0.32214049434386727,0.13608780999966258,1.0
"Hybrid GWO-ABC (Eq. 12, fixed K)",96,100.0,0.0,42.60210781431506,7.397892185684941,9600.0,9600.0,960.0,3840000.0,1.0,0.07760867481482911,10.0,23.113052626692536,125.15751371932431,0.9645765967239252,0.3211600717974749,0.1391939800003456,1.0
"Hybrid GWO-ABC (Eq. 12, fixed K)",97,100.0,0.0,42.52514975151432,7.4748502484856845,9700.0,9700.0,970.0,3880000.0,1.0,0.07695806280074287,10.0,23.151098971994436,123.90487251007043,1.0218768929056683,0.325235686613809,0.13226977000085754,1.0
"Hybrid GWO-ABC (Eq. 12, fixed K)",98,100.0,0.0,42.44829368079403,7.5517063192059695,9800.0,9800.0,980.0,3920000.0,1.0,0.07685607072028518,10.0,24.007329368744458,123.39530828499005,1.0050090884216774,0.32243031662851024,0.1331599599994661,1.0
"Hybrid GWO-ABC (Eq. 12, fixed K)",99,100.0,0.0,42.37078953249598,7.629210467504018,9900.0,9900.0,990.0,3960000.0,1.0,0.07750414829804946,10.0,22.79341276925007,125.70040229144028,1.0144796852517293,0.32171905904494935,0.13491295999847353,1.0
"Hybrid GWO-ABC (Eq. 12, fixed K)",100,100.0,0.0,42.29330898896469,7.706691011035311,10000.0,10000.0,1000.0,4000000.0,1.0,0.07748054353129205,10.0,22.506331359012144,124.7783030583669,0.9923741447519241,0.32001821011289844,0.14261502499903145,1.0
"Hybrid GWO-ABC (Eq. 12, fixed K)",101,100.0,0.0,42.216010780347034,7.783989219652966,10100.0,10100.0,1010.0,4040000.0,1.0,0.07729820861765546,10.0,24.4406942867179,123.70552644432732,1.017346933317827,0.32529929710452626,0.13098267999885138,1.0
"Hybrid GWO-ABC (Eq. 12, fixed K)",102,100.0,0.0,42.1387079493431,7.861292050656905,10200.0,10200.0,1020.0,4080000.0,1.0,0.07730283100393934,10.0,23.62431572957214,124.31394921195401,0.9967539500697431,0.3231716079879934,0.13335920000026819,1.0
"Hybrid GWO-ABC (Eq. 12, fixed K)",103,100.0,0.0,42.06146509562422,7.93853490437578,10300.0,10300.0,1030.0,4120000.0,1.0,0.07724285371887482,10.0,23.325504721637834,124.1206499954041,1.0004119533966198,0.31848884076916995,0.13230511999827285,1.0
"Hybrid GWO-ABC (Eq. 12, fixed K)",104,100.0,0.0,41.983726044367,8.016273955632991,10400.0,10400.0,1040.0,4160000.0,1.0,0.0777390512572115,10.0,23.353877148712236,124.83752328443848,0.9319769572730696,0.31869989878099697,0.13978124499881234,1.0
"Hybrid GWO-ABC (Eq. 12, fixed K)",105,100.0,0.0,41.90693565904642,8.093064340953585,10500.0,10500.0,1050.0,4200000.0,1.0,0.07679038532059365,10.0,24.105326044489114,123.48316841309766,0.9790080670477641,0.32311617057216746,0.13273428999928,1.0
"Hybrid GWO-ABC (Eq. 12, fixed K)",106,100.0,0.0,41.829787627157415,8.170212372842585,10600.0,10600.0,1060.0,4240000.0,1.0,0.07714803188899921,10.0,23.274021346562073,124.05790429184079,1.0477101574487615,0.3238136255139684,0.1322137899995141,1.0
"Hybrid GWO-ABC (Eq. 12, fixed K)",107,100.0,0.0,41.75226254115967,8.247737458840328,10700.0,10700.0,1070.0,4280000.0,1.0,0.07752508599774259,10.0,22.530162978847798,125.18885011291987,0.9743199854804582,0.3194418942502687,0.13610673999974096,1.0
"Hybrid GWO-ABC (Eq. 12, fixed K)",108,100.0,0.0,41.675550426901864,8.324449573098132,10800.0,10800.0,1080.0,4320000.0,1.0,0.07671211425780626,10.0,25.013733859107525,122.8741081412265,1.0350530426465299,0.3284141603932363,0.1281057949996466,1.0
"Hybrid GWO-ABC (Eq. 12, fixed K)",109,100.0,0.0,41.59874109122131,8.401258908778692,10900.0,10900.0,1090.0,4360000.0,1.0,0.07680933568055934,10.0,23.351988481180612,123.75959042250261,1.0340883261949734,0.3235534992238608,0.13349031999896396,1.0
"Hybrid GWO-ABC (Eq. 12, fixed K)",110,100.0,0.0,41.521622331062545,8.47837766893745,11000.0,11000.0,1100.0,4400000.0,1.0,0.07711876015875703,10.0,26.013599555170423,122.85415705694147,1.0219892738499643,0.33019140838345845,0.13055145500075013,1.0
"Hybrid GWO-ABC (Eq. 12, fixed K)",111,100.0,0.0,41.443979168405384,8.55602083159462,11100.0,11100.0,1110.0,4440000.0,1.0,0.07764316265716822,10.0,22.15118999733195,125.31948221390583,0.9633565749929207,0.31765981409597377,0.12763783499976852,1.0
"Hybrid GWO-ABC (Eq. 12, fixed K)",112,100.0,0.0,41.36658353440892,8.633416465591088,11200.0,11200.0,1120.0,4480000.0,1.0,0.07739563399647018,10.0,23.530605642831812,124.05001154089987,0.9917809313171331,0.3231224164743791,0.13567877999885242,1.0
"Hybrid GWO-ABC (Eq. 12, fixed K)",113,100.0,0.0,41.289110014336565,8.710889985663439,11300.0,11300.0,1130.0,4520000.0,1.0,0.0774735200723498,10.0,24.24198778848488,124.34110559768874,1.000393283611841,0.3256280102991058,0.13277583999988565,1.0
"Hybrid GWO-ABC (Eq. 12, fixed K)",114,100.0,0.0,41.211638889288785,8.788361110711211,11400.0,11400.0,1140.0,4560000.0,1.0,0.07747112504777398,10.0,22.77840220201987,124.74268840247518,1.004957848689154,0.32307260872695365,0.1284631900001841,1.0
"Hybrid GWO-ABC (Eq. 12, fixed K)",115,100.0,0.0,41.134508691418425,8.865491308581571,11500.0,11500.0,1150.0,4600000.0,1.0,0.07713019787035975,10.0,23.626642421006157,123.95388116559567,1.033848824617932,0.3260347280214989,0.12998207500095305,1.0
"Hybrid GWO-ABC (Eq. 12, fixed K)",116,100.0,0.0,41.05736046252979,8.942639537470205,11600.0,11600.0,1160.0,4640000.0,1.0,0.0771482288886343,10.0,24.492879846695544,123.32059329879273,1.01588106769369,0.32463628964745633,0.1315528250008356,1.0
"Hybrid GWO-ABC (Eq. 12, fixed K)",117,100.0,0.0,40.980299176124376,9.019700823875628,11700.0,11700.0,1170.0,4680000.0,1.0,0.0770612864054204,10.0,23.621313943730883,123.83548142571196,1.0272465171980067,0.3260894841813517,0.1367407400004595,1.0
"Hybrid GWO-ABC (Eq. 12, fixed K)",118,100.0,0.0,40.902875021793385,9.097124978206615,11800.0,11800.0,1180.0,4720000.0,1.0,0.07742415433098841,10.0,22.88193479852564,124.41346364051239,0.9900581452251999,0.320840439897388,0.12894574500096495,1.0
"Hybrid GWO-ABC (Eq. 12, fixed K)",119,100.0,0.0,40.82581257740814,9.174187422591862,11900.0,11900.0,1190.0,4760000.0,1.0,0.07706244438524656,10.0,22.58646644928114,124.3755152746058,1.0259813458750835,0.32387171217824295,0.1346072250005818,1.0
"Hybrid GWO-ABC (Eq. 12, fixed K)",120,100.0,0.0,40.74842088416027,9.251579115839736,12000.0,12000.0,1200.0,4800000.0,1.0,0.07739169324787376,10.0,23.043073861010466,124.8718429952332,0.9838315530122703,0.3213984608673287,0.1347226049998426,1.0
"Hybrid GWO-ABC (Eq. 12, fixed K)",121,100.0,0.0,40.671998535225455,9.328001464774545,12100.0,12100.0,1210.0,4840000.0,1.0,0.0764223489348101,10.0,24.470763157966335,122.54225896341359,1.0545174722077943,0.32654551062395354,0.13125647500019114,1.0
"Hybrid GWO-ABC (Eq. 12, fixed K)",122,100.0,0.0,40.59512349288531,9.404876507114691,12200.0,12200.0,1220.0,4880000.0,1.0,0.07687504234014639,10.0,23.691230156584556,123.68988848813137,1.0494093019718493,0.3257513920544364,0.1354234600010386,1.0
"Hybrid GWO-ABC (Eq. 12, fixed K)",123,100.0,0.0,40.51803408393865,9.481965916061345,12300.0,12300.0,1230.0,4920000.0,1.0,0.07708940894665339,10.0,23.80476977756382,123.82954506614604,1.0145834407035594,0.3234258979620484,0.1284633350009244,1.0
"Hybrid GWO-ABC (Eq. 12, fixed K)",124,100.0,0.0,40.44083460482143,9.559165395178567,12400.0,12400.0,1240.0,4960000.0,1.0,0.07719947911722294,10.0,24.563325469126312,123.27074201410338,1.0240850431528004,0.3270963721092995,0.13256074000018997,1.0
"Hybrid GWO-ABC (Eq. 12, fixed K)",125,100.0,0.0,40.36399868768925,9.636001312310752,12500.0,12500.0,1250.0,5000000.0,1.0,0.0768359171321837,10.0,22.63766989444222,123.51936144190617,1.0307872594902374,0.3212982899328965,0.1321752750001906,1.0
"Hybrid GWO-ABC (Eq. 12, fixed K)",126,100.0,0.0,40.286090117944966,9.713909882055038,12600.0,12600.0,1260.0,5040000.0,1.0,0.07790856974428664,10.0,23.00030948406894,125.81732641055407,0.9715880294630473,0.32202088805833196,0.12989619500040134,1.0
"Hybrid GWO-ABC (Eq. 12, fixed K)",127,100.0,0.0,40.20957882939851,9.790421170601487,12700.0,12700.0,1270.0,5080000.0,1.0,0.07651128854644966,10.0,23.63406811769615,122.87813228854141,1.0286687936059733,0.3253410775483481,0.13580640500076696,1.0
"Hybrid GWO-ABC (Eq. 12, fixed K)",128,100.0,0.0,40.132913097461554,9.867086902538443,12800.0,12800.0,1280.0,5120000.0,1.0,0.07666573193695428,10.0,23.399978854849433,123.33328487065623,1.0978420877941693,0.32644006634248146,0.14075906000107352,1.0
"Hybrid GWO-ABC (Eq. 12, fixed K)",129,100.0,0.0,40.05584927173744,9.94415072826256,12900.0,12900.0,1290.0,5160000.0,1.0,0.0770638257241167,10.0,22.520776329535742,124.64518242686782,0.9865209292697242,0.3181712172193132,0.13630518000099984,1.0
"Hybrid GWO-ABC (Eq. 12, fixed K)",130,100.0,0.0,39.9790914167727,10.020908583227303,13000.0,13000.0,1300.0,5200000.0,1.0,0.0767578549647439,10.0,24.272902281268664,123.16491836550267,1.0147373217950502,0.3224224713582993,0.13467657500004862,1.0
"Hybrid GWO-ABC (Eq. 12, fixed K)",131,100.0,0.0,39.90220153573881,10.097798464261187,13100.0,13100.0,1310.0,5240000.0,1.0,0.07688988103388397,10.0,25.23644187286245,123.2213065964811,1.0185315994570512,0.3249895931209452,0.13590640499933215,1.0
"Hybrid GWO-ABC (Eq. 12, fixed K)",132,100.0,0.0,39.82567196263495,10.174328037365052,13200.0,13200.0,1320.0,5280000.0,1.0,0.0765295731038659,10.0,23.550933725700364,122.86106249935351,1.0985107130882148,0.32775685197963667,0.13048312499995518,1.0
"Hybrid GWO-ABC (Eq. 12, fixed K)",133,100.0,0.0,39.74878561540753,10.251214384592476,13300.0,13300.0,1330.0,5320000.0,1.0,0.07688634722742264,10.0,23.24395183611616,123.99331315748934,1.0173338648289005,0.3252479310692918,0.12843795999979193,1.0
"Hybrid GWO-ABC (Eq. 12, fixed K)",134,100.0,0.0,39.67138134526013,10.328618654739866,13400.0,13400.0,1340.0,5360000.0,1.0,0.0774042701473924,10.0,23.524886324882203,124.61829358644555,0.9808147626680995,0.3221236960370463,0.1377599649989861,1.0
"Hybrid GWO-ABC (Eq. 12, fixed K)",135,100.0,0.0,39.594554416474494,10.405445583525504,13500.0,13500.0,1350.0,5400000.0,1.0,0.07682692878563593,10.0,22.87544578422429,124.13778832224814,1.0505953348434434,0.3256386755703042,0.1359724850004568,1.0
"Hybrid GWO-ABC (Eq. 12, fixed K)",136,100.0,0.0,39.51799990937344,10.482000090626565,13600.0,13600.0,1360.0,5440000.0,1.0,0.07655450710106067,10.0,22.821001701749037,123.27920178937818,1.0438362015695821,0.32396620565755796,0.13357478000034462,1.0
"Hybrid GWO-ABC (Eq. 12, fixed K)",137,100.0,0.0,39.440538541185084,10.55946145881492,13700.0,13700.0,1370.0,5480000.0,1.0,0.07746136818835403,10.0,24.34413561649845,124.0860496368999,1.0062743984586673,0.324577130732563,0.13461589499893306,1.0
"Hybrid GWO-ABC (Eq. 12, fixed K)",138,100.0,0.0,39.36386872247436,10.636131277525644,13800.0,13800.0,1380.0,5520000.0,1.0,0.07666981871072487,10.0,24.142063764001584,123.28847097768787,1.004345345248879,0.326015510142281,0.13258070500014582,1.0
"Hybrid GWO-ABC (Eq. 12, fixed K)",139,100.0,0.0,39.28711860654785,10.71288139345215,13900.0,13900.0,1390.0,5560000.0,1.0,0.07675011592650698,10.0,23.306759763010355,123.741232719782,1.0091464190155075,0.32272221469072904,0.14092435499951533,1.0
"Hybrid GWO-ABC (Eq. 12, fixed K)",140,100.0,0.0,39.20988064310072,10.790119356899282,14000.0,14000.0,1400.0,5600000.0,1.0,0.07723796344713278,10.0,23.61919186416508,123.71948823453491,0.997968850195426,0.3246294958799303,0.13095945500062953,1.0
"Hybrid GWO-ABC (Eq. 12, fixed K)",141,100.0,0.0,39.13281993373292,10.867180066267078,14100.0,14100.0,1410.0,5640000.0,1.0,0.07706070936779667,10.0,23.18014155563728,124.02769221894869,0.9995590119121838,0.3197612207366547,0.13235163999961513,1.0
"Hybrid GWO-ABC (Eq. 12, fixed K)",142,100.0,0.0,39.05542245434606,10.944577545653946,14200.0,14200.0,1420.0,5680000.0,1.0,0.07739747938686534,10.0,24.173257722373425,124.09797882500247,1.019067852732943,0.3280733211224631,0.13354934999952092,1.0
"Hybrid GWO-ABC (Eq. 12, fixed K)",143,100.0,0.0,38.97847674887525,11.02152325112475,14300.0,14300.0,1430.0,5720000.0,1.0,0.07694570547080452,10.0,24.49583103282596,123.1848849146995,1.0580678820277718,0.32819745201757683,0.1262519000003522,1.0
"Hybrid GWO-ABC (Eq. 12, fixed K)",144,100.0,0.0,38.90179152265547,11.098208477344528,14400.0,14400.0,1440.0,5760000.0,1.0,0.07668522621977872,10.0,25.484046114533456,122.09107071945436,1.0451079319355634,0.32894665972156767,0.13238433499936947,1.0
"Hybrid GWO-ABC (Eq. 12, fixed K)",145,100.0,0.0,38.82445312620716,11.17554687379284,14500.0,14500.0,1450.0,5800000.0,1.0,0.07733839644831128,10.0,24.93233581280936,123.89563426957909,0.9905466668669873,0.32437141473193276,0.12695629999943775,1.0
"Hybrid GWO-ABC (Eq. 12, fixed K)",146,100.0,0.0,38.747661631670695,11.252338368329307,14600.0,14600.0,1460.0,5840000.0,1.0,0.07679149453646658,10.0,24.4638814858751,123.11710146086064,1.0543832661237964,0.3280140606262768,0.13213067000069714,1.0
"Hybrid GWO-ABC (Eq. 12, fixed K)",147,100.0,0.0,38.670773261081294,11.329226738918702,14700.0,14700.0,1470.0,5880000.0,1.0,0.0768883705893952,10.0,24.568678124705368,123.49676836440563,1.025650118217419,0.3258592780296186,0.12907375499999035,1.0
"Hybrid GWO-ABC (Eq. 12, fixed K)",148,100.0,0.0,38.59362096253754,11.406379037462454,14800.0,14800.0,1480.0,5920000.0,1.0,0.07715229854375245,10.0,23.49801224798392,123.86389916203188,1.0025511961259301,0.32168744456982523,0.1301987499995448,1.0
"Hybrid GWO-ABC (Eq. 12, fixed K)",149,100.0,0.0,38.5162348432013,11.483765156798697,14900.0,14900.0,1490.0,5960000.0,1.0,0.07738611933624284,10.0,24.15868083091332,124.46639341911987,1.005664815653756,0.32545916655589,0.13278730499951052,1.0
"Hybrid GWO-ABC (Eq. 12, fixed K)",150,100.0,0.0,38.43911485336855,11.560885146631449,15000.0,15000.0,1500.0,6000000.0,1.0,0.077119989832752,10.0,22.871676827172404,124.2429122811897,1.031207528452086,0.3239710081604104,0.12799903499872017,1.0
"Hybrid GWO-ABC (Eq. 12, fixed K)",151,100.0,0.0,38.36237863031919,11.63762136968081,15100.0,15100.0,1510.0,6040000.0,1.0,0.07673622304935997,10.0,24.45166236162346,123.33223384516357,1.0361111963156213,0.3252906834411131,0.13127068000067083,1.0
"Hybrid GWO-ABC (Eq. 12, fixed K)",152,100.0,0.0,38.28550714850717,11.714492851492825,15200.0,15200.0,1520.0,6080000.0,1.0,0.07687148181201628,10.0,24.466103728766974,123.20188456102974,1.029780311728706,0.3254590116470983,0.1326171950004209,1.0
"Hybrid GWO-ABC (Eq. 12, fixed K)",153,100.0,0.0,38.20821480587833,11.791785194121672,15300.0,15300.0,1530.0,6120000.0,1.0,0.07729234262884824,10.0,22.53407715085919,124.4857091646467,0.9899382662434807,0.3200379726503555,0.13745654000085777,1.0
"Hybrid GWO-ABC (Eq. 12, fixed K)",154,100.0,0.0,38.13032350956409,11.869676490435905,15400.0,15400.0,1540.0,6160000.0,1.0,0.0778912963142325,10.0,23.7812169267612,125.29179133398073,0.9795455907801044,0.3216290232659357,0.13919186500024808,1.0
"Hybrid GWO-ABC (Eq. 12, fixed K)",155,100.0,0.0,38.05337909278758,11.946620907212424,15500.0,15500.0,1550.0,6200000.0,1.0,0.0769444167765176,10.0,23.907842942749742,123.31127538184305,1.0555767923277202,0.3297706801347573,0.13831443999879411,1.0
"Hybrid GWO-ABC (Eq. 12, fixed K)",156,100.0,0.0,37.97563555717583,12.024364442824172,15600.0,15600.0,1560.0,6240000.0,1.0,0.07774353561174863,10.0,21.991981144506124,125.9919690325708,0.9576944855286728,0.31779019386055235,0.14127332500065676,1.0
"Hybrid GWO-ABC (Eq. 12, fixed K)",157,100.0,0.0,37.89824129274872,12.101758707251275,15700.0,15700.0,1570.0,6280000.0,1.0,0.07739426442710276,10.0,22.546397438663753,124.75440789743982,1.0429286998166911,0.32223249138125637,0.14406318500005,1.0
"Hybrid GWO-ABC (Eq. 12, fixed K)",158,100.0,0.0,37.820526960244585,12.179473039755413,15800.0,15800.0,1580.0,6320000.0,1.0,0.07771433250413864,10.0,22.130231584427868,125.16265645238994,1.0031415870274023,0.3210341480922997,0.13646520000002055,1.0
"Hybrid GWO-ABC (Eq. 12, fixed K)",159,100.0,0.0,37.743058811232856,12.256941188767147,15900.0,15900.0,1590.0,6360000.0,1.0,0.07746814901173238,10.0,22.54829255976356,125.01336083713575,0.9824673642794535,0.31974728256935236,0.13928252500045346,1.0
"Hybrid GWO-ABC (Eq. 12, fixed K)",160,100.0,0.0,37.66603305472542,12.333966945274586,16000.0,16000.0,1600.0,6400000.0,1.0,0.07702575650743881,10.0,24.064769216415467,123.2983755453185,1.0140592937856077,0.3238828133879242,0.14180157500049972,1.0
"Hybrid GWO-ABC (Eq. 12, fixed K)",161,100.0,0.0,37.58877330872254,12.41122669127746,16100.0,16100.0,1610.0,6440000.0,1.0,0.07725974600287415,10.0,23.900818836944854,123.72234591366343,1.0115916641541893,0.32404940109797614,0.13815957000006165,1.0
"Hybrid GWO-ABC (Eq. 12, fixed K)",162,100.0,0.0,37.51144643194165,12.488553568058347,16200.0,16200.0,1620.0,6480000.0,1.0,0.07732687678088723,10.0,24.128804110306767,123.80819941733448,1.030583948957002,0.3271120237511955,0.13383261999879323,1.0
"Hybrid GWO-ABC (Eq. 12, fixed K)",163,100.0,0.0,37.43480645939314,12.565193540606861,16300.0,16300.0,1630.0,6520000.0,1.0,0.07663997254851651,10.0,23.46090328925243,123.37465021869272,1.0246955653751244,0.32714963016084797,0.1333624700004293,1.0
"Hybrid GWO-ABC (Eq. 12, fixed K)",164,100.0,0.0,37.358198498426304,12.641801501573696,16400.0,16400.0,1640.0,6560000.0,1.0,0.07660796096683384,10.0,23.27823448921593,123.11613680792641,1.0282482146694405,0.32325260255792143,0.13255995499894196,1.0
"Hybrid GWO-ABC (Eq. 12, fixed K)",165,100.0,0.0,37.28047183318459,12.719528166815403,16500.0,16500.0,1650.0,6600000.0,1.0,0.07772666524170653,10.0,23.235535439006846,125.91966760403893,0.9596373570245758,0.321383181343552,0.13564154999767197,1.0
"Hybrid GWO-ABC (Eq. 12, fixed K)",166,100.0,0.0,37.20271504268038,12.79728495731962,16600.0,16600.0,1660.0,6640000.0,1.0,0.07775679050421687,10.0,23.244154952533528,124.58995291192089,1.030361178979004,0.324331989479241,0.1364819599992188,1.0
"Hybrid GWO-ABC (Eq. 12, fixed K)",167,100.0,0.0,37.12598738944513,12.874012610554868,16700.0,16700.0,1670.0,6680000.0,1.0,0.07672765323524935,10.0,23.26610050079062,122.94824388114337,1.0303167355190186,0.32505548453804073,0.13222487499951968,1.0
"Hybrid GWO-ABC (Eq. 12, fixed K)",168,100.0,0.0,37.04873238809357,12.951267611906426,16800.0,16800.0,1680.0,6720000.0,1.0,0.07725500135155734,10.0,22.819743214676965,124.60656126467613,0.9807586269909467,0.32140039562179845,0.13193541500077116,1.0
"Hybrid GWO-ABC (Eq. 12, fixed K)",169,100.0,0.0,36.97189811480637,13.028101885193625,16900.0,16900.0,1690.0,6760000.0,1.0,0.07683427328719858,10.0,22.762422741883015,123.98377139929828,1.0406184176787467,0.32242810140237727,0.12994772499987448,1.0
"Hybrid GWO-ABC (Eq. 12, fixed K)",170,100.0,0.0,36.89491878632587,13.105081213674135,17000.0,17000.0,1700.0,6800000.0,1.0,0.07697932848051074,10.0,23.26200587731279,124.3294866549683,1.0163469912704153,0.3250242516334282,0.13224079499850633,1.0
"Hybrid GWO-ABC (Eq. 12, fixed K)",171,100.0,0.0,36.81789586227896,13.182104137721044,17100.0,17100.0,1710.0,6840000.0,1.0,0.07702292404690744,10.0,23.743805291503637,123.33052473213179,1.0383170461450484,0.3242701306265989,0.13500677999945765,1.0
"Hybrid GWO-ABC (Eq. 12, fixed K)",172,100.0,0.0,36.74034645105451,13.259653548945485,17200.0,17200.0,1720.0,6880000.0,1.0,0.07754941122444273,10.0,24.96981471954319,123.98295562409785,0.99344107387327,0.325187882089114,0.13348648000101093,1.0
"Hybrid GWO-ABC (Eq. 12, fixed K)",173,100.0,0.0,36.66356269365487,13.336437306345138,17300.0,17300.0,1730.0,6920000.0,1.0,0.07678375739965163,10.0,25.310457695367237,122.64505469712705,1.043295160852062,0.32818906629117434,0.13434343999942938,1.0
"Hybrid GWO-ABC (Eq. 12, fixed K)",174,100.0,0.0,36.586273748585356,13.413726251414648,17400.0,17400.0,1740.0,6960000.0,1.0,0.0772889450695093,10.0,23.75111773256238,123.78074566253599,0.9829213690713307,0.3232177855579078,0.12927454499877059,1.0
"Hybrid GWO-ABC (Eq. 12, fixed K)",175,100.0,0.0,36.50921402069708,13.490785979302922,17500.0,17500.0,1750.0,7000000.0,1.0,0.07705972788827573,10.0,24.056005042684227,123.8921182255635,1.0052321989329833,0.3242967277855867,0.13174575999983063,1.0
"Hybrid GWO-ABC (Eq. 12, fixed K)",176,100.0,0.0,36.43176068983912,13.56823931016088,17600.0,17600.0,1760.0,7040000.0,1.0,0.07745333085795636,10.0,23.128058308563944,124.25261517859545,1.0475521930254978,0.32374315507564627,0.12553194499996606,1.0
"Hybrid GWO-ABC (Eq. 12, fixed K)",177,100.0,0.0,36.35429564506829,13.64570435493171,17700.0,17700.0,1770.0,7080000.0,1.0,0.07746504477083035,10.0,22.120980948607304,124.6954837735821,1.016011780253241,0.3216020580830328,0.13038038999984564,1.0
"Hybrid GWO-ABC (Eq. 12, fixed K)",178,100.0,0.0,36.277400937316344,13.722599062683656,17800.0,17800.0,1780.0,7120000.0,1.0,0.076894707751946,10.0,24.718639768717154,123.33061689581002,1.0561099069044428,0.3273556426410141,0.13366476999945007,1.0
"Hybrid GWO-ABC (Eq. 12, fixed K)",179,100.0,0.0,36.20017364072578,13.79982635927422,17900.0,17900.0,1790.0,7160000.0,1.0,0.07722729659056463,10.0,23.571875615252342,123.40282645611308,1.0719623061068844,0.3277366129164646,0.13740583000144396,1.0
"Hybrid GWO-ABC (Eq. 12, fixed K)",180,100.0,0.0,36.1228236963736,13.877176303626403,18000.0,18000.0,1800.0,7200000.0,1.0,0.07734994435218105,10.0,23.64169385643796,124.31445911561107,0.9975446584464462,0.32218221244472606,0.1319250899989129,1.0
"Hybrid GWO-ABC (Eq. 12, fixed K)",181,100.0,0.0,36.04589241599523,13.954107584004769,18100.0,18100.0,1810.0,7240000.0,1.0,0.07693128037836701,10.0,24.002262097161545,123.43331922519455,1.022462451238503,0.3259272687777774,0.12741007000040555,1.0
"Hybrid GWO-ABC (Eq. 12, fixed K)",182,100.0,0.0,35.96772946604127,14.032270533958728,18200.0,18200.0,1820.0,7280000.0,1.0,0.07816294995395978,10.0,22.279207706710213,125.94959494883952,0.9507333944836001,0.31534272475805847,0.13063439999932597,1.0
"Hybrid GWO-ABC (Eq. 12, fixed K)",183,100.0,0.0,35.89071257899393,14.109287421006076,18300.0,18300.0,1830.0,7320000.0,1.0,0.0770168870473487,10.0,24.045369078713613,123.11252365273697,1.0207271313759094,0.32433378039293054,0.1330497250008193,1.0
"Hybrid GWO-ABC (Eq. 12, fixed K)",184,100.0,0.0,35.81349721656136,14.186502783438637,18400.0,18400.0,1840.0,7360000.0,1.0,0.07721536243256182,10.0,23.984505099648572,124.45994087304753,1.0095245760538827,0.3223316865286998,0.13193809500080533,1.0
"Hybrid GWO-ABC (Eq. 12, fixed K)",185,100.0,0.0,35.73563393418438,14.264366065815619,18500.0,18500.0,1850.0,7400000.0,1.0,0.07786328237698079,10.0,23.419125685562918,124.96888836009461,0.9768924792762472,0.3223676379595412,0.1289234049992956,1.0
"Hybrid GWO-ABC (Eq. 12, fixed K)",186,100.0,0.0,35.658424114532025,14.341575885467972,18600.0,18600.0,1860.0,7440000.0,1.0,0.07720981965235367,10.0,23.664041034988788,124.36149994303887,0.9895134946713695,0.3236152370573502,0.13697733499830064,1.0
"Hybrid GWO-ABC (Eq. 12, fixed K)",187,100.0,0.0,35.58099896964937,14.419001030350623,18700.0,18700.0,1870.0,7480000.0,1.0,0.07742514488265044,10.0,22.84049723068233,124.74712464081676,0.9816653951136711,0.31964311599734385,0.13246661499870244,1.0
"Hybrid GWO-ABC (Eq. 12, fixed K)",188,100.0,0.0,35.50366003564032,14.49633996435968,18800.0,18800.0,1880.0,7520000.0,1.0,0.077338934009056,10.0,23.511253104954953,124.67866855889528,0.9990664884060256,0.323427963036704,0.13247019000009458,1.0
"Hybrid GWO-ABC (Eq. 12, fixed K)",189,100.0,0.0,35.42568350716804,14.574316492831963,18900.0,18900.0,1890.0,7560000.0,1.0,0.0779765284722842,10.0,24.026123493194802,124.72783900181784,0.9611525682866962,0.32105793282441325,0.13333983499942406,1.0
"Hybrid GWO-ABC (Eq. 12, fixed K)",190,100.0,0.0,35.348820306505324,14.651179693494678,19000.0,19000.0,1900.0,7600000.0,1.0,0.07686320066271293,10.0,22.720814980908642,124.19687238680964,1.044252590969428,0.3244068363468503,0.12382567499989819,1.0
"Hybrid GWO-ABC (Eq. 12, fixed K)",191,100.0,0.0,35.2714722274881,14.728527772511905,19100.0,19100.0,1910.0,7640000.0,1.0,0.0773480790172286,10.0,22.903288775742165,124.40041608611378,1.0400376476010567,0.32481732787037976,0.13186402499886754,1.0
"Hybrid GWO-ABC (Eq. 12, fixed K)",192,100.0,0.0,35.194699117022694,14.805300882977306,19200.0,19200.0,1920.0,7680000.0,1.0,0.07677311046540111,10.0,23.73721927419049,123.58325568472108,1.0360026311322925,0.32455584372271984,0.13375979500015092,1.0
"Hybrid GWO-ABC (Eq. 12, fixed K)",193,100.0,0.0,35.11748026720357,14.882519732796428,19300.0,19300.0,1930.0,7720000.0,1.0,0.07721884981912233,10.0,23.365823476518067,123.7578851213445,1.0149916593473614,0.32231742142639025,0.1304274299996905,1.0
"Hybrid GWO-ABC (Eq. 12, fixed K)",194,100.0,0.0,35.039641853006124,14.960358146993878,19400.0,19400.0,1940.0,7760000.0,1.0,0.07783841419744882,10.0,23.58556439926496,124.48026217129677,1.0133637125303898,0.32476501839267125,0.1374320250008168,1.0
"Hybrid GWO-ABC (Eq. 12, fixed K)",195,100.0,0.0,34.96295113817358,15.037048861826424,19500.0,19500.0,1950.0,7800000.0,1.0,0.07669071483254726,10.0,25.656019397437138,122.73429974983276,1.0249549485015357,0.32732481209647213,0.1353657799987559,1.0
"Hybrid GWO-ABC (Eq. 12, fixed K)",196,100.0,0.0,34.88613178909576,15.113868210904247,19600.0,19600.0,1960.0,7840000.0,1.0,0.076819349077822,10.0,23.09152919067808,123.43324575515119,1.0504998920691224,0.3236485550467224,0.13453534499967645,1.0
"Hybrid GWO-ABC (Eq. 12, fixed K)",197,100.0,0.0,34.809988173745595,15.190011826254405,19700.0,19700.0,1970.0,7880000.0,1.0,0.07614361535016023,10.0,24.67025944699447,122.1386407491523,1.0697113224903254,0.32862400150758664,0.13723204500056455,1.0
"Hybrid GWO-ABC (Eq. 12, fixed K)",198,100.0,0.0,34.73312177538827,15.266878224611734,19800.0,19800.0,1980.0,7920000.0,1.0,0.07686639835732549,10.0,22.920225001664377,124.21280671109812,1.0030002343824411,0.3226305731694998,0.13410961999943538,1.0
"Hybrid GWO-ABC (Eq. 12, fixed K)",199,100.0,0.0,34.655755671433695,15.344244328566305,19900.0,19900.0,1990.0,7960000.0,1.0,0.07736610395457219,10.0,23.928887206824715,123.81320453713622,1.0064670552535615,0.32494412145281676,0.13532476499931362,1.0
"Hybrid GWO-ABC (Eq. 12, fixed K)",200,100.0,0.0,34.578288231944335,15.421711768055667,20000.0,20000.0,2000.0,8000000.0,1.0,0.07746743948936405,10.0,23.876955835470472,123.86319467167434,1.028516567540418,0.32572608132359604,0.1376137449999078,1.0
"Hybrid GWO-ABC (Eq. 12, fixed K)",201,100.0,0.0,34.501676980095866,15.498323019904138,20100.0,20100.0,2010.0,8040000.0,1.0,0.07661125184846895,10.0,23.31268069524199,123.10152642732037,1.0557821474516975,0.322104945747704,0.13609848499982036,1.0
"Hybrid GWO-ABC (Eq. 12, fixed K)",202,100.0,0.0,34.42412529324608,15.575874706753922,20200.0,20200.0,2020.0,8080000.0,1.0,0.07755168684978457,10.0,23.65017207881374,124.64045921222885,0.9908304601011286,0.3224022832122859,0.1402936000009504,1.0
"Hybrid GWO-ABC (Eq. 12, fixed K)",203,100.0,0.0,34.346928372344145,15.653071627655857,20300.0,20300.0,2030.0,8120000.0,1.0,0.07719692090193356,10.0,22.765868485567122,124.9075094690937,0.959090101562803,0.3198641615396899,0.137217990001227,1.0
"Hybrid GWO-ABC (Eq. 12, fixed K)",204,100.0,0.0,34.26987771255848,15.730122287441514,20400.0,20400.0,2040.0,8160000.0,1.0,0.07705065978565848,10.0,24.291338682965023,123.10283839631522,1.057234370321755,0.3282717277564732,0.13586794000075314,1.0
"Hybrid GWO-ABC (Eq. 12, fixed K)",205,100.0,0.0,34.19309845342307,15.80690154657693,20500.0,20500.0,2050.0,8200000.0,1.0,0.07677925913541692,10.0,22.767430521061417,123.34300204325807,1.0665460277348393,0.3260242259276357,0.13959457999953884,1.0
"Hybrid GWO-ABC (Eq. 12, fixed K)",206,100.0,0.0,34.11629156985467,15.883708430145337,20600.0,20600.0,2060.0,8240000.0,1.0,0.07680688356840407,10.0,23.90801214325503,123.57937360647006,1.0498816703820346,0.3269602670086479,0.12835076499977732,1.0
"Hybrid GWO-ABC (Eq. 12, fixed K)",207,100.0,0.0,34.0383112291161,15.961688770883905,20700.0,20700.0,2070.0,8280000.0,1.0,0.07798034073856855,10.0,23.223716987657532,124.90545673030336,0.9937062013507336,0.32402662451762887,0.1318490500005282,1.0
"Hybrid GWO-ABC (Eq. 12, fixed K)",208,100.0,0.0,33.961023591977515,16.038976408022485,20800.0,20800.0,2080.0,8320000.0,1.0,0.07728763713857881,10.0,23.38358451403624,124.00863661170497,0.9972902203272073,0.32391914735259597,0.13343165000005683,1.0
"Hybrid GWO-ABC (Eq. 12, fixed K)",209,100.0,0.0,33.88416287365106,16.11583712634894,20900.0,20900.0,2090.0,8360000.0,1.0,0.07686071832645673,10.0,24.619019410255966,123.22304091671359,1.0182853033513504,0.3256191237094018,0.12945143000033568,1.0
"Hybrid GWO-ABC (Eq. 12, fixed K)",210,100.0,0.0,33.80737494430117,16.192625055698826,21000.0,21000.0,2100.0,8400000.0,1.0,0.07678792934988685,10.0,23.6411013188576,123.56109588959914,1.0247704136095706,0.32526964808729353,0.13039105499992729,1.0
"Hybrid GWO-ABC (Eq. 12, fixed K)",211,100.0,0.0,33.729670358636824,16.27032964136318,21100.0,21100.0,2110.0,8440000.0,1.0,0.07770458566435465,10.0,23.08920540225713,125.21827674230083,0.9648564821334823,0.3185668165986045,0.13126377999979014,1.0
"Hybrid GWO-ABC (Eq. 12, fixed K)",212,100.0,0.0,33.65272408959366,16.347275910406335,21200.0,21200.0,2120.0,8480000.0,1.0,0.07694626904315491,10.0,23.541483835710014,123.28030025577706,1.0323106170296725,0.3242967483742235,0.1315612099984719,1.0
"Hybrid GWO-ABC (Eq. 12, fixed K)",213,100.0,0.0,33.57577324942765,16.424226750572352,21300.0,21300.0,2130.0,8520000.0,1.0,0.07695084016601576,10.0,22.718593422017992,124.06684623600707,1.0302210944421928,0.32250039095131866,0.13644757000110985,1.0
"Hybrid GWO-ABC (Eq. 12, fixed K)",214,100.0,0.0,33.49889502566077,16.50110497433923,21400.0,21400.0,2140.0,8560000.0,1.0,0.0768782237668784,10.0,24.988420395406898,122.83885066760106,1.0338664625293918,0.3267596109428186,0.12583601500009536,1.0
"Hybrid GWO-ABC (Eq. 12, fixed K)",215,100.0,0.0,33.42138302059402,16.57861697940598,21500.0,21500.0,2150.0,8600000.0,1.0,0.0775120050667489,10.0,23.720713967657325,124.35141430498709,0.9862674220079095,0.3243836718261121,0.13282735499960835,1.0
"Hybrid GWO-ABC (Eq. 12, fixed K)",216,100.0,0.0,33.344392228543555,16.655607771456445,21600.0,21600.0,2160.0,8640000.0,1.0,0.07699079205046608,10.0,24.396977017374034,123.18459029426917,1.046605856607996,0.32478160538581075,0.13355357499967796,1.0
"Hybrid GWO-ABC (Eq. 12, fixed K)",217,100.0,0.0,33.26755019073029,16.73244980926971,21700.0,21700.0,2170.0,8680000.0,1.0,0.07684203781326496,10.0,23.249567578991595,123.67529459196439,1.001610489647023,0.3236840060901477,0.13262519999989308,1.0
"Hybrid GWO-ABC (Eq. 12, fixed K)",218,100.0,0.0,33.19017573261401,16.80982426738599,21800.0,21800.0,2180.0,8720000.0,1.0,0.07737445811628234,10.0,23.4698821615848,124.08335185347839,1.0062437093639078,0.3223274203295639,0.12987460999975156,1.0
"Hybrid GWO-ABC (Eq. 12, fixed K)",219,100.0,0.0,33.1121140561459,16.8878859438541,21900.0,21900.0,2190.0,8760000.0,1.0,0.07806167646810884,10.0,22.68387193352768,125.51721373115295,0.984575368330753,0.3247828024489439,0.1342662200000632,1.0
"Hybrid GWO-ABC (Eq. 12, fixed K)",220,100.0,0.0,33.03468214697774,16.965317853022263,22000.0,22000.0,2200.0,8800000.0,1.0,0.07743190916816403,10.0,23.408301346700974,124.47019624340336,0.9614063227301927,0.32121601384241993,0.13429417499974078,1.0
"Hybrid GWO-ABC (Eq. 12, fixed K)",221,100.0,0.0,32.957000107316766,17.042999892683234,22100.0,22100.0,2210.0,8840000.0,1.0,0.0776820396609704,10.0,23.025119751745123,124.46855186327416,0.9773874569872877,0.3239441063116316,0.1304433350003819,1.0
"Hybrid GWO-ABC (Eq. 12, fixed K)",222,100.0,0.0,32.88032246803813,17.119677531961866,22200.0,22200.0,2220.0,8880000.0,1.0,0.07667763927863014,10.0,23.288290541842564,123.33114741369361,1.0648081588386658,0.3258864708505421,0.13722615000042424,1.0
"Hybrid GWO-ABC (Eq. 12, fixed K)",223,100.0,0.0,32.80280692258829,17.197193077411708,22300.0,22300.0,2230.0,8920000.0,1.0,0.0775155454498421,10.0,22.85874354424113,124.63618106211993,0.9829211846841768,0.32325662255805954,0.13491429500027152,1.0
"Hybrid GWO-ABC (Eq. 12, fixed K)",224,100.0,0.0,32.72542725900318,17.274572740996824,22400.0,22400.0,2240.0,8960000.0,1.0,0.07737966358511432,10.0,22.94683170633902,124.90079020738298,1.0038407987604443,0.3219028356708306,0.13076160499949765,1.0
"Hybrid GWO-ABC (Eq. 12, fixed K)",225,100.0,0.0,32.6480826311833,17.351917368816704,22500.0,22500.0,2250.0,9000000.0,1.0,0.07734462781988131,10.0,22.019609674488972,125.3457549812302,0.9994928407428099,0.31721799939562345,0.13024048000042968,1.0
"Hybrid GWO-ABC (Eq. 12, fixed K)",226,100.0,0.0,32.57113072777373,17.428869272226272,22600.0,22600.0,2260.0,9040000.0,1.0,0.07695190340956817,10.0,23.540146988888655,124.08759297496931,0.9945413617494168,0.32435589051563396,0.1296561949999159,1.0
"Hybrid GWO-ABC (Eq. 12, fixed K)",227,100.0,0.0,32.49416480434116,17.50583519565884,22700.0,22700.0,2270.0,9080000.0,1.0,0.07696592343256778,10.0,23.502926084370348,123.2951140674813,1.0500105476416735,0.3257857651186217,0.13340538999946147,1.0
"Hybrid GWO-ABC (Eq. 12, fixed K)",228,100.0,0.0,32.41662726252,17.583372737479998,22800.0,22800.0,2280.0,9120000.0,1.0,0.07753754182116168,10.0,23.969516854771978,124.15338308185528,1.0045893264250214,0.3243296463084458,0.1319439600007172,1.0
"Hybrid GWO-ABC (Eq. 12, fixed K)",229,100.0,0.0,32.340239654889466,17.659760345110534,22900.0,22900.0,2290.0,9160000.0,1.0,0.07638760763053405,10.0,24.077416210799544,122.17226984956179,1.0906960019595087,0.3288117619262874,0.1353393799992773,1.0
"Hybrid GWO-ABC (Eq. 12, fixed K)",230,100.0,0.0,32.263448565962335,17.73655143403767,23000.0,23000.0,2300.0,9200000.0,1.0,0.07679108892713185,10.0,24.183734806672238,123.59525728087162,1.0291360934464155,0.3273124835168174,0.13837872500007506,1.0
"Hybrid GWO-ABC (Eq. 12, fixed K)",231,100.0,0.0,32.18674996738992,17.813250032610078,23100.0,23100.0,2310.0,9240000.0,1.0,0.07669859857241282,10.0,24.21018871843821,123.40498354638582,1.0280188179825147,0.3243609352674596,0.13328417999946396,1.0
"Hybrid GWO-ABC (Eq. 12, fixed K)",232,100.0,0.0,32.10981885744273,17.890181142557275,23200.0,23200.0,2320.0,9280000.0,1.0,0.07693110994719277,10.0,24.718731283500052,123.64562217705038,0.993153536438809,0.32481354734926193,0.13308188999981213,1.0
"Hybrid GWO-ABC (Eq. 12, fixed K)",233,100.0,0.0,32.032898612530246,17.96710138746975,23300.0,23300.0,2330.0,9320000.0,1.0,0.07692024491247906,10.0,23.511994740657567,123.29417106616013,1.0366200473456186,0.3254181883119142,0.1341109700002562,1.0
"Hybrid GWO-ABC (Eq. 12, fixed K)",234,100.0,0.0,31.955709343456515,18.044290656543488,23400.0,23400.0,2340.0,9360000.0,1.0,0.07718926907373547,10.0,23.96297902176783,124.05762079213739,1.0191571474743706,0.32232226875210046,0.1302619649999542,1.0
"Hybrid GWO-ABC (Eq. 12, fixed K)",235,100.0,0.0,31.877875752845775,18.122124247154225,23500.0,23500.0,2350.0,9400000.0,1.0,0.07783359061074133,10.0,24.41044297172741,124.93651341519478,0.9985245953923897,0.32407138932942686,0.13406665500042436,1.0
"Hybrid GWO-ABC (Eq. 12, fixed K)",236,100.0,0.0,31.801307671929074,18.198692328070926,23600.0,23600.0,2360.0,9440000.0,1.0,0.07656808091670016,10.0,23.282154263749128,122.78516150622144,1.0445809989852186,0.32506981553760245,0.13132505500034314,1.0
"Hybrid GWO-ABC (Eq. 12, fixed K)",237,100.0,0.0,31.72453507855671,18.27546492144329,23700.0,23700.0,2370.0,9480000.0,1.0,0.07677259337236339,10.0,23.082486855199747,123.9123510473923,1.0298646734560741,0.3259401640409586,0.1331640249984048,1.0
"Hybrid GWO-ABC (Eq. 12, fixed K)",238,100.0,0.0,31.647105529873766,18.35289447012623,23800.0,23800.0,2380.0,9520000.0,1.0,0.07742954868293861,10.0,22.96857120233572,124.44663205320894,1.0136202813058226,0.32306127653568284,0.13332756499985407,1.0
"Hybrid GWO-ABC (Eq. 12, fixed K)",239,100.0,0.0,31.570061265744453,18.429938734255543,23900.0,23900.0,2390.0,9560000.0,1.0,0.0770442641293144,10.0,24.60507555093607,123.22775838935779,1.0018116045884948,0.3269944479648489,0.1378295900009107,1.0
"Hybrid GWO-ABC (Eq. 12, fixed K)",240,100.0,0.0,31.492613718581698,18.507386281418302,24000.0,24000.0,2400.0,9600000.0,1.0,0.07744754716275733,10.0,24.46125235924929,123.7113282208256,1.0114219134571376,0.3259665630138848,0.12847065999958432,1.0
"Hybrid GWO-ABC (Eq. 12, fixed K)",241,100.0,0.0,31.41583602932468,18.58416397067532,24100.0,24100.0,2410.0,9640000.0,1.0,0.07677768925701933,10.0,24.528174257812328,123.19242545737413,1.0524309194485235,0.3297938191009015,0.13113413999999465,1.0
"Hybrid GWO-ABC (Eq. 12, fixed K)",242,100.0,0.0,31.33908728558733,18.66091271441267,24200.0,24200.0,2420.0,9680000.0,1.0,0.07674874373734948,10.0,24.87725639986137,122.61343515451301,1.0200279267963417,0.32825909218393556,0.1411034650005604,1.0
"Hybrid GWO-ABC (Eq. 12, fixed K)",243,100.0,0.0,31.26192209450748,18.738077905492517,24300.0,24300.0,2430.0,9720000.0,1.0,0.07716519107984751,10.0,24.168841645313247,123.86299193676578,1.0093329812583485,0.32379688755678626,0.13295105499928467,1.0
"Hybrid GWO-ABC (Eq. 12, fixed K)",244,100.0,0.0,31.18455478105654,18.81544521894346,24400.0,24400.0,2440.0,9760000.0,1.0,0.07736731345094298,10.0,23.211477916792525,124.46388258428314,1.017555204982355,0.3250908767113124,0.12917514499931712,1.0
"Hybrid GWO-ABC (Eq. 12, fixed K)",245,100.0,0.0,31.10810736404551,18.891892635954488,24500.0,24500.0,2450.0,9800000.0,1.0,0.07644741701102724,10.0,22.77855076431537,122.53355657750713,1.0929384274293648,0.32574517465607544,0.13712117500072055,1.0
"Hybrid GWO-ABC (Eq. 12, fixed K)",246,100.0,0.0,31.030512411804676,18.969487588195328,24600.0,24600.0,2460.0,9840000.0,1.0,0.07759495224083804,10.0,22.626564560939247,125.28523295180682,0.9895861438013904,0.32127698152967993,0.13624431499993078,1.0
"Hybrid GWO-ABC (Eq. 12, fixed K)",247,100.0,0.0,30.95405340013384,19.045946599866163,24700.0,24700.0,2470.0,9880000.0,1.0,0.07645901167083444,10.0,23.497060607304405,123.2066847527791,1.0435217171077782,0.3251467814642207,0.13061492000051658,1.0
"Hybrid GWO-ABC (Eq. 12, fixed K)",248,100.0,0.0,30.877034707734328,19.122965292265675,24800.0,24800.0,2480.0,9920000.0,1.0,0.07701869239951442,10.0,23.040070657703826,123.71516255624196,1.0702200532429615,0.3252096135118779,0.13521530000070925,1.0
"Hybrid GWO-ABC (Eq. 12, fixed K)",249,100.0,0.0,30.800567550316025,19.199432449683975,24900.0,24900.0,2490.0,9960000.0,1.0,0.07646715741829926,10.0,23.32775261832212,123.44218957894154,1.070708132502114,0.32732585014719334,0.13057558000000427,1.0
"Hybrid GWO-ABC (Eq. 12, fixed K)",250,100.0,0.0,30.723310123143154,19.276689876856846,25000.0,25000.0,2500.0,10000000.0,1.0,0.07725742717287147,10.0,22.701973726082347,124.05666130184986,1.0439445062525654,0.3257392475151393,0.13625019999817595,1.0
"Hybrid GWO-ABC (Eq. 12, fixed K)",251,100.0,0.0,30.64630738917598,19.35369261082402,25100.0,25100.0,2510.0,10040000.0,1.0,0.0770027339671742,10.0,23.017608077133996,123.73891158961294,1.0362127375034702,0.3243660311148001,0.12889199999954143,1.0
"Hybrid GWO-ABC (Eq. 12, fixed K)",252,100.0,0.0,30.568813874378513,19.431186125621487,25200.0,25200.0,2520.0,10080000.0,1.0,0.07749351479746772,10.0,24.553888205430585,124.01916993627712,1.020957921247391,0.32441839804292905,0.12306651499966392,1.0
"Hybrid GWO-ABC (Eq. 12, fixed K)",253,100.0,0.0,30.491284929980623,19.50871507001938,25300.0,25300.0,2530.0,10120000.0,1.0,0.07752894439789201,10.0,24.193391102881286,124.157264948336,1.0026166449830696,0.32563057668286577,0.13136025500025425,1.0
"Hybrid GWO-ABC (Eq. 12, fixed K)",254,100.0,0.0,30.41457853201819,19.58542146798181,25400.0,25400.0,2540.0,10160000.0,1.0,0.0767063979624277,10.0,23.08131945529388,123.60187100203504,1.035433072782009,0.3250352894425494,0.12572882000167737,1.0
"Hybrid GWO-ABC (Eq. 12, fixed K)",255,100.0,0.0,30.336935172075794,19.663064827924206,25500.0,25500.0,2550.0,10200000.0,1.0,0.0776433599423962,10.0,23.82235812903869,124.67031261493162,0.9435157602854801,0.31778683245665545,0.12807975499999885,1.0
"Hybrid GWO-ABC (Eq. 12, fixed K)",256,100.0,0.0,30.25929099253591,19.740709007464087,25600.0,25600.0,2560.0,10240000.0,1.0,0.07764417953988438,10.0,23.59016886018331,124.62819485133063,1.0293851158596916,0.3259495059830518,0.1296362249991944,1.0
"Hybrid GWO-ABC (Eq. 12, fixed K)",257,100.0,0.0,30.18259796802001,19.81740203197999,25700.0,25700.0,2570.0,10280000.0,1.0,0.07669302451590383,10.0,22.96187660143483,123.51656108093103,1.0211743508961724,0.3251747488796225,0.12446940499939955,1.0
"Hybrid GWO-ABC (Eq. 12, fixed K)",258,100.0,0.0,30.105607474882554,19.894392525117446,25800.0,25800.0,2580.0,10320000.0,1.0,0.07699049313745192,10.0,22.679612921814915,124.04531634203552,0.9956288072923375,0.32075600141956595,0.12515242499976012,1.0
"Hybrid GWO-ABC (Eq. 12, fixed K)",259,100.0,0.0,30.028304816102132,19.971695183897868,25900.0,25900.0,2590.0,10360000.0,1.0,0.07730265878042424,10.0,23.297637138272187,123.91227726976429,0.9974007685258302,0.32132991699782465,0.13078188499966928,1.0
"Hybrid GWO-ABC (Eq. 12, fixed K)",260,100.0,0.0,29.951254153422944,20.048745846577056,26000.0,26000.0,2600.0,10400000.0,1.0,0.0770506626791855,10.0,22.90131427030238,123.9130701742678,1.037551417526889,0.32434797433452905,0.13133410000009463,1.0
"Hybrid GWO-ABC (Eq. 12, fixed K)",261,100.0,0.0,29.873882729155106,20.126117270844897,26100.0,26100.0,2610.0,10440000.0,1.0,0.07737142426784374,10.0,23.393155909657956,124.15958416129915,1.0136443833996396,0.3251736231610702,0.13114679999816872,1.0
"Hybrid GWO-ABC (Eq. 12, fixed K)",262,100.0,0.0,29.796091940135472,20.203908059864528,26200.0,26200.0,2620.0,10480000.0,1.0,0.07779078901963014,10.0,23.17744447931566,125.06821392061939,0.97624141820207,0.3216340466499365,0.1343840799989266,1.0
"Hybrid GWO-ABC (Eq. 12, fixed K)",263,100.0,0.0,29.7187648284801,20.2812351715199,26300.0,26300.0,2630.0,10520000.0,1.0,0.07732711165537047,10.0,23.186505539613798,124.0350390778008,1.014618872270479,0.3261517065019972,0.1349471049998101,1.0
"Hybrid GWO-ABC (Eq. 12, fixed K)",264,100.0,0.0,29.64202042281235,20.357979577187653,26400.0,26400.0,2640.0,10560000.0,1.0,0.07674440566775279,10.0,23.796325893717444,123.27251375153051,1.0212835013201196,0.3268430977756762,0.13101184500046656,1.0
"Hybrid GWO-ABC (Eq. 12, fixed K)",265,100.0,0.0,29.56480551008115,20.435194489918846,26500.0,26500.0,2650.0,10600000.0,1.0,0.07721491273119571,10.0,22.945870262169624,124.35063226228674,0.9910092434065303,0.322852465465732,0.1336701100000937,1.0
"Hybrid GWO-ABC (Eq. 12, fixed K)",266,100.0,0.0,29.487403307125838,20.512596692874162,26600.0,26600.0,2660.0,10640000.0,1.0,0.0774022029553155,10.0,23.492878410821298,124.5263874580753,1.029890931468676,0.3278574901304346,0.13091208500045468,1.0
"Hybrid GWO-ABC (Eq. 12, fixed K)",267,100.0,0.0,29.410459561550304,20.589540438449696,26700.0,26700.0,2670.0,10680000.0,1.0,0.07694374557553392,10.0,23.635531925650508,123.55731757883753,0.9957968756102922,0.32122035949665184,0.129819679999855,1.0
"Hybrid GWO-ABC (Eq. 12, fixed K)",268,100.0,0.0,29.33356096267881,20.66643903732119,26800.0,26800.0,2680.0,10720000.0,1.0,0.07689859887149346,10.0,23.674363605034273,123.4390548449848,1.034962749387041,0.32683471027918654,0.137561235000976,1.0
"Hybrid GWO-ABC (Eq. 12, fixed K)",269,100.0,0.0,29.256028479692514,20.743971520307483,26900.0,26900.0,2690.0,10760000.0,1.0,0.07753248298629441,10.0,22.954027344709438,125.43887836416779,0.9872305336380609,0.3223817294773572,0.13656047000040417,1.0
"Hybrid GWO-ABC (Eq. 12, fixed K)",270,100.0,0.0,29.179089456977955,20.820910543022045,27000.0,27000.0,2700.0,10800000.0,1.0,0.07693902271455996,10.0,23.841202914515716,123.40692243657698,1.0252854771241025,0.32624035243962957,0.1357554100002744,1.0
"Hybrid GWO-ABC (Eq. 12, fixed K)",271,100.0,0.0,29.102311523891693,20.897688476108307,27100.0,27100.0,2710.0,10840000.0,1.0,0.07677793308626377,10.0,24.15695823228797,123.15665431779992,1.040815228671232,0.3268125241515286,0.13202374999891617,1.0
"Hybrid GWO-ABC (Eq. 12, fixed K)",272,100.0,0.0,29.02547165507672,20.97452834492328,27200.0,27200.0,2720.0,10880000.0,1.0,0.07683986881496985,10.0,22.96468215697195,123.7864684905982,1.033954361610234,0.32295298042562026,0.13553392000030726,1.0
"Hybrid GWO-ABC (Eq. 12, fixed K)",273,100.0,0.0,28.948594956912057,21.051405043087943,27300.0,27300.0,2730.0,10920000.0,1.0,0.07687669816466602,10.0,23.4489322988937,123.81273783335561,1.0252005029275029,0.32621883802279694,0.1376852350000263,1.0
"Hybrid GWO-ABC (Eq. 12, fixed K)",274,100.0,0.0,28.871883962054348,21.128116037945652,27400.0,27400.0,2740.0,10960000.0,1.0,0.07671099485770867,10.0,24.65479452628175,123.14952391931395,1.0206161470229556,0.32578731520034737,0.1329756749990338,1.0
"Hybrid GWO-ABC (Eq. 12, fixed K)",275,100.0,0.0,28.795027709472834,21.20497229052717,27500.0,27500.0,2750.0,11000000.0,1.0,0.07685625258151632,10.0,23.775776787197497,123.55493529985158,1.0345483991221485,0.3270222097231311,0.12733214499967288,1.0
"Hybrid GWO-ABC (Eq. 12, fixed K)",276,100.0,0.0,28.718301723513395,21.2816982764866,27600.0,27600.0,2760.0,11040000.0,1.0,0.07672598595943433,10.0,24.372355791793716,123.22418348185325,1.0164685238902726,0.3277900658905199,0.12969211500094388,1.0
"Hybrid GWO-ABC (Eq. 12, fixed K)",277,100.0,0.0,28.640858170320666,21.359141829679338,27700.0,27700.0,2770.0,11080000.0,1.0,0.0774435531927324,10.0,23.74086841345259,123.78053945883383,1.0527421141089517,0.3276338853642883,0.1271786000001157,1.0
"Hybrid GWO-ABC (Eq. 12, fixed K)",278,100.0,0.0,28.563857454495338,21.436142545504666,27800.0,27800.0,2780.0,11120000.0,1.0,0.07700071582533,10.0,24.43314178328966,123.43551539720929,1.0537969173494544,0.32922492758604915,0.12556276499926752,1.0
"Hybrid GWO-ABC (Eq. 12, fixed K)",279,100.0,0.0,28.486874942613476,21.513125057386528,27900.0,27900.0,2790.0,11160000.0,1.0,0.07698251188186304,10.0,22.87462357517105,123.64672978996308,1.04978413339667,0.3253002379359301,0.12797716500026582,1.0
"Hybrid GWO-ABC (Eq. 12, fixed K)",280,100.0,0.0,28.409538856525653,21.590461143474347,28000.0,28000.0,2800.0,11200000.0,1.0,0.07733608608781725,10.0,24.019827726912403,124.3053832191717,1.0119581378689462,0.3258890433537104,0.12735970000030647,1.0
"Hybrid GWO-ABC (Eq. 12, fixed K)",281,100.0,0.0,28.332740425159425,21.667259574840575,28100.0,28100.0,2810.0,11240000.0,1.0,0.07679843136622821,10.0,22.380317797155687,123.8562436908813,1.031207243294872,0.3242326674943996,0.13528444500007025,1.0
"Hybrid GWO-ABC (Eq. 12, fixed K)",282,100.0,0.0,28.255805954603687,21.74419404539631,28200.0,28200.0,2820.0,11280000.0,1.0,0.07693447055573639,10.0,23.620500469992724,124.21327898558575,1.030157486482269,0.32510728876303435,0.13619635499999277,1.0
"Hybrid GWO-ABC (Eq. 12, fixed K)",283,100.0,0.0,28.17850628325599,21.82149371674401,28300.0,28300.0,2830.0,11320000.0,1.0,0.07729967134769744,10.0,23.972967047603916,123.68013229610708,1.0350139648098684,0.32405049266732355,0.13834533999979612,1.0
"Hybrid GWO-ABC (Eq. 12, fixed K)",284,100.0,0.0,28.101655721112394,21.898344278887606,28400.0,28400.0,2840.0,11360000.0,1.0,0.07685056214359935,10.0,23.614347160643565,124.0404672784754,0.9866250035300673,0.3218337949079999,0.130173890000151,1.0
"Hybrid GWO-ABC (Eq. 12, fixed K)",285,100.0,0.0,28.025452220806546,21.97454777919345,28500.0,28500.0,2850.0,11400000.0,1.0,0.07620350030584558,10.0,22.33939075436301,122.61348794776161,1.1206341575232566,0.3254792489046493,0.13189642500037735,1.0
"Hybrid GWO-ABC (Eq. 12, fixed K)",286,100.0,0.0,27.948281371220922,22.051718628779078,28600.0,28600.0,2860.0,11440000.0,1.0,0.07717084958562541,10.0,24.043973161998302,124.21356628288731,0.988720406650337,0.32516110331497916,0.13343302000102994,1.0
"Hybrid GWO-ABC (Eq. 12, fixed K)",287,100.0,0.0,27.871056197783144,22.12894380221686,28700.0,28700.0,2870.0,11480000.0,1.0,0.07722517343777965,10.0,23.108425097147553,124.36554219671743,0.9819395291804589,0.32183270890351057,0.1361422149999271,1.0
"Hybrid GWO-ABC (Eq. 12, fixed K)",288,100.0,0.0,27.794276080828617,22.205723919171383,28800.0,28800.0,2880.0,11520000.0,1.0,0.07678011695452777,10.0,23.915225630978792,123.32487717340946,1.0575510493243532,0.32752469941984746,0.14459797499948762,1.0
"Hybrid GWO-ABC (Eq. 12, fixed K)",289,100.0,0.0,27.71735908660937,22.28264091339063,28900.0,28900.0,2890.0,11560000.0,1.0,0.07691699421924483,10.0,23.2283060072738,123.90818782022806,1.0520108578591782,0.32732414458110054,0.13042394500043883,1.0
"Hybrid GWO-ABC (Eq. 12, fixed K)",290,100.0,0.0,27.64073324243794,22.359266757562064,29000.0,29000.0,2900.0,11600000.0,1.0,0.07662584417143492,10.0,23.915812249908335,123.47579757805113,1.0266291079220875,0.32466923093947164,0.13537435499893036,1.0
"Hybrid GWO-ABC (Eq. 12, fixed K)",291,100.0,0.0,27.56373966161538,22.43626033838462,29100.0,29100.0,2910.0,11640000.0,1.0,0.07699358082255632,10.0,24.243881348497617,123.37964936259148,1.0174887184290013,0.3254423285599523,0.14262376999977278,1.0
"Hybrid GWO-ABC (Eq. 12, fixed K)",292,100.0,0.0,27.486534834202615,22.513465165797385,29200.0,29200.0,2920.0,11680000.0,1.0,0.0772048274127636,10.0,23.824557767392704,123.3979048705822,1.0321370876887523,0.32695678483357893,0.1382442849993822,1.0
"Hybrid GWO-ABC (Eq. 12, fixed K)",293,100.0,0.0,27.40984301239144,22.59015698760856,29300.0,29300.0,2930.0,11720000.0,1.0,0.07669182181117318,10.0,24.54071836738749,122.90954515757235,1.0392354554249088,0.3291685518131968,0.13537298499977624,1.0
"Hybrid GWO-ABC (Eq. 12, fixed K)",294,100.0,0.0,27.333245932066284,22.666754067933716,29400.0,29400.0,2940.0,11760000.0,1.0,0.07659708032515891,10.0,24.060789544730625,122.98599254548124,1.0676687966207326,0.32904304221543434,0.1289120549990912,1.0
"Hybrid GWO-ABC (Eq. 12, fixed K)",295,100.0,0.0,27.256330379411406,22.743669620588598,29500.0,29500.0,2950.0,11800000.0,1.0,0.07691555265487952,10.0,24.712570493499534,123.35579124381984,1.0189956441846264,0.3255787087038324,0.12607082500071556,1.0
"Hybrid GWO-ABC (Eq. 12, fixed K)",296,100.0,0.0,27.179516902303117,22.82048309769688,29600.0,29600.0,2960.0,11840000.0,1.0,0.07681347710828383,10.0,24.224481982654677,123.5558392976155,0.9965926733101294,0.3230069187865293,0.12447664499995881,1.0
"Hybrid GWO-ABC (Eq. 12, fixed K)",297,100.0,0.0,27.10266728696397,22.897332713036032,29700.0,29700.0,2970.0,11880000.0,1.0,0.0768496153391526,10.0,23.77250465305888,123.52740699587609,1.022653786745638,0.32546881556603224,0.12727787500116391,1.0
"Hybrid GWO-ABC (Eq. 12, fixed K)",298,100.0,0.0,27.025604765331515,22.974395234668485,29800.0,29800.0,2980.0,11920000.0,1.0,0.07706252163245271,10.0,23.850003644516963,123.92506105482838,0.9976532358632084,0.3229385913506627,0.13234131499993965,1.0
"Hybrid GWO-ABC (Eq. 12, fixed K)",299,100.0,0.0,26.948715668799018,23.051284331200982,29900.0,29900.0,2990.0,11960000.0,1.0,0.07688909653249673,10.0,24.24908355475333,123.40082355572414,1.005295290981767,0.32538619641769173,0.12925081499925,1.0
"Hybrid GWO-ABC (Eq. 12, fixed K)",300,100.0,0.0,26.871751511985764,23.128248488014236,30000.0,30000.0,3000.0,12000000.0,1.0,0.07696415681325401,10.0,23.858358005385963,123.11811984102769,1.0377096951472315,0.3247413536378333,0.1312491200005752,1.0
"Hybrid GWO-ABC (Eq. 12, fixed K)",301,100.0,0.0,26.794689091032787,23.205310908967213,30100.0,30100.0,3010.0,12040000.0,1.0,0.07706242095297818,10.0,23.90760680043028,123.8569784053157,1.0217131634262933,0.3266545683388306,0.12836658999913197,1.0
"Hybrid GWO-ABC (Eq. 12, fixed K)",302,100.0,0.0,26.7175218208675,23.2824781791325,30200.0,30200.0,3020.0,12080000.0,1.0,0.07716727016528466,10.0,23.69759219182893,123.5408988566189,1.01088304015629,0.32660867236604696,0.13227654000074834,1.0
"Hybrid GWO-ABC (Eq. 12, fixed K)",303,100.0,0.0,26.639950853171506,23.360049146828494,30300.0,30300.0,3030.0,12120000.0,1.0,0.07757096769599521,10.0,24.574167803106327,124.00987823227392,0.973733701708535,0.32377409477609487,0.12892297499929556,1.0
"Hybrid GWO-ABC (Eq. 12, fixed K)",304,100.0,0.0,26.562950933188425,23.437049066811575,30400.0,30400.0,3040.0,12160000.0,1.0,0.07699991998308028,10.0,22.350843335466937,124.31266347648379,1.0263086046261685,0.3253489280887395,0.12616491000117094,1.0
"Hybrid GWO-ABC (Eq. 12, fixed K)",305,100.0,0.0,26.48525968061643,23.51474031938357,30500.0,30500.0,3050.0,12200000.0,1.0,0.0776912525719963,10.0,23.485722018552018,124.0331990580386,1.0076330226207493,0.326044011821174,0.13003441000037128,1.0
"Hybrid GWO-ABC (Eq. 12, fixed K)",306,100.0,0.0,26.408356075814265,23.59164392418574,30600.0,30600.0,3060.0,12240000.0,1.0,0.07690360480216593,10.0,23.596390504059965,123.53438560873266,1.029699234644125,0.32650740483968477,0.1291725500013854,1.0
"Hybrid GWO-ABC (Eq. 12, fixed K)",307,100.0,0.0,26.331344715834206,23.66865528416579,30700.0,30700.0,3070.0,12280000.0,1.0,0.0770113599800549,10.0,24.931619739495865,122.9337827879544,1.032430832978709,0.32633441986969425,0.13678302000043913,1.0
"Hybrid GWO-ABC (Eq. 12, fixed K)",308,100.0,0.0,26.25359361123616,23.746406388763837,30800.0,30800.0,3080.0,12320000.0,1.0,0.07775110459804768,10.0,23.77403627806996,124.66438750336363,1.0101728118916498,0.3255659438403752,0.13210252499993658,1.0
"Hybrid GWO-ABC (Eq. 12, fixed K)",309,100.0,0.0,26.17716383592231,23.82283616407769,30900.0,30900.0,3090.0,12360000.0,1.0,0.07642977531384751,10.0,23.290625742519545,122.82658063558127,1.0638525210785121,0.32699358071909324,0.1340482349987724,1.0
"Hybrid GWO-ABC (Eq. 12, fixed K)",310,100.0,0.0,26.100125878338183,23.899874121661814,31000.0,31000.0,3100.0,12400000.0,1.0,0.07703795758412593,10.0,23.76625893917099,123.51951421617596,1.0118277165521257,0.3264393035641675,0.13049062999962188,1.0
"Hybrid GWO-ABC (Eq. 12, fixed K)",311,100.0,0.0,26.023260457121967,23.97673954287803,31100.0,31100.0,3110.0,12440000.0,1.0,0.07686542121621738,10.0,23.445363177372226,123.53798184784873,1.0203021709759663,0.3237629709445464,0.13790879499865696,1.0
"Hybrid GWO-ABC (Eq. 12, fixed K)",312,100.0,0.0,25.946048389929437,24.05395161007056,31200.0,31200.0,3120.0,12480000.0,1.0,0.07721206719252915,10.0,25.30496227050431,123.66423418124882,0.9896347960055646,0.32346521476363016,0.1366588099997898,1.0
"Hybrid GWO-ABC (Eq. 12, fixed K)",313,100.0,0.0,25.86902797763181,24.130972022368187,31300.0,31300.0,3130.0,12520000.0,1.0,0.07702041229762742,10.0,24.071033361995212,123.9184617524505,1.0139808959254302,0.32494683487433035,0.13364647000016702,1.0
"Hybrid GWO-ABC (Eq. 12, fixed K)",314,100.0,0.0,25.791471059079175,24.208528940920825,31400.0,31400.0,3140.0,12560000.0,1.0,0.07755691855263827,10.0,23.54337786100965,125.17592845541886,1.0118944381299033,0.32757473951158067,0.13124444499990204,1.0
"Hybrid GWO-ABC (Eq. 12, fixed K)",315,100.0,0.0,25.71434879663301,24.28565120336699,31500.0,31500.0,3150.0,12600000.0,1.0,0.07712226244616449,10.0,22.513783027376185,124.48716382366663,0.990531200353441,0.3230748220717984,0.13290114500050548,1.0
"Hybrid GWO-ABC (Eq. 12, fixed K)",316,100.0,0.0,25.63649072058526,24.36350927941474,31600.0,31600.0,3160.0,12640000.0,1.0,0.07785807604774889,10.0,23.26503694432103,125.07206132753338,1.0201215349447255,0.3244279611775207,0.1264205450002919,1.0
"Hybrid GWO-ABC (Eq. 12, fixed K)",317,100.0,0.0,25.55855019414355,24.44144980585645,31700.0,31700.0,3170.0,12680000.0,1.0,0.07794052644171127,10.0,22.95840308929633,124.49028177334556,1.0315126365128653,0.3253904414624921,0.12759998500077926,1.0
"Hybrid GWO-ABC (Eq. 12, fixed K)",318,100.0,0.0,25.481179763147885,24.518820236852115,31800.0,31800.0,3180.0,12720000.0,1.0,0.07737043099566243,10.0,22.904117877448122,124.29718887942518,0.9797187735070507,0.3225365697118692,0.1259643249995861,1.0
"Hybrid GWO-ABC (Eq. 12, fixed K)",319,100.0,0.0,25.403996042442213,24.596003957557787,31900.0,31900.0,3190.0,12760000.0,1.0,0.077183720705675,10.0,24.012887248438542,123.72438267314945,1.0286135713591875,0.32724624529395824,0.1249674149992643,1.0
"Hybrid GWO-ABC (Eq. 12, fixed K)",320,100.0,0.0,25.32702887365975,24.67297112634025,32000.0,32000.0,3200.0,12800000.0,1.0,0.07696716878246157,10.0,23.444957736724266,124.238881459713,1.0322176709399664,0.3267233775500675,0.12719720000022788,1.0
"Hybrid GWO-ABC (Eq. 12, fixed K)",321,100.0,0.0,25.250455600167978,24.749544399832022,32100.0,32100.0,3210.0,12840000.0,1.0,0.07657327349177105,10.0,22.963109856694125,123.88998834988135,0.9913779485033822,0.324568997521241,0.12986121000030834,1.0
"Hybrid GWO-ABC (Eq. 12, fixed K)",322,100.0,0.0,25.17379877538612,24.82620122461388,32200.0,32200.0,3220.0,12880000.0,1.0,0.07665682478185847,10.0,24.06903033298712,123.1856258220549,1.003558118338614,0.32486527303382223,0.1341059550006321,1.0
"Hybrid GWO-ABC (Eq. 12, fixed K)",323,100.0,0.0,25.096057356082216,24.903942643917784,32300.0,32300.0,3230.0,12920000.0,1.0,0.07774141930390624,10.0,24.64292580414743,124.72715063155594,0.9785355098209537,0.32341898444226524,0.13554951500009338,1.0
"Hybrid GWO-ABC (Eq. 12, fixed K)",324,100.0,0.0,25.018686307230954,24.981313692769046,32400.0,32400.0,3240.0,12960000.0,1.0,0.07737104885126271,10.0,23.844983862392166,124.1657881724843,0.9815856834941515,0.3218861831187572,0.13348312499983878,1.0
"Hybrid GWO-ABC (Eq. 12, fixed K)",325,100.0,0.0,24.941885288245857,25.058114711754143,32500.0,32500.0,3250.0,13000000.0,1.0,0.07680101898509602,10.0,23.299420094986377,123.48424250239975,1.0562326037997263,0.3278970858303695,0.1283226699990337,1.0
"Hybrid GWO-ABC (Eq. 12, fixed K)",326,100.0,0.0,24.86523722347119,25.13476277652881,32600.0,32600.0,3260.0,13040000.0,1.0,0.07664806477466382,10.0,24.1926856990705,122.48806549848348,1.0721896245443656,0.3282784403323925,0.12276523000109592,1.0
"Hybrid GWO-ABC (Eq. 12, fixed K)",327,100.0,0.0,24.787754072625745,25.212245927374255,32700.0,32700.0,3270.0,13080000.0,1.0,0.07748315084544792,10.0,24.099617627420304,124.48304649610543,1.0362896072197318,0.32646347336163545,0.1267383600010362,1.0
"Hybrid GWO-ABC (Eq. 12, fixed K)",328,100.0,0.0,24.7110490632695,25.2889509367305,32800.0,32800.0,3280.0,13120000.0,1.0,0.07670500935624532,10.0,23.663747158309846,123.28983973856421,1.0450497779317625,0.3280728946374576,0.1315365849997761,1.0
"Hybrid GWO-ABC (Eq. 12, fixed K)",329,100.0,0.0,24.634514138573117,25.365485861426883,32900.0,32900.0,3290.0,13160000.0,1.0,0.07653492469638276,10.0,23.68629661135083,123.27249719867453,1.042037241682134,0.32695919844261173,0.13853573999876972,1.0
"Hybrid GWO-ABC (Eq. 12, fixed K)",330,100.0,0.0,24.557340492129036,25.442659507870964,33000.0,33000.0,3300.0,13200000.0,1.0,0.07717364644408295,10.0,24.71551004778181,123.72409092397677,1.0192088221897067,0.32895693043243174,0.1324817599994276,1.0
"Hybrid GWO-ABC (Eq. 12, fixed K)",331,100.0,0.0,24.480237437810086,25.519762562189914,33100.0,33100.0,3310.0,13240000.0,1.0,0.07710305431894646,10.0,22.041589099362422,124.72105915111652,1.0240289872817303,0.3230768837196081,0.12913569000120334,1.0
"Hybrid GWO-ABC (Eq. 12, fixed K)",332,100.0,0.0,24.403734186439657,25.596265813560343,33200.0,33200.0,3320.0,13280000.0,1.0,0.07650325137043286,10.0,25.178161200856387,122.39994858135033,1.0086977816651026,0.32990699169818594,0.13641138000166392,1.0
"Hybrid GWO-ABC (Eq. 12, fixed K)",333,100.0,0.0,24.32601757351613,25.67398242648387,33300.0,33300.0,3330.0,13320000.0,1.0,0.07771661292352547,10.0,25.265903309351216,124.34052287764545,0.9998447898888875,0.32728710599253147,0.1359796950004238,1.0
"Hybrid GWO-ABC (Eq. 12, fixed K)",334,100.0,0.0,24.248893860942196,25.7511061390578,33400.0,33400.0,3340.0,13360000.0,1.0,0.07712371257393044,10.0,25.158851225248497,123.04795073879681,1.050594917821589,0.3287562369774773,0.1288320650008245,1.0
"Hybrid GWO-ABC (Eq. 12, fixed K)",335,100.0,0.0,24.17135938899211,25.82864061100789,33500.0,33500.0,3350.0,13400000.0,1.0,0.07753447195009126,10.0,22.458841518177277,125.07590284739642,0.9768704544293773,0.3199988737357745,0.13153108499936933,1.0
"Hybrid GWO-ABC (Eq. 12, fixed K)",336,100.0,0.0,24.094034922259986,25.905965077740014,33600.0,33600.0,3360.0,13440000.0,1.0,0.07732446673212187,10.0,22.95548603200526,124.43297377815831,1.002828509710117,0.3211057132056293,0.12624796999953106,1.0
"Hybrid GWO-ABC (Eq. 12, fixed K)",337,100.0,0.0,24.01611860904375,25.98388139095625,33700.0,33700.0,3370.0,13480000.0,1.0,0.07791631321623296,10.0,24.55069386468183,124.76331021769757,0.9807639728906162,0.3259689313957449,0.13038006499991753,1.0
"Hybrid GWO-ABC (Eq. 12, fixed K)",338,100.0,0.0,23.937764760536304,26.062235239463696,33800.0,33800.0,3380.0,13520000.0,1.0,0.07835384850744678,10.0,24.058209412106706,126.05270848131836,0.9688834801667643,0.3231304125564096,0.13220025499940674,1.0
"Hybrid GWO-ABC (Eq. 12, fixed K)",339,100.0,0.0,23.860215684892182,26.139784315107818,33900.0,33900.0,3390.0,13560000.0,1.0,0.07754907564412453,10.0,23.91575343369767,124.26432575946023,0.9772072427379136,0.323362020795951,0.1324362250001286,1.0
"Hybrid GWO-ABC (Eq. 12, fixed K)",340,100.0,0.0,23.78303399568501,26.21696600431499,34000.0,34000.0,3400.0,13600000.0,1.0,0.07718168920717261,10.0,22.652918476491646,124.69000974825967,1.0012224470325117,0.31802756004879534,0.13156192000060402,1.0
"Hybrid GWO-ABC (Eq. 12, fixed K)",341,100.0,0.0,23.705874601205604,26.294125398794392,34100.0,34100.0,3410.0,13640000.0,1.0,0.07715939447940379,10.0,23.821401307244976,123.86803595061312,1.034299261132214,0.3263132634305624,0.13214681500030565,1.0
"Hybrid GWO-ABC (Eq. 12, fixed K)",342,100.0,0.0,23.629165882998524,26.370834117001476,34200.0,34200.0,3420.0,13680000.0,1.0,0.07670871820708172,10.0,25.250701094755346,122.52088643395548,1.0596906594502147,0.33111713433319406,0.12562597000069217,1.0
"Hybrid GWO-ABC (Eq. 12, fixed K)",343,100.0,0.0,23.55215536354172,26.447844636458285,34300.0,34300.0,3430.0,13720000.0,1.0,0.07701051945680622,10.0,23.553084697310588,123.78392011264994,1.0087412143624344,0.3242365390934764,0.13000590999981795,1.0
"Hybrid GWO-ABC (Eq. 12, fixed K)",344,100.0,0.0,23.474479571648253,26.525520428351747,34400.0,34400.0,3440.0,13760000.0,1.0,0.07767579189346226,10.0,22.879968012923378,124.74353119539782,0.9658761897199921,0.3210191869684592,0.12820226999974693,1.0
"Hybrid GWO-ABC (Eq. 12, fixed K)",345,100.0,0.0,23.39767344578662,26.60232655421338,34500.0,34500.0,3450.0,13800000.0,1.0,0.07680612586163474,10.0,23.82266604467751,122.97222881342967,1.0370344711258033,0.3289428126262233,0.13074519999972836,1.0
"Hybrid GWO-ABC (Eq. 12, fixed K)",346,100.0,0.0,23.32030756711632,26.679692432883684,34600.0,34600.0,3460.0,13840000.0,1.0,0.07736587867030113,10.0,23.022428817461357,124.77822711591298,0.9815487188171252,0.3242501937548733,0.13183163500179945,1.0
"Hybrid GWO-ABC (Eq. 12, fixed K)",347,100.0,0.0,23.243991668821884,26.756008331178116,34700.0,34700.0,3470.0,13880000.0,1.0,0.07631589829443719,10.0,24.739127840209953,122.19991101890477,1.0643871698916771,0.3292467241222698,0.13894786500059125,1.0
"Hybrid GWO-ABC (Eq. 12, fixed K)",348,100.0,0.0,23.166684932964323,26.833315067035677,34800.0,34800.0,3480.0,13920000.0,1.0,0.07730673585755668,10.0,24.30771766900792,123.7120048415039,0.9924923400207011,0.32852991425365924,0.1345921650001401,1.0
"Hybrid GWO-ABC (Eq. 12, fixed K)",349,100.0,0.0,23.09024631253392,26.909753687466075,34900.0,34900.0,3490.0,13960000.0,1.0,0.07643862043040262,10.0,23.631926326325534,123.28552724821608,1.0533143713073159,0.32754756922527617,0.13271440499847814,1.0
"Hybrid GWO-ABC (Eq. 12, fixed K)",350,100.0,0.0,23.013277805422128,26.986722194577872,35000.0,35000.0,3500.0,14000000.0,1.0,0.07696850711179462,10.0,22.895618182306812,124.17190300907475,0.999501704349689,0.32084218857151153,0.13673393000026407,1.0
"Hybrid GWO-ABC (Eq. 12, fixed K)",351,100.0,0.0,22.936518189665666,27.06348181033433,35100.0,35100.0,3510.0,14040000.0,1.0,0.07675961575646184,10.0,24.407948663758248,122.98305273930184,1.035698775095071,0.32549520057746195,0.13752968500048154,1.0
"Hybrid GWO-ABC (Eq. 12, fixed K)",352,100.0,0.0,22.859306403008784,27.140693596991213,35200.0,35200.0,3520.0,14080000.0,1.0,0.07721178665688075,10.0,25.451737435467642,123.20062288311615,0.9976492186353715,0.3275161369746233,0.13101932499921531,1.0
"Hybrid GWO-ABC (Eq. 12, fixed K)",353,100.0,0.0,22.78236057239888,27.21763942760112,35300.0,35300.0,3530.0,14120000.0,1.0,0.07694583060990645,10.0,23.12641564620826,124.03472028820542,1.0221274264730253,0.3249592684343113,0.13243947000082698,1.0
"Hybrid GWO-ABC (Eq. 12, fixed K)",354,100.0,0.0,22.70539712938838,27.29460287061162,35400.0,35400.0,3540.0,14160000.0,1.0,0.07696344301049596,10.0,24.2243598753528,123.0554446863973,1.0437210728491237,0.32689756170250817,0.13641246000115642,1.0
"Hybrid GWO-ABC (Eq. 12, fixed K)",355,100.0,0.0,22.62879598762268,27.37120401237732,35500.0,35500.0,3550.0,14200000.0,1.0,0.07660114176570332,10.0,23.56594710886736,123.5978563218778,1.0347806707886973,0.32611251459694734,0.13155666000020574,1.0
"Hybrid GWO-ABC (Eq. 12, fixed K)",356,100.0,0.0,22.55136476364691,27.448635236353095,35600.0,35600.0,3560.0,14240000.0,1.0,0.07743122397577284,10.0,24.38211121435561,124.37094034987788,0.980822040124268,0.323312538319129,0.1317811850010912,1.0
"Hybrid GWO-ABC (Eq. 12, fixed K)",357,100.0,0.0,22.47410933308071,27.52589066691929,35700.0,35700.0,3570.0,14280000.0,1.0,0.07725543056620002,10.0,24.586067177527514,123.75609007600778,1.0300376532250906,0.33016643743433227,0.13700965000061843,1.0
"Hybrid GWO-ABC (Eq. 12, fixed K)",358,100.0,0.0,22.396386210111867,27.60361378988813,35800.0,35800.0,3580.0,14320000.0,1.0,0.07772312296883754,10.0,21.955189286739323,125.48746509497751,0.9710983882174998,0.3186227182174958,0.13794720500009133,1.0
"Hybrid GWO-ABC (Eq. 12, fixed K)",359,100.0,0.0,22.319115617747148,27.680884382252856,35900.0,35900.0,3590.0,14360000.0,1.0,0.0772705923647223,10.0,23.63544909462037,124.03605307888024,1.0215626995126625,0.32803643819442707,0.1315609499997663,1.0
"Hybrid GWO-ABC (Eq. 12, fixed K)",360,100.0,0.0,22.241680750587538,27.75831924941246,36000.0,36000.0,3600.0,14400000.0,1.0,0.07743486715960923,10.0,23.531328347527058,124.07468576644162,1.0349523415846908,0.32765764648349777,0.13096664999975474,1.0
"Hybrid GWO-ABC (Eq. 12, fixed K)",361,100.0,0.0,22.16437008256452,27.835629917435483,36100.0,36100.0,3610.0,14440000.0,1.0,0.07731066802301853,10.0,23.915096033761074,123.91806362186063,1.010768587998606,0.32803398059730915,0.13326615499972833,1.0
"Hybrid GWO-ABC (Eq. 12, fixed K)",362,100.0,0.0,22.086196162251127,27.913803837748873,36200.0,36200.0,3620.0,14480000.0,1.0,0.07817392031339114,10.0,22.82270073222315,125.47383294933256,0.9842123244242439,0.3228980701162709,0.13069856000001892,1.0
"Hybrid GWO-ABC (Eq. 12, fixed K)",363,100.0,0.0,22.009477170986564,27.990522829013436,36300.0,36300.0,3630.0,14520000.0,1.0,0.07671899126456498,10.0,23.244052669818043,123.76893438308909,1.0585117537253703,0.3268205935911054,0.13160719000006793,1.0
"Hybrid GWO-ABC (Eq. 12, fixed K)",364,100.0,0.0,21.932270752381836,28.067729247618168,36400.0,36400.0,3640.0,14560000.0,1.0,0.0772064186047265,10.0,23.15024494977251,124.27264998045928,1.0364131365344933,0.3268188923133736,0.13241707499983021,1.0
"Hybrid GWO-ABC (Eq. 12, fixed K)",365,100.0,0.0,21.854965041478415,28.145034958521585,36500.0,36500.0,3650.0,14600000.0,1.0,0.07730571090341964,10.0,22.985765108188296,124.86644176387351,1.0353405365973058,0.32807144849426534,0.13217861000121048,1.0
"Hybrid GWO-ABC (Eq. 12, fixed K)",366,100.0,0.0,21.77731775979892,28.222682240201078,36600.0,36600.0,3660.0,14640000.0,1.0,0.07764728167949712,10.0,21.968624351721637,125.14545833110324,1.02167442914828,0.3252692099119435,0.1344653250005649,1.0
"Hybrid GWO-ABC (Eq. 12, fixed K)",367,100.0,0.0,21.69968659769784,28.300313402302162,36700.0,36700.0,3670.0,14680000.0,1.0,0.07763116210108016,10.0,22.36031656524056,125.30930146789547,1.0616168147508465,0.325864210632575,0.12908600500086323,1.0
"Hybrid GWO-ABC (Eq. 12, fixed K)",368,100.0,0.0,21.622929873645955,28.377070126354045,36800.0,36800.0,3680.0,14720000.0,1.0,0.07675672405188472,10.0,23.198373157698995,123.26805972526022,1.036924187857903,0.32596704017188316,0.1279367999999522,1.0
"Hybrid GWO-ABC (Eq. 12, fixed K)",369,100.0,0.0,21.54567155226318,28.45432844773682,36900.0,36900.0,3690.0,14760000.0,1.0,0.07725832138277777,10.0,22.849673060431407,123.80504245050243,1.0457609432063237,0.3268255324761403,0.13035071000122117,1.0
"Hybrid GWO-ABC (Eq. 12, fixed K)",370,100.0,0.0,21.468690265925176,28.531309734074824,37000.0,37000.0,3700.0,14800000.0,1.0,0.07698128633799986,10.0,23.76289677642032,123.77952090340595,1.034541893615819,0.3284088778575015,0.13255627499966066,1.0
"Hybrid GWO-ABC (Eq. 12, fixed K)",371,100.0,0.0,21.391020355395916,28.608979644604084,37100.0,37100.0,3710.0,14840000.0,1.0,0.07766991052926002,10.0,23.505744715423916,124.74965128062217,0.9961449781728537,0.32150807196970355,0.13478970999894954,1.0
"Hybrid GWO-ABC (Eq. 12, fixed K)",372,100.0,0.0,21.31429028969803,28.68570971030197,37200.0,37200.0,3720.0,14880000.0,1.0,0.0767300656978879,10.0,23.824319575269385,123.61509783392921,1.022794769215527,0.32698507111335334,0.13235056999910738,1.0
"Hybrid GWO-ABC (Eq. 12, fixed K)",373,100.0,0.0,21.237401623357602,28.762598376642398,37300.0,37300.0,3730.0,14920000.0,1.0,0.07688866634042882,10.0,24.56502135854222,123.63848393568314,0.9943174796174233,0.32834421650674595,0.13352384000063466,1.0
"Hybrid GWO-ABC (Eq. 12, fixed K)",374,100.0,0.0,21.160274081299885,28.83972591870012,37400.0,37400.0,3740.0,14960000.0,1.0,0.07712754205771458,10.0,24.425774242889048,123.27083641201114,1.0269612636470633,0.3286736563841243,0.12878564999991796,1.0
"Hybrid GWO-ABC (Eq. 12, fixed K)",375,100.0,0.0,21.082802326011638,28.917197673988362,37500.0,37500.0,3750.0,15000000.0,1.0,0.07747175528824854,10.0,23.731569490000492,123.85488056261734,1.024184056443407,0.328018756123423,0.12786835499973676,1.0
"Hybrid GWO-ABC (Eq. 12, fixed K)",376,100.0,0.0,21.00552609864763,28.99447390135237,37600.0,37600.0,3760.0,15040000.0,1.0,0.07727622736400619,10.0,23.06350803521793,123.79341408702422,1.0451775768083542,0.3282614146905342,0.13308693000071797,1.0
"Hybrid GWO-ABC (Eq. 12, fixed K)",377,100.0,0.0,20.92849339062429,29.07150660937571,37700.0,37700.0,3770.0,15080000.0,1.0,0.07703270802334075,10.0,25.309837958850785,123.78756471844031,1.0006960316291513,0.3260577905454066,0.13214465000055498,1.0
"Hybrid GWO-ABC (Eq. 12, fixed K)",378,100.0,0.0,20.85102121307188,29.148978786928115,37800.0,37800.0,3780.0,15120000.0,1.0,0.07747217755240694,10.0,22.572414963001346,124.84948796042218,1.0183473726319179,0.3279099793495606,0.12405521499931638,1.0
"Hybrid GWO-ABC (Eq. 12, fixed K)",379,100.0,0.0,20.774197967912766,29.225802032087234,37900.0,37900.0,3790.0,15160000.0,1.0,0.07682324515911798,10.0,23.003224902297948,123.79702892223686,1.03035808086211,0.3275241050553239,0.13018962000096507,1.0
"Hybrid GWO-ABC (Eq. 12, fixed K)",380,100.0,0.0,20.697553099014318,29.302446900985682,38000.0,38000.0,3800.0,15200000.0,1.0,0.07664486889844806,10.0,24.456163618086407,123.08134850547337,1.0433311764234279,0.3269178031280952,0.12927922000017134,1.0
"Hybrid GWO-ABC (Eq. 12, fixed K)",381,100.0,0.0,20.620013945939125,29.379986054060872,38100.0,38100.0,3810.0,15240000.0,1.0,0.0775391530751925,10.0,23.36637697556704,124.23418771111463,0.9980709644261025,0.32539361109441944,0.12899030500120717,1.0
"Hybrid GWO-ABC (Eq. 12, fixed K)",382,100.0,0.0,20.542471459166585,29.457528540833415,38200.0,38200.0,3820.0,15280000.0,1.0,0.07754248677253947,10.0,23.06834173462656,124.70532862741273,0.9866496083069602,0.32509271512889143,0.1254578649994073,1.0
"Hybrid GWO-ABC (Eq. 12, fixed K)",383,100.0,0.0,20.46491895769322,29.53508104230678,38300.0,38300.0,3830.0,15320000.0,1.0,0.07755250147336579,10.0,23.039320475963066,124.63909152291221,0.9953524011496873,0.3245446682700278,0.12974164999941423,1.0
"Hybrid GWO-ABC (Eq. 12, fixed K)",384,100.0,0.0,20.3877421161452,29.612257883854795,38400.0,38400.0,3840.0,15360000.0,1.0,0.07717684154801621,10.0,22.507350198075613,124.340342973202,1.021132752752377,0.32435324014898026,0.13043969000100333,1.0
"Hybrid GWO-ABC (Eq. 12, fixed K)",385,100.0,0.0,20.31024090822909,29.689759091770913,38500.0,38500.0,3850.0,15400000.0,1.0,0.07750120791611295,10.0,24.105281694890017,123.6632563957626,1.0192256566113815,0.32774924842371883,0.13363987000047928,1.0
"Hybrid GWO-ABC (Eq. 12, fixed K)",386,100.0,0.0,20.23241482528297,29.767585174717034,38600.0,38600.0,3860.0,15440000.0,1.0,0.0778260829461205,10.0,24.191814248432912,123.92281248697152,0.99951499886392,0.32468983868132517,0.12733283500019751,1.0
"Hybrid GWO-ABC (Eq. 12, fixed K)",387,100.0,0.0,20.155067872672824,29.844932127327176,38700.0,38700.0,3870.0,15480000.0,1.0,0.07734695261014864,10.0,23.088003725889024,124.70462998375993,0.9816949595938642,0.32300697017384117,0.12556050999919535,1.0
"Hybrid GWO-ABC (Eq. 12, fixed K)",388,100.0,0.0,20.078024293498714,29.921975706501286,38800.0,38800.0,3880.0,15520000.0,1.0,0.07704357917410629,10.0,23.865544519662613,124.3334485567345,1.0076827867907696,0.32911514639680656,0.12639025000025866,1.0
"Hybrid GWO-ABC (Eq. 12, fixed K)",389,100.0,0.0,20.000548130705823,29.999451869294177,38900.0,38900.0,3890.0,15560000.0,1.0,0.07747616279289246,10.0,23.628113102529017,123.7067781460868,1.0306778426164387,0.32562414747559226,0.12912746500005595,1.0
"Hybrid GWO-ABC (Eq. 12, fixed K)",390,100.0,0.0,19.92326993157704,30.07673006842296,39000.0,39000.0,3900.0,15600000.0,1.0,0.07727819912878271,10.0,23.722986906636187,123.82734351062541,1.0359320977735476,0.3310394344140186,0.12956955999943603,1.0
"Hybrid GWO-ABC (Eq. 12, fixed K)",391,100.0,0.0,19.84530405241739,30.15469594758261,39100.0,39100.0,3910.0,15640000.0,1.0,0.07796587915964981,10.0,22.658390334321023,125.52640611658038,0.974589811033478,0.32222225065548865,0.13094000500022956,1.0
"Hybrid GWO-ABC (Eq. 12, fixed K)",392,100.0,0.0,19.768633656222082,30.231366343777914,39200.0,39200.0,3920.0,15680000.0,1.0,0.07667039619530822,10.0,23.498668340579055,123.56460639405562,1.0414767974123031,0.3252197658639703,0.1310619250001764,1.0
"Hybrid GWO-ABC (Eq. 12, fixed K)",393,100.0,0.0,19.690857673686324,30.309142326313673,39300.0,39300.0,3930.0,15720000.0,1.0,0.07777598253575757,10.0,22.875504490871023,125.07063336839254,0.9661419040261638,0.32431709538620723,0.13159343500046816,1.0
"Hybrid GWO-ABC (Eq. 12, fixed K)",394,100.0,0.0,19.61345243101827,30.38654756898173,39400.0,39400.0,3940.0,15760000.0,1.0,0.0774052426680532,10.0,23.532211785026377,124.11709643286981,1.0091914679945133,0.32580504393974746,0.1377473349999491,1.0
"Hybrid GWO-ABC (Eq. 12, fixed K)",395,100.0,0.0,19.536237360491235,30.463762639508765,39500.0,39500.0,3950.0,15800000.0,1.0,0.07721507052703558,10.0,23.316476901005057,123.99991749701114,0.9999056570430757,0.32317038968627665,0.12501320500050497,1.0
"Hybrid GWO-ABC (Eq. 12, fixed K)",396,100.0,0.0,19.458957760824557,30.541042239175443,39600.0,39600.0,3960.0,15840000.0,1.0,0.07727959966667815,10.0,22.95827213501846,123.91220880128951,1.0128107949172018,0.32658624983209306,0.12945289999988746,1.0
"Hybrid GWO-ABC (Eq. 12, fixed K)",397,100.0,0.0,19.382293342589,30.617706657411,39700.0,39700.0,3970.0,15880000.0,1.0,0.07666441823555611,10.0,23.579728155787418,123.85902058689462,0.9964781091221722,0.32542877382977864,0.12923480499885046,1.0
"Hybrid GWO-ABC (Eq. 12, fixed K)",398,100.0,0.0,19.305191801621344,30.694808198378656,39800.0,39800.0,3980.0,15920000.0,1.0,0.07710154096765702,10.0,23.480932403436835,124.08494833873101,0.9797890148149092,0.3253257428788755,0.1305803349998314,1.0
"Hybrid GWO-ABC (Eq. 12, fixed K)",399,100.0,0.0,19.22739230239012,30.772607697609878,39900.0,39900.0,3990.0,15960000.0,1.0,0.0777994992312255,10.0,23.51290981260281,124.97704595001287,1.0031593872954407,0.3239360694916952,0.12422169499950542,1.0
"Hybrid GWO-ABC (Eq. 12, fixed K)",400,100.0,0.0,19.15031389823368,30.84968610176632,40000.0,40000.0,4000.0,16000000.0,1.0,0.07707840415643989,10.0,24.286206833251153,123.11478374946202,0.999563858951733,0.325640806997669,0.13055419499905838,1.0
"Hybrid GWO-ABC (Eq. 12, fixed K)",401,100.0,0.0,19.073458543262618,30.926541456737386,40100.0,40100.0,4010.0,16040000.0,1.0,0.07685535497106155,10.0,24.790957191134176,123.4299805589781,1.0348512597332546,0.3309834916237206,0.12282744499971159,1.0
"Hybrid GWO-ABC (Eq. 12, fixed K)",402,100.0,0.0,18.996180850000076,31.003819149999924,40200.0,40200.0,4020.0,16080000.0,1.0,0.07727769326254172,10.0,23.206430159550543,124.95663227620389,0.957727343777047,0.32214622747296195,0.1294085500008805,1.0
"Hybrid GWO-ABC (Eq. 12, fixed K)",403,100.0,0.0,18.91866004477708,31.081339955222916,40300.0,40300.0,4030.0,16120000.0,1.0,0.07752080522299262,10.0,23.163217472721904,124.3346131914191,0.9950618582032179,0.3247759882298423,0.1313437350003369,1.0
"Hybrid GWO-ABC (Eq. 12, fixed K)",404,100.0,0.0,18.841783711959472,31.158216288040528,40400.0,40400.0,4040.0,16160000.0,1.0,0.07687633281761101,10.0,23.28220894271788,123.97778419613084,1.0061656162191293,0.32831741084293425,0.13003534499948727,1.0
"Hybrid GWO-ABC (Eq. 12, fixed K)",405,100.0,0.0,18.764553125305127,31.235446874694873,40500.0,40500.0,4050.0,16200000.0,1.0,0.0772305866543439,10.0,23.794346165718004,123.73714090797814,1.0350458121306283,0.3267469687938393,0.13039038999995683,1.0
"Hybrid GWO-ABC (Eq. 12, fixed K)",406,100.0,0.0,18.6871652896207,31.3128347103793,40600.0,40600.0,4060.0,16240000.0,1.0,0.07738783568442767,10.0,23.867000506216627,124.34746767947986,1.0001590381113092,0.3231173972126992,0.12895853499976512,1.0
"Hybrid GWO-ABC (Eq. 12, fixed K)",407,100.0,0.0,18.609852950390987,31.390147049609016,40700.0,40700.0,4070.0,16280000.0,1.0,0.07731233922971281,10.0,23.242429943547844,124.60492803208922,0.9988222748604556,0.32640207171309366,0.12974329000026047,1.0
"Hybrid GWO-ABC (Eq. 12, fixed K)",408,100.0,0.0,18.53288904140433,31.46711095859567,40800.0,40800.0,4080.0,16320000.0,1.0,0.07696390898665673,10.0,24.298796065284414,123.51506275280053,1.0155351001365562,0.3291058231442899,0.12588628500088817,1.0
"Hybrid GWO-ABC (Eq. 12, fixed K)",409,100.0,0.0,18.455145950795618,31.544854049204382,40900.0,40900.0,4090.0,16360000.0,1.0,0.07774309060871225,10.0,22.990519567290537,125.2222986035845,0.9624558681779776,0.32285484024418726,0.13425359499924525,1.0
"Hybrid GWO-ABC (Eq. 12, fixed K)",410,100.0,0.0,18.37800928644093,31.621990713559075,41000.0,41000.0,4100.0,16400000.0,1.0,0.07713666435469121,10.0,24.002348510840193,123.52996331415798,1.033965542812806,0.32831533986986905,0.1263070900007733,1.0
"Hybrid GWO-ABC (Eq. 12, fixed K)",411,100.0,0.0,18.301502168494554,31.69849783150545,41100.0,41100.0,4110.0,16440000.0,1.0,0.07650711794637459,10.0,25.35120869612641,122.51051322581554,1.0392107789980263,0.3308242097871966,0.13693465499891316,1.0
"Hybrid GWO-ABC (Eq. 12, fixed K)",412,100.0,0.0,18.22433099057425,31.77566900942575,41200.0,41200.0,4120.0,16480000.0,1.0,0.0771711779203045,10.0,24.85029748338699,123.66096339651529,0.961410475417823,0.3249851101241455,0.1335003300002427,1.0
"Hybrid GWO-ABC (Eq. 12, fixed K)",413,100.0,0.0,18.147710546462726,31.852289453537274,41300.0,41300.0,4130.0,16520000.0,1.0,0.07662044411152262,10.0,25.09063445640609,122.72141361576818,1.059512060221978,0.3316727078075775,0.13205071499942278,1.0
"Hybrid GWO-ABC (Eq. 12, fixed K)",414,100.0,0.0,18.070516958906946,31.929483041093057,41400.0,41400.0,4140.0,16560000.0,1.0,0.07719358755577943,10.0,23.01381324409047,124.99069501449696,1.006770904717747,0.32601416175293363,0.13575377999986812,1.0
"Hybrid GWO-ABC (Eq. 12, fixed K)",415,100.0,0.0,17.994415097111084,32.00558490288891,41500.0,41500.0,4150.0,16600000.0,1.0,0.07610186179586194,10.0,25.381942501263325,121.55574499595939,1.0748635293855906,0.3325573137287236,0.127609334999579,1.0
"Hybrid GWO-ABC (Eq. 12, fixed K)",416,100.0,0.0,17.91695797454367,32.08304202545633,41600.0,41600.0,4160.0,16640000.0,1.0,0.07745712256741602,10.0,24.499925164649127,124.1082738829131,0.9993382837326827,0.32738753456571157,0.13354398499941453,1.0
"Hybrid GWO-ABC (Eq. 12, fixed K)",417,100.0,0.0,17.840298008101804,32.159701991898196,41700.0,41700.0,4170.0,16680000.0,1.0,0.07665996644186546,10.0,24.191545172169096,122.92729425735668,1.0372656737440307,0.3277027820716235,0.12802184499996655,1.0
"Hybrid GWO-ABC (Eq. 12, fixed K)",418,100.0,0.0,17.76318545795514,32.23681454204486,41800.0,41800.0,4180.0,16720000.0,1.0,0.07711255014666633,10.0,23.453003741934555,124.174947760111,0.9982903353128589,0.32427564682020216,0.1297658700008469,1.0
"Hybrid GWO-ABC (Eq. 12, fixed K)",419,100.0,0.0,17.686249671076773,32.31375032892323,41900.0,41900.0,4190.0,16760000.0,1.0,0.07693578687836382,10.0,23.462568539881776,124.11854892013216,1.037885440334611,0.3255692528883867,0.1276518249997025,1.0
"Hybrid GWO-ABC (Eq. 12, fixed K)",420,100.0,0.0,17.609226953261604,32.3907730467384,42000.0,42000.0,4200.0,16800000.0,1.0,0.0770227178151707,10.0,22.63129193863825,124.23978443990185,1.0366071939643577,0.325823524823427,0.12561147999986133,1.0
"Hybrid GWO-ABC (Eq. 12, fixed K)",421,100.0,0.0,17.53180711926607,32.46819288073393,42100.0,42100.0,4210.0,16840000.0,1.0,0.07741983399553165,10.0,25.320854525259644,123.18794232154171,1.0278772763600128,0.33032826490808725,0.12966913000018393,1.0
"Hybrid GWO-ABC (Eq. 12, fixed K)",422,100.0,0.0,17.45498009232063,32.545019907679375,42200.0,42200.0,4220.0,16880000.0,1.0,0.0768270269454419,10.0,22.09440555261403,123.29624360617636,1.0696933195247151,0.32712337950957726,0.1253476749992842,1.0
"Hybrid GWO-ABC (Eq. 12, fixed K)",423,100.0,0.0,17.37798141967415,32.62201858032585,42300.0,42300.0,4230.0,16920000.0,1.0,0.07699867264647864,10.0,23.86643205680044,123.70354524347519,1.0127813478905172,0.32556205281740225,0.12732404499947733,1.0
"Hybrid GWO-ABC (Eq. 12, fixed K)",424,100.0,0.0,17.301169032008172,32.698830967991825,42400.0,42400.0,4240.0,16960000.0,1.0,0.0768123876659769,10.0,23.39387267782067,123.99534891472936,1.0121071704590512,0.32638656026311197,0.12527790500025732,1.0
"Hybrid GWO-ABC (Eq. 12, fixed K)",425,100.0,0.0,17.224259251829725,32.77574074817028,42500.0,42500.0,4250.0,17000000.0,1.0,0.07690978017844943,10.0,24.455645914750626,122.93429343949049,1.036401554400069,0.3294028723127133,0.12755163499932679,1.0
"Hybrid GWO-ABC (Eq. 12, fixed K)",426,100.0,0.0,17.146664708751565,32.853335291248435,42600.0,42600.0,4260.0,17040000.0,1.0,0.07759454307815865,10.0,22.62895160594766,124.82328496692305,1.0194450786943317,0.32520286734070597,0.13142301500010944,1.0
"Hybrid GWO-ABC (Eq. 12, fixed K)",427,100.0,0.0,17.06934966873547,32.93065033126453,42700.0,42700.0,4270.0,17080000.0,1.0,0.07731504001609438,10.0,23.624950848883845,124.22060626008881,1.036640442947493,0.32480207577922543,0.12147794500015152,1.0
"Hybrid GWO-ABC (Eq. 12, fixed K)",428,100.0,0.0,16.991898569711097,33.0081014302889,42800.0,42800.0,4280.0,17120000.0,1.0,0.07745109902437344,10.0,24.219161566542617,123.99365810360999,0.9889866709688606,0.3251120069296859,0.1301943400016171,1.0
"Hybrid GWO-ABC (Eq. 12, fixed K)",429,100.0,0.0,16.914568728611748,33.08543127138825,42900.0,42900.0,4290.0,17160000.0,1.0,0.07732984109934664,10.0,23.15688398365411,124.9206197131125,0.9943942511173003,0.32694309231558866,0.12423673000084819,1.0
"Hybrid GWO-ABC (Eq. 12, fixed K)",430,100.0,0.0,16.83741774052753,33.16258225947247,43000.0,43000.0,4300.0,17200000.0,1.0,0.0771509880842185,10.0,22.920639300363575,124.07935613790164,1.050647942746308,0.3260857817732429,0.13020883000062894,1.0
"Hybrid GWO-ABC (Eq. 12, fixed K)",431,100.0,0.0,16.760740292012745,33.23925970798726,43100.0,43100.0,4310.0,17240000.0,1.0,0.07667744851478844,10.0,24.546843632073475,122.61587481444886,1.0688789864070523,0.3324799325493369,0.1301849500006938,1.0
"Hybrid GWO-ABC (Eq. 12, fixed K)",432,100.0,0.0,16.683841171101644,33.31615882889836,43200.0,43200.0,4320.0,17280000.0,1.0,0.07689912091109834,10.0,23.259513674270387,123.56972256133304,1.0229213244472688,0.3287667435529302,0.128801420000309,1.0
"Hybrid GWO-ABC (Eq. 12, fixed K)",433,100.0,0.0,16.606892044040144,33.39310795595985,43300.0,43300.0,4330.0,17320000.0,1.0,0.07694912706149867,10.0,23.309961553732816,123.39939923537936,1.0333878619906136,0.326008673932386,0.12578550499929406,1.0
"Hybrid GWO-ABC (Eq. 12, fixed K)",434,100.0,0.0,16.529433814674956,33.47056618532504,43400.0,43400.0,4340.0,17360000.0,1.0,0.07745822936518873,10.0,23.886244891395048,124.70904149335834,0.997050869076924,0.3266761796733326,0.12706098499947985,1.0
"Hybrid GWO-ABC (Eq. 12, fixed K)",435,100.0,0.0,16.452570316581355,33.54742968341865,43500.0,43500.0,4350.0,17400000.0,1.0,0.07686349809360218,10.0,23.520208819825662,123.02722595342122,1.0296878620120764,0.32850934443922275,0.1309123199986061,1.0
"Hybrid GWO-ABC (Eq. 12, fixed K)",436,100.0,0.0,16.374768500092912,33.62523149990709,43600.0,43600.0,4360.0,17440000.0,1.0,0.07780181648844256,10.0,21.83207658449269,125.50786038869637,1.0003227585423529,0.3236280857143293,0.1267339099998935,1.0
"Hybrid GWO-ABC (Eq. 12, fixed K)",437,100.0,0.0,16.297566319413512,33.70243368058648,43700.0,43700.0,4370.0,17480000.0,1.0,0.0772021806793978,10.0,23.497399277097873,124.24312848797668,1.0271240214970123,0.326243216735559,0.13003345000106492,1.0
"Hybrid GWO-ABC (Eq. 12, fixed K)",438,100.0,0.0,16.220692880404624,33.77930711959537,43800.0,43800.0,4380.0,17520000.0,1.0,0.07687343900889002,10.0,22.904905069696063,124.1625823098482,1.0268474481985799,0.32668661006277244,0.13056285500060766,1.0
"Hybrid GWO-ABC (Eq. 12, fixed K)",439,100.0,0.0,16.14336958953342,33.85663041046658,43900.0,43900.0,4390.0,17560000.0,1.0,0.07732329087120346,10.0,23.561362587852347,124.57548845458219,1.0247103351202604,0.32868655331242713,0.12935423999988416,1.0
"Hybrid GWO-ABC (Eq. 12, fixed K)",440,100.0,0.0,16.066239229957883,33.93376077004212,44000.0,44000.0,4400.0,17600000.0,1.0,0.07713035957553824,10.0,23.0728296144363,124.2615387429983,1.019929282775873,0.32692364855647404,0.12949537000058625,1.0
"Hybrid GWO-ABC (Eq. 12, fixed K)",441,100.0,0.0,15.989219293408482,34.01078070659152,44100.0,44100.0,4410.0,17640000.0,1.0,0.07701993654940029,10.0,23.280262586751952,124.36526705245846,1.015966675150779,0.3279922735578269,0.12687079000061202,1.0
"Hybrid GWO-ABC (Eq. 12, fixed K)",442,100.0,0.0,15.911346739085554,34.08865326091445,44200.0,44200.0,4420.0,17680000.0,1.0,0.0778725543229303,10.0,23.354524804500034,124.93332832502199,0.9849114703006308,0.3237935584602234,0.1301876950001315,1.0
"Hybrid GWO-ABC (Eq. 12, fixed K)",443,100.0,0.0,15.833977705730362,34.16602229426964,44300.0,44300.0,4430.0,17720000.0,1.0,0.0773690333551916,10.0,24.23738874348674,124.02373389891454,0.9845713330655042,0.3266130460873372,0.13013543499910157,1.0
"Hybrid GWO-ABC (Eq. 12, fixed K)",444,100.0,0.0,15.756273608668105,34.2437263913319,44400.0,44400.0,4440.0,17760000.0,1.0,0.07770409706225649,10.0,24.327503986641716,124.33533656273357,1.0197965812768819,0.3283247344606318,0.13622788000102445,1.0
"Hybrid GWO-ABC (Eq. 12, fixed K)",445,100.0,0.0,15.67938195054503,34.32061804945497,44500.0,44500.0,4450.0,17800000.0,1.0,0.07689165812307568,10.0,24.226855283161306,123.23569598233242,1.0488642104329313,0.33071436579619606,0.13271020499996666,1.0
"Hybrid GWO-ABC (Eq. 12, fixed K)",446,100.0,0.0,15.60259198561879,34.39740801438121,44600.0,44600.0,4460.0,17840000.0,1.0,0.07678996492624028,10.0,23.28628444666171,123.66154555790949,1.036003225723087,0.3282124002459669,0.13025075999903493,1.0
"Hybrid GWO-ABC (Eq. 12, fixed K)",447,100.0,0.0,15.524952936077288,34.475047063922716,44700.0,44700.0,4470.0,17880000.0,1.0,0.07763904954150096,10.0,21.98563391097027,125.60294647127482,0.9931359893277525,0.32644172400523314,0.13336042999981146,1.0
"Hybrid GWO-ABC (Eq. 12, fixed K)",448,100.0,0.0,15.447788046403137,34.55221195359686,44800.0,44800.0,4480.0,17920000.0,1.0,0.0771648896741504,10.0,23.426572295177316,124.26961697402689,0.975960006622343,0.32445901484025,0.13156276999943656,1.0
"Hybrid GWO-ABC (Eq. 12, fixed K)",449,100.0,0.0,15.371063017652594,34.62893698234741,44900.0,44900.0,4490.0,17960000.0,1.0,0.07672502875054335,10.0,24.202372413421358,123.71193359305308,1.0191542012763077,0.3289477088115557,0.12960622000100558,1.0
"Hybrid GWO-ABC (Eq. 12, fixed K)",450,100.0,0.0,15.294492381087528,34.70550761891247,45000.0,45000.0,4500.0,18000000.0,1.0,0.07657063656506438,10.0,23.85263646323777,122.92889368091669,1.061432032590093,0.3308028323600117,0.13140351999936684,1.0
"Hybrid GWO-ABC (Eq. 12, fixed K)",451,100.0,0.0,15.216474944751123,34.78352505524887,45100.0,45100.0,4510.0,18040000.0,1.0,0.07801743633640461,10.0,24.771801781721557,124.91309961294867,0.9673161126870783,0.3290776332384805,0.12879762499978825,1.0
"Hybrid GWO-ABC (Eq. 12, fixed K)",452,100.0,0.0,15.139045715604453,34.86095428439555,45200.0,45200.0,4520.0,18080000.0,1.0,0.0774292291466705,10.0,23.558196226007713,124.26642594826497,0.9868683571589212,0.3259979791046893,0.130639630000951,1.0
"Hybrid GWO-ABC (Eq. 12, fixed K)",453,100.0,0.0,15.061970455933102,34.9380295440669,45300.0,45300.0,4530.0,18120000.0,1.0,0.07707525967135184,10.0,23.02664211890923,124.34496313548559,0.9956564231552558,0.3246205237430645,0.13236738499981585,1.0
"Hybrid GWO-ABC (Eq. 12, fixed K)",454,100.0,0.0,14.984748570956867,35.01525142904313,45400.0,45400.0,4540.0,18160000.0,1.0,0.07722188497623632,10.0,24.238594712348473,123.74514513738136,1.0140220464927543,0.3285578847727707,0.1305974150000111,1.0
"Hybrid GWO-ABC (Eq. 12, fixed K)",455,100.0,0.0,14.90721623255249,35.09278376744751,45500.0,45500.0,4550.0,18200000.0,1.0,0.07753233840437686,10.0,23.15946502695568,124.61929096263415,1.0172157209835544,0.3294773025323157,0.127732670000114,1.0
"Hybrid GWO-ABC (Eq. 12, fixed K)",456,100.0,0.0,14.830506442729725,35.16949355727028,45600.0,45600.0,4560.0,18240000.0,1.0,0.07670978982276493,10.0,24.02647471174109,122.98723521458719,1.0672663119109724,0.3288412818312381,0.13047862999919743,1.0
"Hybrid GWO-ABC (Eq. 12, fixed K)",457,100.0,0.0,14.753242056221476,35.246757943778526,45700.0,45700.0,4570.0,18280000.0,1.0,0.07726438650824888,10.0,23.548661064829382,124.28659628858216,0.9803689774744191,0.3263660098625044,0.12311796500071068,1.0
"Hybrid GWO-ABC (Eq. 12, fixed K)",458,100.0,0.0,14.67581461877575,35.324185381224254,45800.0,45800.0,4580.0,18320000.0,1.0,0.07742743744572689,10.0,22.293580564691588,125.45057723593114,1.0261030383310594,0.3278750870757917,0.12547786000031919,1.0
"Hybrid GWO-ABC (Eq. 12, fixed K)",459,100.0,0.0,14.598881971379612,35.40111802862039,45900.0,45900.0,4590.0,18360000.0,1.0,0.0769326473961364,10.0,23.542029305609265,123.46001531550951,1.0346333546773205,0.3283729849862316,0.13177797499993177,1.0
"Hybrid GWO-ABC (Eq. 12, fixed K)",460,100.0,0.0,14.52240950147486,35.477590498525146,46000.0,46000.0,4600.0,18400000.0,1.0,0.07647246990475329,10.0,24.12021993428253,122.75249975791853,1.036704758260282,0.32905438191054504,0.12447854499914683,1.0
"Hybrid GWO-ABC (Eq. 12, fixed K)",461,100.0,0.0,14.445463170153014,35.55453682984698,46100.0,46100.0,4610.0,18440000.0,1.0,0.07694633132184645,10.0,24.849912095641315,123.14535260448974,1.0532999407216042,0.3311820706562628,0.12361567500011006,1.0
"Hybrid GWO-ABC (Eq. 12, fixed K)",462,100.0,0.0,14.368477935764293,35.63152206423571,46200.0,46200.0,4620.0,18480000.0,1.0,0.07698523438872043,10.0,23.8401915809878,123.6545095535715,1.042158393854452,0.3295623002505766,0.13171166000101947,1.0
"Hybrid GWO-ABC (Eq. 12, fixed K)",463,100.0,0.0,14.291082235216646,35.70891776478335,46300.0,46300.0,4630.0,18520000.0,1.0,0.07739570054764551,10.0,22.945721776430922,125.30783456044392,1.001255581126974,0.3265158063908011,0.12889541999975335,1.0
"Hybrid GWO-ABC (Eq. 12, fixed K)",464,100.0,0.0,14.214076778385035,35.785923221614965,46400.0,46400.0,4640.0,18560000.0,1.0,0.07700545683161071,10.0,22.824073851119934,123.99126162059092,1.012686168054491,0.32828589582822487,0.12189060999917274,1.0
"Hybrid GWO-ABC (Eq. 12, fixed K)",465,100.0,0.0,14.137537911685182,35.862462088314814,46500.0,46500.0,4650.0,18600000.0,1.0,0.0765388666998521,10.0,23.997689751723904,122.97396470354265,1.068198344646984,0.3335263539346519,0.12587442000112786,1.0
"Hybrid GWO-ABC (Eq. 12, fixed K)",466,100.0,0.0,14.060600116584865,35.939399883415135,46600.0,46600.0,4660.0,18640000.0,1.0,0.07693779510031754,10.0,23.294658268510286,123.90562047398203,1.042673034864872,0.32980078021407,0.13336289999933798,1.0
"Hybrid GWO-ABC (Eq. 12, fixed K)",467,100.0,0.0,13.983873175752498,36.01612682424751,46700.0,46700.0,4670.0,18680000.0,1.0,0.07672694083236893,10.0,24.317816233319633,123.30516754078488,1.034117239035265,0.3322217248686783,0.13471003500017104,1.0
"Hybrid GWO-ABC (Eq. 12, fixed K)",468,100.0,0.0,13.906852391988366,36.093147608011634,46800.0,46800.0,4680.0,18720000.0,1.0,0.07702078376413227,10.0,24.85823197368952,123.27549172233117,1.0232655094897152,0.33009890547779924,0.13262427499976184,1.0
"Hybrid GWO-ABC (Eq. 12, fixed K)",469,100.0,0.0,13.830214863004988,36.16978513699501,46900.0,46900.0,4690.0,18760000.0,1.0,0.07663752898337517,10.0,23.483358687854075,123.0411976321828,1.0523892711685046,0.32979724975539587,0.1290702849997615,1.0
"Hybrid GWO-ABC (Eq. 12, fixed K)",470,100.0,0.0,13.753193449597493,36.24680655040251,47000.0,47000.0,4700.0,18800000.0,1.0,0.07702141340749877,10.0,24.804641853609336,122.78347948360238,1.0361603192140658,0.3332071653013409,0.12499751999966975,1.0
"Hybrid GWO-ABC (Eq. 12, fixed K)",471,100.0,0.0,13.67630927219422,36.32369072780578,47100.0,47100.0,4710.0,18840000.0,1.0,0.07688417740327243,10.0,23.65528912935016,123.75578090570089,1.017078238293428,0.32872774618581696,0.12109304999939922,1.0
"Hybrid GWO-ABC (Eq. 12, fixed K)",472,100.0,0.0,13.599918780792617,36.40008121920738,47200.0,47200.0,4720.0,18880000.0,1.0,0.07639049140160062,10.0,24.471812919763668,122.7340830542611,1.051266278778901,0.3329684516264299,0.1263863650005078,1.0
"Hybrid GWO-ABC (Eq. 12, fixed K)",473,100.0,0.0,13.522991231730103,36.4770087682699,47300.0,47300.0,4730.0,18920000.0,1.0,0.07692754906251445,10.0,22.919714969692343,123.77344134448643,1.0369173525369626,0.3296993169488219,0.12219979500005138,1.0
"Hybrid GWO-ABC (Eq. 12, fixed K)",474,100.0,0.0,13.44559090790697,36.55440909209303,47400.0,47400.0,4740.0,18960000.0,1.0,0.07740032382313373,10.0,23.52110321172849,124.77318418486405,0.9589712160868864,0.3256926381977066,0.12237543999945047,1.0
"Hybrid GWO-ABC (Eq. 12, fixed K)",475,100.0,0.0,13.36859508296727,36.631404917032725,47500.0,47500.0,4750.0,19000000.0,1.0,0.07699582493970096,10.0,23.557201476488896,122.91990395432322,1.0463631563920395,0.330841993529178,0.12411352999952215,1.0
"Hybrid GWO-ABC (Eq. 12, fixed K)",476,100.0,0.0,13.291731635960895,36.70826836403911,47600.0,47600.0,4760.0,19040000.0,1.0,0.07686344700637386,10.0,23.300216675702195,123.71568927501853,1.0446637313049352,0.3323100718520717,0.12723073499946622,1.0
"Hybrid GWO-ABC (Eq. 12, fixed K)",477,100.0,0.0,13.21435360477179,36.785646395228206,47700.0,47700.0,4770.0,19080000.0,1.0,0.07737803118910422,10.0,22.351999053373685,124.47993217925007,1.0201133521685741,0.327099736920872,0.13004218500063872,1.0
"Hybrid GWO-ABC (Eq. 12, fixed K)",478,100.0,0.0,13.137683961298865,36.86231603870114,47800.0,47800.0,4780.0,19120000.0,1.0,0.0766696434729253,10.0,24.528277570726775,122.85589070931519,1.009831769637977,0.3277852560584881,0.12504271999969205,1.0
"Hybrid GWO-ABC (Eq. 12, fixed K)",479,100.0,0.0,13.060120794203883,36.93987920579612,47900.0,47900.0,4790.0,19160000.0,1.0,0.07756316709498386,10.0,23.592267422615564,124.64855349915244,0.9807241151661067,0.32845101868692517,0.1294190000015078,1.0
"Hybrid GWO-ABC (Eq. 12, fixed K)",480,100.0,0.0,12.982691679928593,37.01730832007141,48000.0,48000.0,4800.0,19200000.0,1.0,0.07742911427529,10.0,23.56229350509516,124.68504510831421,0.9954731630707462,0.3295730439513648,0.1286253999998735,1.0
"Hybrid GWO-ABC (Eq. 12, fixed K)",481,100.0,0.0,12.905393513907924,37.094606486092076,48100.0,48100.0,4810.0,19240000.0,1.0,0.07729816602066748,10.0,25.063317437059265,123.70998489131966,0.9803839652441155,0.33163024519993367,0.12224041999943439,1.0
"Hybrid GWO-ABC (Eq. 12, fixed K)",482,100.0,0.0,12.828356831594286,37.171643168405716,48200.0,48200.0,4820.0,19280000.0,1.0,0.0770366823136377,10.0,25.270437903265293,122.63492194561016,1.0483603800054442,0.3354057246829273,0.13048262000083924,1.0
"Hybrid GWO-ABC (Eq. 12, fixed K)",483,100.0,0.0,12.751612637900015,37.24838736209998,48300.0,48300.0,4830.0,19320000.0,1.0,0.07674419369427073,10.0,23.108373943259046,123.77320150114652,1.034063422317959,0.3285023654181001,0.1272228499983612,1.0
"Hybrid GWO-ABC (Eq. 12, fixed K)",484,100.0,0.0,12.674802508800465,37.32519749119954,48400.0,48400.0,4840.0,19360000.0,1.0,0.07681012909955073,10.0,24.492925079632307,122.80983390402574,1.0234098430032406,0.3305270527043927,0.13122060500063526,1.0
"Hybrid GWO-ABC (Eq. 12, fixed K)",485,100.0,0.0,12.597886296367163,37.402113703632835,48500.0,48500.0,4850.0,19400000.0,1.0,0.07691621243330245,10.0,23.326378359431033,123.37199925044513,1.0714712398324497,0.3332380879444194,0.13020115500039536,1.0
"Hybrid GWO-ABC (Eq. 12, fixed K)",486,100.0,0.0,12.521194288995897,37.47880571100411,48600.0,48600.0,4860.0,19440000.0,1.0,0.07669200737126661,10.0,22.185327047765753,123.87175453521024,1.067733100025316,0.332525286414849,0.1337232200006838,1.0
"Hybrid GWO-ABC (Eq. 12, fixed K)",487,100.0,0.0,12.443854262261159,37.556145737738845,48700.0,48700.0,4870.0,19480000.0,1.0,0.07734002673473847,10.0,22.927277311123206,123.94785155029865,1.024191818532701,0.3307411197277794,0.12277827500038256,1.0
"Hybrid GWO-ABC (Eq. 12, fixed K)",488,100.0,0.0,12.366442126727465,37.63355787327254,48800.0,48800.0,4880.0,19520000.0,1.0,0.07741213553369315,10.0,21.868419113668484,125.53417659492206,1.007437949203539,0.3273052328036381,0.12988279000092007,1.0
"Hybrid GWO-ABC (Eq. 12, fixed K)",489,100.0,0.0,12.288962724189343,37.711037275810654,48900.0,48900.0,4890.0,19560000.0,1.0,0.07747940253812162,10.0,23.980728154911482,123.64083708415035,1.0287285362830514,0.3331010315104459,0.12645448000002943,1.0
"Hybrid GWO-ABC (Eq. 12, fixed K)",490,100.0,0.0,12.211866490430566,37.788133509569434,49000.0,49000.0,4900.0,19600000.0,1.0,0.07709623375877594,10.0,23.919764784076513,123.66398658067028,1.0385692401524012,0.334504936272201,0.124902419999853,1.0
"Hybrid GWO-ABC (Eq. 12, fixed K)",491,100.0,0.0,12.134887521325542,37.865112478674455,49100.0,49100.0,4910.0,19640000.0,1.0,0.07697896910502519,10.0,23.50422927060012,124.30277881183017,0.9844146693778384,0.32735560619512377,0.12420444000053976,1.0
"Hybrid GWO-ABC (Eq. 12, fixed K)",492,100.0,0.0,12.057780214133771,37.94221978586623,49200.0,49200.0,4920.0,19680000.0,1.0,0.07710730719177086,10.0,24.813828239879633,123.37234529840516,1.012536441756295,0.33188162762905815,0.12301227999996626,1.0
"Hybrid GWO-ABC (Eq. 12, fixed K)",493,100.0,0.0,11.980102437838323,38.01989756216168,49300.0,49300.0,4930.0,19720000.0,1.0,0.07767777629544889,10.0,22.465715951031605,125.13591639554556,0.9762524015002152,0.3258084401371486,0.13442592499995953,1.0
"Hybrid GWO-ABC (Eq. 12, fixed K)",494,100.0,0.0,11.903189528043816,38.09681047195618,49400.0,49400.0,4940.0,19760000.0,1.0,0.07691290979450596,10.0,23.79193491201749,123.55970148750248,1.0212968665144193,0.3333715455698003,0.11966607499889506,1.0
"Hybrid GWO-ABC (Eq. 12, fixed K)",495,100.0,0.0,11.825402269054205,38.17459773094579,49500.0,49500.0,4950.0,19800000.0,1.0,0.07778725898960985,10.0,23.056001504022653,125.2425283270932,0.9907564869065763,0.3280934232918255,0.12329175000049872,1.0
"Hybrid GWO-ABC (Eq. 12, fixed K)",496,100.0,0.0,11.748380198577724,38.25161980142228,49600.0,49600.0,4960.0,19840000.0,1.0,0.0770220704764828,10.0,23.062697822861313,124.03918796835005,1.0116459362905608,0.32954242566729125,0.12365018499949657,1.0
"Hybrid GWO-ABC (Eq. 12, fixed K)",497,100.0,0.0,11.671669344911447,38.32833065508855,49700.0,49700.0,4970.0,19880000.0,1.0,0.07671085366627599,10.0,24.002660170369097,123.10317865665377,1.0515465836650493,0.33280986274827906,0.12167635999940103,1.0
"Hybrid GWO-ABC (Eq. 12, fixed K)",498,100.0,0.0,11.594382743765031,38.40561725623497,49800.0,49800.0,4980.0,19920000.0,1.0,0.07728660114641643,10.0,24.17326210909825,123.77220636809633,1.0437467179379853,0.3342151837011391,0.12453799500071909,1.0
"Hybrid GWO-ABC (Eq. 12, fixed K)",499,100.0,0.0,11.516757673635563,38.48324232636444,49900.0,49900.0,4990.0,19960000.0,1.0,0.07762507012946837,10.0,22.55897673689859,124.77634816518271,0.9897390138659526,0.3285040278700959,0.12186392000003252,1.0
"Hybrid GWO-ABC (Eq. 12, fixed K)",500,100.0,0.0,11.439229017398189,38.56077098260181,50000.0,50000.0,5000.0,20000000.0,1.0,0.07752865623737346,10.0,24.530824000128053,124.38548422435272,1.0203309990363647,0.33119099995673584,0.12679854499983775,1.0
"Hybrid GWO-ABC (Eq. 12, fixed K)",501,100.0,0.0,11.361756251157262,38.63824374884274,50100.0,50100.0,5010.0,20040000.0,1.0,0.07747276624092728,10.0,23.61140936104338,124.30011870272895,1.020538574902629,0.3312361140077239,0.12485057000048982,1.0
"Hybrid GWO-ABC (Eq. 12, fixed K)",502,100.0,0.0,11.284193447978051,38.715806552021945,50200.0,50200.0,5020.0,20080000.0,1.0,0.07756280317921016,10.0,24.99434913698698,124.40395761424809,1.0097209426590374,0.33248034109344726,0.1319509700006165,1.0
"Hybrid GWO-ABC (Eq. 12, fixed K)",503,100.0,0.0,11.206957767632995,38.79304223236701,50300.0,50300.0,5030.0,20120000.0,1.0,0.07723568034505757,10.0,23.95588350603522,124.19349199433199,1.0140075591273026,0.3291557594122013,0.12986174000143363,1.0
"Hybrid GWO-ABC (Eq. 12, fixed K)",504,100.0,0.0,11.12979903377456,38.87020096622544,50400.0,50400.0,5040.0,20160000.0,1.0,0.07715873385843439,10.0,24.12758485009653,124.02522225005471,1.0186038157940251,0.33396277226373494,0.12697223499963,1.0
"Hybrid GWO-ABC (Eq. 12, fixed K)",505,100.0,0.0,11.052169797727794,38.94783020227221,50500.0,50500.0,5050.0,20200000.0,1.0,0.07762923604676564,10.0,22.48983223002532,125.24565454447165,0.9774110303179752,0.3270913451823389,0.12644547000018064,1.0
"Hybrid GWO-ABC (Eq. 12, fixed K)",506,100.0,0.0,10.97544345109784,39.02455654890216,50600.0,50600.0,5060.0,20240000.0,1.0,0.0767263466299541,10.0,23.81722725844902,123.17274306548404,1.055257416600241,0.3317177296305599,0.13357205999891447,1.0
"Hybrid GWO-ABC (Eq. 12, fixed K)",507,100.0,0.0,10.898238724411996,39.101761275588004,50700.0,50700.0,5070.0,20280000.0,1.0,0.077204726685844,10.0,23.899937147590254,124.2642766149662,1.0098866649253073,0.3273344175864311,0.13120245499994782,1.0
"Hybrid GWO-ABC (Eq. 12, fixed K)",508,100.0,0.0,10.820936633965111,39.17906336603489,50800.0,50800.0,5080.0,20320000.0,1.0,0.0773020904468849,10.0,23.467399374561808,124.22313243945302,0.9904679962352751,0.3298743081588506,0.13020837000149185,1.0
"Hybrid GWO-ABC (Eq. 12, fixed K)",509,100.0,0.0,10.743111027681527,39.25688897231847,50900.0,50900.0,5090.0,20360000.0,1.0,0.07782560628358386,10.0,23.725618452042987,124.55392127003981,0.9944917495891096,0.3240196610769856,0.12598777999919547,1.0
"Hybrid GWO-ABC (Eq. 12, fixed K)",510,100.0,0.0,10.666074001598858,39.33392599840114,51000.0,51000.0,5100.0,20400000.0,1.0,0.07703702608266952,10.0,24.814395932781093,123.45826079770305,1.0132422902596754,0.3317892212785262,0.1278843499989307,1.0
"Hybrid GWO-ABC (Eq. 12, fixed K)",511,100.0,0.0,10.589292295982778,39.41070770401722,51100.0,51100.0,5110.0,20440000.0,1.0,0.07678170561607915,10.0,23.965709802541404,123.29710851633895,0.9966146111645056,0.328611168228783,0.12542929999981425,1.0
"Hybrid GWO-ABC (Eq. 12, fixed K)",512,100.0,0.0,10.51185157700664,39.48814842299336,51200.0,51200.0,5120.0,20480000.0,1.0,0.07744071897613924,10.0,23.056850986963617,124.27194219377725,1.0533969698492385,0.33351718469854197,0.12312599500000942,1.0
"Hybrid GWO-ABC (Eq. 12, fixed K)",513,100.0,0.0,10.434936975168366,39.56506302483164,51300.0,51300.0,5130.0,20520000.0,1.0,0.0769146018382724,10.0,24.017569679674214,123.23618207310884,1.0304359149049367,0.3296617190427977,0.12770196499914163,1.0
"Hybrid GWO-ABC (Eq. 12, fixed K)",514,100.0,0.0,10.357500227382742,39.642499772617256,51400.0,51400.0,5140.0,20560000.0,1.0,0.07743674778562451,10.0,23.893725852882966,124.44427829716362,1.0392014777239413,0.3337219451499459,0.132754444999955,1.0
"Hybrid GWO-ABC (Eq. 12, fixed K)",515,100.0,0.0,10.280293275050168,39.71970672494983,51500.0,51500.0,5150.0,20600000.0,1.0,0.0772069523325741,10.0,22.530977297503345,124.76260111827735,0.9887412792685856,0.32849214829419776,0.13129059999992024,1.0
"Hybrid GWO-ABC (Eq. 12, fixed K)",516,100.0,0.0,10.203439938511044,39.79656006148896,51600.0,51600.0,5160.0,20640000.0,1.0,0.07685333653912343,10.0,23.75172459701615,123.52842954910588,1.005775052059525,0.3323460268056863,0.1300760749996698,1.0
"Hybrid GWO-ABC (Eq. 12, fixed K)",517,100.0,0.0,10.125299943624466,39.87470005637554,51700.0,51700.0,5170.0,20680000.0,1.0,0.07813999488657916,10.0,24.043168964464474,125.02439234496198,0.9528844812896597,0.3252062730756573,0.12632594499991684,1.0
"Hybrid GWO-ABC (Eq. 12, fixed K)",518,100.0,0.0,10.048011327395493,39.95198867260451,51800.0,51800.0,5180.0,20720000.0,1.0,0.07728861622897262,10.0,22.666869245051963,124.02907973077643,0.9964177984358162,0.33043608236200295,0.12879039500003273,1.0
"Hybrid GWO-ABC (Eq. 12, fixed K)",519,100.0,0.0,9.97013306034336,40.02986693965664,51900.0,51900.0,5190.0,20760000.0,1.0,0.07787826705213349,10.0,24.439232884285865,125.2235601769451,0.9061633211589575,0.32197677052990115,0.12207203000034497,1.0
"Hybrid GWO-ABC (Eq. 12, fixed K)",520,100.0,0.0,9.893261937904642,40.10673806209536,52000.0,52000.0,5200.0,20800000.0,1.0,0.07687112243871783,10.0,23.812493266839617,123.50609894228758,1.0417801632308321,0.3327180135961828,0.12333882500024629,1.0
"Hybrid GWO-ABC (Eq. 12, fixed K)",521,100.0,0.0,9.816094270590895,40.183905729409105,52100.0,52100.0,5210.0,20840000.0,1.0,0.07716766731374677,10.0,22.676270356185952,124.50396791874061,1.046972533397711,0.3327863817329983,0.12393889000122726,1.0
"Hybrid GWO-ABC (Eq. 12, fixed K)",522,100.0,0.0,9.739215027755433,40.260784972244565,52200.0,52200.0,5220.0,20880000.0,1.0,0.07687924283546166,10.0,24.399853275595323,123.40052466496772,1.0144882375238808,0.3333149905071118,0.1279037349999271,1.0
"Hybrid GWO-ABC (Eq. 12, fixed K)",523,100.0,0.0,9.662561419426487,40.33743858057351,52300.0,52300.0,5230.0,20920000.0,1.0,0.07665360832894615,10.0,23.966388105513932,122.69216897894667,1.0490194771423027,0.3333699731234564,0.12908337000008033,1.0
"Hybrid GWO-ABC (Eq. 12, fixed K)",524,100.0,0.0,9.585654417055611,40.41434558294439,52400.0,52400.0,5240.0,20960000.0,1.0,0.07690700237087444,10.0,24.407895975770735,123.1095508020071,1.0631586332858818,0.3384881149232667,0.1276154300001508,1.0
"Hybrid GWO-ABC (Eq. 12, fixed K)",525,100.0,0.0,9.508307747530253,40.49169225246975,52500.0,52500.0,5250.0,21000000.0,1.0,0.07734666952535929,10.0,22.972729213155098,125.13373904986243,0.9742372747817869,0.33163551407723824,0.12538460999967355,1.0
"Hybrid GWO-ABC (Eq. 12, fixed K)",526,100.0,0.0,9.43151396019508,40.56848603980492,52600.0,52600.0,5260.0,21040000.0,1.0,0.07679378733517264,10.0,24.681175013390146,123.00605025631562,0.9991426086633057,0.3331068890820104,0.13066841999934695,1.0
"Hybrid GWO-ABC (Eq. 12, fixed K)",527,100.0,0.0,9.354834806153924,40.645165193846076,52700.0,52700.0,5270.0,21080000.0,1.0,0.07667915404115608,10.0,24.20382009431637,123.10257950536773,1.0624403679383472,0.333370941377469,0.12483672499802197,1.0
"Hybrid GWO-ABC (Eq. 12, fixed K)",528,100.0,0.0,9.277655311985862,40.72234468801414,52800.0,52800.0,5280.0,21120000.0,1.0,0.0771794941680631,10.0,23.008521002356847,124.52093188543549,1.0288762854441569,0.3329655349997692,0.12919154499977595,1.0
"Hybrid GWO-ABC (Eq. 12, fixed K)",529,100.0,0.0,9.20018389075105,40.79981610924895,52900.0,52900.0,5290.0,21160000.0,1.0,0.0774714212348108,10.0,24.22646753925151,123.95736592012543,1.051644634147889,0.3399315089277836,0.13170573000061267,1.0
"Hybrid GWO-ABC (Eq. 12, fixed K)",530,100.0,0.0,9.123488328311838,40.876511671688164,53000.0,53000.0,5300.0,21200000.0,1.0,0.07669556243921236,10.0,23.748863842701535,122.799040053662,1.019228579123183,0.33490492480910267,0.13001079999994544,1.0
"Hybrid GWO-ABC (Eq. 12, fixed K)",531,100.0,0.0,9.046853548878627,40.95314645112138,53100.0,53100.0,5310.0,21240000.0,1.0,0.07663477943321295,10.0,24.03685808539337,123.33423998248436,1.0386670894547727,0.3369457915922148,0.127978209999128,1.0
"Hybrid GWO-ABC (Eq. 12, fixed K)",532,100.0,0.0,8.970379550759478,41.02962044924052,53200.0,53200.0,5320.0,21280000.0,1.0,0.07647399811914682,10.0,23.289059574428656,123.16090871610106,1.0634382546721897,0.3326612933471043,0.1238744250003947,1.0
"Hybrid GWO-ABC (Eq. 12, fixed K)",533,100.0,0.0,8.892122481550107,41.10787751844989,53300.0,53300.0,5330.0,21320000.0,1.0,0.0782570692093707,10.0,23.164741712483078,125.73310509796413,0.9848177721427571,0.3292265535278369,0.1225209399999585,1.0
"Hybrid GWO-ABC (Eq. 12, fixed K)",534,100.0,0.0,8.814905880977047,41.185094119022956,53400.0,53400.0,5340.0,21360000.0,1.0,0.07721660057306065,10.0,22.47277362049192,124.56675979985532,1.0235608408222139,0.33051016986605025,0.13254867999967246,1.0
"Hybrid GWO-ABC (Eq. 12, fixed K)",535,100.0,0.0,8.737907434779668,41.26209256522033,53500.0,53500.0,5350.0,21400000.0,1.0,0.07699844619737864,10.0,23.73424950201204,123.66048395564299,0.9901861498719434,0.33122232796623635,0.1289973699997063,1.0
"Hybrid GWO-ABC (Eq. 12, fixed K)",536,100.0,0.0,8.660328976522816,41.33967102347718,53600.0,53600.0,5360.0,21440000.0,1.0,0.07757845825685372,10.0,23.575239275157323,124.44099217553237,1.0277566235380176,0.33284212776311894,0.12687999000117997,1.0
"Hybrid GWO-ABC (Eq. 12, fixed K)",537,100.0,0.0,8.582875437142715,41.41712456285729,53700.0,53700.0,5370.0,21480000.0,1.0,0.07745353938010072,10.0,23.51161325111444,124.42589524536679,1.0278847013543306,0.33344089213050576,0.12440383500143071,1.0
"Hybrid GWO-ABC (Eq. 12, fixed K)",538,100.0,0.0,8.506166706496874,41.49383329350313,53800.0,53800.0,5380.0,21520000.0,1.0,0.07670873064583908,10.0,23.6365223388868,123.2285070126978,1.0526521333004493,0.3382786757526686,0.13474171999987447,1.0
"Hybrid GWO-ABC (Eq. 12, fixed K)",539,100.0,0.0,8.428566388321267,41.57143361167873,53900.0,53900.0,5390.0,21560000.0,1.0,0.07760031817560917,10.0,24.260901038367347,124.35324525479464,1.0068020533172692,0.3309968604071233,0.1297478050000791,1.0
"Hybrid GWO-ABC (Eq. 12, fixed K)",540,100.0,0.0,8.350613325257209,41.649386674742786,54000.0,54000.0,5400.0,21600000.0,1.0,0.07795306306405751,10.0,24.269487770735065,125.02902241807556,0.9586056710151549,0.3309781416524766,0.12544211499953234,1.0
"Hybrid GWO-ABC (Eq. 12, fixed K)",541,100.0,0.0,8.273214518383437,41.72678548161656,54100.0,54100.0,5410.0,21640000.0,1.0,0.07739880687377107,10.0,23.95205730327931,123.91834600296764,1.024866937744751,0.33483441053494784,0.12604493999897387,1.0
"Hybrid GWO-ABC (Eq. 12, fixed K)",542,100.0,0.0,8.196448906846939,41.80355109315306,54200.0,54200.0,5420.0,21680000.0,1.0,0.07676561153649888,10.0,23.892933631893765,123.24533642110445,1.0748106328572367,0.3371449167848587,0.12880138000073202,1.0
"Hybrid GWO-ABC (Eq. 12, fixed K)",543,100.0,0.0,8.11922314357114,41.88077685642886,54300.0,54300.0,5430.0,21720000.0,1.0,0.0772257632757977,10.0,24.040080331797622,123.84721253522858,1.0211642494978068,0.33378331236465175,0.12960044500068763,1.0
"Hybrid GWO-ABC (Eq. 12, fixed K)",544,100.0,0.0,8.042194054063634,41.957805945936364,54400.0,54400.0,5440.0,21760000.0,1.0,0.07702908950750649,10.0,23.370128728772226,123.99308691890107,1.0523177529905623,0.3347219346485567,0.12667292500009353,1.0
"Hybrid GWO-ABC (Eq. 12, fixed K)",545,100.0,0.0,7.964923408243985,42.03507659175601,54500.0,54500.0,5450.0,21800000.0,1.0,0.07727064581964944,10.0,23.65115537033936,124.41368273722753,1.0178337277369027,0.3332012209679053,0.13341369000008854,1.0
"Hybrid GWO-ABC (Eq. 12, fixed K)",546,100.0,0.0,7.888217923586986,42.111782076413014,54600.0,54600.0,5460.0,21840000.0,1.0,0.07670548465699926,10.0,22.551685617856442,123.27906373133567,1.0549929922164334,0.3367774291569473,0.1310685550004564,1.0
"Hybrid GWO-ABC (Eq. 12, fixed K)",547,100.0,0.0,7.810600998728441,42.18939900127156,54700.0,54700.0,5470.0,21880000.0,1.0,0.07761692485854535,10.0,23.58747897210019,124.29149780288621,1.030244596991783,0.3342616825334781,0.12784506999960285,1.0
"Hybrid GWO-ABC (Eq. 12, fixed K)",548,100.0,0.0,7.731845644511351,42.26815435548865,54800.0,54800.0,5480.0,21920000.0,1.0,0.07875535421708957,10.0,23.61985903835387,125.79818916835825,0.9718871862149591,0.33215296991924526,0.12495441999926697,1.0
"Hybrid GWO-ABC (Eq. 12, fixed K)",549,100.0,0.0,7.654595117718538,42.345404882281464,54900.0,54900.0,5490.0,21960000.0,1.0,0.0772505267928127,10.0,23.149785972586123,123.97514054000378,0.9991558534458564,0.33225026950362524,0.1247224249997089,1.0
"Hybrid GWO-ABC (Eq. 12, fixed K)",550,100.0,0.0,7.577284439534283,42.42271556046572,55000.0,55000.0,5500.0,22000000.0,1.0,0.07731067818425545,10.0,23.44394096557263,124.2983107464393,0.9797379751835683,0.32954844946571754,0.1400236000004952,1.0
"Hybrid GWO-ABC (Eq. 12, fixed K)",551,100.0,0.0,7.500022476144869,42.49997752385513,55100.0,55100.0,5510.0,22040000.0,1.0,0.07726196338941294,10.0,22.508221778545238,124.50787819705553,1.02703373701166,0.33123447936056716,0.12587880499886522,1.0
"Hybrid GWO-ABC (Eq. 12, fixed K)",552,100.0,0.0,7.422977572203126,42.57702242779688,55200.0,55200.0,5520.0,22080000.0,1.0,0.07704490394174349,10.0,22.941755102730617,124.37520100828196,0.977932088117851,0.33324095335673537,0.12705945000052452,1.0
"Hybrid GWO-ABC (Eq. 12, fixed K)",553,100.0,0.0,7.345791219594704,42.65420878040529,55300.0,55300.0,5530.0,22120000.0,1.0,0.07718635260842097,10.0,23.577395633844525,124.30820525963263,0.9753375857483423,0.3302026632781375,0.13041158000087308,1.0
"Hybrid GWO-ABC (Eq. 12, fixed K)",554,100.0,0.0,7.268740697970825,42.73125930202917,55400.0,55400.0,5540.0,22160000.0,1.0,0.07705052162387913,10.0,22.02597992248562,124.569659068343,1.0068081510840607,0.33390660231709723,0.1291029099993466,1.0
"Hybrid GWO-ABC (Eq. 12, fixed K)",555,100.0,0.0,7.1920718520008675,42.807928147999135,55500.0,55500.0,5550.0,22200000.0,1.0,0.076668845969958,10.0,22.75169908305883,123.65438071666146,1.024388838538341,0.33247545480758556,0.12516704500085324,1.0
"Hybrid GWO-ABC (Eq. 12, fixed K)",556,100.0,0.0,7.114737313499522,42.885262686500475,55600.0,55600.0,5560.0,22240000.0,1.0,0.07733453850134545,10.0,23.824701744008877,124.2609267774877,1.0010282241468786,0.33416684565294996,0.12718758499941032,1.0
"Hybrid GWO-ABC (Eq. 12, fixed K)",557,100.0,0.0,7.037355671258505,42.96264432874149,55700.0,55700.0,5570.0,22280000.0,1.0,0.07738164224101815,10.0,22.64470855795926,124.5492544836806,1.0133219807711487,0.33431070676793084,0.12858386500156485,1.0
"Hybrid GWO-ABC (Eq. 12, fixed K)",558,100.0,0.0,6.960084292429312,43.039915707570685,55800.0,55800.0,5580.0,22320000.0,1.0,0.07727137882919202,10.0,22.294127870273606,124.57551444179026,1.0685937766181686,0.33737656589265264,0.1285353600003873,1.0
"Hybrid GWO-ABC (Eq. 12, fixed K)",559,100.0,0.0,6.882907940878715,43.11709205912128,55900.0,55900.0,5590.0,22360000.0,1.0,0.0771763515505969,10.0,24.510348065585855,123.57856007937266,1.0101472776665412,0.33685038421623414,0.12781858500056842,1.0
"Hybrid GWO-ABC (Eq. 12, fixed K)",560,100.0,0.0,6.805374620481158,43.19462537951885,56000.0,56000.0,5600.0,22400000.0,1.0,0.07753332039755834,10.0,22.88135287326002,124.403881659729,0.9993801819308293,0.335364337911027,0.1259233500004484,1.0
"Hybrid GWO-ABC (Eq. 12, fixed K)",561,100.0,0.0,6.728287112149083,43.27171288785092,56100.0,56100.0,5610.0,22440000.0,1.0,0.07708750833207403,10.0,24.121757048360443,123.6650065113331,1.0013897182052676,0.3375893651547319,0.12787790999973367,1.0
"Hybrid GWO-ABC (Eq. 12, fixed K)",562,100.0,0.0,6.650417729982554,43.34958227001745,56200.0,56200.0,5620.0,22480000.0,1.0,0.07786938216652887,10.0,23.883915126657804,124.6127809011231,0.9773791575601404,0.3360288525405169,0.1253263299997343,1.0
"Hybrid GWO-ABC (Eq. 12, fixed K)",563,100.0,0.0,6.573734444901513,43.42626555509849,56300.0,56300.0,5630.0,22520000.0,1.0,0.0766832850810418,10.0,23.578312817968758,123.36122576490447,1.042614613799931,0.33706581084090215,0.12745984500070334,1.0
"Hybrid GWO-ABC (Eq. 12, fixed K)",564,100.0,0.0,6.496478131263254,43.50352186873674,56400.0,56400.0,5640.0,22560000.0,1.0,0.07725631363825802,10.0,24.80879675869614,123.7724963452722,0.9895079545462548,0.33724461817986495,0.12744012499970267,1.0
"Hybrid GWO-ABC (Eq. 12, fixed K)",565,100.0,0.0,6.419453151549176,43.58054684845082,56500.0,56500.0,5650.0,22600000.0,1.0,0.07702497971407803,10.0,25.239359061396144,123.14486563877202,1.0107422443156846,0.3400070368308076,0.12539778999998816,1.0
"Hybrid GWO-ABC (Eq. 12, fixed K)",566,100.0,0.0,6.342724363505967,43.657275636494035,56600.0,56600.0,5660.0,22640000.0,1.0,0.07672878804320918,10.0,23.02982741978358,124.11709766613822,1.0724026420574426,0.34037975085230954,0.1289007049996144,1.0
"Hybrid GWO-ABC (Eq. 12, fixed K)",567,100.0,0.0,6.26594778273665,43.73405221726335,56700.0,56700.0,5670.0,22680000.0,1.0,0.07677658076931701,10.0,23.794543774607828,123.92115106621627,0.9878858852077524,0.3333795196956758,0.12233353499941586,1.0
"Hybrid GWO-ABC (Eq. 12, fixed K)",568,100.0,0.0,6.188871017679243,43.81112898232076,56800.0,56800.0,5680.0,22720000.0,1.0,0.07707676505740715,10.0,24.556093611666196,123.66352385276225,1.0349238449839764,0.3416623375838173,0.12545271999952093,1.0
"Hybrid GWO-ABC (Eq. 12, fixed K)",569,100.0,0.0,6.111782530401433,43.888217469598565,56900.0,56900.0,5690.0,22760000.0,1.0,0.07708848727781033,10.0,23.5793921509329,123.46570669652544,1.0531123406854246,0.33904199268013224,0.1229105200003687,1.0
"Hybrid GWO-ABC (Eq. 12, fixed K)",570,100.0,0.0,6.03397986648657,43.966020133513425,57000.0,57000.0,5700.0,22800000.0,1.0,0.07780266391486226,10.0,22.71169356144879,125.60992975648404,0.9524725435560487,0.32862386192464743,0.12083031999900413,1.0
"Hybrid GWO-ABC (Eq. 12, fixed K)",571,100.0,0.0,5.9568131589419435,44.04318684105806,57100.0,57100.0,5710.0,22840000.0,1.0,0.07716670754462655,10.0,23.107653124691,124.34216659837992,0.9982297899818938,0.33401989553578093,0.12591530500103545,1.0
"Hybrid GWO-ABC (Eq. 12, fixed K)",572,100.0,0.0,5.879176142256635,44.12082385774336,57200.0,57200.0,5720.0,22880000.0,1.0,0.07763701668530829,10.0,23.022485436986692,125.14137968202515,0.995027089791528,0.33353621335032135,0.12496368500032987,1.0
"Hybrid GWO-ABC (Eq. 12, fixed K)",573,100.0,0.0,5.801913213778696,44.1980867862213,57300.0,57300.0,5730.0,22920000.0,1.0,0.0772629284779393,10.0,23.282477158177237,123.66729162481428,1.0508316846621426,0.3381619348740235,0.126462485000593,1.0
"Hybrid GWO-ABC (Eq. 12, fixed K)",574,100.0,0.0,5.724970922461821,44.27502907753818,57400.0,57400.0,5740.0,22960000.0,1.0,0.07694229131687554,10.0,24.425059764974492,122.95725650118285,1.0569105483392165,0.3421032485070258,0.12523816500106477,1.0
"Hybrid GWO-ABC (Eq. 12, fixed K)",575,100.0,0.0,5.647548923478344,44.35245107652166,57500.0,57500.0,5750.0,23000000.0,1.0,0.07742199898347717,10.0,23.104407271297422,124.78748931547048,0.9961864715746314,0.33588047209457167,0.12058666999982962,1.0
"Hybrid GWO-ABC (Eq. 12, fixed K)",576,100.0,0.0,5.570059318268522,44.42994068173148,57600.0,57600.0,5760.0,23040000.0,1.0,0.07748960520982077,10.0,24.252097745138663,123.94924291887955,1.0299110016775297,0.3433268179737151,0.12213259999953152,1.0
"Hybrid GWO-ABC (Eq. 12, fixed K)",577,100.0,0.0,5.492949654292042,44.50705034570795,57700.0,57700.0,5770.0,23080000.0,1.0,0.0771096639764813,10.0,23.16421127368282,123.81473484829806,0.9984688556900855,0.3392260178528332,0.11849494500092987,1.0
"Hybrid GWO-ABC (Eq. 12, fixed K)",578,100.0,0.0,5.415551307191187,44.58444869280881,57800.0,57800.0,5780.0,23120000.0,1.0,0.07739834710085451,10.0,24.715177279582594,123.97570917496894,0.9808876133666912,0.3388349282281076,0.12617901999874448,1.0
"Hybrid GWO-ABC (Eq. 12, fixed K)",579,100.0,0.0,5.337992731890824,44.66200726810918,57900.0,57900.0,5790.0,23160000.0,1.0,0.07755857530036243,10.0,24.35282099231258,123.68481995812665,1.0098835584825248,0.3409831264881559,0.12137381499996991,1.0
"Hybrid GWO-ABC (Eq. 12, fixed K)",580,100.0,0.0,5.260561233901133,44.73943876609887,58000.0,58000.0,5800.0,23200000.0,1.0,0.07743149798969143,10.0,23.026145003168626,125.37257609467538,0.9787847368725713,0.33777478408977957,0.12533480000092823,1.0
"Hybrid GWO-ABC (Eq. 12, fixed K)",581,100.0,0.0,5.183788702597802,44.8162112974022,58100.0,58100.0,5810.0,23240000.0,1.0,0.07677253130333128,10.0,25.028175030805667,122.64216083263928,1.0466010499720275,0.3410481426622931,0.12237469499923463,1.0
"Hybrid GWO-ABC (Eq. 12, fixed K)",582,100.0,0.0,5.107489526645376,44.89251047335462,58200.0,58200.0,5820.0,23280000.0,1.0,0.0762991759524255,10.0,24.100606593868584,122.69352994423343,1.074157757039802,0.3451628474880185,0.1231412149991229,1.0
"Hybrid GWO-ABC (Eq. 12, fixed K)",583,100.0,0.0,5.0298245875522145,44.97017541244779,58300.0,58300.0,5830.0,23320000.0,1.0,0.07766493909316244,10.0,24.26822179288891,124.8171119387069,0.9844450534592847,0.34107637842567795,0.12287003500023275,1.0
"Hybrid GWO-ABC (Eq. 12, fixed K)",584,100.0,0.0,4.952167089454769,45.04783291054523,58400.0,58400.0,5840.0,23360000.0,1.0,0.07765749809744489,10.0,22.4906745086763,125.42367655984131,0.9555704172756372,0.3357422966101965,0.12516290999992635,1.0
"Hybrid GWO-ABC (Eq. 12, fixed K)",585,100.0,0.0,4.875059949539191,45.12494005046081,58500.0,58500.0,5850.0,23400000.0,1.0,0.07710713991557872,10.0,23.118517821359063,124.62904951784833,1.0040967670562353,0.3395490766959487,0.12431603500008351,1.0
"Hybrid GWO-ABC (Eq. 12, fixed K)",586,100.0,0.0,4.798352864262709,45.20164713573729,58600.0,58600.0,5860.0,23440000.0,1.0,0.0767070852764816,10.0,23.406740747800878,123.4687853697134,1.017828429260946,0.3403521076772671,0.1239030950000597,1.0
"Hybrid GWO-ABC (Eq. 12, fixed K)",587,100.0,0.0,4.720747594403631,45.279252405596374,58700.0,58700.0,5870.0,23480000.0,1.0,0.07760526985907845,10.0,23.897601507426092,123.89508247441384,0.9895126011381115,0.3396693686530298,0.12569472499999393,1.0
"Hybrid GWO-ABC (Eq. 12, fixed K)",588,100.0,0.0,4.643510468836601,45.356489531163405,58800.0,58800.0,5880.0,23520000.0,1.0,0.07723712556703007,10.0,23.179245224640585,124.29785511263792,0.9982741032224217,0.34119642583589416,0.12345863000009558,1.0
"Hybrid GWO-ABC (Eq. 12, fixed K)",589,100.0,0.0,4.566275135945782,45.43372486405421,58900.0,58900.0,5890.0,23560000.0,1.0,0.07723533289081774,10.0,24.069277355651757,123.41837081548795,1.0160823112748008,0.3442554134442583,0.12347311499979696,1.0
"Hybrid GWO-ABC (Eq. 12, fixed K)",590,100.0,0.0,4.489534780678084,45.510465219321915,59000.0,59000.0,5900.0,23600000.0,1.0,0.07674035526769822,10.0,23.459302467059796,123.24922248016453,1.0259676647342246,0.34293998310224116,0.128161359999649,1.0
"Hybrid GWO-ABC (Eq. 12, fixed K)",591,100.0,0.0,4.412843299895091,45.587156700104906,59100.0,59100.0,5910.0,23640000.0,1.0,0.07669148078299379,10.0,24.18991133665516,123.12655469362653,1.0224796342323135,0.3433504254530432,0.1317570750001323,1.0
"Hybrid GWO-ABC (Eq. 12, fixed K)",592,100.0,0.0,4.3353141130340465,45.664685886965955,59200.0,59200.0,5920.0,23680000.0,1.0,0.07752918686104407,10.0,23.980646917090347,124.70646838966336,0.995993760248804,0.3425914119131299,0.12448125999944751,1.0
"Hybrid GWO-ABC (Eq. 12, fixed K)",593,100.0,0.0,4.258059252278649,45.74194074772135,59300.0,59300.0,5930.0,23720000.0,1.0,0.0772548607553976,10.0,22.873648618341573,124.36670163719043,1.0050843180078926,0.3430957098991716,0.12604068000073312,1.0
"Hybrid GWO-ABC (Eq. 12, fixed K)",594,100.0,0.0,4.180709336809249,45.819290663190756,59400.0,59400.0,5940.0,23760000.0,1.0,0.07734991546940001,10.0,24.127332291308914,123.99274434247775,1.0072834128732797,0.34439485267504055,0.1342627400004858,1.0
"Hybrid GWO-ABC (Eq. 12, fixed K)",595,100.0,0.0,4.103903157625419,45.89609684237458,59500.0,59500.0,5950.0,23800000.0,1.0,0.07680617918382952,10.0,24.379123082801108,123.46369344905256,1.0113518474971532,0.34433701515550974,0.12507358000075328,1.0
"Hybrid GWO-ABC (Eq. 12, fixed K)",596,100.0,0.0,4.027205065194631,45.97279493480537,59600.0,59600.0,5960.0,23840000.0,1.0,0.07669809243078737,10.0,23.931230218806707,123.07782810051768,1.0332643800727799,0.34630120500095973,0.12706935499954852,1.0
"Hybrid GWO-ABC (Eq. 12, fixed K)",597,100.0,0.0,3.9503890422273336,46.049610957772664,59700.0,59700.0,5970.0,23880000.0,1.0,0.07681602296729804,10.0,24.15246264703719,123.39140853826356,1.0428390417909494,0.34781215805018084,0.12864739500000724,1.0
"Hybrid GWO-ABC (Eq. 12, fixed K)",598,100.0,0.0,3.8728399918878447,46.127160008112156,59800.0,59800.0,5980.0,23920000.0,1.0,0.07754905033948899,10.0,23.330985600264235,125.24567204266752,0.9503052270334811,0.34175086891043677,0.12202930499915965,1.0
"Hybrid GWO-ABC (Eq. 12, fixed K)",599,100.0,0.0,3.796302080399999,46.2036979196,59900.0,59900.0,5990.0,23960000.0,1.0,0.07653791148784554,10.0,24.071851168369328,122.75141252998006,1.068002770510477,0.3489365723380363,0.1209360300003027,1.0
"Hybrid GWO-ABC (Eq. 12, fixed K)",600,100.0,0.0,3.7190178410864525,46.280982158913545,60000.0,60000.0,6000.0,24000000.0,1.0,0.07728423931354654,10.0,22.870999314609683,124.12025018180918,0.9969949800800387,0.34212139396851426,0.12369876999946428,1.0
"Hybrid GWO-ABC (Eq. 12, fixed K)",601,100.0,0.0,3.641548216097727,46.358451783902275,60100.0,60100.0,6010.0,24040000.0,1.0,0.07746962498872563,10.0,23.838501787135176,124.55468445076845,0.9605580870803416,0.34256455668114894,0.1217582350007433,1.0
"Hybrid GWO-ABC (Eq. 12, fixed K)",602,100.0,0.0,3.5647309211230707,46.43526907887693,60200.0,60200.0,6020.0,24080000.0,1.0,0.0768172949746564,10.0,23.945436345036235,123.75158823588292,1.043235727818563,0.348401498916033,0.12551024000022154,1.0
"Hybrid GWO-ABC (Eq. 12, fixed K)",603,100.0,0.0,3.487427868235413,46.512572131764585,60300.0,60300.0,6030.0,24120000.0,1.0,0.07730305288765786,10.0,22.53758006571127,124.32345889883852,1.013189328147586,0.34802899415432,0.12605387000039628,1.0
"Hybrid GWO-ABC (Eq. 12, fixed K)",604,100.0,0.0,3.4100944581729644,46.58990554182704,60400.0,60400.0,6040.0,24160000.0,1.0,0.07733341006244825,10.0,23.65541471317066,124.04710077981152,1.0152511955126695,0.34665923285587086,0.13437987000070278,1.0
"Hybrid GWO-ABC (Eq. 12, fixed K)",605,100.0,0.0,3.333246601044028,46.666753398955976,60500.0,60500.0,6050.0,24200000.0,1.0,0.07684785712893707,10.0,22.96352990647147,123.84859421215417,1.0789805247860758,0.35089687519689844,0.12114152499962075,1.0
"Hybrid GWO-ABC (Eq. 12, fixed K)",606,100.0,0.0,3.2557193416171613,46.744280658382834,60600.0,60600.0,6060.0,24240000.0,1.0,0.07752725942686627,10.0,24.1669238851987,123.99027510614465,1.0207292177559166,0.34932858489471136,0.12763444500160404,1.0
"Hybrid GWO-ABC (Eq. 12, fixed K)",607,100.0,0.0,3.17894335725296,46.82105664274704,60700.0,60700.0,6070.0,24280000.0,1.0,0.07677598436420115,10.0,25.115281222085187,123.04906148563369,1.0367523960583842,0.35258649984933654,0.12169085000023187,1.0
"Hybrid GWO-ABC (Eq. 12, fixed K)",608,99.95,0.05,3.1017617014045564,46.898238298595444,60800.0,60799.95,6080.0,24320000.0,0.999999177631579,0.07718165584840371,10.0,23.897932971558852,123.95792911702344,1.0274605567462958,0.35073640379187393,0.12953946000088762,0.9994999999999999
"Hybrid GWO-ABC (Eq. 12, fixed K)",609,99.7,0.3,3.024967820731301,46.975032179268695,60899.95,60898.2,6089.95,24359800.0,0.9999712638959588,0.07679388067325524,10.0,24.328858936793537,122.97587693026034,1.0387516592430235,0.8553636901778093,0.12870480999990833,0.9828282828282828
"Hybrid GWO-ABC (Eq. 12, fixed K)",610,99.6,0.4,2.9474325822317486,47.05256741776825,60999.65,60997.8,6099.9,24399600.0,0.9999696687445724,0.07753523849955261,9.95,23.131639187307222,125.85041405857967,0.9615357459192493,0.3495670383117652,0.12534701500007941,0.9989680851063829
"Hybrid GWO-ABC (Eq. 12, fixed K)",611,99.35,0.65,2.870683110991932,47.12931688900807,61099.25,61095.9,6109.8,24439200.0,0.9999451594577886,0.07674947123981626,9.95,22.32194089092117,124.37272804047146,1.0342672409869809,0.8527410162809568,0.13119293000127072,0.9838709677419354
"Hybrid GWO-ABC (Eq. 12, fixed K)",612,98.6,1.4,2.794757441405133,47.20524255859486,61198.6,61192.35,6119.65,24478600.0,0.9998978343356801,0.07592566958679904,9.95,23.427099986236215,123.5233065340469,1.016896682878384,0.855402430754834,0.1283029850004823,0.9673611111111111
"Hybrid GWO-ABC (Eq. 12, fixed K)",613,98.2,1.8,2.716901044293351,47.28309895570665,61297.2,61289.4,6129.4,24517600.0,0.9998726609484556,0.07785639711178209,9.85,22.943796494011288,127.99568419887505,0.9130792114003121,0.8444377795101483,0.1261444500010839,0.9802373158756138
"Hybrid GWO-ABC (Eq. 12, fixed K)",614,97.55,2.45,2.640854072140981,47.35914592785902,61395.4,61381.65,6138.8,24555200.0,0.9997758400285568,0.07604697215237062,9.8,25.162499141648134,124.46135474379261,1.0069937369446937,1.3591950441533407,0.12654235000118205,0.9276919582008178
"Hybrid GWO-ABC (Eq. 12, fixed K)",615,96.85,3.15,2.5647784511331873,47.435221548866814,61492.95,61475.1,6148.2,24592800.0,0.9997093265966754,0.07607562100779344,9.75,22.859584146870162,127.10642110418073,0.9714596879966535,1.3535317607252406,0.12851085000002058,0.9392045454545455
"Hybrid GWO-ABC (Eq. 12, fixed K)",616,96.0,4.0,2.4909665786130604,47.50903342138694,61589.8,61566.45,6157.65,24630600.0,0.999620193270206,0.07381187252012669,9.7,25.26162407229434,123.54842646339664,0.9920487270973574,1.3609691641642416,0.12668425500014563,0.9178371040723983
"Hybrid GWO-ABC (Eq. 12, fixed K)",617,95.25,4.75,2.4170884196034583,47.58291158039654,61685.8,61658.15,6166.9,24667600.0,0.9995506796144698,0.07387815900960171,9.6,23.446814739113453,128.00803228807152,0.9994499503307948,1.358300602999607,0.12995501500008685,0.921875
"Hybrid GWO-ABC (Eq. 12, fixed K)",618,94.15,5.85,2.3449100008270936,47.65508999917291,61781.05,61748.75,6176.05,24704200.0,0.999475592959409,0.07217841877636506,9.55,23.063951722863937,124.26223796080069,0.9897430700540678,1.3561238184889717,0.12374006999962148,0.9085526315789474
"Hybrid GWO-ABC (Eq. 12, fixed K)",619,93.25,6.75,2.2721029088436793,47.72789709115632,61875.2,61838.7,6185.05,24740200.0,0.9994078733527599,0.07280709198341404,9.45,25.575338177763246,128.46860704311933,0.9362938212142538,1.3592329123682523,0.12765884000036748,0.9
"Hybrid GWO-ABC (Eq. 12, fixed K)",620,92.5,7.5,2.2009930547156027,47.7990069452844,61968.45,61928.85,6194.15,24776600.0,0.9993580026792579,0.07110985412807683,9.35,25.77336419773177,127.3892989720135,0.9221233228472523,1.357505322684569,0.12846634999987144,0.9035087719298245
"Hybrid GWO-ABC (Eq. 12, fixed K)",621,91.9,8.1,2.1294721989239647,47.87052780107604,62060.95,62018.8,6203.15,24812600.0,0.999317038197532,0.07152085579163799,9.3,25.50552799749871,130.78372919953418,0.9184707285471662,1.3657514517044334,0.1298043550003058,0.9
"Hybrid GWO-ABC (Eq. 12, fixed K)",622,91.15,8.85,2.0594102390155853,47.940589760984416,62152.85,62106.85,6212.15,24848600.0,0.9992552182275792,0.07006195990837942,9.25,23.884474063228602,128.03921148067732,0.9325884038645406,1.8665106502555482,0.12885432499933813,0.8827027027027027
"Hybrid GWO-ABC (Eq. 12, fixed K)",623,90.25,9.75,1.9898310804412098,48.01016891955879,62244.0,62195.25,6221.1,24884400.0,0.9992111668107274,0.07324121955197439,9.631578947368421,24.460653562222728,125.64422327284383,0.9667222383197278,1.4130156772068365,0.1223068789469452,0.9314194577352471
"Hybrid GWO-ABC (Eq. 12, fixed K)",624,89.45,10.55,1.920865126800538,48.079134873199465,62334.25,62279.95,6229.95,24919800.0,0.9991223189411447,0.07259574067439131,9.526315789473685,25.938771493952146,127.49673711145452,0.9603371280967966,1.9421129141320896,0.12535995263131458,0.8947368421052632
"Hybrid GWO-ABC (Eq. 12, fixed K)",625,89.3,10.7,1.851852617042233,48.14814738295777,62423.7,62369.25,6238.95,24955800.0,0.9991201283093659,0.07264474711400527,9.526315789473685,20.341874214290545,129.83347843667082,0.9132612767531656,0.8880513732908552,0.12375097894753133,0.9468144044321329
"Hybrid GWO-ABC (Eq. 12, fixed K)",626,88.65,11.35,1.7830445242016721,48.21695547579833,62513.0,62454.2,6247.75,24991000.0,0.9990508387092489,0.07645343648951204,9.944444444444445,22.03746894810874,125.15110456686112,0.9846506443939247,1.4698282152690723,0.12713505000040945,0.9496406375667179
"Hybrid GWO-ABC (Eq. 12, fixed K)",627,87.85,12.15,1.7142211777964718,48.28577882220353,62601.65,62536.65,6256.4,25025600.0,0.9989522259381456,0.07647038489466694,9.88888888888889,21.709451837981902,127.94378965162049,0.8976569749648744,2.020975373164107,0.1271455277791473,0.9246631944181333
"Hybrid GWO-ABC (Eq. 12, fixed K)",628,86.95,13.05,1.6469932841246038,48.353006715875395,62689.5,62615.0,6264.75,25059000.0,0.9988013104202735,0.07469765963540885,9.777777777777779,21.6370513784918,125.91137367093592,0.9451710356327742,2.5832564975997916,0.12498660555502283,0.8816192998455699
"Hybrid GWO-ABC (Eq. 12, fixed K)",629,85.55,14.45,1.5812513832783364,48.418748616721665,62776.45,62691.45,6272.85,25091400.0,0.9986348537046247,0.07304655649585282,9.666666666666666,21.63694485324942,124.91312396068345,0.9623878366175873,2.580989983234768,0.1269493277779677,0.8589177278653223
"Hybrid GWO-ABC (Eq. 12, fixed K)",630,83.7,16.3,1.5149586581330068,48.48504134186699,62862.0,62767.75,6280.65,25122600.0,0.9984885857389061,0.07365858349481066,9.5,22.89932064402166,129.60986120531774,0.923683415032099,2.0278801662123134,0.13217232777848645,0.8581696411998366
"Hybrid GWO-ABC (Eq. 12, fixed K)",631,81.85,18.15,1.451566724353508,48.548433275646495,62945.7,62841.45,6288.3,25153200.0,0.9983306256218507,0.07043548197722085,9.333333333333334,25.730371985047515,127.30151712418933,0.9570366240159234,2.5916230829199476,0.12532351111116846,0.8257511129474575
"Hybrid GWO-ABC (Eq. 12, fixed K)",632,79.15,20.85,1.38969549168452,48.61030450831548,63027.55,62912.3,6295.7,25182800.0,0.9981570477904075,0.06874581407665331,9.11111111111111,25.0399904003322,128.30771207202457,0.9660413101175901,3.150285074264671,0.12616375000046295,0.7918423364075537
"Hybrid GWO-ABC (Eq. 12, fixed K)",633,77.05,22.95,1.3290191411125105,48.67098085888749,63106.7,62986.15,6303.15,25212600.0,0.9980737496035468,0.06741816730223274,8.88888888888889,25.40603163524806,133.5673287017743,0.8868996745156424,2.033468598397018,0.12864898888963378,0.8313725490196079
"Hybrid GWO-ABC (Eq. 12, fixed K)",634,75.15,24.85,1.270457129933045,48.72954287006696,63183.75,63056.7,6310.45,25241800.0,0.9979715116372745,0.06506890131051718,8.555555555555555,26.986611284862526,135.30562116241515,0.8216546327887078,2.593729929526204,0.12348048888897109,0.7918657279356299
"Hybrid GWO-ABC (Eq. 12, fixed K)",635,73.5,26.5,1.2135577523334609,48.78644224766654,63258.9,63125.35,6317.6,25270400.0,0.9978693897163092,0.06322153066620463,8.444444444444445,27.664614749417865,134.76399657521745,0.8108466298700138,3.152208624051746,0.12548433888999475,0.7698891325536062
"Hybrid GWO-ABC (Eq. 12, fixed K)",636,72.05,27.95,1.1579564179778115,48.842043582022185,63332.4,63193.7,6324.6,25298400.0,0.997788671126572,0.06177926039516603,8.277777777777779,24.46438074134102,136.48033170124387,0.8248328698427245,3.15934146735613,0.12512382222363763,0.7669252228345921
"Hybrid GWO-ABC (Eq. 12, fixed K)",637,70.65,29.35,1.1026813470662642,48.897318652933734,63404.45,63259.4,6331.25,25325000.0,0.9976892081561821,0.06502949519005567,8.588235294117647,27.188133839436702,136.22207824342905,0.7967462579403585,2.7221861261806466,0.11813698235346237,0.776325344952796
"Hybrid GWO-ABC (Eq. 12, fixed K)",638,69.85,30.15,1.049293559043752,48.950706440956246,63475.1,63325.3,6337.95,25351800.0,0.9976149855786798,0.07118371736334947,9.466666666666667,23.165424543554504,127.0650338852581,1.0077087361790125,1.7036403816289472,0.11840019333321834,0.8859999999999999
"Hybrid GWO-ABC (Eq. 12, fixed K)",639,68.8,31.2,0.9965427816171246,49.00345721838288,63544.95,63390.35,6344.5,25378000.0,0.9975400589867383,0.07033436990216994,9.333333333333334,23.838358061669933,125.66452456111408,0.8912212285859116,1.7004461000061566,0.12456670000004427,0.8709677419354839
"Hybrid GWO-ABC (Eq. 12, fixed K)",640,67.5,32.5,0.9446280673239578,49.05537193267604,63613.75,63451.2,6350.95,25403800.0,0.9974159676037708,0.06921961905755562,9.2,26.028743527944844,128.58914257515693,1.0074494934601173,3.048598595572635,0.13480115333465317,0.8137164422878709
"Hybrid GWO-ABC (Eq. 12, fixed K)",641,66.1,33.9,0.8938704986578794,49.106129501342124,63681.25,63514.45,6357.45,25429800.0,0.9973498651053253,0.06767675822143805,9.0,26.882255107198354,123.17427049409929,0.8611958182804199,2.3671220253254512,0.12225139999985307,0.854356624665903
"Hybrid GWO-ABC (Eq. 12, fixed K)",642,65.05,34.95,0.8442694888034952,49.1557305111965,63747.35,63573.6,6363.75,25455000.0,0.9972417898500812,0.06613467980584561,8.866666666666667,24.621163688135535,129.998420056574,0.8751547504121721,3.0385673961774446,0.1165202199985894,0.7933191489361702
"Hybrid GWO-ABC (Eq. 12, fixed K)",643,63.95,36.05,0.7949563116176084,49.20504368838239,63812.4,63632.85,6370.05,25480200.0,0.9971518322578475,0.0704473959798382,9.357142857142858,27.520894625526967,128.04424647388882,0.949329193548431,3.241016429462384,0.12318074285888413,0.8560524182434295
"Hybrid GWO-ABC (Eq. 12, fixed K)",644,63.1,36.9,0.7463349766193031,49.2536650233807,63876.35,63687.0,6376.1,25504400.0,0.9969999615208659,0.06945904999757886,9.214285714285714,27.753742778030517,130.40913061518594,0.8656091043026913,3.950829823023489,0.11891148571365713,0.7835819333400361
"Hybrid GWO-ABC (Eq. 12, fixed K)",645,62.2,37.8,0.6989069138266674,49.30109308617333,63939.45,63741.75,6382.1,25528400.0,0.9968709820383399,0.0729662504502089,9.76923076923077,23.483834958418566,123.9523536630308,0.9297949179984271,3.446816212876473,0.11780373076740383,0.8568669796298342
"Hybrid GWO-ABC (Eq. 12, fixed K)",646,61.0,39.0,0.6524942121787605,49.34750578782124,64001.65,63792.65,6387.8,25551200.0,0.9966966348255111,0.0714041563813953,9.538461538461538,25.955258900250133,123.39781196770637,0.8936149812942464,4.219940076443837,0.11984062307769469,0.799745015911593
"Hybrid GWO-ABC (Eq. 12, fixed K)",647,59.5,40.5,0.6080578656411898,49.391942134358814,64062.65,63838.75,6393.25,25573000.0,0.9964670386415531,0.06836361005780099,9.384615384615385,23.77487491936988,123.88771567406849,0.9210914703471639,4.988807723790672,0.1167128153846044,0.7279016962095836
"Hybrid GWO-ABC (Eq. 12, fixed K)",648,57.55,42.45,0.5633668366656573,49.43663316333434,64122.15,63883.45,6398.35,25593400.0,0.9962395134396023,0.06875542919312676,9.23076923076923,22.598376354483523,127.87875541870127,0.8559787530071035,4.980046366041251,0.11922937692221379,0.7119277002534921
"Hybrid GWO-ABC (Eq. 12, fixed K)",649,55.45,44.55,0.52029022115476,49.47970977884524,64179.7,63927.0,6403.2,25612800.0,0.996024755049619,0.06627171617061142,8.923076923076923,22.98199414102405,131.4187827236947,0.8271819376956686,4.986414770065749,0.11866286922920083,0.6959486118885343
"Hybrid GWO-ABC (Eq. 12, fixed K)",650,52.7,47.3,0.4780885793393854,49.521911420660615,64235.15,63966.25,6407.45,25629800.0,0.995776472279412,0.06492560279288398,8.538461538461538,26.10499466178014,137.54352570913923,0.7661071186255165,4.991172631045633,0.12510550769142215,0.6217338116252601
"Hybrid GWO-ABC (Eq. 12, fixed K)",651,49.15,50.85,0.4398006214534404,49.56019937854656,64287.85,64000.25,6411.65,25646600.0,0.9954901800704781,0.058904550593761436,8.23076923076923,26.155862763455975,131.80666232758114,0.8276491821763527,7.304170126735924,0.12303491538533798,0.547108256773392
"Hybrid GWO-ABC (Eq. 12, fixed K)",652,45.8,54.2,0.40302054763637163,49.59697945236363,64337.0,64034.7,6415.4,25661600.0,0.995265619802988,0.05658472894933671,7.6923076923076925,29.766365507969603,141.34834410937418,0.6976710236720371,5.7704239368209205,0.11904016923038468,0.5434139129661785
"Hybrid GWO-ABC (Eq. 12, fixed K)",653,42.5,57.5,0.3698260740694625,49.630173925930535,64382.8,64061.95,6418.85,25675400.0,0.9949823051330208,0.05532412261151517,7.833333333333333,28.54082957046499,133.4242543504869,0.7875665189532507,7.048026635918894,0.11963354999898002,0.46480430949735657
"Hybrid GWO-ABC (Eq. 12, fixed K)",654,39.35,60.65,0.34002664022626183,49.65997335977374,64425.3,64089.3,6422.05,25688200.0,0.9947513971604854,0.04966572307200116,7.166666666666667,28.332201796350557,137.41456244588815,0.7332723626432944,7.058502417485329,0.11631683333447047,0.46873739744124604
"Hybrid GWO-ABC (Eq. 12, fixed K)",655,35.9,64.1,0.31032206934683215,49.68967793065317,64464.65,64117.65,6425.25,25701000.0,0.9945841743315471,0.049507618132382795,6.75,37.44284188340415,151.8682768614999,0.7625716053388282,7.074012334401979,0.11794266666705273,0.4898650026251006
"Hybrid GWO-ABC (Eq. 12, fixed K)",656,33.5,66.5,0.2849301654331561,49.71506983456685,64500.55,64142.45,6428.25,25713000.0,0.9944156120974661,0.04231983985612665,6.25,31.400745404015762,147.3093973962633,0.6181011189519435,7.05818968272676,0.10599795000174102,0.43017958613285945
"Hybrid GWO-ABC (Eq. 12, fixed K)",657,31.45,68.55,0.2602981903432204,49.73970180965678,64534.05,64164.25,6430.9,25723600.0,0.9942381668388096,0.04926395017987143,6.9,26.054937804394363,149.27577065677008,0.6353132624030824,7.373364823675447,0.11859375999847543,0.457018145608928
"Hybrid GWO-ABC (Eq. 12, fixed K)",658,29.5,70.5,0.23730966406046328,49.76269033593954,64565.5,64187.1,6433.5,25734000.0,0.9941081399702032,0.057471315706892845,7.875,28.22844113513306,137.5176226499621,0.8510440008390873,5.386741495222636,0.11976906250129105,0.6059246192781185
"Hybrid GWO-ABC (Eq. 12, fixed K)",659,27.8,72.2,0.21657634169806678,49.783423658301935,64595.0,64207.55,6435.75,25743000.0,0.9939713964385659,0.0518333059059912,7.5,27.487938643801137,134.80283495049838,0.6872001378184691,5.3795919871227404,0.12166693749895785,0.5296132780507781
"Hybrid GWO-ABC (Eq. 12, fixed K)",660,25.75,74.25,0.19642851517722143,49.803571484822776,64622.8,64227.75,6437.85,25751400.0,0.99385677679689,0.05756521863098677,7.857142857142857,25.26999631894813,137.3546798781471,0.8057611468320017,4.669356135033511,0.12087612857119114,0.5974657504074711
"Hybrid GWO-ABC (Eq. 12, fixed K)",661,23.8,76.2,0.17751404303258225,49.82248595696742,64648.55,64247.2,6439.8,25759200.0,0.9937618633077807,0.05404134898468338,7.428571428571429,28.553985281660378,143.19322004667345,0.8183686722942835,4.673301976839366,0.12346784285909962,0.5698924731182796
"Hybrid GWO-ABC (Eq. 12, fixed K)",662,21.95,78.05,0.1612549978260517,49.83874500217395,64672.35,64263.85,6441.65,25766600.0,0.9936540932848332,0.04645441487580155,6.857142857142857,32.04931582289894,124.30486021390986,0.7239939544421057,6.099503846997805,0.10889582857115394,0.48447204968944096
"Hybrid GWO-ABC (Eq. 12, fixed K)",663,19.9,80.1,0.1450530136026718,49.85494698639733,64694.3,64280.6,6443.5,25774000.0,0.99357584494847,0.04629138349537109,6.428571428571429,34.5163771103807,149.0878829393089,0.6933865833735661,6.103737100948686,0.1099282285712044,0.4926746456158221
"Hybrid GWO-ABC (Eq. 12, fixed K)",664,18.6,81.4,0.13058177843585575,49.869418221564146,64714.2,64295.4,6445.25,25781000.0,0.9934991707331259,0.04823745055605357,6.833333333333333,39.20111517281688,145.82942301421573,0.6417199823399763,7.059706427933695,0.111918200001431,0.5151339016619306
"Hybrid GWO-ABC (Eq. 12, fixed K)",665,17.9,82.1,0.1172761170491341,49.88272388295086,64732.8,64307.6,6446.85,25787400.0,0.9934030599225057,0.05322264554688662,7.6,31.357293607133283,136.74635374515623,0.766005589255526,8.410776361909473,0.10761310000088997,0.512947725760686
"Hybrid GWO-ABC (Eq. 12, fixed K)",666,17.4,82.6,0.10339472382754852,49.89660527617245,64750.7,64319.8,6448.45,25793800.0,0.993317678475895,0.055525572886342245,7.6,25.913029809850382,145.22954979818243,0.7107208129094016,8.381329317586298,0.11100799999985611,0.5163550667714062
"Hybrid GWO-ABC (Eq. 12, fixed K)",667,16.35,83.65,0.09112970635813941,49.90887029364186,64768.1,64330.1,6449.75,25799000.0,0.9932114675677102,0.06132508734704564,8.5,25.723178606192935,125.98487800271513,0.9171717120515752,7.895072504429491,0.11559407499953522,0.5374037527519305
"Hybrid GWO-ABC (Eq. 12, fixed K)",668,15.45,84.55,0.07908033748946386,49.92091966251054,64784.45,64342.25,6451.1,25804400.0,0.9931489038631509,0.06024684434337778,8.25,22.76062407405452,129.41155664677675,0.6004894598842767,7.852771362975719,0.12065255000015895,0.6543347803881512
"Hybrid GWO-ABC (Eq. 12, fixed K)",669,14.5,85.5,0.06828906437600103,49.931710935624,64799.9,64351.45,6452.25,25809000.0,0.9930557510026368,0.05395636556731411,7.75,23.370608000045163,127.07108052123121,0.7850274068363472,7.883637322119776,0.11215612500018324,0.4964976183804987
"Hybrid GWO-ABC (Eq. 12, fixed K)",670,13.25,86.75,0.05785840864360896,49.94214159135639,64814.4,64358.2,6453.15,25812600.0,0.9929403373949881,0.05215327866196037,7.5,28.481926570274844,141.94921413279403,0.7221119323306555,7.902885929361246,0.10821975000180828,0.35372549019607846
"Hybrid GWO-ABC (Eq. 12, fixed K)",671,11.85,88.15,0.04780974648452076,49.95219025351548,64827.65,64365.0,6453.95,25815800.0,0.9928445028006474,0.05024331079544101,6.75,30.64099452129124,150.6494461274794,0.5161314486816374,7.867276605635363,0.10349172499991255,0.36391694725028056
"Hybrid GWO-ABC (Eq. 12, fixed K)",672,10.85,89.15,0.039424595066910276,49.960575404933095,64839.5,64370.4,6454.75,25819000.0,0.9927488355373262,0.04192575708805238,6.25,34.07089230093226,141.84328954856795,0.5249159583713412,10.390854320145046,0.10979877499994473,0.30894480519480516
"Hybrid GWO-ABC (Eq. 12, fixed K)",673,9.75,90.25,0.032187231159073446,49.96781276884093,64850.35,64376.3,6455.45,25821800.0,0.9926755937026221,0.04824909271891218,7.333333333333333,27.55352788384315,127.40233392503717,0.6130628729256324,7.037613803849417,0.12668383332978314,0.4252044252044252
"Hybrid GWO-ABC (Eq. 12, fixed K)",674,8.4,91.6,0.024995837592599327,49.9750041624074,64860.1,64380.0,6455.95,25823800.0,0.9925860789934532,0.047942623776494164,6.666666666666667,25.638824616041404,154.2632850810079,0.5959321068420338,10.378713888769148,0.11528779999935068,0.25995316159250587
"Hybrid GWO-ABC (Eq. 12, fixed K)",675,6.7,93.3,0.019153136337602385,49.98084686366239,64868.5,64381.7,6456.3,25825200.0,0.9924870311290828,0.038951341699979596,5.333333333333333,34.555422188666995,158.70395170027152,0.6223772959984869,10.396399512171909,0.12916933333084066,0.12056737588652483
"Hybrid GWO-ABC (Eq. 12, fixed K)",676,5.3,94.7,0.013567876551831814,49.98643212344817,64875.2,64385.05,6456.7,25826800.0,0.992437678080065,0.03723506523847048,4.666666666666667,47.57761212521166,172.9803409544198,0.3424233198058088,7.071375194636999,0.11581773333212671,0.2627450980392157
"Hybrid GWO-ABC (Eq. 12, fixed K)",677,4.55,95.45,0.01002146347623233,49.989978536523765,64880.5,64386.45,6456.95,25827800.0,0.9923802152931251,0.023642753837329913,3.6666666666666665,35.91922459256803,149.3825470180593,0.30024881756898897,10.40940492538855,0.11638436666786826,0.11382113821138212
"Hybrid GWO-ABC (Eq. 12, fixed K)",678,3.45,96.55,0.0069973540387050035,49.9930026459613,64885.05,64386.9,6457.05,25828200.0,0.9923198723698917,0.020160729583515506,3.3333333333333335,40.05530875223497,170.35607856914592,0.21912356399632624,10.378450286049436,0.09976766666416854,0.04054054054054054
"Hybrid GWO-ABC (Eq. 12, fixed K)",679,2.75,97.25,0.004582418273971696,49.99541758172603,64888.5,64387.1,6457.1,25828400.0,0.9922721226400016,0.024149357647333072,3.5,56.41661269233236,165.88738913360197,0.20156230316190943,10.421543023251546,0.11583025000072666,0.031746031746031744
"Hybrid GWO-ABC (Eq. 12, fixed K)",680,2.1,97.9,0.002829210741891063,49.99717078925811,64891.25,64387.3,6457.15,25828600.0,0.9922347256446058,0.017532075320806327,3.0,17.481874464829062,167.5261506196193,0.1677017814587847,10.42799162115137,0.11497280000185128,0.03773584905660377
"Hybrid GWO-ABC (Eq. 12, fixed K)",681,1.25,98.75,0.0014025980237862827,49.99859740197621,64893.35,64387.3,6457.15,25828600.0,0.9922039580988982,0.0142661271810478,2.5,38.71761598618407,183.3631205658608,0.35908370400818185,10.386912277096771,0.1095466500009934,0.0
"Hybrid GWO-ABC (Eq. 12, fixed K)",682,0.65,99.35,0.0002965091245947897,49.999703490875405,64894.6,64387.3,6457.15,25828600.0,0.9921856638959339,0.02212177798382986,3.0,61.834199175282954,191.40950091971243,0.6669332800213226,10.473580383734662,0.10559949999878881,0.0
"Hybrid GWO-ABC (Eq. 12, fixed K)",683,0.1,99.9,8.511637277279081e-05,49.99991488362723,64895.25,64387.3,6457.15,25828600.0,0.9921761562321858,0.004227855036439978,1.0,60.06987875950929,171.73049166639896,0.0,10.451791368271902,0.09390209999401122,0.0
"Hybrid GWO-ABC (Eq. 12, fixed K)",684,0.05,99.95,3.96802514698382e-06,49.99999603197485,64895.35,64387.3,6457.15,25828600.0,0.9921746938376816,0.00162296695251614,1.0,16.739092779824592,197.1621964147863,0.0,10.527094844859652,0.1017515000057756,0.0
"Hybrid GWO-ABC (Eq. 12, fixed K)",685,0.0,100.0,0.0,50.0,64895.4,64387.3,6457.15,25828600.0,0.9921739626727215,7.93605029396764e-05,1.0,,195.45478832370114,0.0,10.346254247095658,0.10083399999712128,0.0
"Hybrid GWO-ABC (Eq. 12, fixed K)",686,0.0,100.0,0.0,50.0,64895.4,64387.3,6457.15,25828600.0,0.9921739626727215,,,,,,,,
"Hybrid GWO-ABC (Eq. 12, fixed K)",687,0.0,100.0,0.0,50.0,64895.4,64387.3,6457.15,25828600.0,0.9921739626727215,,,,,,,,
"Hybrid GWO-ABC (Eq. 12, fixed K)",688,0.0,100.0,0.0,50.0,64895.4,64387.3,6457.15,25828600.0,0.9921739626727215,,,,,,,,
"Hybrid GWO-ABC (Eq. 12, fixed K)",689,0.0,100.0,0.0,50.0,64895.4,64387.3,6457.15,25828600.0,0.9921739626727215,,,,,,,,
"Hybrid GWO-ABC (Eq. 12, fixed K)",690,0.0,100.0,0.0,50.0,64895.4,64387.3,6457.15,25828600.0,0.9921739626727215,,,,,,,,
"Hybrid GWO-ABC (Eq. 12, fixed K)",691,0.0,100.0,0.0,50.0,64895.4,64387.3,6457.15,25828600.0,0.9921739626727215,,,,,,,,
"Hybrid GWO-ABC (Eq. 12, fixed K)",692,0.0,100.0,0.0,50.0,64895.4,64387.3,6457.15,25828600.0,0.9921739626727215,,,,,,,,
"Hybrid GWO-ABC (Eq. 12, fixed K)",693,0.0,100.0,0.0,50.0,64895.4,64387.3,6457.15,25828600.0,0.9921739626727215,,,,,,,,
"Hybrid GWO-ABC (Eq. 12, fixed K)",694,0.0,100.0,0.0,50.0,64895.4,64387.3,6457.15,25828600.0,0.9921739626727215,,,,,,,,
"Hybrid GWO-ABC (Eq. 12, fixed K)",695,0.0,100.0,0.0,50.0,64895.4,64387.3,6457.15,25828600.0,0.9921739626727215,,,,,,,,
"Hybrid GWO-ABC (Eq. 12, fixed K)",696,0.0,100.0,0.0,50.0,64895.4,64387.3,6457.15,25828600.0,0.9921739626727215,,,,,,,,
"Hybrid GWO-ABC (Eq. 12, fixed K)",697,0.0,100.0,0.0,50.0,64895.4,64387.3,6457.15,25828600.0,0.9921739626727215,,,,,,,,
"Hybrid GWO-ABC (Eq. 12, fixed K)",698,0.0,100.0,0.0,50.0,64895.4,64387.3,6457.15,25828600.0,0.9921739626727215,,,,,,,,
"Hybrid GWO-ABC (Eq. 12, fixed K)",699,0.0,100.0,0.0,50.0,64895.4,64387.3,6457.15,25828600.0,0.9921739626727215,,,,,,,,
"Hybrid GWO-ABC (Eq. 12, fixed K)",700,0.0,100.0,0.0,50.0,64895.4,64387.3,6457.15,25828600.0,0.9921739626727215,,,,,,,,
"Hybrid GWO-ABC (Eq. 12, fixed K)",701,0.0,100.0,0.0,50.0,64895.4,64387.3,6457.15,25828600.0,0.9921739626727215,,,,,,,,
"Hybrid GWO-ABC (Eq. 12, fixed K)",702,0.0,100.0,0.0,50.0,64895.4,64387.3,6457.15,25828600.0,0.9921739626727215,,,,,,,,
"Hybrid GWO-ABC (Eq. 12, fixed K)",703,0.0,100.0,0.0,50.0,64895.4,64387.3,6457.15,25828600.0,0.9921739626727215,,,,,,,,
"Hybrid GWO-ABC (Eq. 12, fixed K)",704,0.0,100.0,0.0,50.0,64895.4,64387.3,6457.15,25828600.0,0.9921739626727215,,,,,,,,
"Hybrid GWO-ABC (Eq. 12, fixed K)",705,0.0,100.0,0.0,50.0,64895.4,64387.3,6457.15,25828600.0,0.9921739626727215,,,,,,,,
"Hybrid GWO-ABC (Eq. 12, fixed K)",706,0.0,100.0,0.0,50.0,64895.4,64387.3,6457.15,25828600.0,0.9921739626727215,,,,,,,,
"Hybrid GWO-ABC (Eq. 12, fixed K)",707,0.0,100.0,0.0,50.0,64895.4,64387.3,6457.15,25828600.0,0.9921739626727215,,,,,,,,
"Hybrid GWO-ABC (Eq. 12, fixed K)",708,0.0,100.0,0.0,50.0,64895.4,64387.3,6457.15,25828600.0,0.9921739626727215,,,,,,,,
"Hybrid GWO-ABC (Eq. 12, fixed K)",709,0.0,100.0,0.0,50.0,64895.4,64387.3,6457.15,25828600.0,0.9921739626727215,,,,,,,,
"Hybrid GWO-ABC (Eq. 12, fixed K)",710,0.0,100.0,0.0,50.0,64895.4,64387.3,6457.15,25828600.0,0.9921739626727215,,,,,,,,
"Hybrid GWO-ABC (Eq. 12, fixed K)",711,0.0,100.0,0.0,50.0,64895.4,64387.3,6457.15,25828600.0,0.9921739626727215,,,,,,,,
"Hybrid GWO-ABC (Eq. 12, fixed K)",712,0.0,100.0,0.0,50.0,64895.4,64387.3,6457.15,25828600.0,0.9921739626727215,,,,,,,,
"Hybrid GWO-ABC (Eq. 12, fixed K)",713,0.0,100.0,0.0,50.0,64895.4,64387.3,6457.15,25828600.0,0.9921739626727215,,,,,,,,
"Hybrid GWO-ABC (Eq. 12, fixed K)",714,0.0,100.0,0.0,50.0,64895.4,64387.3,6457.15,25828600.0,0.9921739626727215,,,,,,,,
"Hybrid GWO-ABC (Eq. 12, fixed K)",715,0.0,100.0,0.0,50.0,64895.4,64387.3,6457.15,25828600.0,0.9921739626727215,,,,,,,,
"Hybrid GWO-ABC (Eq. 12, fixed K)",716,0.0,100.0,0.0,50.0,64895.4,64387.3,6457.15,25828600.0,0.9921739626727215,,,,,,,,
"Hybrid GWO-ABC (Eq. 12, fixed K)",717,0.0,100.0,0.0,50.0,64895.4,64387.3,6457.15,25828600.0,0.9921739626727215,,,,,,,,
"Hybrid GWO-ABC (Eq. 12, fixed K)",718,0.0,100.0,0.0,50.0,64895.4,64387.3,6457.15,25828600.0,0.9921739626727215,,,,,,,,
"Hybrid GWO-ABC (Eq. 12, fixed K)",719,0.0,100.0,0.0,50.0,64895.4,64387.3,6457.15,25828600.0,0.9921739626727215,,,,,,,,
"Hybrid GWO-ABC (Eq. 12, fixed K)",720,0.0,100.0,0.0,50.0,64895.4,64387.3,6457.15,25828600.0,0.9921739626727215,,,,,,,,
"Hybrid GWO-ABC (Eq. 12, fixed K)",721,0.0,100.0,0.0,50.0,64895.4,64387.3,6457.15,25828600.0,0.9921739626727215,,,,,,,,
"Hybrid GWO-ABC (Eq. 12, fixed K)",722,0.0,100.0,0.0,50.0,64895.4,64387.3,6457.15,25828600.0,0.9921739626727215,,,,,,,,
"Hybrid GWO-ABC (Eq. 12, fixed K)",723,0.0,100.0,0.0,50.0,64895.4,64387.3,6457.15,25828600.0,0.9921739626727215,,,,,,,,
"Hybrid GWO-ABC (Eq. 12, fixed K)",724,0.0,100.0,0.0,50.0,64895.4,64387.3,6457.15,25828600.0,0.9921739626727215,,,,,,,,
"Hybrid GWO-ABC (Eq. 12, fixed K)",725,0.0,100.0,0.0,50.0,64895.4,64387.3,6457.15,25828600.0,0.9921739626727215,,,,,,,,
"Hybrid GWO-ABC (Eq. 12, fixed K)",726,0.0,100.0,0.0,50.0,64895.4,64387.3,6457.15,25828600.0,0.9921739626727215,,,,,,,,
"Hybrid GWO-ABC (Eq. 12, fixed K)",727,0.0,100.0,0.0,50.0,64895.4,64387.3,6457.15,25828600.0,0.9921739626727215,,,,,,,,
"Hybrid GWO-ABC (Eq. 12, fixed K)",728,0.0,100.0,0.0,50.0,64895.4,64387.3,6457.15,25828600.0,0.9921739626727215,,,,,,,,
Hybrid GWO-ABC,1,100.0,0.0,49.9072364060196,0.09276359398040271,100.0,100.0,9.95,39800.0,1.0,0.09276359398040271,9.95,14.637660940201354,150.90241366814558,0.11438320634402191,0.20792984586576133,0.12157826000002388,1.0
Hybrid GWO-ABC,2,100.0,0.0,49.81411514903577,0.18588485096422397,200.0,200.0,19.95,79800.0,1.0,0.09312125698382126,10.0,14.153155328725651,151.2573290928918,0.10196733150810156,0.205071344331673,0.12673616999963996,1.0
Hybrid GWO-ABC,3,100.0,0.0,49.72083277485025,0.2791672251497541,300.0,300.0,29.95,119800.0,1.0,0.09328237418553016,10.0,14.258684369708082,151.55673506395485,0.11425662160875841,0.2075203436267782,0.13255102999974042,1.0
Hybrid GWO-ABC,4,100.0,0.0,49.627628732475515,0.3723712675244865,400.0,400.0,39.95,159800.0,1.0,0.09320404237473241,10.0,14.393050257032467,151.49126929466473,0.10889749146386332,0.20695560114855543,0.1238504050001211,1.0
Hybrid GWO-ABC,5,100.0,0.0,49.53474495753139,0.4652550424686105,500.0,500.0,49.95,199800.0,1.0,0.09288377494412395,10.0,14.751864704790155,150.76741663756457,0.11818124251358084,0.20830843538352245,0.12580030499884742,1.0
Hybrid GWO-ABC,6,100.0,0.0,49.44164642385595,0.5583535761440498,600.0,600.0,59.95,239800.0,1.0,0.0930985336754393,10.0,14.307617449874755,150.91136906035203,0.1293470100624475,0.2094303984203642,0.13510154499927013,1.0
Hybrid GWO-ABC,7,100.0,0.0,49.34823320732623,0.6517667926737676,700.0,700.0,69.9,279600.0,1.0,0.09341321652971786,9.95,14.293137284569886,151.2433220204204,0.11012919012253194,0.20751605675925372,0.12918294999944918,1.0
Hybrid GWO-ABC,8,100.0,0.0,49.2545579138466,0.7454420861534075,800.0,800.0,79.85,319400.0,1.0,0.09367529347963988,9.95,15.051101615073486,151.18291251107132,0.12685372502527142,0.21166335214191295,0.12732931000064127,1.0
Hybrid GWO-ABC,9,100.0,0.0,49.16167541478157,0.8383245852184323,900.0,900.0,89.8,359200.0,1.0,0.09288249906502485,9.95,15.233028745378457,149.99846160024487,0.16162334932368091,0.2161034341832654,0.13032281500127282,1.0
Hybrid GWO-ABC,10,100.0,0.0,49.06848001193235,0.9315199880676495,1000.0,1000.0,99.8,399200.0,1.0,0.09319540284921715,10.0,15.863153379515547,149.9919604345465,0.171404983110348,0.21860694609631054,0.13168644000033963,1.0
Hybrid GWO-ABC,11,100.0,0.0,48.97657597767473,1.0234240223252709,1100.0,1100.0,109.65,438600.0,1.0,0.09190403425762135,9.85,15.909330532436641,149.37314123320814,0.18392918564417957,0.22254252987970338,0.12896782499919937,1.0
Hybrid GWO-ABC,12,100.0,0.0,48.88787579712357,1.1121242028764318,1200.0,1200.0,119.4,477600.0,1.0,0.08870018055116091,9.75,17.919194703810767,145.85873820867042,0.21537584393872863,0.2271276597022859,0.13342687500116882,1.0
Hybrid GWO-ABC,13,100.0,0.0,48.8020397303941,1.197960269605905,1300.0,1300.0,129.1,516400.0,1.0,0.08583606672947326,9.7,18.58862641394997,143.4807910283899,0.2364853675301081,0.229646637970294,0.13261001999962901,1.0
Hybrid GWO-ABC,14,100.0,0.0,48.715387817168775,1.284612182831226,1400.0,1400.0,138.9,555600.0,1.0,0.08665191322532095,9.8,17.45109360572958,144.02080729962947,0.2811813758344953,0.23402588644246233,0.12790994999995747,1.0
Hybrid GWO-ABC,15,100.0,0.0,48.631341730529,1.3686582694710019,1500.0,1500.0,148.5,594000.0,1.0,0.0840460866397759,9.6,18.842410869508775,140.81733205309177,0.31381019212183925,0.24004173193144887,0.12645313500106567,1.0
Hybrid GWO-ABC,16,100.0,0.0,48.549008524134,1.4509914758660016,1600.0,1600.0,157.2,628800.0,1.0,0.08233320639499979,8.7,20.49000588161686,140.9763466190357,0.2526952666765573,0.2432104635416775,0.13107399999971675,1.0
Hybrid GWO-ABC,17,100.0,0.0,48.464850844284065,1.5351491557159356,1700.0,1700.0,166.7,666800.0,1.0,0.08415767984993394,9.5,19.24618011197814,141.42334150198832,0.2902708455960009,0.23921144814449874,0.12827074999950128,1.0
Hybrid GWO-ABC,18,100.0,0.0,48.38142429102929,1.6185757089707091,1800.0,1800.0,175.65,702600.0,1.0,0.08342655325477359,8.95,18.819673983407704,141.8251997624095,0.3164017409160932,0.2482950847655371,0.13056379500012555,1.0
Hybrid GWO-ABC,19,100.0,0.0,48.29906296349448,1.7009370365055214,1900.0,1900.0,184.0,736000.0,1.0,0.08236132753481229,8.35,19.63309732374248,142.1720543609278,0.27383124063400544,0.24990288141381728,0.13231012499963982,1.0
Hybrid GWO-ABC,20,100.0,0.0,48.21799180988104,1.7820081901189553,2000.0,2000.0,192.9,771600.0,1.0,0.08107115361343382,8.9,20.660662239842424,137.45009696462145,0.4114475013857294,0.26233152746667376,0.13369724499971197,1.0
Hybrid GWO-ABC,21,100.0,0.0,48.134746035077185,1.8652539649228177,2100.0,2100.0,201.95,807800.0,1.0,0.08324577480386246,9.05,19.060633568788496,140.41295114054333,0.35262668353805177,0.2521644778920632,0.13583603500046593,1.0
Hybrid GWO-ABC,22,100.0,0.0,48.05059084428839,1.9494091557116149,2200.0,2200.0,211.25,845000.0,1.0,0.08415519078879719,9.3,20.11369008710181,140.0845202137222,0.3477496418242391,0.2512289139455177,0.13901236000019707,1.0
Hybrid GWO-ABC,23,100.0,0.0,47.96766363421026,2.0323363657897433,2300.0,2300.0,220.35,881400.0,1.0,0.08292721007812816,9.1,19.771539413728288,139.29096718592893,0.35835321146525345,0.2531181824484643,0.12961345500079915,1.0
Hybrid GWO-ABC,24,100.0,0.0,47.88571313157967,2.1142868684203275,2400.0,2400.0,228.55,914200.0,1.0,0.08195050263058441,8.2,20.34474978946063,140.5738780844296,0.2681234563666458,0.2511890909740044,0.13269160000018018,1.0
Hybrid GWO-ABC,25,100.0,0.0,47.80380837750185,2.1961916224981466,2500.0,2500.0,236.7,946800.0,1.0,0.08190475407781897,8.15,19.400593091988505,141.78399035018143,0.3085446535874862,0.25701031608903646,0.13258963500011306,1.0
Hybrid GWO-ABC,26,100.0,0.0,47.72193955178742,2.278060448212579,2600.0,2600.0,245.4,981600.0,1.0,0.0818688257144327,8.7,20.040925473561234,139.149625874904,0.42478659330081037,0.26278827498912166,0.13106847500021104,1.0
Hybrid GWO-ABC,27,100.0,0.0,47.640011930284594,2.3599880697154054,2700.0,2700.0,253.7,1014800.0,1.0,0.08192762150282604,8.3,20.78052672945062,139.64086140299668,0.3296814610083695,0.25934323038785345,0.13602896500051428,1.0
Hybrid GWO-ABC,28,100.0,0.0,47.5577630837379,2.4422369162620945,2800.0,2800.0,262.3,1049200.0,1.0,0.08224884654668933,8.6,19.988144052324927,139.5820198553133,0.3621372595419561,0.2599403745902957,0.12924325000058162,1.0
Hybrid GWO-ABC,29,100.0,0.0,47.476573409748546,2.523426590251456,2900.0,2900.0,270.4,1081600.0,1.0,0.08118967398936121,8.1,19.530029546689324,139.9804524509796,0.39078835672996853,0.2664355720489542,0.1319306849989516,1.0
Hybrid GWO-ABC,30,100.0,0.0,47.39395848927292,2.606041510727077,3000.0,3000.0,279.15,1116600.0,1.0,0.08261492047562129,8.75,20.08529306053088,139.75207363811415,0.3356577835919504,0.255099171955844,0.13312800000021524,1.0
Hybrid GWO-ABC,31,100.0,0.0,47.31288507046115,2.687114929538846,3100.0,3100.0,287.85,1151400.0,1.0,0.08107341881176885,8.7,23.314034710700756,135.12644496492126,0.43620688256179935,0.2690606074560526,0.1337266450002062,1.0
Hybrid GWO-ABC,32,100.0,0.0,47.233632665707525,2.766367334292475,3200.0,3200.0,295.75,1183000.0,1.0,0.07925240475362898,7.9,23.98063167507109,135.98561837865367,0.41789436152690385,0.2762685048095247,0.13027614999991782,1.0
Hybrid GWO-ABC,33,100.0,0.0,47.153810376231824,2.8461896237681734,3300.0,3300.0,302.95,1211800.0,1.0,0.07982228947569858,7.2,23.382503186503797,139.23059550536843,0.2934887968919817,0.27007073982581364,0.1321644750001724,1.0
Hybrid GWO-ABC,34,100.0,0.0,47.074061251250086,2.9259387487499158,3400.0,3400.0,310.8,1243200.0,1.0,0.07974912498174228,7.85,23.19827808389372,135.88020143019043,0.40664216199328906,0.2707036525969785,0.13676338000113902,1.0
Hybrid GWO-ABC,35,100.0,0.0,46.995547125194264,3.0044528748057386,3500.0,3500.0,318.1,1272400.0,1.0,0.07851412605582304,7.3,25.69576944690714,135.1502934777988,0.3276070106013419,0.27480572912523005,0.1340064550000534,1.0
Hybrid GWO-ABC,36,100.0,0.0,46.91593116890093,3.0840688310990716,3600.0,3600.0,325.9,1303600.0,1.0,0.0796159562933326,7.8,24.617754739020366,135.53651055761526,0.4086265168342017,0.2764287546536438,0.13410367000033147,1.0
Hybrid GWO-ABC,37,100.0,0.0,46.83656856773841,3.163431432261588,3700.0,3700.0,334.3,1337200.0,1.0,0.07936260116251645,8.4,23.703430367956184,134.01931959236168,0.47252402710717245,0.2749078039198111,0.13289320500043686,1.0
Hybrid GWO-ABC,38,100.0,0.0,46.756597536284225,3.2434024637157735,3800.0,3800.0,341.65,1366600.0,1.0,0.07997103145418549,7.35,22.714325559651478,138.13084635360076,0.3199816492135007,0.27062397994676723,0.14427859999923384,1.0
Hybrid GWO-ABC,39,100.0,0.0,46.676457258397896,3.323542741602104,3900.0,3900.0,348.9,1395600.0,1.0,0.08014027788633057,7.25,24.300170725783474,137.7799137362929,0.28510951005888474,0.26944539389407396,0.14172829499984801,1.0
Hybrid GWO-ABC,40,100.0,0.0,46.597199435121524,3.402800564878477,4000.0,4000.0,356.0,1424000.0,1.0,0.07925782327637343,7.1,24.38584407072498,136.40841954890857,0.3357855870310015,0.2774739083582737,0.1336392650002381,1.0
Hybrid GWO-ABC,41,100.0,0.0,46.519534943048,3.4804650569520006,4100.0,4100.0,363.6,1454400.0,1.0,0.07766449207352295,7.6,25.94415359752382,133.13915809338272,0.4396362951820249,0.28181312653399576,0.12922841499967036,1.0
Hybrid GWO-ABC,42,100.0,0.0,46.44032850935501,3.559671490644989,4200.0,4200.0,371.25,1485000.0,1.0,0.079206433692989,7.65,22.495769867005457,137.1185266724577,0.40189565592373266,0.27610158376820876,0.1280035999996471,1.0
Hybrid GWO-ABC,43,100.0,0.0,46.36173889626077,3.638261103739231,4300.0,4300.0,378.7,1514800.0,1.0,0.07858961309424188,7.45,23.04861243789267,136.5560448641206,0.3976061985376249,0.2766770055260196,0.13395196000019496,1.0
Hybrid GWO-ABC,44,100.0,0.0,46.2829306646487,3.7170693353512916,4400.0,4400.0,385.7,1542800.0,1.0,0.07880823161206081,7.0,24.471982816902386,137.87927372614217,0.30089029897976477,0.2754334475890679,0.1350280200011184,1.0
Hybrid GWO-ABC,45,100.0,0.0,46.20228785004538,3.797712149954618,4500.0,4500.0,393.1,1572400.0,1.0,0.08064281460332587,7.4,22.716102063186092,138.5796671780276,0.34601830506026104,0.27549901372967034,0.13498402500008524,1.0
Hybrid GWO-ABC,46,100.0,0.0,46.12258995321214,3.877410046787863,4600.0,4600.0,400.3,1601200.0,1.0,0.07969789683324535,7.2,22.711506008888694,138.5475998505804,0.32828395234666036,0.27505575186320536,0.13062101499999698,1.0
Hybrid GWO-ABC,47,100.0,0.0,46.04307540363037,3.9569245963696345,4700.0,4700.0,407.65,1630600.0,1.0,0.07951454958177173,7.35,23.75346366414218,137.06685890256597,0.3440988567763962,0.27424933379283467,0.13126164999994216,1.0
Hybrid GWO-ABC,48,100.0,0.0,45.96288687895448,4.037113121045526,4800.0,4800.0,415.45,1661800.0,1.0,0.08018852467589106,7.8,21.157096076164756,138.8261341085803,0.391551773688264,0.2721500749434547,0.1337569949995668,1.0
Hybrid GWO-ABC,49,100.0,0.0,45.8835380606581,4.116461939341901,4900.0,4900.0,423.6,1694400.0,1.0,0.0793488182963749,8.15,22.255101509961538,135.07208604585392,0.5306035846056162,0.28130418101980526,0.1355087049996655,1.0
Hybrid GWO-ABC,50,100.0,0.0,45.80490951173308,4.19509048826692,5000.0,5000.0,430.9,1723600.0,1.0,0.078628548925019,7.3,22.715232504830425,136.8052920302994,0.3820546795735379,0.2790876914521767,0.13542058500024723,1.0
Hybrid GWO-ABC,51,100.0,0.0,45.727433039210304,4.272566960789698,5100.0,5100.0,438.05,1752200.0,1.0,0.07747647252277723,7.15,23.92162251158172,134.72462595354813,0.4421226275878783,0.2879386450929144,0.13219315499954973,1.0
Hybrid GWO-ABC,52,100.0,0.0,45.64767804036252,4.352321959637476,5200.0,5200.0,445.3,1781200.0,1.0,0.07975499884777867,7.25,23.700013683401995,137.26408805092106,0.3504863532000045,0.27609894893938525,0.12717613499953587,1.0
Hybrid GWO-ABC,53,100.0,0.0,45.567813730449004,4.432186269550995,5300.0,5300.0,453.4,1813600.0,1.0,0.07986430991351945,8.1,22.96337593530888,135.413384502836,0.4402490647293291,0.27526715448944994,0.13398189000181446,1.0
Hybrid GWO-ABC,54,100.0,0.0,45.49070132871761,4.509298671282389,5400.0,5400.0,460.5,1842000.0,1.0,0.07711240173139337,7.1,24.766233054391193,134.24774075615053,0.493747734228394,0.2922272403817589,0.13385441500031448,1.0
Hybrid GWO-ABC,55,100.0,0.0,45.412860448138524,4.587139551861474,5500.0,5500.0,467.05,1868200.0,1.0,0.07784088057908604,6.55,23.047449018405374,137.27385225699445,0.38794601737992235,0.2907214633785932,0.13962225999966904,1.0
Hybrid GWO-ABC,56,100.0,0.0,45.33486966278725,4.6651303372127515,5600.0,5600.0,474.3,1897200.0,1.0,0.07799078535127642,7.25,23.63253548381837,135.22128195527267,0.4581176567815586,0.2881389143174918,0.12853396499995143,1.0
Hybrid GWO-ABC,57,100.0,0.0,45.25750645406804,4.742493545931957,5700.0,5700.0,481.6,1926400.0,1.0,0.07736320871920555,7.3,24.79148922500844,133.25046870146016,0.527759692653309,0.2892891205845357,0.13703151000045183,1.0
Hybrid GWO-ABC,58,100.0,0.0,45.179306160928334,4.8206938390716685,5800.0,5800.0,489.05,1956200.0,1.0,0.07820029313971197,7.45,24.258036063017112,134.68099983143637,0.49012534914453976,0.28980853691314645,0.13536740999988978,1.0
Hybrid GWO-ABC,59,100.0,0.0,45.10133586684611,4.898664133153893,5900.0,5900.0,496.6,1986400.0,1.0,0.07797029408222436,7.55,23.952187276868962,132.7103060648586,0.5480601544125633,0.2916423829444609,0.13213392499965265,1.0
Hybrid GWO-ABC,60,100.0,0.0,45.023808631982845,4.9761913680171554,6000.0,6000.0,503.75,2015000.0,1.0,0.07752723486326225,7.15,25.011085392464047,134.50428702662325,0.46123955931056004,0.28978955427577197,0.12925605500131496,1.0
Hybrid GWO-ABC,61,100.0,0.0,44.94714034053535,5.052859659464649,6100.0,6100.0,511.25,2045000.0,1.0,0.07666829144749379,7.5,26.116916617143726,129.58879423681998,0.6077681903955863,0.2991150291045797,0.1321647100008704,1.0
Hybrid GWO-ABC,62,100.0,0.0,44.86883563358731,5.131164366412692,6200.0,6200.0,518.55,2074200.0,1.0,0.07830470694804319,7.3,23.30483266847934,136.36820238169759,0.4414454017798001,0.284392927759349,0.13447124499980417,1.0
Hybrid GWO-ABC,63,100.0,0.0,44.79193142623929,5.208068573760718,6300.0,6300.0,525.75,2103000.0,1.0,0.07690420734802572,7.2,25.655382968567885,131.3080165079726,0.5129133748091466,0.2921812305399356,0.13307269500000984,1.0
Hybrid GWO-ABC,64,100.0,0.0,44.71502525142081,5.2849747485791925,6400.0,6400.0,532.55,2130200.0,1.0,0.07690617481847432,6.8,24.749504982740273,135.05197751365534,0.4594181695619956,0.29152873609272445,0.130995749999056,1.0
Hybrid GWO-ABC,65,100.0,0.0,44.636513165432945,5.363486834567057,6500.0,6500.0,540.45,2161800.0,1.0,0.07851208598786456,7.9,22.308709329603786,134.69327439328276,0.5253943985360634,0.2858891092809969,0.12919255500055443,1.0
Hybrid GWO-ABC,66,100.0,0.0,44.558625448950565,5.441374551049437,6600.0,6600.0,548.1,2192400.0,1.0,0.07788771648238005,7.65,24.223550355211394,132.26227655604916,0.5909610168599131,0.29252093151408387,0.13848385000019334,1.0
Hybrid GWO-ABC,67,100.0,0.0,44.48171649634979,5.5182835036502045,6700.0,6700.0,555.3,2221200.0,1.0,0.07690895260076758,7.2,24.5746171504083,132.48393658197452,0.5848551653005203,0.3015606721453613,0.13435540499958734,1.0
Hybrid GWO-ABC,68,100.0,0.0,44.402620725379215,5.597379274620785,6800.0,6800.0,563.15,2252600.0,1.0,0.0790957709705804,7.85,22.563288008205515,135.18919696619488,0.5367862792975495,0.28936488530334714,0.13723880499819643,1.0
Hybrid GWO-ABC,69,100.0,0.0,44.32589484271984,5.674105157280158,6900.0,6900.0,570.0,2280000.0,1.0,0.07672588265937356,6.85,24.153007547111695,134.76527733085757,0.4852840799694348,0.2951291410853894,0.1343528499997774,1.0
Hybrid GWO-ABC,70,100.0,0.0,44.24891728028726,5.751082719712741,7000.0,7000.0,577.05,2308200.0,1.0,0.07697756243258311,7.05,24.90369903713206,132.95204716255404,0.505717582037585,0.2921820899116798,0.13417099500111362,1.0
Hybrid GWO-ABC,71,100.0,0.0,44.17186838381061,5.828131616189389,7100.0,7100.0,584.65,2338600.0,1.0,0.0770488964766475,7.6,26.049653352605738,130.80372851090564,0.5789443308332853,0.29443897987433265,0.13672732500162965,1.0
Hybrid GWO-ABC,72,100.0,0.0,44.09436420596535,5.905635794034653,7200.0,7200.0,591.45,2365800.0,1.0,0.07750417784526462,6.8,24.10522871960142,136.15302139367802,0.42521166790783305,0.2884388398723567,0.13303845500049646,1.0
Hybrid GWO-ABC,73,100.0,0.0,44.01769660048769,5.982303399512311,7300.0,7300.0,599.1,2396400.0,1.0,0.07666760547765747,7.65,24.796359525995523,131.05360060041383,0.7062502337821976,0.30141754948372307,0.13651037999952678,1.0
Hybrid GWO-ABC,74,100.0,0.0,43.941236863092925,6.058763136907073,7400.0,7400.0,606.5,2426000.0,1.0,0.07645973739476233,7.4,25.4200002610414,130.24397570788778,0.6534390176418711,0.30156721683828247,0.13788437500043074,1.0
Hybrid GWO-ABC,75,100.0,0.0,43.86409103113426,6.135908968865742,7500.0,7500.0,613.3,2453200.0,1.0,0.0771458319586685,6.8,25.569084540535467,134.14809841560805,0.385152181455349,0.2861713190357096,0.13928811000005226,1.0
Hybrid GWO-ABC,76,100.0,0.0,43.788251091463884,6.211748908536118,7600.0,7600.0,619.8,2479200.0,1.0,0.07583993967037692,6.5,28.904998368260813,129.8228675649061,0.49532486443426543,0.29743222690605325,0.14465840500015476,1.0
Hybrid GWO-ABC,77,100.0,0.0,43.712061871462296,6.287938128537708,7700.0,7700.0,626.95,2507800.0,1.0,0.07618922000158931,7.15,25.844562455338274,131.53044504595456,0.5530663799224433,0.2972939144151212,0.13607703000088806,1.0
Hybrid GWO-ABC,78,100.0,0.0,43.63450662569515,6.365493374304842,7800.0,7800.0,633.7,2534800.0,1.0,0.07755524576713384,6.75,26.408735563236643,133.56264379315644,0.4085378637359158,0.29423356245381715,0.1366697200010094,1.0
Hybrid GWO-ABC,79,100.0,0.0,43.55670959963469,6.443290400365311,7900.0,7900.0,641.25,2565000.0,1.0,0.07779702606046861,7.55,23.87371161495215,133.5336797642675,0.5232204330336727,0.2928623275653425,0.13459315500040248,1.0
Hybrid GWO-ABC,80,100.0,0.0,43.48059827658634,6.519401723413661,8000.0,8000.0,648.7,2594800.0,1.0,0.07611132304834989,7.45,26.056834346491495,128.7703551212869,0.6552141597340843,0.30110012201823344,0.13755667499935953,1.0
Hybrid GWO-ABC,81,100.0,0.0,43.404796888979924,6.595203111020076,8100.0,8100.0,655.95,2623800.0,1.0,0.07580138760641582,7.25,27.83553962139191,128.16735832246098,0.5860159178103552,0.30059681512085956,0.13301793499922496,1.0
Hybrid GWO-ABC,82,100.0,0.0,43.328624451441016,6.671375548558987,8200.0,8200.0,663.05,2652200.0,1.0,0.07617243753891004,7.1,25.896336717622063,130.3814095554448,0.5814827190533386,0.30128451530453104,0.13057406000007177,1.0
Hybrid GWO-ABC,83,100.0,0.0,43.25234363169282,6.747656368307185,8300.0,8300.0,669.8,2679200.0,1.0,0.07628081974819842,6.75,26.499469708378797,132.53068339030898,0.4986168060162967,0.3008710162311168,0.13213138499995694,1.0
Hybrid GWO-ABC,84,100.0,0.0,43.176060533086726,6.823939466913268,8400.0,8400.0,676.7,2706800.0,1.0,0.0762830986060834,6.9,26.024359974843076,131.2543626367412,0.5478034961782052,0.30112603279868444,0.13369916500123508,1.0
Hybrid GWO-ABC,85,100.0,0.0,43.09876838702824,6.901231612971765,8500.0,8500.0,684.1,2736400.0,1.0,0.07729214605849641,7.4,24.679191521034163,132.7019289419258,0.5264415048427121,0.296879225385891,0.13451579500033403,1.0
Hybrid GWO-ABC,86,100.0,0.0,43.02084302160482,6.979156978395187,8600.0,8600.0,691.35,2765400.0,1.0,0.07792536542342213,7.25,26.535737210040985,132.34267538086365,0.5204337432648136,0.2960415248598848,0.13338179499914987,1.0
Hybrid GWO-ABC,87,100.0,0.0,42.94412711564376,7.055872884356241,8700.0,8700.0,698.65,2794600.0,1.0,0.07671590596105346,7.3,24.15415738789303,132.0400149231106,0.6154443370898353,0.30008063805814306,0.13577405500000167,1.0
Hybrid GWO-ABC,88,100.0,0.0,42.867914948608394,7.132085051391604,8800.0,8800.0,705.75,2823000.0,1.0,0.07621216703536397,7.1,28.462035352349567,128.8195178327441,0.6093712427658702,0.30520334307912644,0.13420036999923468,1.0
Hybrid GWO-ABC,89,100.0,0.0,42.79118651998088,7.208813480019122,8900.0,8900.0,712.35,2849400.0,1.0,0.07672842862751814,6.6,25.93000419447545,132.9855835969513,0.4565430139236272,0.29701605725560676,0.14707522499920742,1.0
Hybrid GWO-ABC,90,100.0,0.0,42.71316575843158,7.286834241568421,9000.0,9000.0,720.3,2881200.0,1.0,0.07802076154929835,7.95,25.168811468304302,131.864203481198,0.6045586307637039,0.2960993947567164,0.13607124000045587,1.0
Hybrid GWO-ABC,91,100.0,0.0,42.636762316665425,7.363237683334572,9100.0,9100.0,727.6,2910400.0,1.0,0.07640344176615166,7.3,25.113927541365744,130.83934169490152,0.609765402006398,0.3014328847526935,0.1411728699997184,1.0
Hybrid GWO-ABC,92,100.0,0.0,42.560024275649724,7.439975724350272,9200.0,9200.0,735.0,2940000.0,1.0,0.07673804101569992,7.4,24.189363803051428,132.1489153182947,0.6109127666018319,0.3015335388268474,0.13255268499960948,1.0
Hybrid GWO-ABC,93,100.0,0.0,42.485053477156924,7.514946522843076,9300.0,9300.0,741.8,2967200.0,1.0,0.07497079849280297,6.8,30.332968972055443,126.5866537075261,0.6020690851727616,0.30925253503176,0.1426567350008554,1.0
Hybrid GWO-ABC,94,100.0,0.0,42.40937840560705,7.590621594392952,9400.0,9400.0,748.55,2994200.0,1.0,0.07567507154987752,6.75,27.093647545659685,130.4188453695083,0.5185577009724021,0.3010623350821369,0.13484393000071576,1.0
Hybrid GWO-ABC,95,100.0,0.0,42.33201083510441,7.66798916489559,9500.0,9500.0,755.4,3021600.0,1.0,0.07736757050263705,6.85,23.30958424637158,136.68192176981717,0.4390443817306632,0.29470296840314497,0.13784135499990952,1.0
Hybrid GWO-ABC,96,100.0,0.0,42.25514477268614,7.744855227313865,9600.0,9600.0,762.2,3048800.0,1.0,0.07686606241827505,6.8,23.97504244031895,134.85527609973622,0.44183567800850465,0.2939615385047349,0.13272710999954143,1.0
Hybrid GWO-ABC,97,100.0,0.0,42.17808453760421,7.821915462395793,9700.0,9700.0,769.05,3076200.0,1.0,0.07706023508192814,6.85,27.28450358144635,131.61194911758864,0.44845068218885925,0.29451378571136566,0.13491766499973892,1.0
Hybrid GWO-ABC,98,100.0,0.0,42.102934124076434,7.897065875923568,9800.0,9800.0,776.4,3105600.0,1.0,0.07515041352777416,7.35,25.44659435155284,128.44224260635502,0.7251643973129087,0.3107633770464888,0.13964908000052673,1.0
Hybrid GWO-ABC,99,100.0,0.0,42.02648181874892,7.97351818125108,9900.0,9900.0,783.45,3133800.0,1.0,0.07645230532751235,7.05,26.65808498873642,130.36288142758,0.5719021827505425,0.3032634494245217,0.1420657550006581,1.0
Hybrid GWO-ABC,100,100.0,0.0,41.95054047628255,8.049459523717449,10000.0,10000.0,790.25,3161000.0,1.0,0.07594134246637019,6.8,25.508215433512277,131.8712327070736,0.5564741376995629,0.3047093466906633,0.13884044500082382,1.0
Hybrid GWO-ABC,101,100.0,0.0,41.87381642969175,8.126183570308253,10100.0,10100.0,797.4,3189600.0,1.0,0.07672404659080279,7.15,25.509412827094074,131.2490701609314,0.6106701931884786,0.30456747402873996,0.13708774500046275,1.0
Hybrid GWO-ABC,102,100.0,0.0,41.797714656634064,8.202285343365935,10200.0,10200.0,804.7,3218800.0,1.0,0.07610177305768247,7.3,28.228697574665112,128.78689003741323,0.7210967204310396,0.3093457904437965,0.1326765499998146,1.0
Hybrid GWO-ABC,103,100.0,0.0,41.72063955979417,8.27936044020583,10300.0,10300.0,811.5,3246000.0,1.0,0.07707509683989358,6.8,24.51952262415362,135.91279123854244,0.4654856390808856,0.2956926576323737,0.1373107599985815,1.0
Hybrid GWO-ABC,104,100.0,0.0,41.64388286897655,8.356117131023456,10400.0,10400.0,818.5,3274000.0,1.0,0.07675669081762707,7.0,29.21084980014686,128.1566097935444,0.5682396623444569,0.3038865249691503,0.1395625850000215,1.0
Hybrid GWO-ABC,105,100.0,0.0,41.56694773449868,8.433052265501319,10500.0,10500.0,826.1,3304400.0,1.0,0.07693513447786274,7.6,27.005012283708094,129.25704625002697,0.6165296048519212,0.3024317877555159,0.13705620500040822,1.0
Hybrid GWO-ABC,106,100.0,0.0,41.49143085023876,8.50856914976124,10600.0,10600.0,833.5,3334000.0,1.0,0.07551688425992183,7.4,28.19124660266104,126.35525733457908,0.7427236412100735,0.30900861162282955,0.13343353000054775,1.0
Hybrid GWO-ABC,107,100.0,0.0,41.41487392589233,8.585126074107674,10700.0,10700.0,840.95,3363800.0,1.0,0.07655692434643271,7.45,24.273188442038965,132.04933557722615,0.6308974836642541,0.30130627659986076,0.13617062999946938,1.0
Hybrid GWO-ABC,108,100.0,0.0,41.33865845660755,8.661341543392457,10800.0,10800.0,848.5,3394000.0,1.0,0.07621546928478296,7.55,27.385599336365168,127.38149401420353,0.7114850095784052,0.3064290485493907,0.1338743650008837,1.0
Hybrid GWO-ABC,109,100.0,0.0,41.26084823776701,8.739151762232993,10900.0,10900.0,855.55,3422200.0,1.0,0.07781021884053736,7.05,25.5359901052685,133.50333703838018,0.49023804919752123,0.2965225390975853,0.14374608000034642,1.0
Hybrid GWO-ABC,110,100.0,0.0,41.18372365944352,8.816276340556476,11000.0,11000.0,862.25,3449000.0,1.0,0.07712457832348249,6.7,24.597547074077987,135.2142909039186,0.489287625402912,0.2985011377725383,0.13898371499963105,1.0
Hybrid GWO-ABC,111,100.0,0.0,41.107214786903995,8.892785213096003,11100.0,11100.0,869.65,3478600.0,1.0,0.07650887253952768,7.4,26.411741048211752,129.43288989069285,0.6720740794113503,0.30640804844443376,0.1450879599997279,1.0
Hybrid GWO-ABC,112,100.0,0.0,41.03154734548329,8.96845265451671,11200.0,11200.0,876.7,3506800.0,1.0,0.07566744142070618,7.05,28.902326840290378,127.35930381616956,0.6212489373299335,0.3108763662882459,0.13564949500068907,1.0
Hybrid GWO-ABC,113,100.0,0.0,40.95604748107489,9.043952518925106,11300.0,11300.0,883.9,3535600.0,1.0,0.07549986440839795,7.2,27.82963606681708,127.29262158577303,0.5963522757342166,0.3046245764184247,0.13682748999963223,1.0
Hybrid GWO-ABC,114,100.0,0.0,40.87991544221549,9.12008455778451,11400.0,11400.0,890.65,3562600.0,1.0,0.07613203885940223,6.75,25.838273498612097,132.11655483993428,0.5592222378207209,0.30578974830680444,0.13805545999857713,1.0
Hybrid GWO-ABC,115,100.0,0.0,40.80490283889774,9.195097161102261,11500.0,11500.0,897.6,3590400.0,1.0,0.07501260331775157,6.95,26.59032256998492,129.05527802553954,0.686263332384957,0.3133277370046871,0.13747009500111745,1.0
Hybrid GWO-ABC,116,100.0,0.0,40.72852130299712,9.271478697002873,11600.0,11600.0,905.25,3621000.0,1.0,0.07638153590061166,7.65,24.770359970610833,130.20742014930573,0.6849273434437652,0.3060987658576054,0.1331310499994288,1.0
Hybrid GWO-ABC,117,100.0,0.0,40.65196448246665,9.34803551753335,11700.0,11700.0,912.6,3650400.0,1.0,0.0765568205304767,7.35,26.096263241998987,129.41253467273017,0.6102314807938918,0.30255332355780223,0.13539547999935167,1.0
Hybrid GWO-ABC,118,100.0,0.0,40.57582791462126,9.424172085378743,11800.0,11800.0,919.75,3679000.0,1.0,0.07613656784539309,7.15,25.353539163583985,130.32192003946744,0.6357467596059689,0.30581505777626333,0.13812884999897507,1.0
Hybrid GWO-ABC,119,100.0,0.0,40.500594760315906,9.499405239684098,11900.0,11900.0,927.8,3711200.0,1.0,0.0752331543053554,8.05,24.77770502335833,126.97165403772165,0.8600357114983066,0.31591113328955106,0.13892851999917183,1.0
Hybrid GWO-ABC,120,100.0,0.0,40.42540830388707,9.574591696112936,12000.0,12000.0,934.5,3738000.0,1.0,0.07518645642883684,6.7,27.374422439951296,129.47938990534266,0.6010109906117987,0.30931531076067537,0.13698048500045842,1.0
Hybrid GWO-ABC,121,100.0,0.0,40.34854444584611,9.651455554153895,12100.0,12100.0,941.7,3766800.0,1.0,0.07686385804095934,7.2,25.290238820578832,132.05416196987417,0.5797442175800083,0.3043054343766243,0.13238872500005527,1.0
Hybrid GWO-ABC,122,100.0,0.0,40.27239980822067,9.727600191779329,12200.0,12200.0,949.05,3796200.0,1.0,0.0761446376254348,7.35,26.56343294662946,129.40009405599486,0.6348308543399073,0.30068989471723556,0.13431058499954815,1.0
Hybrid GWO-ABC,123,100.0,0.0,40.19457014401444,9.80542985598556,12300.0,12300.0,955.9,3823600.0,1.0,0.07782966420622976,6.85,24.66690741572383,135.38774037478137,0.4599425043635003,0.30128186984437033,0.13766942999900494,1.0
Hybrid GWO-ABC,124,100.0,0.0,40.11792057085417,9.882079429145833,12400.0,12400.0,962.75,3851000.0,1.0,0.07664957316027418,6.85,26.511952089625595,131.7912165311281,0.5421300899758037,0.30549476500803985,0.13783614500061958,1.0
Hybrid GWO-ABC,125,100.0,0.0,40.04072542351817,9.959274576481828,12500.0,12500.0,970.5,3882000.0,1.0,0.0771951473359966,7.75,23.87341215731261,131.94688949313843,0.7009411340285658,0.3056407545250726,0.1341878649996943,1.0
Hybrid GWO-ABC,126,100.0,0.0,39.96474195214318,10.03525804785682,12600.0,12600.0,976.95,3907800.0,1.0,0.07598347137499069,6.45,26.741285312593618,132.0085757265844,0.49415534452940146,0.30582151197714696,0.13833339499979047,1.0
Hybrid GWO-ABC,127,100.0,0.0,39.887645652896225,10.112354347103775,12700.0,12700.0,983.4,3933600.0,1.0,0.07709629924695385,6.45,26.21135078284188,134.9275239083584,0.4469364493513893,0.3016278201287409,0.13913823500042782,1.0
Hybrid GWO-ABC,128,100.0,0.0,39.810048893174525,10.189951106825475,12800.0,12800.0,991.0,3964000.0,1.0,0.0775967597217008,7.6,25.150774784394578,131.5729655806453,0.6458957904119187,0.3061376700510265,0.14377868499796023,1.0
Hybrid GWO-ABC,129,100.0,0.0,39.73415927989614,10.265840720103856,12900.0,12900.0,998.3,3993200.0,1.0,0.07588961327838142,7.3,27.2338250537137,127.64054801135437,0.7010381614895981,0.31615864765746543,0.13655063000005613,1.0
Hybrid GWO-ABC,130,100.0,0.0,39.65924380271105,10.340756197288945,13000.0,13000.0,1006.45,4025800.0,1.0,0.07491547718508933,8.15,26.856133753041462,125.02104609089425,0.9279321291495558,0.3171885850642386,0.13227477999971599,1.0
Hybrid GWO-ABC,131,100.0,0.0,39.58358206813136,10.416417931868633,13100.0,13100.0,1013.8,4055200.0,1.0,0.07566173457968865,7.35,26.01141470923995,128.4766940282547,0.7213926175586552,0.31534941039538733,0.13977201499910735,1.0
Hybrid GWO-ABC,132,100.0,0.0,39.50762415516016,10.492375844839842,13200.0,13200.0,1020.45,4081800.0,1.0,0.07595791297120655,6.65,25.010465483594004,132.748323554756,0.4917932837658977,0.2992489448792206,0.13311486999955377,1.0
Hybrid GWO-ABC,133,100.0,0.0,39.431237409055,10.568762590945001,13300.0,13300.0,1027.75,4111000.0,1.0,0.07638674610515928,7.3,26.713773385577316,128.6439532454048,0.6374708188160862,0.30750943931618224,0.13298119499995664,1.0
Hybrid GWO-ABC,134,100.0,0.0,39.355471809407234,10.644528190592768,13400.0,13400.0,1034.95,4139800.0,1.0,0.07576559964776663,7.2,30.44582232319957,124.99404254613117,0.6878783532513211,0.31205745120379313,0.13656476499963902,1.0
Hybrid GWO-ABC,135,100.0,0.0,39.28004509754788,10.71995490245212,13500.0,13500.0,1042.15,4168600.0,1.0,0.07542671185935249,7.2,28.617374861378842,126.88197792640332,0.6692300371786098,0.3134492485762443,0.1299362250010745,1.0
Hybrid GWO-ABC,136,100.0,0.0,39.20407294754897,10.795927052451027,13600.0,13600.0,1050.5,4202000.0,1.0,0.07597214999890838,8.35,23.34304033831818,127.40738575233436,0.8883407074843059,0.31261752624084665,0.14024263999890535,1.0
Hybrid GWO-ABC,137,100.0,0.0,39.1276851232138,10.872314876786199,13700.0,13700.0,1057.0,4228000.0,1.0,0.07638782433517051,6.5,26.956805429214832,131.87988904343757,0.46893810197201313,0.3040686699258568,0.13813528000137013,1.0
Hybrid GWO-ABC,138,100.0,0.0,39.05126418113118,10.948735818868817,13800.0,13800.0,1063.6,4254400.0,1.0,0.07642094208261874,6.6,26.532658267611094,132.32376896332366,0.46319530567405554,0.30357891272265214,0.1387305700005527,1.0
Hybrid GWO-ABC,139,100.0,0.0,38.97461957062294,11.025380429377062,13900.0,13900.0,1071.2,4284800.0,1.0,0.07664461050824478,7.6,25.96149728717713,130.077355042409,0.6430017741776399,0.30644758151255547,0.14159883500069553,1.0
Hybrid GWO-ABC,140,100.0,0.0,38.89824083943867,11.101759160561329,14000.0,14000.0,1078.45,4313800.0,1.0,0.07637873118426733,7.25,24.294868993877248,131.81184080621748,0.6264082241905261,0.30636228019017525,0.1446355650001351,1.0
Hybrid GWO-ABC,141,100.0,0.0,38.82259781961842,11.177402180381574,14100.0,14100.0,1085.8,4343200.0,1.0,0.07564301982024339,7.35,24.557789488577054,129.66672219957326,0.7307832739869857,0.31217869228279993,0.14016525000042748,1.0
Hybrid GWO-ABC,142,100.0,0.0,38.74626784644844,11.253732153551558,14200.0,14200.0,1093.2,4372800.0,1.0,0.07632997316998669,7.4,29.04020768411662,125.65835866671668,0.6673696587600686,0.3098846537785129,0.14115329999985987,1.0
Hybrid GWO-ABC,143,100.0,0.0,38.669471377463616,11.33052862253638,14300.0,14300.0,1100.8,4403200.0,1.0,0.07679646898482276,7.6,25.460758965801396,130.01307264584656,0.6354322927008864,0.3035733821687433,0.13134218499944836,1.0
Hybrid GWO-ABC,144,100.0,0.0,38.59356379361792,11.406436206382082,14400.0,14400.0,1107.4,4429600.0,1.0,0.0759075838457008,6.6,27.866562706736943,130.60971060387675,0.5011453192847771,0.30755401613544675,0.13768072999992,1.0
Hybrid GWO-ABC,145,100.0,0.0,38.51735163229838,11.482648367701621,14500.0,14500.0,1114.7,4458800.0,1.0,0.076212161319539,7.3,28.2339119710587,128.02335138992547,0.666018034714332,0.31306361437753544,0.13170012999980826,1.0
Hybrid GWO-ABC,146,100.0,0.0,38.44174168494416,11.558258315055838,14600.0,14600.0,1122.65,4490600.0,1.0,0.07560994735421574,7.95,24.962370718418548,127.44847401535817,0.8131152904777782,0.3105108690690376,0.1348576749998756,1.0
Hybrid GWO-ABC,147,100.0,0.0,38.36551717766747,11.634482822332526,14700.0,14700.0,1130.75,4523000.0,1.0,0.07622450727668913,8.1,26.59352279643979,125.90681318121369,0.8205119083644374,0.3123290577911492,0.1365658849987085,1.0
Hybrid GWO-ABC,148,100.0,0.0,38.28988568383646,11.710114316163542,14800.0,14800.0,1138.0,4552000.0,1.0,0.07563149383101511,7.25,27.091748759273923,128.63599557619278,0.69633973956594,0.312487079840679,0.1341625949993613,1.0
Hybrid GWO-ABC,149,100.0,0.0,38.21546620206461,11.784533797935389,14900.0,14900.0,1144.85,4579400.0,1.0,0.07441948177184657,6.85,26.655734739977333,129.22498064954354,0.6733841324977871,0.31298076500852323,0.13053000000036263,1.0
Hybrid GWO-ABC,150,100.0,0.0,38.13927201595553,11.860727984044471,15000.0,15000.0,1151.4,4605600.0,1.0,0.07619418610908361,6.55,29.052937464898417,129.13217720492847,0.5045702092690881,0.30447193635179776,0.1360972299997229,1.0
Hybrid GWO-ABC,151,100.0,0.0,38.063397738910574,11.93660226108943,15100.0,15100.0,1159.15,4636600.0,1.0,0.0758742770449576,7.75,27.330980290147295,125.78818932655331,0.8143280193034782,0.31818110002236266,0.1310964950018388,1.0
Hybrid GWO-ABC,152,100.0,0.0,37.98719497340139,12.01280502659861,15200.0,15200.0,1167.2,4668800.0,1.0,0.07620276550918134,8.05,24.535812261055746,126.96079348570223,0.8273637987964296,0.311191228627436,0.13499648999932107,1.0
Hybrid GWO-ABC,153,100.0,0.0,37.91189934496288,12.08810065503712,15300.0,15300.0,1174.5,4698000.0,1.0,0.07529562843850926,7.3,27.313023086061953,127.65402959125797,0.7232684867888592,0.31447132424806823,0.1327509899994766,1.0
Hybrid GWO-ABC,154,100.0,0.0,37.83543751395946,12.164562486040543,15400.0,15400.0,1181.2,4724800.0,1.0,0.07646183100342299,6.7,26.772076630214862,132.31063599158853,0.48748927874140496,0.3030520091344735,0.1336211950001598,1.0
Hybrid GWO-ABC,155,100.0,0.0,37.758499540966014,12.241500459033984,15500.0,15500.0,1189.55,4758200.0,1.0,0.07693797299344177,8.35,26.035887885229066,127.21853328176846,0.7878404333871778,0.30911867465350973,0.13451333500015608,1.0
Hybrid GWO-ABC,156,100.0,0.0,37.682450251480816,12.317549748519184,15600.0,15600.0,1197.4,4789600.0,1.0,0.07604928948519891,7.85,28.27741915013174,126.6028868301022,0.7346906717814268,0.3114684908362536,0.12955230499937898,1.0
Hybrid GWO-ABC,157,100.0,0.0,37.60541471758574,12.394585282414262,15700.0,15700.0,1204.7,4818800.0,1.0,0.07703553389507789,7.3,25.822137872872872,132.11462149024095,0.6228258290108534,0.30640156204798424,0.1333750849997159,1.0
Hybrid GWO-ABC,158,100.0,0.0,37.52896493981913,12.471035060180869,15800.0,15800.0,1211.65,4846600.0,1.0,0.07644977776660652,6.95,29.13276049057049,128.77833825310898,0.5362688279678126,0.3062229364006685,0.1380337849994248,1.0
Hybrid GWO-ABC,159,100.0,0.0,37.45304604379141,12.546953956208593,15900.0,15900.0,1218.6,4874400.0,1.0,0.07591889602772425,6.95,23.57006827700892,132.80405103852826,0.6492794074975379,0.31119533046753356,0.13715843499994662,1.0
Hybrid GWO-ABC,160,100.0,0.0,37.37724629518448,12.622753704815521,16000.0,16000.0,1226.4,4905600.0,1.0,0.07579974860692928,7.8,28.803546989503296,125.18293755874761,0.779555879968223,0.315027251845121,0.1326881700013473,1.0
Hybrid GWO-ABC,161,100.0,0.0,37.30082556554311,12.699174434456893,16100.0,16100.0,1233.25,4933000.0,1.0,0.0764207296413705,6.85,25.780881708507415,132.96764592755093,0.5299493344596741,0.3044303455869795,0.1311041999997542,1.0
Hybrid GWO-ABC,162,100.0,0.0,37.22491334531805,12.775086654681953,16200.0,16200.0,1240.35,4961400.0,1.0,0.07591222022506053,7.1,25.333651752815857,130.2810295161722,0.6420074534800942,0.3105428700952846,0.132725045000916,1.0
Hybrid GWO-ABC,163,100.0,0.0,37.14906077658852,12.850939223411482,16300.0,16300.0,1246.9,4987600.0,1.0,0.07585256872952861,6.55,27.429328495055636,131.6999526698258,0.5123500434362848,0.3108946588856487,0.14339830999924744,1.0
Hybrid GWO-ABC,164,100.0,0.0,37.07245863300321,12.927541366996788,16400.0,16400.0,1254.2,5016800.0,1.0,0.07660214358530873,7.3,25.527503204023002,131.1722097741523,0.6513582727663938,0.31166131047877826,0.1365256399993086,1.0
Hybrid GWO-ABC,165,100.0,0.0,36.99669524034952,13.003304759650485,16500.0,16500.0,1261.55,5046200.0,1.0,0.07576339265369576,7.35,26.655621954106657,127.42601578624708,0.7161936362283611,0.3178353106565607,0.13617993999905592,1.0
Hybrid GWO-ABC,166,100.0,0.0,36.920887335711356,13.079112664288639,16600.0,16600.0,1270.0,5080000.0,1.0,0.07580790463815354,8.45,26.69377241527595,123.6503842320786,0.9473402660237209,0.3197050675806531,0.13582676999940305,1.0
Hybrid GWO-ABC,167,100.0,0.0,36.84519203692759,13.15480796307241,16700.0,16700.0,1277.45,5109800.0,1.0,0.07569529878376854,7.45,26.65223456846645,128.5871620044394,0.7478973999696134,0.3149686967978453,0.1288474299995869,1.0
Hybrid GWO-ABC,168,100.0,0.0,36.768301528970795,13.231698471029201,16800.0,16800.0,1284.85,5139400.0,1.0,0.07689050795679506,7.4,26.9022714307633,129.67447707208606,0.6444223993942615,0.308288910228513,0.13573091000071144,1.0
Hybrid GWO-ABC,169,100.0,0.0,36.692416686145414,13.30758331385459,16900.0,16900.0,1292.4,5169600.0,1.0,0.07588484282538702,7.55,27.556898523602786,128.19196729435333,0.6826870848708857,0.315023539087721,0.13408132500044304,1.0
Hybrid GWO-ABC,170,100.0,0.0,36.61608494111392,13.383915058886084,17000.0,17000.0,1299.7,5198800.0,1.0,0.07633174503149256,7.3,24.96321721391618,130.88381745756377,0.674119104635508,0.3121002871571935,0.1312979250003991,1.0
Hybrid GWO-ABC,171,100.0,0.0,36.540678603961936,13.459321396038064,17100.0,17100.0,1306.25,5225000.0,1.0,0.07540633715198126,6.55,24.475453793357698,133.24944504847298,0.5349961601643374,0.3043892427498881,0.13560118500099633,1.0
Hybrid GWO-ABC,172,100.0,0.0,36.46279073072829,13.53720926927171,17200.0,17200.0,1313.85,5255400.0,1.0,0.07788787323364801,7.6,24.892511372165593,131.967568459129,0.5838243937167942,0.3041845534758197,0.12926735499859204,1.0
Hybrid GWO-ABC,173,100.0,0.0,36.38583208875076,13.61416791124924,17300.0,17300.0,1321.5,5286000.0,1.0,0.07695864197752869,7.65,23.71522204732559,132.06832376973964,0.6384579301668619,0.30519027210162236,0.1363358149992564,1.0
Hybrid GWO-ABC,174,100.0,0.0,36.308198371937344,13.691801628062652,17400.0,17400.0,1329.25,5317000.0,1.0,0.07763371681341162,7.75,24.33075733805598,131.1213352055583,0.6600113412538129,0.30721581262125797,0.1300972550005099,1.0
Hybrid GWO-ABC,175,100.0,0.0,36.23208255999921,13.767917440000783,17500.0,17500.0,1336.6,5346400.0,1.0,0.07611581193813244,7.35,26.22247195282055,129.88614567009375,0.6539516465117998,0.30799930017609534,0.130414630001178,1.0
Hybrid GWO-ABC,176,100.0,0.0,36.15591094824335,13.844089051756646,17600.0,17600.0,1343.8,5375200.0,1.0,0.07617161175586062,7.2,26.70773216820363,129.56817036923894,0.6587148025734846,0.3115266185225856,0.13676218999935372,1.0
Hybrid GWO-ABC,177,100.0,0.0,36.08014182010384,13.919858179896162,17700.0,17700.0,1350.55,5402200.0,1.0,0.07576912813951538,6.75,27.56434017911922,129.50675160788813,0.6168314032275737,0.31243044773308243,0.1386915399991267,1.0
Hybrid GWO-ABC,178,100.0,0.0,36.003988544505596,13.996011455494406,17800.0,17800.0,1357.6,5430400.0,1.0,0.07615327559824436,7.05,28.799889424915257,128.06410493415711,0.6080548080252556,0.3111393439194615,0.14302904999931343,1.0
Hybrid GWO-ABC,179,100.0,0.0,35.927706803290896,14.072293196709103,17900.0,17900.0,1365.7,5462800.0,1.0,0.07628174121469904,8.1,25.055964008433595,128.973650197829,0.831078188369754,0.31642105439812146,0.1306511450005928,1.0
Hybrid GWO-ABC,180,100.0,0.0,35.850721031065255,14.149278968934741,18000.0,18000.0,1372.7,5490800.0,1.0,0.07698577222563649,7.0,25.427355245219275,132.39552271923398,0.5388639859621274,0.29950645285113264,0.1298557099999016,1.0
Hybrid GWO-ABC,181,100.0,0.0,35.77301595784212,14.22698404215788,18100.0,18100.0,1380.1,5520400.0,1.0,0.07770507322313946,7.4,26.324265402302323,132.07760394049828,0.5718378354421189,0.3011001021137978,0.1256761650005501,1.0
Hybrid GWO-ABC,182,100.0,0.0,35.696245704084234,14.30375429591576,18200.0,18200.0,1387.8,5551200.0,1.0,0.07677025375788168,7.7,23.227339644313425,131.44589258171,0.678005058291525,0.3062728429222618,0.13087817000086943,1.0
Hybrid GWO-ABC,183,100.0,0.0,35.62038114360213,14.379618856397865,18300.0,18300.0,1395.45,5581800.0,1.0,0.07586456048210302,7.65,28.981831970744718,126.12855746908517,0.704637436181742,0.31732475357388495,0.12846759499989274,1.0
Hybrid GWO-ABC,184,100.0,0.0,35.544969216571,14.455030783429004,18400.0,18400.0,1403.05,5612200.0,1.0,0.07541192703113922,7.6,24.365133800488092,128.6598462806281,0.7222928437069169,0.31153464352807303,0.1283084200011217,1.0
Hybrid GWO-ABC,185,100.0,0.0,35.46971975614075,14.530280243859258,18500.0,18500.0,1409.55,5638200.0,1.0,0.07524946043025302,6.5,26.2439756285555,131.63575354370965,0.5267276865932474,0.30908843943835984,0.12974802500029908,1.0
Hybrid GWO-ABC,186,100.0,0.0,35.39415608396094,14.605843916039058,18600.0,18600.0,1417.6,5670400.0,1.0,0.07556367217980195,8.05,29.739715364898206,123.30721795786887,0.8839295094543822,0.3217851682176659,0.13116775499984215,1.0
Hybrid GWO-ABC,187,100.0,0.0,35.317761168990785,14.682238831009215,18700.0,18700.0,1425.65,5702600.0,1.0,0.07639491497015634,8.05,26.812354284841643,126.25733034142267,0.8261291993673117,0.31517577524284623,0.13389133000127912,1.0
Hybrid GWO-ABC,188,100.0,0.0,35.24192557407456,14.75807442592544,18800.0,18800.0,1432.5,5730000.0,1.0,0.07583559491622402,6.85,26.76641957699972,129.5880761209404,0.5641156264048596,0.3093351051920079,0.13520559999960824,1.0
Hybrid GWO-ABC,189,100.0,0.0,35.16612983174204,14.83387016825796,18900.0,18900.0,1440.0,5760000.0,1.0,0.07579574233252018,7.5,28.69969391647046,127.3109698464229,0.6747186376542209,0.31286336528053166,0.129960005000612,1.0
Hybrid GWO-ABC,190,100.0,0.0,35.090064082029606,14.909935917970392,19000.0,19000.0,1447.5,5790000.0,1.0,0.07606574971243277,7.5,27.883520593791722,127.8393079283447,0.7092722096409936,0.3115905076860188,0.13515619999961928,1.0
Hybrid GWO-ABC,191,100.0,0.0,35.01530622713433,14.984693772865674,19100.0,19100.0,1455.7,5822800.0,1.0,0.074757854895282,8.2,31.2985335894818,119.90398256394197,0.9907915921245308,0.3259527932091536,0.12917728499960504,1.0
Hybrid GWO-ABC,192,100.0,0.0,34.93925217053462,15.060747829465376,19200.0,19200.0,1462.15,5848600.0,1.0,0.07605405659970224,6.45,29.167270782758663,129.62394766822214,0.4190244427409576,0.3034885236248332,0.13224287000048207,1.0
Hybrid GWO-ABC,193,100.0,0.0,34.86410303266486,15.135896967335142,19300.0,19300.0,1469.1,5876400.0,1.0,0.07514913786976649,6.95,28.57955425891339,127.14459563584845,0.7379449122737038,0.3208483650692134,0.13454109499980405,1.0
Hybrid GWO-ABC,194,100.0,0.0,34.78684538047447,15.213154619525534,19400.0,19400.0,1476.3,5905200.0,1.0,0.07725765219039041,7.2,23.437576493631,133.90533892537664,0.5135074912328278,0.3005627530912339,0.13474487000021326,1.0
Hybrid GWO-ABC,195,100.0,0.0,34.70994171689213,15.290058283107872,19500.0,19500.0,1484.7,5938800.0,1.0,0.07690366358233688,8.4,25.482104203771975,127.83428528052579,0.8545192308804422,0.316114375931694,0.1417693599993072,1.0
Hybrid GWO-ABC,196,100.0,0.0,34.63256241454176,15.367437585458239,19600.0,19600.0,1491.7,5966800.0,1.0,0.07737930235036963,7.0,26.957755134817376,132.4129979322931,0.4927502705316299,0.3034968267525425,0.13581098999929964,1.0
Hybrid GWO-ABC,197,100.0,0.0,34.55643961248303,15.443560387516964,19700.0,19700.0,1498.65,5994600.0,1.0,0.0761228020587243,6.95,27.572616300533827,129.11024376331514,0.5365579949545428,0.3078616435086634,0.13962311499999486,1.0
Hybrid GWO-ABC,198,100.0,0.0,34.48005661738513,15.51994338261487,19800.0,19800.0,1505.6,6022400.0,1.0,0.07638299509790478,6.95,25.73484073199549,131.97595947602673,0.5490594365718338,0.30861107009889877,0.13914230999980645,1.0
Hybrid GWO-ABC,199,100.0,0.0,34.4030500255702,15.596949974429796,19900.0,19900.0,1512.85,6051400.0,1.0,0.07700659181492782,7.25,23.85972007205559,132.85643568017136,0.5833084992097398,0.30484791582781084,0.14003429999975198,1.0
Hybrid GWO-ABC,200,100.0,0.0,34.32648341181733,15.673516588182673,20000.0,20000.0,1520.45,6081800.0,1.0,0.0765666137528779,7.6,24.300914698424783,131.2865899320663,0.7234479207734362,0.31461912228165195,0.14251718500090646,1.0
Hybrid GWO-ABC,201,100.0,0.0,34.25019626960605,15.749803730393946,20100.0,20100.0,1527.7,6110800.0,1.0,0.07628714221127275,7.25,29.65630695579565,125.96726560044685,0.6479377540066096,0.30994709653358615,0.13287228500012133,1.0
Hybrid GWO-ABC,202,100.0,0.0,34.17412485662153,15.825875143378465,20200.0,20200.0,1534.8,6139200.0,1.0,0.07607141298451695,7.1,27.756855518662785,128.56111398789176,0.621381826346766,0.313879656085104,0.13104166000011902,1.0
Hybrid GWO-ABC,203,100.0,0.0,34.09823693511569,15.901763064884307,20300.0,20300.0,1542.05,6168200.0,1.0,0.07588792150584318,7.25,27.781899980156357,128.14356948376457,0.7011424467486166,0.31789090028691824,0.1368910200002574,1.0
Hybrid GWO-ABC,204,100.0,0.0,34.02210484084368,15.977895159156322,20400.0,20400.0,1549.7,6198800.0,1.0,0.0761320942720154,7.65,26.079776110665996,128.66494189346753,0.7527990934395987,0.3158026947849064,0.1298411350013339,1.0
Hybrid GWO-ABC,205,100.0,0.0,33.945931908862185,16.054068091137815,20500.0,20500.0,1557.85,6231400.0,1.0,0.07617293198149255,8.15,25.57370114009763,126.6711501714559,0.8080514662569348,0.31540304917290907,0.13813469000015174,1.0
Hybrid GWO-ABC,206,100.0,0.0,33.86943391967792,16.130566080322087,20600.0,20600.0,1565.65,6262600.0,1.0,0.07649798918427102,7.8,26.390370597595478,127.92023825704189,0.6948001793807779,0.3104614899614078,0.131240409999009,1.0
Hybrid GWO-ABC,207,100.0,0.0,33.79223872596746,16.207761274032546,20700.0,20700.0,1573.2,6292800.0,1.0,0.07719519371045927,7.55,25.068649478770073,131.41253087262754,0.6054807770277364,0.30638562386193424,0.12513965499965707,1.0
Hybrid GWO-ABC,208,100.0,0.0,33.71735160555935,16.282648394440653,20800.0,20800.0,1580.55,6322200.0,1.0,0.0748871204081066,7.35,27.99584219934453,125.76125898875341,0.7811726192349365,0.31848238922127164,0.13133415499978582,1.0
Hybrid GWO-ABC,209,100.0,0.0,33.64240967291663,16.35759032708338,20900.0,20900.0,1586.75,6347000.0,1.0,0.07494193264272439,6.2,27.482369552653132,131.12899444980107,0.5104260565704919,0.31164874867002923,0.13668757000014012,1.0
Hybrid GWO-ABC,210,100.0,0.0,33.56612477246047,16.43387522753953,21000.0,21000.0,1594.9,6379600.0,1.0,0.07628490045615485,8.15,27.94355853173772,125.64035974175972,0.7729706242511345,0.3151448646758095,0.1307793150004727,1.0
Hybrid GWO-ABC,211,100.0,0.0,33.4900350115699,16.509964988430095,21100.0,21100.0,1603.0,6412000.0,1.0,0.0760897608905644,8.1,25.548634074177276,127.44653457893916,0.805051488165824,0.3152498816502832,0.13396499999980732,1.0
Hybrid GWO-ABC,212,100.0,0.0,33.413847841152844,16.58615215884716,21200.0,21200.0,1610.75,6443000.0,1.0,0.07618717041706233,7.75,25.66203417929474,128.36166185407626,0.715951154346066,0.3102869889053067,0.13205238999944413,1.0
Hybrid GWO-ABC,213,100.0,0.0,33.33746657164278,16.662533428357225,21300.0,21300.0,1618.2,6472800.0,1.0,0.07638126951006577,7.45,25.131367626308354,130.88904214564963,0.6015451626861017,0.30495961770529406,0.13583662999917578,1.0
Hybrid GWO-ABC,214,100.0,0.0,33.260864954939585,16.73913504506041,21400.0,21400.0,1625.8,6503200.0,1.0,0.0766016167031875,7.6,24.316905444320135,131.4272574939749,0.6826549183487882,0.3124715615539906,0.13530123499913316,1.0
Hybrid GWO-ABC,215,100.0,0.0,33.18359056012863,16.81640943987137,21500.0,21500.0,1633.05,6532200.0,1.0,0.07727439481095821,7.25,26.42290951955448,130.27505691581132,0.529563229768987,0.3015125039108843,0.12955442999882508,1.0
Hybrid GWO-ABC,216,100.0,0.0,33.1078452972531,16.8921547027469,21600.0,21600.0,1639.8,6559200.0,1.0,0.07574526287552885,6.75,26.88294172136181,131.63243088739614,0.5851122190969634,0.315490078338296,0.14003109499935817,1.0
Hybrid GWO-ABC,217,100.0,0.0,33.032415252122775,16.967584747877222,21700.0,21700.0,1647.75,6591000.0,1.0,0.07543004513032478,7.95,28.835130096465996,124.54539088002358,0.8327119524962299,0.3208737334715331,0.13051071499976388,1.0
Hybrid GWO-ABC,218,100.0,0.0,32.95737838235986,17.042621617640133,21800.0,21800.0,1654.85,6619400.0,1.0,0.07503686976291099,7.1,31.233786641109077,122.95249266631527,0.671202043363557,0.3196393587567875,0.13730570000116132,1.0
Hybrid GWO-ABC,219,100.0,0.0,32.88260119589663,17.117398804103367,21900.0,21900.0,1662.85,6651400.0,1.0,0.07477718646323073,8.0,28.83808206188155,123.62216807404953,0.9428410333157746,0.330722125237152,0.13202589000065929,1.0
Hybrid GWO-ABC,220,100.0,0.0,32.80671328657455,17.193286713425444,22000.0,22000.0,1670.2,6680800.0,1.0,0.07588790932208003,7.35,27.35218120450108,128.06614459039474,0.741374756590587,0.3177948732969626,0.13162193999924057,1.0
Hybrid GWO-ABC,221,100.0,0.0,32.730239034662155,17.269760965337845,22100.0,22100.0,1678.0,6712000.0,1.0,0.07647425191240095,7.8,26.145551054037252,128.21259216701236,0.7445098102583149,0.31270762330987845,0.1340873700009979,1.0
Hybrid GWO-ABC,222,100.0,0.0,32.653553466460686,17.346446533539314,22200.0,22200.0,1685.35,6741400.0,1.0,0.0766855682014688,7.35,24.528005416253194,130.98843366877546,0.6308075995491269,0.308519106623588,0.13528595000025234,1.0
Hybrid GWO-ABC,223,100.0,0.0,32.576761456081385,17.423238543918615,22300.0,22300.0,1693.0,6772000.0,1.0,0.07679201037929939,7.65,25.869707027819384,130.23222051227165,0.6225813203346147,0.3085567890012999,0.13683611000051316,1.0
Hybrid GWO-ABC,224,100.0,0.0,32.50062523628957,17.499374763710428,22400.0,22400.0,1700.05,6800200.0,1.0,0.07613621979181424,7.05,25.56134598486829,131.41761788398762,0.6641540308699735,0.3141101902114179,0.14231211000005714,1.0
Hybrid GWO-ABC,225,100.0,0.0,32.42479722012184,17.57520277987816,22500.0,22500.0,1707.9,6831600.0,1.0,0.07582801616773463,7.85,26.15708761110338,126.98289133276805,0.8028203160357072,0.3166994421769678,0.13596506499889074,1.0
Hybrid GWO-ABC,226,100.0,0.0,32.348770182445016,17.651229817554988,22600.0,22600.0,1715.4,6861600.0,1.0,0.07602703767682524,7.5,27.514816070925008,128.7601937712756,0.8111885880067217,0.31771206835522414,0.1354838200011727,1.0
Hybrid GWO-ABC,227,100.0,0.0,32.272460421571786,17.727539578428214,22700.0,22700.0,1722.45,6889800.0,1.0,0.0763097608732231,7.05,27.72948966360648,128.69092588018555,0.614383453162295,0.3132594304929436,0.1421037649994105,1.0
Hybrid GWO-ABC,228,100.0,0.0,32.19620847696983,17.803791523030174,22800.0,22800.0,1729.6,6918400.0,1.0,0.07625194460196064,7.15,26.898290597836233,129.8722969459958,0.6130080577080738,0.31216187393036665,0.14167135499992584,1.0
Hybrid GWO-ABC,229,100.0,0.0,32.1209669293947,17.8790330706053,22900.0,22900.0,1737.05,6948200.0,1.0,0.07524154757512687,7.45,26.417811872278435,127.46489810630018,0.7597335666822166,0.3174448485255963,0.1299617400007264,1.0
Hybrid GWO-ABC,230,100.0,0.0,32.04560396449012,17.95439603550988,23000.0,23000.0,1743.95,6975800.0,1.0,0.07536296490458376,6.9,28.183571937333113,127.54635560820172,0.6963121386693601,0.31278684082534597,0.13759142000053542,1.0
Hybrid GWO-ABC,231,100.0,0.0,31.969809768249128,18.030190231750876,23100.0,23100.0,1751.55,7006200.0,1.0,0.07579419624099355,7.6,26.86503590302175,126.87951954179475,0.7026104901949144,0.31130999158001726,0.13054636500055494,1.0
Hybrid GWO-ABC,232,100.0,0.0,31.89444402182591,18.10555597817409,23200.0,23200.0,1758.7,7034800.0,1.0,0.07536574642321288,7.15,27.381491033202433,128.90427793339194,0.7199484890198853,0.3201307841738138,0.13229388499858033,1.0
Hybrid GWO-ABC,233,100.0,0.0,31.81881919694275,18.181180803057245,23300.0,23300.0,1765.2,7060800.0,1.0,0.07562482488315644,6.5,27.29767644140756,130.80327567311312,0.5850662634995131,0.31538549131427784,0.13686527500030934,1.0
Hybrid GWO-ABC,234,100.0,0.0,31.74333529179524,18.256664708204763,23400.0,23400.0,1772.45,7089800.0,1.0,0.0754839051475182,7.25,28.93608414348153,126.81382419432403,0.7060799823597828,0.3170793493496159,0.13366730000052485,1.0
Hybrid GWO-ABC,235,100.0,0.0,31.66627780047646,18.333722199523535,23500.0,23500.0,1779.9,7119600.0,1.0,0.0770574913187719,7.45,25.50883225623111,132.5808356739015,0.6166567006310346,0.31313669557734364,0.1326207500005694,1.0
Hybrid GWO-ABC,236,100.0,0.0,31.591375125234748,18.408624874765252,23600.0,23600.0,1786.25,7145000.0,1.0,0.07490267524171515,6.35,26.680946542898386,131.10758185397918,0.5611046228920362,0.3144818446337997,0.13793777499995485,1.0
Hybrid GWO-ABC,237,100.0,0.0,31.515261829516948,18.484738170483055,23700.0,23700.0,1794.1,7176400.0,1.0,0.07611329571780327,7.85,26.63682746228826,126.66646862103376,0.7544911449623443,0.3154783890829071,0.1347518749997107,1.0
Hybrid GWO-ABC,238,100.0,0.0,31.43908776287741,18.56091223712259,23800.0,23800.0,1801.95,7207800.0,1.0,0.07617406663953545,7.85,28.093087947270185,125.49353386165376,0.7987121908639472,0.31751547112645173,0.13898359999948298,1.0
Hybrid GWO-ABC,239,100.0,0.0,31.36272066076334,18.637279339236663,23900.0,23900.0,1809.45,7237800.0,1.0,0.07636710211407109,7.5,24.285056961305564,131.24204784296418,0.6697936086196904,0.3117532944837595,0.13707886999873153,1.0
Hybrid GWO-ABC,240,100.0,0.0,31.28599717235455,18.71400282764545,24000.0,24000.0,1817.0,7268000.0,1.0,0.07672348840879213,7.55,27.86487828677515,128.0658632612416,0.6347113569813867,0.31398858603173196,0.134198479999759,1.0
Hybrid GWO-ABC,241,100.0,0.0,31.209376267555758,18.79062373244424,24100.0,24100.0,1825.25,7301000.0,1.0,0.07662090479878784,8.25,23.97063589975521,128.48535991847928,0.801649838758968,0.3144529552393355,0.13269188000049326,1.0
Hybrid GWO-ABC,242,100.0,0.0,31.133597256753355,18.866402743246645,24200.0,24200.0,1833.05,7332200.0,1.0,0.07577901080240554,7.8,26.12552252796238,127.79860826491931,0.7906311060194026,0.3180786550317897,0.13593213000058313,1.0
Hybrid GWO-ABC,243,100.0,0.0,31.057862686716163,18.94213731328384,24300.0,24300.0,1840.3,7361200.0,1.0,0.07573457003719337,7.25,25.94478260551831,129.79690598278916,0.650082641229024,0.3126518001779073,0.13468506500066724,1.0
Hybrid GWO-ABC,244,100.0,0.0,30.98313961027398,19.01686038972602,24400.0,24400.0,1847.5,7390000.0,1.0,0.07472307644217988,7.2,25.852314562268013,128.2474940069192,0.796364564417021,0.3215580736376797,0.13312052000001132,1.0
Hybrid GWO-ABC,245,100.0,0.0,30.906908835884092,19.09309116411591,24500.0,24500.0,1854.7,7418800.0,1.0,0.07623077438988943,7.2,27.24249600119179,129.7792837970104,0.6026525938631921,0.3094240384836867,0.1307551150002837,1.0
Hybrid GWO-ABC,246,100.0,0.0,30.830167829081603,19.1698321709184,24600.0,24600.0,1861.85,7447400.0,1.0,0.076741006802491,7.15,27.780346101602817,129.0739798225944,0.5747007476878669,0.3063292939046004,0.13374449999901117,1.0
Hybrid GWO-ABC,247,100.0,0.0,30.753939261378473,19.246060738621527,24700.0,24700.0,1869.1,7476400.0,1.0,0.07622856770312687,7.25,26.18663494960925,129.98156498946645,0.6361387626267312,0.312872336130093,0.13892753000072844,1.0
Hybrid GWO-ABC,248,100.0,0.0,30.677229763047865,19.32277023695213,24800.0,24800.0,1877.55,7510200.0,1.0,0.07670949833060607,8.45,24.704410482549502,127.62497814960386,0.8879986928178367,0.3185171871464478,0.137161569998716,1.0
Hybrid GWO-ABC,249,100.0,0.0,30.602109826354802,19.397890173645198,24900.0,24900.0,1885.35,7541400.0,1.0,0.07511993669306385,7.8,28.42764109454878,125.33860817125591,0.8828998138334336,0.3260954441108435,0.13750030000046537,1.0
Hybrid GWO-ABC,250,100.0,0.0,30.52627234160069,19.473727658399305,25000.0,25000.0,1893.85,7575400.0,1.0,0.07583748475411092,8.5,26.177381966035018,124.70372132651805,0.9417995979639138,0.32018114861330876,0.1360179100003734,1.0
Hybrid GWO-ABC,251,100.0,0.0,30.450440788713856,19.549559211286144,25100.0,25100.0,1901.3,7605200.0,1.0,0.0758315528868371,7.45,25.9076599558355,129.25985170394614,0.7405127665910298,0.32171284504516146,0.13225782999979857,1.0
Hybrid GWO-ABC,252,100.0,0.0,30.375144425396094,19.624855574603906,25200.0,25200.0,1908.7,7634800.0,1.0,0.07529636331776235,7.4,27.55536095613375,126.85934701040973,0.7516426920007512,0.32266904795449514,0.13087216500098292,1.0
Hybrid GWO-ABC,253,100.0,0.0,30.299228242224594,19.700771757775406,25300.0,25300.0,1916.0,7664000.0,1.0,0.07591618317149998,7.3,28.010559142660316,128.1820971876782,0.7157626249125915,0.314864696546493,0.13932371999871976,1.0
Hybrid GWO-ABC,254,100.0,0.0,30.22243535118602,19.77756464881398,25400.0,25400.0,1922.6,7690400.0,1.0,0.07679289103857201,6.6,27.212486927863768,131.28417912153904,0.4779617102909781,0.30896346227706667,0.13696975500024564,1.0
Hybrid GWO-ABC,255,100.0,0.0,30.145943532746088,19.854056467253912,25500.0,25500.0,1929.65,7718600.0,1.0,0.07649181843993383,7.05,27.31394088590877,129.43667033730466,0.5741752730716088,0.31222360177039715,0.1414893450004456,1.0
Hybrid GWO-ABC,256,100.0,0.0,30.06990508016515,19.930094919834854,25600.0,25600.0,1936.85,7747400.0,1.0,0.07603845258094086,7.2,29.122734254326325,127.87050725582904,0.6630686633160423,0.31795191209818646,0.13374197500088486,1.0
Hybrid GWO-ABC,257,100.0,0.0,29.993606519340865,20.00639348065914,25700.0,25700.0,1945.05,7780200.0,1.0,0.0762985608242845,8.2,25.899785721647866,126.47018724581616,0.7825531970951826,0.31257966729224923,0.12904649000010976,1.0
Hybrid GWO-ABC,258,100.0,0.0,29.918486565928237,20.08151343407176,25800.0,25800.0,1952.0,7808000.0,1.0,0.07511995341262274,6.95,27.362130623386047,129.39090660400026,0.6631505689231467,0.3202404961140825,0.13911673499969765,1.0
Hybrid GWO-ABC,259,100.0,0.0,29.841948801308423,20.158051198691577,25900.0,25900.0,1959.95,7839800.0,1.0,0.07653776461981607,7.95,26.24343818537634,127.35170458826876,0.7583554865589008,0.31456305046040683,0.13784568999944896,1.0
Hybrid GWO-ABC,260,100.0,0.0,29.765829378904762,20.234170621095238,26000.0,26000.0,1968.1,7872400.0,1.0,0.07611942240366361,8.15,29.289114866853378,123.00902239521069,0.8621329218233409,0.3204683478947382,0.13441450499994972,1.0
Hybrid GWO-ABC,261,100.0,0.0,29.689794206255478,20.310205793744522,26100.0,26100.0,1975.2,7900800.0,1.0,0.07603517264928109,7.1,27.70559569742731,129.3281086791238,0.6364890460326511,0.31617097208468525,0.13012480999968828,1.0
Hybrid GWO-ABC,262,100.0,0.0,29.613850503440155,20.386149496559845,26200.0,26200.0,1982.7,7930800.0,1.0,0.07594370281532559,7.5,25.882245551380343,128.986223138739,0.7188528327125219,0.31521832378401526,0.13242215500031307,1.0
Hybrid GWO-ABC,263,100.0,0.0,29.538343642928005,20.461656357072,26300.0,26300.0,1989.7,7958800.0,1.0,0.07550686051215116,7.0,26.137530722331128,130.40953831765898,0.6181542372022174,0.3119460612452194,0.1404974350003613,1.0
Hybrid GWO-ABC,264,100.0,0.0,29.462020262414608,20.537979737585395,26400.0,26400.0,1997.15,7988600.0,1.0,0.07632338051339449,7.45,25.215289905779237,129.60798332860037,0.6407348921878431,0.312398874208523,0.13442463499995938,1.0
Hybrid GWO-ABC,265,100.0,0.0,29.38593356321678,20.61406643678322,26500.0,26500.0,2004.1,8016400.0,1.0,0.07608669919782632,6.95,26.552155695829576,130.98552603210538,0.5966012757216256,0.3154454169856758,0.13412510999987717,1.0
Hybrid GWO-ABC,266,100.0,0.0,29.310633011664198,20.689366988335802,26600.0,26600.0,2012.2,8048800.0,1.0,0.07530055155258389,8.1,28.69020509800642,124.63407735634894,0.8276314279505371,0.3236470489821671,0.13047729500030983,1.0
Hybrid GWO-ABC,267,100.0,0.0,29.235288441049214,20.764711558950786,26700.0,26700.0,2018.8,8075200.0,1.0,0.07534457061498223,6.6,31.097736697853556,125.95949602910272,0.5842873640718961,0.3210858163283628,0.13013659499993083,1.0
Hybrid GWO-ABC,268,100.0,0.0,29.160944698344643,20.839055301655357,26800.0,26800.0,2025.7,8102800.0,1.0,0.07434374270457109,6.9,28.110464928333,126.5849688727455,0.7268990364527181,0.32124929573458805,0.13377284500056702,1.0
Hybrid GWO-ABC,269,100.0,0.0,29.085126626899278,20.914873373100722,26900.0,26900.0,2033.5,8134000.0,1.0,0.0758180714453653,7.8,25.797600726651485,127.58480097282964,0.8625426540128297,0.32290234135121976,0.1354700400002912,1.0
Hybrid GWO-ABC,270,100.0,0.0,29.009658987312754,20.990341012687246,27000.0,27000.0,2041.1,8164400.0,1.0,0.07546763958652622,7.6,26.265233071024557,127.88794480756114,0.7818713871570836,0.3203153849996353,0.12787862499972108,1.0
Hybrid GWO-ABC,271,100.0,0.0,28.933859048775975,21.066140951224025,27100.0,27100.0,2047.8,8191200.0,1.0,0.07579993853677838,6.7,26.50434597998089,131.36758064361183,0.5677982059856773,0.3124777364199852,0.13576200499956032,1.0
Hybrid GWO-ABC,272,100.0,0.0,28.85832894013523,21.141671059864766,27200.0,27200.0,2055.6,8222400.0,1.0,0.07553010864073997,7.8,28.179034088695637,125.18536374106414,0.8389480613903755,0.32325144213255225,0.1349484049991588,1.0
Hybrid GWO-ABC,273,100.0,0.0,28.782337443690817,21.217662556309186,27300.0,27300.0,2063.8,8255200.0,1.0,0.07599149644441763,8.2,27.59625052610486,124.72645365167382,0.8847153942857892,0.3241371325375777,0.13046837500041875,1.0
Hybrid GWO-ABC,274,100.0,0.0,28.706024793311247,21.293975206688753,27400.0,27400.0,2070.8,8283200.0,1.0,0.07631265037956822,7.0,25.901147652068186,130.67809950802214,0.588268923442308,0.3163745159867234,0.13090810500034422,1.0
Hybrid GWO-ABC,275,100.0,0.0,28.63054923125057,21.36945076874943,27500.0,27500.0,2077.8,8311200.0,1.0,0.07547556206067937,7.0,28.257424248264147,127.98534141232753,0.632785172186684,0.31880097658270645,0.1332491149998532,1.0
Hybrid GWO-ABC,276,100.0,0.0,28.554025419472822,21.44597458052718,27600.0,27600.0,2085.2,8340800.0,1.0,0.07652381177774892,7.4,26.25448577201475,129.74672695442268,0.6755144637555117,0.3163632588651113,0.14095012999969186,1.0
Hybrid GWO-ABC,277,100.0,0.0,28.477869857212863,21.522130142787134,27700.0,27700.0,2092.9,8371600.0,1.0,0.0761555622599543,7.7,30.130358186411666,123.42804497611432,0.7238488446456685,0.32061047757176264,0.12852949500011163,1.0
Hybrid GWO-ABC,278,100.0,0.0,28.40137688347042,21.59862311652958,27800.0,27800.0,2100.45,8401800.0,1.0,0.07649297374244704,7.55,27.34741491216827,128.10595832846346,0.6842363462938774,0.31882684193714456,0.13463877999965917,1.0
Hybrid GWO-ABC,279,100.0,0.0,28.3250671952095,21.674932804790497,27900.0,27900.0,2107.45,8429800.0,1.0,0.07630968826091741,7.0,27.856386111634514,129.2992378867842,0.5733182850664063,0.31481361160288784,0.13160209499947087,1.0
Hybrid GWO-ABC,280,100.0,0.0,28.24774388123281,21.752256118767185,28000.0,28000.0,2114.85,8459400.0,1.0,0.07732331397668837,7.4,25.834150011507482,130.05296435936347,0.59469255086897,0.3093686546976039,0.12951690000008967,1.0
Hybrid GWO-ABC,281,100.0,0.0,28.170807425081648,21.829192574918352,28100.0,28100.0,2122.85,8491400.0,1.0,0.07693645615116455,8.0,26.216976982341055,128.36207671169868,0.7605319297843691,0.31806895203228075,0.1285905199991248,1.0
Hybrid GWO-ABC,282,100.0,0.0,28.093756110059235,21.906243889940765,28200.0,28200.0,2130.2,8520800.0,1.0,0.07705131502241222,7.35,24.262509058195363,131.6098473168519,0.5836388723142797,0.30988305555056916,0.13239604000045802,1.0
Hybrid GWO-ABC,283,100.0,0.0,28.01699734636272,21.98300265363728,28300.0,28300.0,2138.65,8554600.0,1.0,0.07675876369651355,8.45,25.499074812456048,127.05892565663251,0.8139468975931381,0.31894276508176783,0.13448754500022914,1.0
Hybrid GWO-ABC,284,100.0,0.0,27.940523145262112,22.059476854737884,28400.0,28400.0,2145.85,8583400.0,1.0,0.07647420110060565,7.2,26.987674017041154,129.6537909992759,0.6263134791233719,0.31230611737051184,0.1323334500000783,1.0
Hybrid GWO-ABC,285,100.0,0.0,27.86398385220333,22.136016147796667,28500.0,28500.0,2152.6,8610400.0,1.0,0.07653929305878364,6.75,26.009226957465575,132.1619583594085,0.5092805566710861,0.3092115057122817,0.1351637749994552,1.0
Hybrid GWO-ABC,286,100.0,0.0,27.7885923137418,22.2114076862582,28600.0,28600.0,2159.6,8638400.0,1.0,0.07539153846153415,7.0,27.153919815246134,129.4978584358217,0.6910043335754683,0.32094618008691866,0.13670777000043016,1.0
Hybrid GWO-ABC,287,100.0,0.0,27.712089513404386,22.287910486595614,28700.0,28700.0,2167.1,8668400.0,1.0,0.07650280033741304,7.5,28.44018602511727,126.9575036304306,0.6891854226417224,0.3173816047642424,0.14022056499925384,1.0
Hybrid GWO-ABC,288,100.0,0.0,27.63643229476592,22.36356770523408,28800.0,28800.0,2174.5,8698000.0,1.0,0.07565721863846467,7.4,25.81540717237028,129.88148081699055,0.7833901838497974,0.32492099466696395,0.1329667950005387,1.0
Hybrid GWO-ABC,289,100.0,0.0,27.560924151222288,22.439075848777712,28900.0,28900.0,2180.95,8723800.0,1.0,0.07550814354363275,6.45,29.266391731486625,129.058829365417,0.5104116907031437,0.3132011241124098,0.13985815500127502,1.0
Hybrid GWO-ABC,290,100.0,0.0,27.486260821792296,22.513739178207704,29000.0,29000.0,2187.6,8750400.0,1.0,0.07466332942999063,6.65,28.438279106460204,128.00631808665906,0.6792953758961494,0.31988342024588373,0.1345089550010016,1.0
Hybrid GWO-ABC,291,100.0,0.0,27.409452347495648,22.590547652504352,29100.0,29100.0,2194.6,8778400.0,1.0,0.07680847429665132,7.0,26.579469443769586,131.6810720027181,0.5109194817343994,0.30736678370871223,0.1328650999999809,1.0
Hybrid GWO-ABC,292,100.0,0.0,27.333997946754163,22.666002053245833,29200.0,29200.0,2201.95,8807800.0,1.0,0.07545440074148022,7.35,27.800765389844678,126.64721251363449,0.799246748492886,0.32304574557304067,0.13271646000102919,1.0
Hybrid GWO-ABC,293,100.0,0.0,27.257937200942184,22.742062799057816,29300.0,29300.0,2210.05,8840200.0,1.0,0.0760607458119816,8.1,27.167125837338528,125.41525046855938,0.8383902212447566,0.32400231840532,0.12947680499928538,1.0
Hybrid GWO-ABC,294,100.0,0.0,27.1803238083965,22.8196761916035,29400.0,29400.0,2218.15,8872600.0,1.0,0.07761339254568433,8.1,24.253393160378977,129.79959916563092,0.7085051201149224,0.30912610677965435,0.1284270700012712,1.0
Hybrid GWO-ABC,295,100.0,0.0,27.10346128566664,22.896538714333357,29500.0,29500.0,2226.2,8904800.0,1.0,0.07686252272985854,8.05,23.447684296283814,129.71506964512145,0.7646872032185429,0.31498068983663097,0.13347514499982935,1.0
Hybrid GWO-ABC,296,100.0,0.0,27.028019073343415,22.971980926656588,29600.0,29600.0,2233.25,8933000.0,1.0,0.07544221232322865,7.05,28.035204100216834,126.07650667345513,0.6463647853429133,0.3181339166209911,0.13170106999968995,1.0
Hybrid GWO-ABC,297,100.0,0.0,26.95286537561055,23.04713462438945,29700.0,29700.0,2239.9,8959600.0,1.0,0.07515369773286196,6.65,27.27077341150566,130.09002219813254,0.5756036670633401,0.317105103469766,0.12913823499911814,1.0
Hybrid GWO-ABC,298,100.0,0.0,26.877921880419525,23.122078119580472,29800.0,29800.0,2248.05,8992200.0,1.0,0.07494349519102421,8.15,24.282082508773833,125.85435044826144,0.9052788878619653,0.3222054043862552,0.13186737499963783,1.0
Hybrid GWO-ABC,299,100.0,0.0,26.80165329581996,23.19834670418004,29900.0,29900.0,2255.2,9020800.0,1.0,0.07626858459956747,7.15,24.867241204351973,131.3338664489367,0.5628239423898169,0.30871112669466994,0.1338100699998904,1.0
Hybrid GWO-ABC,300,100.0,0.0,26.7258342370851,23.274165762914897,30000.0,30000.0,2263.0,9052000.0,1.0,0.07581905873485902,7.8,27.62211367814125,126.4473657183029,0.7673460205860144,0.3206970910092484,0.13145333499851403,1.0
Hybrid GWO-ABC,301,100.0,0.0,26.650809578235815,23.349190421764185,30100.0,30100.0,2270.7,9082800.0,1.0,0.07502465884928408,7.7,28.096348248878023,124.6345838293823,0.8000030057922821,0.3255196721572136,0.12815724500032957,1.0
Hybrid GWO-ABC,302,100.0,0.0,26.57527978670173,23.424720213298265,30200.0,30200.0,2278.2,9112800.0,1.0,0.07552979153408276,7.5,27.27410179098955,127.28979447908971,0.7795338324297438,0.3199621022413894,0.1295780799991917,1.0
Hybrid GWO-ABC,303,100.0,0.0,26.499220074037176,23.500779925962824,30300.0,30300.0,2285.0,9140000.0,1.0,0.07605971266455906,6.8,25.15857738796524,131.56114037243842,0.5469864678244092,0.3126593941310804,0.13057290999931864,1.0
Hybrid GWO-ABC,304,100.0,0.0,26.423719744217244,23.576280255782756,30400.0,30400.0,2292.45,9169800.0,1.0,0.07550032981993268,7.45,28.557089614656928,125.13765424763479,0.7765475724857833,0.32115790611344536,0.12914874499947473,1.0
Hybrid GWO-ABC,305,100.0,0.0,26.346982964868253,23.653017035131747,30500.0,30500.0,2299.95,9199800.0,1.0,0.07673677934898641,7.5,26.586124160290336,129.1366725483086,0.6848193271232286,0.3152269658946242,0.1323532200003683,1.0
Hybrid GWO-ABC,306,100.0,0.0,26.27097759594799,23.72902240405201,30600.0,30600.0,2307.55,9230200.0,1.0,0.0760053689202655,7.6,27.31356979901036,126.04551445228299,0.701508724720396,0.316894148209875,0.13037646499906258,1.0
Hybrid GWO-ABC,307,100.0,0.0,26.194536830462766,23.805463169537234,30700.0,30700.0,2314.65,9258600.0,1.0,0.07644076548522402,7.1,26.048775883145442,130.82312260581372,0.5024775728029371,0.30911233220183665,0.13176927999811597,1.0
Hybrid GWO-ABC,308,100.0,0.0,26.117038567397863,23.88296143260214,30800.0,30800.0,2321.9,9287600.0,1.0,0.07749826306490579,7.25,27.62360900922902,128.55407749817223,0.5777856264246994,0.31195046735691534,0.12776525499975833,1.0
Hybrid GWO-ABC,309,100.0,0.0,26.041005867274613,23.95899413272539,30900.0,30900.0,2329.0,9316000.0,1.0,0.0760327001232504,7.1,28.054484533793676,129.71295982621,0.5595151418062947,0.31564004173510385,0.1332781450008042,1.0
Hybrid GWO-ABC,310,100.0,0.0,25.964558494721295,24.035441505278705,31000.0,31000.0,2336.5,9346000.0,1.0,0.07644737255331328,7.5,24.693361155114573,130.6454614966521,0.6498625236068323,0.3153255841117468,0.13609693500002323,1.0
Hybrid GWO-ABC,311,100.0,0.0,25.888656687932713,24.111343312067287,31100.0,31100.0,2343.45,9373800.0,1.0,0.07590180678858527,6.95,25.923673967156464,131.17384969460605,0.6494209634120663,0.32006909677707346,0.12849045000039042,1.0
Hybrid GWO-ABC,312,100.0,0.0,25.81280932459515,24.187190675404853,31200.0,31200.0,2350.65,9402600.0,1.0,0.07584736333756333,7.2,29.363649542900255,125.43485164969334,0.6921918423421258,0.32044107306908265,0.13275729999950273,1.0
Hybrid GWO-ABC,313,100.0,0.0,25.737771078726617,24.262228921273383,31300.0,31300.0,2358.05,9432200.0,1.0,0.07503824586853317,7.4,28.725553978933437,125.46402637104048,0.7690935707054171,0.3251138607679185,0.13997414000041317,1.0
Hybrid GWO-ABC,314,100.0,0.0,25.661706493537576,24.338293506462424,31400.0,31400.0,2366.5,9466000.0,1.0,0.076064585189037,8.45,27.711795432971464,123.68328421164988,0.9491183352079451,0.32576513402690727,0.13833560499952,1.0
Hybrid GWO-ABC,315,100.0,0.0,25.5857198750681,24.4142801249319,31500.0,31500.0,2373.85,9495400.0,1.0,0.0759866184694749,7.35,25.887797516236965,130.1277569840368,0.6626479070273593,0.31699224101996604,0.13646468500046466,1.0
Hybrid GWO-ABC,316,100.0,0.0,25.50968018000182,24.49031981999818,31600.0,31600.0,2381.8,9527200.0,1.0,0.07603969506628357,7.95,26.499911240817692,127.17977597235151,0.7949963791855759,0.32152303788001363,0.1360888100003649,1.0
Hybrid GWO-ABC,317,100.0,0.0,25.43293993434592,24.56706006565408,31700.0,31700.0,2388.1,9552400.0,1.0,0.0767402456558985,6.3,25.02406103423335,135.62127007602513,0.3850834530887659,0.3066726290420623,0.13790536000051362,1.0
Hybrid GWO-ABC,318,100.0,0.0,25.356538733969266,24.643461266030734,31800.0,31800.0,2395.45,9581800.0,1.0,0.0764012003766565,7.35,24.61160323395921,131.2604268975345,0.5860622207579833,0.31095068223700456,0.13041083000098297,1.0
Hybrid GWO-ABC,319,100.0,0.0,25.280486879980465,24.719513120019535,31900.0,31900.0,2402.05,9608200.0,1.0,0.07605185398879666,6.6,27.667296795491744,130.55328766042254,0.5165701435662653,0.31278031515650995,0.1281002650008304,1.0
Hybrid GWO-ABC,320,100.0,0.0,25.203957523979554,24.796042476020446,32000.0,32000.0,2409.3,9637200.0,1.0,0.07652935600091286,7.25,27.39585038169106,129.86003005100991,0.6390326689802956,0.31833432966170394,0.132690625000032,1.0
Hybrid GWO-ABC,321,100.0,0.0,25.128513949483892,24.871486050516108,32100.0,32100.0,2416.55,9666200.0,1.0,0.07544357449566234,7.25,26.7393779225461,128.04216324758937,0.6652101128598014,0.3161992962093252,0.13047702999938338,1.0
Hybrid GWO-ABC,322,100.0,0.0,25.052556110090716,24.947443889909284,32200.0,32200.0,2424.55,9698200.0,1.0,0.07595783939317488,8.0,26.243502107555877,125.69131955907456,0.81973265348198,0.3173980056370684,0.1447499149999203,1.0
Hybrid GWO-ABC,323,100.0,0.0,24.97502261834386,25.02497738165614,32300.0,32300.0,2433.35,9733400.0,1.0,0.07753349174685784,8.8,26.216419878711044,126.08307156001982,0.8879067797078172,0.31940099906933167,0.13742485000002488,1.0
Hybrid GWO-ABC,324,100.0,0.0,24.89868490862674,25.10131509137326,32400.0,32400.0,2440.9,9763600.0,1.0,0.07633770971711744,7.55,26.988515181732332,128.5510150170111,0.6742493679651423,0.31729838595846754,0.13843116499992902,1.0
Hybrid GWO-ABC,325,100.0,0.0,24.822748668661166,25.177251331338834,32500.0,32500.0,2448.6,9794400.0,1.0,0.07593623996557745,7.7,28.394857187797612,126.0660728554896,0.7340131024239793,0.31871804770613077,0.13678596499958076,1.0
Hybrid GWO-ABC,326,100.0,0.0,24.74654438301373,25.25345561698627,32600.0,32600.0,2456.35,9825400.0,1.0,0.07620428564743484,7.75,25.97527423788401,127.86893041281355,0.7370600357349946,0.31811367127339574,0.1306548299995484,1.0
Hybrid GWO-ABC,327,100.0,0.0,24.67125485090576,25.32874514909424,32700.0,32700.0,2464.35,9857400.0,1.0,0.07528953210796648,8.0,27.5750719917475,124.331942506024,0.8639585533950346,0.3235572873828144,0.13035835499940732,1.0
Hybrid GWO-ABC,328,100.0,0.0,24.59577169669911,25.40422830330089,32800.0,32800.0,2471.45,9885800.0,1.0,0.07548315420665315,7.1,28.069560514384385,127.42492904401634,0.7057628045913721,0.3238009539997341,0.13216739500057884,1.0
Hybrid GWO-ABC,329,100.0,0.0,24.519915714147725,25.480084285852275,32900.0,32900.0,2479.65,9918600.0,1.0,0.07585598255138351,8.2,27.084358365427658,125.80656901895574,0.8439270761778392,0.322668043048857,0.13137862000039605,1.0
Hybrid GWO-ABC,330,100.0,0.0,24.443827480838216,25.556172519161784,33000.0,33000.0,2487.4,9949600.0,1.0,0.076088233309512,7.75,26.09862225352918,127.4839400522665,0.7711785287264513,0.321418560857782,0.1333956649999891,1.0
Hybrid GWO-ABC,331,100.0,0.0,24.368232504897584,25.631767495102412,33100.0,33100.0,2493.9,9975600.0,1.0,0.07559497594062829,6.5,26.986042920929957,131.07949213895228,0.5021228842415756,0.3153335335542093,0.12993615499908628,1.0
Hybrid GWO-ABC,332,100.0,0.0,24.292797838322915,25.70720216167709,33200.0,33200.0,2501.0,10004000.0,1.0,0.07543466657467217,7.1,27.844092495452504,126.94842578215935,0.6358630539844587,0.3175730868931044,0.13365612999987206,1.0
Hybrid GWO-ABC,333,100.0,0.0,24.216298397513008,25.783701602486992,33300.0,33300.0,2508.55,10034200.0,1.0,0.07649944080990653,7.55,26.13137528378403,129.84998656422562,0.6331503076926696,0.31149718339819976,0.1285870450003131,1.0
Hybrid GWO-ABC,334,100.0,0.0,24.139804424992995,25.860195575007005,33400.0,33400.0,2516.55,10066200.0,1.0,0.07649397252001097,8.0,26.285445500389265,127.68098912107709,0.816363281746981,0.31971403176030344,0.13281197500036795,1.0
Hybrid GWO-ABC,335,100.0,0.0,24.063103618676145,25.936896381323855,33500.0,33500.0,2523.8,10095200.0,1.0,0.07670080631685447,7.25,25.577740638971928,131.9196409418601,0.5931310379818958,0.30850225149960436,0.14472886999974435,1.0
Hybrid GWO-ABC,336,100.0,0.0,23.98703849845679,26.012961501543213,33600.0,33600.0,2531.4,10125600.0,1.0,0.07606512021935359,7.6,28.75224447372409,126.93098553285513,0.7516057027511962,0.3225215028801433,0.13247537499955797,1.0
Hybrid GWO-ABC,337,100.0,0.0,23.91051826979117,26.08948173020883,33700.0,33700.0,2539.2,10156800.0,1.0,0.07652022866562014,7.8,24.147083684911156,130.0526262011285,0.7416614623375327,0.31467723872772935,0.13380447499948786,1.0
Hybrid GWO-ABC,338,100.0,0.0,23.833203776412724,26.166796223587276,33800.0,33800.0,2546.05,10184200.0,1.0,0.0773144933784442,6.85,23.794103536137563,135.39939995995272,0.5027478979412614,0.3107024171129429,0.13304349999998522,1.0
Hybrid GWO-ABC,339,100.0,0.0,23.756526968841023,26.243473031158977,33900.0,33900.0,2552.75,10211000.0,1.0,0.07667680757170174,6.7,27.214967875399434,131.508604413029,0.4980989911521327,0.3106544079264379,0.1313076099999307,1.0
Hybrid GWO-ABC,340,100.0,0.0,23.6803765235125,26.3196234764875,34000.0,34000.0,2560.7,10242800.0,1.0,0.07615044532852089,7.95,26.118848957717187,126.87412891998648,0.8041708357095552,0.32142620905568103,0.12840705000053276,1.0
Hybrid GWO-ABC,341,100.0,0.0,23.603824278490436,26.396175721509564,34100.0,34100.0,2568.4,10273600.0,1.0,0.0765522450220674,7.7,26.12286096979051,128.1722899187576,0.7336804170743672,0.3166369682230356,0.13219568000058643,1.0
Hybrid GWO-ABC,342,100.0,0.0,23.527329654080575,26.472670345919425,34200.0,34200.0,2575.8,10303200.0,1.0,0.0764946244098585,7.4,26.154145177615504,129.07978740342483,0.690846097616132,0.31418767547756904,0.13437641499913297,1.0
Hybrid GWO-ABC,343,100.0,0.0,23.44994492975852,26.550055070241484,34300.0,34300.0,2584.15,10336600.0,1.0,0.07738472432205815,8.35,25.67067726483552,128.08228692860968,0.7411008257936578,0.31343349377213786,0.1317284450004081,1.0
Hybrid GWO-ABC,344,100.0,0.0,23.371761112596396,26.628238887403604,34400.0,34400.0,2591.45,10365800.0,1.0,0.07818381716212137,7.3,23.457222166178052,134.16852681844466,0.507964707044095,0.30372079643313277,0.12699833000078797,1.0
Hybrid GWO-ABC,345,100.0,0.0,23.294141971564123,26.705858028435877,34500.0,34500.0,2598.6,10394400.0,1.0,0.07761914103227366,7.15,26.298847046445854,131.0079892650963,0.5591515301599658,0.31226497958392196,0.1284027799993055,1.0
Hybrid GWO-ABC,346,100.0,0.0,23.218511463277355,26.781488536722645,34600.0,34600.0,2605.6,10422400.0,1.0,0.07563050828676747,7.0,29.75166728623759,126.31389501565722,0.6145762112100586,0.32101994341480483,0.13020288499974414,1.0
Hybrid GWO-ABC,347,100.0,0.0,23.14301425102807,26.85698574897193,34700.0,34700.0,2612.65,10450600.0,1.0,0.07549721224928749,7.05,28.147809806420128,127.29652887474506,0.6063750251441941,0.3178283886558695,0.12992770500022743,1.0
Hybrid GWO-ABC,348,100.0,0.0,23.067937544311274,26.932062455688726,34800.0,34800.0,2620.4,10481600.0,1.0,0.07507670671679137,7.75,28.029903416916692,125.54726591460319,0.833887468003881,0.32718775352611285,0.1290085199991154,1.0
Hybrid GWO-ABC,349,100.0,0.0,22.993167707245515,27.006832292754485,34900.0,34900.0,2628.95,10515800.0,1.0,0.07476983706576021,8.55,26.993300534830563,122.37826699285691,1.0507591350224654,0.33034492354238726,0.12729485500094598,1.0
Hybrid GWO-ABC,350,100.0,0.0,22.916894471711714,27.083105528288286,35000.0,35000.0,2637.55,10550200.0,1.0,0.07627323553380254,8.6,27.246231038814773,124.74947530687655,0.9672178587524177,0.3272960962969981,0.12957202499965206,1.0
Hybrid GWO-ABC,351,100.0,0.0,22.839400002509315,27.160599997490685,35100.0,35100.0,2645.6,10582400.0,1.0,0.07749446920239844,8.05,25.932860616760657,128.60953995142125,0.7288296208951222,0.3164201855722505,0.12614968000052612,1.0
Hybrid GWO-ABC,352,100.0,0.0,22.763307891548585,27.236692108451415,35200.0,35200.0,2652.95,10611800.0,1.0,0.07609211096072829,7.35,24.733713555697566,129.84259681286136,0.6878446694795054,0.31720781821772936,0.13173925999981292,1.0
Hybrid GWO-ABC,353,100.0,0.0,22.685557773792674,27.31444222620733,35300.0,35300.0,2660.95,10643800.0,1.0,0.07775011775591487,8.0,22.473677300849594,131.8911007470745,0.7156174672435703,0.313201143656994,0.13074358000012581,1.0
Hybrid GWO-ABC,354,100.0,0.0,22.608898333902353,27.391101666097647,35400.0,35400.0,2668.9,10675600.0,1.0,0.07665943989032051,7.95,25.71000458422754,128.89894116329154,0.7280960146924047,0.3186700140130906,0.1352475650000997,1.0
Hybrid GWO-ABC,355,100.0,0.0,22.532360531154016,27.46763946884598,35500.0,35500.0,2676.45,10705800.0,1.0,0.07653780274833562,7.55,26.806578412401812,128.41021638533618,0.6574985821445994,0.314625059097848,0.13561985499945878,1.0
Hybrid GWO-ABC,356,100.0,0.0,22.45549480655691,27.544505193443094,35600.0,35600.0,2683.7,10734800.0,1.0,0.07686572459710579,7.25,25.796132976126007,131.75935384082953,0.5765112117596795,0.31163463167612065,0.12841039000086313,1.0
Hybrid GWO-ABC,357,100.0,0.0,22.37928026000976,27.62071973999024,35700.0,35700.0,2692.05,10768200.0,1.0,0.07621454654714821,8.35,28.548735003080953,124.07847436325895,0.8699238886344147,0.3237416475387044,0.12856201000067813,1.0
Hybrid GWO-ABC,358,100.0,0.0,22.302975046476742,27.697024953523254,35800.0,35800.0,2700.4,10801600.0,1.0,0.07630521353301827,8.35,25.322317331133974,126.96508697413056,0.8577690940519906,0.3196471191065011,0.1291771649994189,1.0
Hybrid GWO-ABC,359,100.0,0.0,22.226145832622258,27.773854167377742,35900.0,35900.0,2708.1,10832400.0,1.0,0.07682921385448652,7.7,26.114713697420143,129.70088583774253,0.6499108746558047,0.31467569246373683,0.1307712449990504,1.0
Hybrid GWO-ABC,360,100.0,0.0,22.150785067128734,27.84921493287127,36000.0,36000.0,2715.65,10862600.0,1.0,0.07536076549352337,7.55,26.958019281403228,127.33721414112775,0.7371205771527846,0.3212938721855676,0.12872091499993984,1.0
Hybrid GWO-ABC,361,100.0,0.0,22.074339050710943,27.925660949289057,36100.0,36100.0,2723.25,10893000.0,1.0,0.07644601641779011,7.6,25.362192665891815,129.8698411819183,0.7352088401661423,0.3213559321848773,0.12882877000010923,1.0
Hybrid GWO-ABC,362,100.0,0.0,21.998057559554404,28.001942440445596,36200.0,36200.0,2731.05,10924200.0,1.0,0.07628149115653962,7.8,26.283246770192278,127.96526349517949,0.7828235912972045,0.3228068619680521,0.1337536299997737,1.0
Hybrid GWO-ABC,363,100.0,0.0,21.923246942698604,28.076753057301396,36300.0,36300.0,2739.2,10956800.0,1.0,0.07481061685580226,8.15,29.820388946518726,122.28688203291449,0.9495752171814453,0.3320528729720595,0.1255970449994493,1.0
Hybrid GWO-ABC,364,100.0,0.0,21.847729970064428,28.152270029935572,36400.0,36400.0,2746.3,10985200.0,1.0,0.07551697263417197,7.1,26.22252423094912,128.86840867824873,0.6946225678764192,0.32237413374302415,0.12393481500039343,1.0
Hybrid GWO-ABC,365,100.0,0.0,21.772041130202165,28.227958869797835,36500.0,36500.0,2754.7,11018800.0,1.0,0.07568883986226424,8.4,27.367086505292,124.06444262853574,0.9214417573327836,0.32468808259911397,0.12935034000001905,1.0
Hybrid GWO-ABC,366,100.0,0.0,21.69585114435054,28.30414885564946,36600.0,36600.0,2762.45,11049800.0,1.0,0.07618998585162444,7.75,27.767554587027366,127.23910762520696,0.7441358450857647,0.32260216825140403,0.12984630499922786,1.0
Hybrid GWO-ABC,367,100.0,0.0,21.620289650435915,28.37971034956409,36700.0,36700.0,2770.65,11082600.0,1.0,0.07556149391462785,8.2,26.561976498897366,124.82443363994079,0.9031976613048245,0.3245641535412476,0.12891018000082113,1.0
Hybrid GWO-ABC,368,100.0,0.0,21.54478944742153,28.455210552578468,36800.0,36800.0,2778.05,11112200.0,1.0,0.0755002030143821,7.4,24.789954263558762,129.32446548751346,0.7333574516522192,0.3192336621823951,0.13223099499991803,1.0
Hybrid GWO-ABC,369,100.0,0.0,21.469085683980744,28.53091431601926,36900.0,36900.0,2785.9,11143600.0,1.0,0.07570376344078955,7.85,26.90924554472651,126.46357471747262,0.8243864371749627,0.32159823385691666,0.12750037999940106,1.0
Hybrid GWO-ABC,370,100.0,0.0,21.392921781453154,28.607078218546842,37000.0,37000.0,2793.55,11174200.0,1.0,0.07616390252758656,7.65,28.670212732715328,125.81721229379582,0.7416891663230604,0.3223692802862378,0.12553877999926044,1.0
Hybrid GWO-ABC,371,100.0,0.0,21.317511492270974,28.682488507729023,37100.0,37100.0,2801.65,11206600.0,1.0,0.07541028918217876,8.1,26.103684645409356,125.06619561134377,0.9042785396958399,0.32337099329554425,0.12735444499958248,1.0
Hybrid GWO-ABC,372,100.0,0.0,21.240991007052685,28.759008992947315,37200.0,37200.0,2808.85,11235400.0,1.0,0.07652048521829169,7.2,28.436650980680234,128.2358752631067,0.6499145738793138,0.3227631570335999,0.12963144000023022,1.0
Hybrid GWO-ABC,373,100.0,0.0,21.16469150433222,28.83530849566778,37300.0,37300.0,2816.5,11266000.0,1.0,0.07629950272046049,7.65,26.895049939327954,127.8663892895219,0.7066561630385743,0.3204587299469111,0.1257209449995571,1.0
Hybrid GWO-ABC,374,100.0,0.0,21.0878184635015,28.9121815364985,37400.0,37400.0,2824.95,11299800.0,1.0,0.07687304083072596,8.45,26.90608119262702,125.91964559294863,0.8171710763055382,0.3186734333891711,0.12664258000040718,1.0
Hybrid GWO-ABC,375,100.0,0.0,21.010887966878983,28.989112033121017,37500.0,37500.0,2833.25,11333000.0,1.0,0.07693049662251479,8.3,26.84016323103678,127.50356711860559,0.7696819334332482,0.319191624849264,0.1270234449999407,1.0
Hybrid GWO-ABC,376,100.0,0.0,20.932772475743576,29.067227524256424,37600.0,37600.0,2841.55,11366200.0,1.0,0.07811549113540703,8.3,24.41094538479683,130.5927007624161,0.6568264222419644,0.30966047908746125,0.13013613999937662,1.0
Hybrid GWO-ABC,377,100.0,0.0,20.857460487412048,29.142539512587952,37700.0,37700.0,2848.85,11395400.0,1.0,0.07531198833152537,7.3,27.59413498065347,126.74786719510087,0.6874395619498334,0.32053521742691554,0.12885329000055207,1.0
Hybrid GWO-ABC,378,100.0,0.0,20.781567295643427,29.218432704356577,37800.0,37800.0,2856.7,11426800.0,1.0,0.07589319176862422,7.85,27.34612000014139,125.43259370837036,0.7871451951691179,0.3259493840979172,0.1312417400007689,1.0
Hybrid GWO-ABC,379,100.0,0.0,20.705456209847696,29.294543790152307,37900.0,37900.0,2863.65,11454600.0,1.0,0.07611108579573056,6.95,26.971899909184156,129.9203142061578,0.6144175541466625,0.31848810057145854,0.12640995500041755,1.0
Hybrid GWO-ABC,380,100.0,0.0,20.62902591773777,29.37097408226223,38000.0,38000.0,2870.95,11483800.0,1.0,0.07643029210992491,7.3,28.99095805242599,127.74452903176598,0.6357535375047656,0.3177031571651609,0.13325004000034824,1.0
Hybrid GWO-ABC,381,100.0,0.0,20.55314583900155,29.44685416099845,38100.0,38100.0,2878.95,11515800.0,1.0,0.07588007873622012,8.0,27.003423103896004,125.96841881108394,0.8592345307182864,0.3249931820934063,0.1349295500003791,1.0
Hybrid GWO-ABC,382,100.0,0.0,20.47668391633836,29.523316083661637,38200.0,38200.0,2886.25,11545000.0,1.0,0.07646192266319111,7.3,27.236040330944444,128.76424516005142,0.641810609146097,0.3158190123690841,0.13672363000005133,1.0
Hybrid GWO-ABC,383,100.0,0.0,20.400398276555485,29.59960172344451,38300.0,38300.0,2894.5,11578000.0,1.0,0.07628563978287187,8.25,25.636049405273717,127.8708544550361,0.8341108425944,0.32532330378853036,0.13110372999981337,1.0
Hybrid GWO-ABC,384,100.0,0.0,20.323917875370924,29.67608212462908,38400.0,38400.0,2901.9,11607600.0,1.0,0.07648040118456426,7.4,27.5051298668364,127.47625255560334,0.6289954955321475,0.3152398221971887,0.12935390500060748,1.0
Hybrid GWO-ABC,385,100.0,0.0,20.246973136545954,29.753026863454046,38500.0,38500.0,2909.2,11636800.0,1.0,0.07694473882497092,7.3,28.15888621228179,130.3042764722522,0.5933042201789144,0.31886526075834937,0.13076771499981987,1.0
Hybrid GWO-ABC,386,100.0,0.0,20.169716400962656,29.830283599037347,38600.0,38600.0,2916.65,11666600.0,1.0,0.07725673558329671,7.45,26.660207858949963,128.77022394392014,0.5886054409965635,0.31557353501659524,0.12745199999990292,1.0
Hybrid GWO-ABC,387,100.0,0.0,20.092620331501845,29.90737966849815,38700.0,38700.0,2924.0,11696000.0,1.0,0.07709606946080942,7.35,25.892340049190835,129.5476429978606,0.6006437566186289,0.31572353193028435,0.13120729999973263,1.0
Hybrid GWO-ABC,388,100.0,0.0,20.01575244466017,29.984247555339834,38800.0,38800.0,2931.6,11726400.0,1.0,0.07686788684167833,7.6,27.046030099778346,127.92778121757749,0.6921682661425272,0.32066207458089563,0.12918213499979175,1.0
Hybrid GWO-ABC,389,100.0,0.0,19.940363042660714,30.059636957339286,38900.0,38900.0,2940.05,11760200.0,1.0,0.07538940199945579,8.45,25.817007662942935,124.39686060471999,0.9640006362090239,0.32905450019505617,0.13420800499952748,1.0
Hybrid GWO-ABC,390,100.0,0.0,19.863870258905262,30.136129741094738,39000.0,39000.0,2948.0,11792000.0,1.0,0.07649278375544881,7.95,26.587766294050187,127.37276855289693,0.7489918925284587,0.32056599134486724,0.12986804000065605,1.0
Hybrid GWO-ABC,391,100.0,0.0,19.787183685971634,30.212816314028363,39100.0,39100.0,2955.8,11823200.0,1.0,0.0766865729336276,7.8,29.464953506307058,126.22626799602396,0.6739088765008339,0.32204078295815275,0.1314455250005267,1.0
Hybrid GWO-ABC,392,100.0,0.0,19.71015246347185,30.28984753652815,39200.0,39200.0,2964.15,11856600.0,1.0,0.07703122249978663,8.35,25.858214158515175,127.27832857464485,0.7128691170022827,0.31723773118658183,0.12615485999995144,1.0
Hybrid GWO-ABC,393,100.0,0.0,19.632947636771917,30.367052363228083,39300.0,39300.0,2972.5,11890000.0,1.0,0.07720482669993203,8.35,24.688496712611297,128.34234989708176,0.7266947412625704,0.3123737014834409,0.1278514499994344,1.0
Hybrid GWO-ABC,394,100.0,0.0,19.557179557580884,30.442820442419116,39400.0,39400.0,2979.35,11917400.0,1.0,0.0757680791910353,6.85,27.996841760128508,129.02216336517233,0.5752344105885481,0.31839967835099425,0.13216474500004552,1.0
Hybrid GWO-ABC,395,100.0,0.0,19.480677207359435,30.519322792640565,39500.0,39500.0,2986.6,11946400.0,1.0,0.07650235022144738,7.25,26.453195528054636,130.2475866363589,0.5722993971205084,0.315735224097501,0.13187969500031613,1.0
Hybrid GWO-ABC,396,100.0,0.0,19.404140848203077,30.595859151796923,39600.0,39600.0,2993.55,11974200.0,1.0,0.07653635915635722,6.95,28.533176172304913,128.60982364889085,0.5622504689808581,0.32061004832429923,0.13009140499998467,1.0
Hybrid GWO-ABC,397,100.0,0.0,19.326820300967597,30.673179699032403,39700.0,39700.0,3002.0,12008000.0,1.0,0.07732054723547961,8.45,26.28061758207803,127.33269288142571,0.8129802620296431,0.3181905559756017,0.13003350500002853,1.0
Hybrid GWO-ABC,398,100.0,0.0,19.249906949854008,30.750093050145995,39800.0,39800.0,3009.45,12037800.0,1.0,0.07691335111359052,7.45,26.10485968315307,130.74118624380966,0.6133616113544168,0.31818306229741633,0.12814511500000664,1.0
Hybrid GWO-ABC,399,100.0,0.0,19.173913098929912,30.826086901070084,39900.0,39900.0,3017.35,12069400.0,1.0,0.07599385092409446,7.9,26.290381980565275,127.31847801044894,0.7573895712940801,0.3248282022732184,0.1382746799990855,1.0
Hybrid GWO-ABC,400,100.0,0.0,19.097237712077124,30.902762287922872,40000.0,40000.0,3024.8,12099200.0,1.0,0.07667538685278608,7.45,26.207378759952142,129.5865805068734,0.6170270950271313,0.3156083322557924,0.12861256500073068,1.0
Hybrid GWO-ABC,401,100.0,0.0,19.02078294282314,30.97921705717686,40100.0,40100.0,3033.0,12132000.0,1.0,0.07645476925398817,8.2,25.186547453885996,127.64536805938243,0.7729136195984945,0.32013245139558244,0.1334276300003694,1.0
Hybrid GWO-ABC,402,100.0,0.0,18.943389815910322,31.056610184089674,40200.0,40200.0,3040.55,12162200.0,1.0,0.07739312691281644,7.55,27.071093649576056,129.43649417172495,0.6645312497673938,0.3195105722639457,0.13037488000154554,1.0
Hybrid GWO-ABC,403,100.0,0.0,18.867438793237408,31.132561206762592,40300.0,40300.0,3047.15,12188600.0,1.0,0.07595102267291357,6.6,25.57786195874787,133.30756433291054,0.5182929111195183,0.3155827159194082,0.1318591949991969,1.0
Hybrid GWO-ABC,404,100.0,0.0,18.79218095729808,31.20781904270192,40400.0,40400.0,3054.9,12219600.0,1.0,0.07525783593933077,7.75,26.37445798896358,126.60982526617963,0.8508726122060386,0.3280321305047561,0.13472731500041846,1.0
Hybrid GWO-ABC,405,100.0,0.0,18.717799726624285,31.282200273375715,40500.0,40500.0,3062.25,12249000.0,1.0,0.07438123067379294,7.35,31.931427098028557,122.30499972370498,0.7974101626678902,0.3315854603984777,0.13026275000047463,1.0
Hybrid GWO-ABC,406,100.0,0.0,18.64184922350686,31.35815077649314,40600.0,40600.0,3070.45,12281800.0,1.0,0.07595050311742443,8.2,30.433631068766932,122.21917933673858,0.818244035131736,0.3260763540701074,0.13173499000040464,1.0
Hybrid GWO-ABC,407,100.0,0.0,18.564228029541137,31.43577197045886,40700.0,40700.0,3078.65,12314600.0,1.0,0.0776211939657216,8.2,25.822038387503472,129.05885142270657,0.72094467295247,0.32140628525949144,0.13039946500030056,1.0
Hybrid GWO-ABC,408,100.0,0.0,18.487536399599367,31.512463600400633,40800.0,40800.0,3087.0,12348000.0,1.0,0.07669162994177263,8.35,26.19546746715555,125.19702219526053,0.8722977412512799,0.32598179930818644,0.1285386549992836,1.0
Hybrid GWO-ABC,409,100.0,0.0,18.411578899332632,31.588421100667368,40900.0,40900.0,3093.85,12375400.0,1.0,0.07595750026673649,6.85,26.302484107173996,130.6752434215333,0.5813001825564683,0.3217215809748347,0.1257819300000847,1.0
Hybrid GWO-ABC,410,100.0,0.0,18.335217063137467,31.664782936862537,41000.0,41000.0,3101.65,12406600.0,1.0,0.07636183619516305,7.8,25.1509357120933,129.0140801365317,0.7345154143604856,0.3200908564142794,0.12378675500003737,1.0
Hybrid GWO-ABC,411,100.0,0.0,18.258036445151937,31.741963554848063,41100.0,41100.0,3109.15,12436600.0,1.0,0.07718061798552948,7.5,27.606947721326797,129.04103925232593,0.6250480463989233,0.32144945552110893,0.13316706499972497,1.0
Hybrid GWO-ABC,412,100.0,0.0,18.18121810658094,31.81878189341906,41200.0,41200.0,3115.9,12463600.0,1.0,0.07681833857099604,6.75,24.86717101488953,133.75293821503902,0.4407586521559838,0.31173476761595875,0.12804894499968214,1.0
Hybrid GWO-ABC,413,100.0,0.0,18.105294607010485,31.894705392989515,41300.0,41300.0,3123.95,12495800.0,1.0,0.07592349957045545,8.05,28.800236763563646,126.05236197269255,0.82684587874177,0.3316569123779183,0.1276036450009997,1.0
Hybrid GWO-ABC,414,100.0,0.0,18.02999994131761,31.970000058682388,41400.0,41400.0,3132.45,12529800.0,1.0,0.07529466569287528,8.5,26.519793188476523,123.11172533102142,0.9384743170369948,0.32673256101738507,0.13173342999980378,1.0
Hybrid GWO-ABC,415,100.0,0.0,17.954661941691594,32.0453380583084,41500.0,41500.0,3140.25,12561000.0,1.0,0.07533799962601524,7.8,29.312275480221324,123.61681694676149,0.7874625249243508,0.3294851724928636,0.1267030650011293,1.0
Hybrid GWO-ABC,416,100.0,0.0,17.877978731302502,32.122021268697495,41600.0,41600.0,3147.8,12591200.0,1.0,0.07668321038909251,7.55,26.12416778580614,129.82343496934615,0.6079449793316798,0.3190395858098685,0.1278609549990506,1.0
Hybrid GWO-ABC,417,100.0,0.0,17.802119570889783,32.197880429110214,41700.0,41700.0,3155.7,12622800.0,1.0,0.075859160412719,7.9,26.348176924791023,127.45466541199694,0.763646368847094,0.32330158310710405,0.13130162000052223,1.0
Hybrid GWO-ABC,418,100.0,0.0,17.7257540391452,32.2742459608548,41800.0,41800.0,3163.85,12655400.0,1.0,0.07636553174458269,8.15,24.088530587545453,127.79832278012032,0.7927721618348446,0.3234026904694406,0.12866244499964524,1.0
Hybrid GWO-ABC,419,100.0,0.0,17.648119769532286,32.351880230467714,41900.0,41900.0,3171.25,12685000.0,1.0,0.07763426961291486,7.4,25.82962197915011,130.69433191451796,0.5375352236417726,0.31106664615062796,0.12739355000012437,1.0
Hybrid GWO-ABC,420,100.0,0.0,17.57175660714552,32.428243392854476,42000.0,42000.0,3178.6,12714400.0,1.0,0.07636316238676563,7.35,26.364232908875785,129.2913310071111,0.635804244427211,0.3227534620326912,0.13073465500056045,1.0
Hybrid GWO-ABC,421,100.0,0.0,17.495484474549393,32.50451552545061,42100.0,42100.0,3185.35,12741400.0,1.0,0.07627213259612935,6.75,25.51697646708475,132.8944765721363,0.5571811287800543,0.32315732658080265,0.12904627499992785,1.0
Hybrid GWO-ABC,422,100.0,0.0,17.41813097229544,32.581869027704556,42200.0,42200.0,3193.35,12773400.0,1.0,0.07735350225394946,8.0,26.715046297759898,128.50924228024718,0.7337360103672772,0.3231166920202582,0.12875435499954618,1.0
Hybrid GWO-ABC,423,100.0,0.0,17.34313114997557,32.65686885002442,42300.0,42300.0,3200.95,12803800.0,1.0,0.0749998223198701,7.6,28.242008712203205,125.87586697449137,0.8264031271304322,0.33091805005442826,0.13733516999891435,1.0
Hybrid GWO-ABC,424,100.0,0.0,17.266997699999127,32.73300230000088,42400.0,42400.0,3209.2,12836800.0,1.0,0.07613344997644553,8.25,26.636291961293306,125.78410625242368,0.874875196629975,0.32666158559944547,0.12767197499997565,1.0
Hybrid GWO-ABC,425,100.0,0.0,17.191189712686135,32.80881028731386,42500.0,42500.0,3217.0,12868000.0,1.0,0.07580798731298861,7.8,28.247336799071245,124.98002517077387,0.8117826056304669,0.3270020614499228,0.12605609499987622,1.0
Hybrid GWO-ABC,426,100.0,0.0,17.11511801637682,32.88488198362318,42600.0,42600.0,3224.25,12897000.0,1.0,0.07607169630931701,7.25,26.99230586375803,129.94477346013372,0.6451704194076793,0.3210628055800408,0.1233277650004311,1.0
Hybrid GWO-ABC,427,100.0,0.0,17.03967065172584,32.96032934827416,42700.0,42700.0,3231.9,12927600.0,1.0,0.07544736465098163,7.65,26.674139321382533,126.65245003858415,0.814162005173365,0.3281002534971457,0.12568236999977672,1.0
Hybrid GWO-ABC,428,100.0,0.0,16.96373020100436,33.03626979899563,42800.0,42800.0,3239.8,12959200.0,1.0,0.07594045072147626,7.9,25.10994917028655,127.03255902300046,0.7553582248102592,0.3230605145336312,0.1262788999993063,1.0
Hybrid GWO-ABC,429,100.0,0.0,16.886071375274607,33.113928624725396,42900.0,42900.0,3248.0,12992000.0,1.0,0.07765882572975454,8.2,25.39200224692728,128.89647553403466,0.6806938793364412,0.317169163720788,0.12537105999945197,1.0
Hybrid GWO-ABC,430,100.0,0.0,16.809985889555502,33.190014110444494,43000.0,43000.0,3254.65,13018600.0,1.0,0.07608548571910516,6.65,29.134467432988476,129.69143803691605,0.49797929097311433,0.3193474195714798,0.13108186999961619,1.0
Hybrid GWO-ABC,431,100.0,0.0,16.733300201324447,33.26669979867556,43100.0,43100.0,3262.75,13051000.0,1.0,0.07668568823105773,8.1,25.487323467900474,128.38583896903216,0.7889671682179669,0.32492195276746805,0.12952802999971028,1.0
Hybrid GWO-ABC,432,100.0,0.0,16.65695529574832,33.34304470425168,43200.0,43200.0,3270.55,13082200.0,1.0,0.07634490557612664,7.8,25.65731500366577,128.58255483559122,0.7227753233292881,0.3212004809273694,0.12481013999968127,1.0
Hybrid GWO-ABC,433,100.0,0.0,16.580223791857865,33.41977620814214,43300.0,43300.0,3278.0,13112000.0,1.0,0.07673150389045409,7.45,25.829105058515314,130.46897509858468,0.6409724412072139,0.3247969417638658,0.12849594500112288,1.0
Hybrid GWO-ABC,434,100.0,0.0,16.504133263086697,33.4958667369133,43400.0,43400.0,3285.8,13143200.0,1.0,0.07609052877116822,7.8,26.38201329778259,127.68430018488353,0.7769000683167808,0.3233421820784548,0.13127679000062925,1.0
Hybrid GWO-ABC,435,100.0,0.0,16.426588529120973,33.57341147087903,43500.0,43500.0,3293.3,13173200.0,1.0,0.07754473396572284,7.5,25.69661289044519,130.91242520172008,0.5625996255203132,0.3128322770600663,0.13005992000034894,1.0
Hybrid GWO-ABC,436,100.0,0.0,16.34927022442868,33.65072977557132,43600.0,43600.0,3300.7,13202800.0,1.0,0.07731830469229398,7.4,26.03791680644823,131.04998640273246,0.6190064207289121,0.3185353405504544,0.1297573250009009,1.0
Hybrid GWO-ABC,437,100.0,0.0,16.272968600546815,33.72703139945319,43700.0,43700.0,3308.05,13232200.0,1.0,0.07630162388186497,7.35,28.08342196181862,126.96172554857685,0.6252538385352577,0.3221586896080994,0.12587066999949456,1.0
Hybrid GWO-ABC,438,100.0,0.0,16.19666791326746,33.80333208673254,43800.0,43800.0,3315.35,13261400.0,1.0,0.07630068727935235,7.3,29.038778396905712,126.96600273186425,0.7110534493835716,0.32472982772318953,0.12382029500040517,1.0
Hybrid GWO-ABC,439,100.0,0.0,16.121393475039657,33.87860652496035,43900.0,43900.0,3322.5,13290000.0,1.0,0.0752744382278073,7.15,30.227115659840752,124.74008929766214,0.6751998791550032,0.33072050348160054,0.1275115349999396,1.0
Hybrid GWO-ABC,440,100.0,0.0,16.045647899094796,33.954352100905204,44000.0,44000.0,3329.85,13319400.0,1.0,0.07574557594485967,7.35,29.5626380325801,124.94061479237757,0.7096861864142546,0.326223005523028,0.12775839999922028,1.0
Hybrid GWO-ABC,441,100.0,0.0,15.967916244486227,34.03208375551377,44100.0,44100.0,3338.3,13353200.0,1.0,0.07773165460856699,8.45,23.802184158209464,129.19856417191411,0.7906579970097568,0.3203493813689814,0.12630527499968594,1.0
Hybrid GWO-ABC,442,100.0,0.0,15.891601083914423,34.10839891608558,44200.0,44200.0,3346.1,13384400.0,1.0,0.07631516057180354,7.8,28.24304711006142,126.34558252176048,0.7744711510192024,0.3287353127419318,0.12913882000066224,1.0
Hybrid GWO-ABC,443,100.0,0.0,15.814995139407575,34.18500486059243,44300.0,44300.0,3353.1,13412400.0,1.0,0.07660594450685147,7.0,27.224007563075656,129.28151307289903,0.555737963900204,0.32044108377474184,0.13325568000036583,1.0
Hybrid GWO-ABC,444,100.0,0.0,15.739164871418794,34.260835128581206,44400.0,44400.0,3360.45,13441800.0,1.0,0.07583026798877945,7.35,26.185429174983376,128.29996141904718,0.6370281616318073,0.32091287818404235,0.12810282499995082,1.0
Hybrid GWO-ABC,445,100.0,0.0,15.66272370977963,34.33727629022037,44500.0,44500.0,3368.15,13472600.0,1.0,0.07644116163916417,7.7,24.190339565216966,129.5282786181261,0.6986648735668763,0.3218117239439799,0.13110814999927242,1.0
Hybrid GWO-ABC,446,100.0,0.0,15.585942527906784,34.41405747209321,44600.0,44600.0,3375.45,13501800.0,1.0,0.07678118187284548,7.3,28.335487115563467,128.49299953664405,0.5732136738923257,0.3220524528400819,0.12592436500017357,1.0
Hybrid GWO-ABC,447,100.0,0.0,15.509783129215919,34.49021687078408,44700.0,44700.0,3382.45,13529800.0,1.0,0.07615939869086459,7.0,26.364107707673355,130.5355519300099,0.5686743254825772,0.32104894111213245,0.12360076999830198,1.0
Hybrid GWO-ABC,448,100.0,0.0,15.433400900859757,34.56659909914024,44800.0,44800.0,3389.35,13557400.0,1.0,0.07638222835616046,6.9,24.53622452979113,132.01083869827144,0.5356601998410812,0.31963452535340736,0.12393029500017291,1.0
Hybrid GWO-ABC,449,100.0,0.0,15.357085248814665,34.64291475118534,44900.0,44900.0,3397.2,13588800.0,1.0,0.07631565204509574,7.85,27.217227263241494,127.12049091780273,0.7384081088782499,0.3241129029626372,0.12757093500076735,1.0
Hybrid GWO-ABC,450,100.0,0.0,15.280661556352683,34.71933844364732,45000.0,45000.0,3405.05,13620200.0,1.0,0.07642369246197847,7.85,27.265650778372965,127.06525322393618,0.7113105257302633,0.3227027103123848,0.12562028000029385,1.0
Hybrid GWO-ABC,451,100.0,0.0,15.20388705276533,34.796112947234676,45100.0,45100.0,3413.0,13652000.0,1.0,0.07677450358735464,7.95,27.403609813953672,126.82197996562665,0.7219184941088355,0.3265281091043268,0.12178839999905904,1.0
Hybrid GWO-ABC,452,100.0,0.0,15.127824106664715,34.87217589333528,45200.0,45200.0,3420.4,13681600.0,1.0,0.07606294610061504,7.4,29.89013805429272,126.0475642702152,0.7095077070286362,0.3263215187579741,0.12650138499811875,1.0
Hybrid GWO-ABC,453,100.0,0.0,15.051097955869286,34.94890204413071,45300.0,45300.0,3428.1,13712400.0,1.0,0.07672615079542808,7.7,25.108179834251352,129.99766627979918,0.6877714004251763,0.3206868516242247,0.12366260499984491,1.0
Hybrid GWO-ABC,454,100.0,0.0,14.974759832662588,35.025240167337415,45400.0,45400.0,3436.7,13746800.0,1.0,0.07633812320670037,8.6,28.429397158172982,123.0473491040394,0.9178190742755092,0.3295626563505145,0.12866379500010225,1.0
Hybrid GWO-ABC,455,100.0,0.0,14.899550052932161,35.10044994706784,45500.0,45500.0,3443.8,13775200.0,1.0,0.07520977973042405,7.1,27.69647760188413,127.1909477458436,0.6517306036914741,0.3287711875291378,0.1287551200002781,1.0
Hybrid GWO-ABC,456,100.0,0.0,14.824076310840038,35.175923689159966,45600.0,45600.0,3451.2,13804800.0,1.0,0.07547374209212503,7.4,25.813542592370663,127.528946653457,0.7305296984878865,0.3279463687826051,0.12814877500095462,1.0
Hybrid GWO-ABC,457,100.0,0.0,14.747487157934955,35.252512842065045,45700.0,45700.0,3459.05,13836200.0,1.0,0.07658915290508288,7.85,24.42906747034987,129.1022308646231,0.7107894495053817,0.32469773706048627,0.12869252499949652,1.0
Hybrid GWO-ABC,458,100.0,0.0,14.669242335559705,35.3307576644403,45800.0,45800.0,3467.65,13870600.0,1.0,0.07824482237524925,8.6,25.39334289585421,129.06798288721038,0.6655242812606069,0.3177665923718826,0.1244551549996686,1.0
Hybrid GWO-ABC,459,100.0,0.0,14.591849449360529,35.40815055063947,45900.0,45900.0,3475.8,13903200.0,1.0,0.07739288619917631,8.15,25.69647520288658,129.42418521278617,0.7542084941314804,0.32357874038646983,0.13449831499965512,1.0
Hybrid GWO-ABC,460,100.0,0.0,14.514713679991544,35.485286320008456,46000.0,46000.0,3483.15,13932600.0,1.0,0.07713576936898478,7.35,25.73438938249019,131.06048586091194,0.5904599002605934,0.3207298723748796,0.1255622399989079,1.0
Hybrid GWO-ABC,461,100.0,0.0,14.436671355056651,35.563328644943354,46100.0,46100.0,3491.45,13965800.0,1.0,0.07804232493489378,8.3,27.09950076646869,126.81568322489802,0.8070204754784687,0.3247240390453464,0.12345410999951127,1.0
Hybrid GWO-ABC,462,100.0,0.0,14.359652521532155,35.640347478467845,46200.0,46200.0,3499.15,13996600.0,1.0,0.07701883352449493,7.7,27.82715095235294,126.72640619584145,0.6816837446267773,0.3236516300536096,0.12873182499970426,1.0
Hybrid GWO-ABC,463,100.0,0.0,14.283202106123895,35.716797893876105,46300.0,46300.0,3506.8,14027200.0,1.0,0.07645041540826192,7.65,24.65548972511413,130.49423626753895,0.6716300705572551,0.32223540766203307,0.13114763000012317,1.0
Hybrid GWO-ABC,464,100.0,0.0,14.206684523537167,35.79331547646284,46400.0,46400.0,3515.0,14060000.0,1.0,0.07651758258672814,8.2,25.874639278642483,127.01903641495619,0.8690563473702346,0.3291714767411049,0.13420580999991216,1.0
Hybrid GWO-ABC,465,100.0,0.0,14.129763246311006,35.87023675368899,46500.0,46500.0,3522.9,14091600.0,1.0,0.07692127722615946,7.9,27.704029851639355,126.36707172034835,0.7499144719966996,0.32597722416891306,0.12944998500024668,1.0
Hybrid GWO-ABC,466,100.0,0.0,14.052617765323024,35.94738223467697,46600.0,46600.0,3529.75,14119000.0,1.0,0.07714548098798231,6.85,25.772833783107064,133.7246461457271,0.4132234983799073,0.31448005530286,0.1333232600001793,1.0
Hybrid GWO-ABC,467,100.0,0.0,13.975402465201151,36.02459753479885,46700.0,46700.0,3537.5,14150000.0,1.0,0.07721530012187365,7.75,23.71551748292898,131.9086805640715,0.6269300998965134,0.31979604252278765,0.1297820400010096,1.0
Hybrid GWO-ABC,468,100.0,0.0,13.899623063425201,36.1003769365748,46800.0,46800.0,3545.9,14183600.0,1.0,0.07577940177594904,8.4,25.414786400755098,125.43439385904651,0.9550329375050357,0.3337171549763323,0.1311377049987641,1.0
Hybrid GWO-ABC,469,100.0,0.0,13.822751008495363,36.17724899150464,46900.0,46900.0,3553.75,14215000.0,1.0,0.07687205492983855,7.85,25.128628832060464,129.00691997741916,0.7248463357504642,0.323956088851885,0.12935996500018518,1.0
Hybrid GWO-ABC,470,100.0,0.0,13.747152859686,36.252847140314,47000.0,47000.0,3560.6,14242400.0,1.0,0.07559814880936351,6.85,30.101288952551595,126.57199061837066,0.573455761924233,0.3256743361856484,0.13548905000025116,1.0
Hybrid GWO-ABC,471,100.0,0.0,13.67040197300744,36.329598026992564,47100.0,47100.0,3568.7,14274800.0,1.0,0.07675088667855867,8.1,25.773755067549626,127.59865714107264,0.7942830881913903,0.32664862600881267,0.12854539999971165,1.0
Hybrid GWO-ABC,472,100.0,0.0,13.595009235640642,36.404990764359354,47200.0,47200.0,3576.4,14305600.0,1.0,0.07539273736679775,7.7,27.940582107342397,126.09552161961342,0.7940254414982167,0.3309115437610508,0.12097816499990585,1.0
Hybrid GWO-ABC,473,100.0,0.0,13.518608052702414,36.48139194729758,47300.0,47300.0,3583.05,14332200.0,1.0,0.07640118293822953,6.65,26.844392182055685,131.11120216776945,0.46277716902310545,0.3176569084309443,0.12790490500010493,1.0
Hybrid GWO-ABC,474,100.0,0.0,13.442491022162779,36.55750897783722,47400.0,47400.0,3591.05,14364200.0,1.0,0.0761170305396333,8.0,24.672624642465344,128.75896796201863,0.7737335991458771,0.3286243646968741,0.12177804000057221,1.0
Hybrid GWO-ABC,475,100.0,0.0,13.367118370058947,36.63288162994105,47500.0,47500.0,3597.7,14390800.0,1.0,0.07537265210383329,6.65,28.939977825315033,127.39164936741652,0.5919435457068851,0.32436879553863973,0.13109172499935084,1.0
Hybrid GWO-ABC,476,100.0,0.0,13.28956086136333,36.71043913863667,47600.0,47600.0,3605.45,14421800.0,1.0,0.07755750869561684,7.75,25.270772178300188,131.40905520248953,0.6148127084166618,0.31703753413167834,0.13043193999947106,1.0
Hybrid GWO-ABC,477,100.0,0.0,13.213375295758684,36.78662470424132,47700.0,47700.0,3612.95,14451800.0,1.0,0.07618556560464666,7.5,25.71404711912492,129.04713679220362,0.6567099996370197,0.32408311108085186,0.13260103500033438,1.0
Hybrid GWO-ABC,478,100.0,0.0,13.137913827888571,36.86208617211143,47800.0,47800.0,3620.65,14482600.0,1.0,0.07546146787011239,7.7,26.158968657870123,126.35187755471247,0.7790139981601797,0.32997818517176913,0.13209489499968186,1.0
Hybrid GWO-ABC,479,100.0,0.0,13.06171695167239,36.93828304832761,47900.0,47900.0,3627.7,14510800.0,1.0,0.0761968762161815,7.05,26.14016817567416,130.8439797644033,0.5599775777969037,0.3207795683835933,0.12947003499975834,1.0
Hybrid GWO-ABC,480,100.0,0.0,12.98555246238106,37.01444753761894,48000.0,48000.0,3635.2,14540800.0,1.0,0.07616448929132921,7.5,26.36920182096701,127.91433155445944,0.6363011146637175,0.3244034020087436,0.1266656600004353,1.0
Hybrid GWO-ABC,481,100.0,0.0,12.908783031414837,37.09121696858516,48100.0,48100.0,3642.95,14571800.0,1.0,0.07676943096622316,7.75,26.708001660350607,128.03233118443836,0.7203154031216623,0.32690785990223425,0.12692257999951834,1.0
Hybrid GWO-ABC,482,100.0,0.0,12.83259564387934,37.167404356120656,48200.0,48200.0,3650.8,14603200.0,1.0,0.07618738753549534,7.85,28.93972753768195,123.82903468289399,0.7860557390553471,0.32875235956964743,0.1280027050004719,1.0
Hybrid GWO-ABC,483,100.0,0.0,12.756094265063414,37.24390573493659,48300.0,48300.0,3659.45,14637800.0,1.0,0.07650137881592886,8.65,25.472562917437248,126.41130869981403,0.9064622270215328,0.3292682128549277,0.13011960499970882,1.0
Hybrid GWO-ABC,484,100.0,0.0,12.679450991033098,37.3205490089669,48400.0,48400.0,3667.95,14671800.0,1.0,0.07664327403031415,8.5,25.89077565850335,126.5125098983531,0.8535577208557525,0.32794971807738493,0.12228541499971471,1.0
Hybrid GWO-ABC,485,100.0,0.0,12.603771158954086,37.39622884104591,48500.0,48500.0,3676.15,14704600.0,1.0,0.0756798320790117,8.2,27.470003108702446,125.07714818044603,0.9274611343878606,0.3347486069555593,0.1251052650004567,1.0
Hybrid GWO-ABC,486,100.0,0.0,12.52861174891898,37.471388251081024,48600.0,48600.0,3684.35,14737400.0,1.0,0.07515941003510625,8.2,27.831577678775858,123.63842569362653,0.9196278805473875,0.334596096439552,0.12573053000014625,1.0
Hybrid GWO-ABC,487,100.0,0.0,12.454087212225268,37.54591278777473,48700.0,48700.0,3691.6,14766400.0,1.0,0.07452453669371302,7.25,28.00275584189223,125.03862965978428,0.7551488573931228,0.3347786934225826,0.13074609500035878,1.0
Hybrid GWO-ABC,488,100.0,0.0,12.377810306275823,37.62218969372418,48800.0,48800.0,3699.4,14797600.0,1.0,0.07627690594944588,7.8,26.45122546567942,126.88412943887515,0.7376129063533499,0.3290202414600446,0.12178262000052201,1.0
Hybrid GWO-ABC,489,100.0,0.0,12.301913822804753,37.69808617719525,48900.0,48900.0,3706.65,14826600.0,1.0,0.07589648347106923,7.25,24.57823933528233,130.38088305151854,0.5991583556047984,0.32526211540302497,0.13201886999959242,1.0
Hybrid GWO-ABC,490,100.0,0.0,12.225378478056594,37.77462152194341,49000.0,49000.0,3714.35,14857400.0,1.0,0.07653534474815774,7.7,25.196842291390766,127.99643357750354,0.7010531597323955,0.32729565249867854,0.12733786499957206,1.0
Hybrid GWO-ABC,491,100.0,0.0,12.149187009971534,37.850812990028466,49100.0,49100.0,3721.35,14885400.0,1.0,0.07619146808505999,7.0,30.103600125514447,126.26563491062151,0.591669226771306,0.32650349690234026,0.13466323500033467,1.0
Hybrid GWO-ABC,492,100.0,0.0,12.072496229048822,37.927503770951176,49200.0,49200.0,3729.0,14916000.0,1.0,0.07669078092271206,7.65,25.21292066450532,129.80835094841652,0.7308953599604194,0.3279787326311779,0.12720650500086778,1.0
Hybrid GWO-ABC,493,100.0,0.0,11.996111840634853,38.00388815936515,49300.0,49300.0,3736.4,14945600.0,1.0,0.07638438841396952,7.4,26.048859018275778,129.59059036217445,0.6365514120248296,0.3253398240352007,0.13106031999996048,1.0
Hybrid GWO-ABC,494,100.0,0.0,11.919248167657456,38.08075183234254,49400.0,49400.0,3744.4,14977600.0,1.0,0.07686367297739656,8.0,25.90864821394203,128.68303842836835,0.73750029651284,0.32746448463153716,0.1276595699986501,1.0
Hybrid GWO-ABC,495,100.0,0.0,11.8425153352384,38.1574846647616,49500.0,49500.0,3752.1,15008400.0,1.0,0.07673283241905597,7.7,24.744314198171512,130.3388090768301,0.6423331447721019,0.3203565511697466,0.12475742999995418,1.0
Hybrid GWO-ABC,496,100.0,0.0,11.764411045091252,38.23558895490875,49600.0,49600.0,3760.2,15040800.0,1.0,0.0781042901471479,8.1,27.06920261426709,129.28104335758582,0.6748893942887237,0.324322046433156,0.1327165700004116,1.0
Hybrid GWO-ABC,497,100.0,0.0,11.687839825830416,38.312160174169584,49700.0,49700.0,3767.7,15070800.0,1.0,0.07657121926083717,7.5,27.59570163170543,128.88445496403003,0.6885765711142817,0.3311636387158072,0.12700729500029412,1.0
Hybrid GWO-ABC,498,100.0,0.0,11.611815995008063,38.38818400499194,49800.0,49800.0,3775.75,15103000.0,1.0,0.07602383082235224,8.05,26.773655343237216,125.83490232689635,0.7843285534181368,0.33115321388246927,0.13067888500117988,1.0
Hybrid GWO-ABC,499,100.0,0.0,11.53663557814048,38.46336442185952,49900.0,49900.0,3783.45,15133800.0,1.0,0.07518041686758323,7.7,28.591608739104867,125.91822702028955,0.878344931979087,0.33640556884163086,0.12244180000052438,1.0
Hybrid GWO-ABC,500,100.0,0.0,11.460259804843826,38.53974019515617,50000.0,50000.0,3791.75,15167000.0,1.0,0.07637577329665471,8.3,27.33499690237098,125.09256815381839,0.8688318855940856,0.3347868966414919,0.12706360499942093,1.0
Hybrid GWO-ABC,501,100.0,0.0,11.383327284661473,38.61667271533853,50100.0,50100.0,3799.35,15197400.0,1.0,0.07693252018235261,7.6,24.921805222683567,130.20946309331325,0.6558920024114476,0.328949740464387,0.12819520000048215,1.0
Hybrid GWO-ABC,502,100.0,0.0,11.305981454316601,38.6940185456834,50200.0,50200.0,3807.55,15230200.0,1.0,0.07734583034487139,8.2,26.786114477957984,127.65512506511277,0.7442367359568605,0.3278868454286242,0.12469047000158753,1.0
Hybrid GWO-ABC,503,100.0,0.0,11.229602551791343,38.770397448208655,50300.0,50300.0,3815.9,15263600.0,1.0,0.07637890252525788,8.35,25.800179640992248,126.77292265963656,0.8143383420845632,0.3269166135079384,0.12692807500025083,1.0
Hybrid GWO-ABC,504,100.0,0.0,11.15217502233606,38.84782497766394,50400.0,50400.0,3823.7,15294800.0,1.0,0.07742752945528383,7.8,25.793426307897004,130.28095873684248,0.6822278567935753,0.32332642689883,0.128339395000512,1.0
Hybrid GWO-ABC,505,100.0,0.0,11.075425728900957,38.92457427109905,50500.0,50500.0,3831.15,15324600.0,1.0,0.07674929343510373,7.45,26.19720038045552,129.3958461565016,0.6478942649772657,0.322919895055259,0.12489075500016042,1.0
Hybrid GWO-ABC,506,100.0,0.0,10.999252227344858,39.000747772655146,50600.0,50600.0,3839.0,15356000.0,1.0,0.07617350155609932,7.85,25.72786987142,127.69399100662638,0.7856409493564578,0.3315516011860695,0.13092275499875541,1.0
Hybrid GWO-ABC,507,100.0,0.0,10.923505105421068,39.076494894578936,50700.0,50700.0,3846.55,15386200.0,1.0,0.07574712192378871,7.55,26.185183522089165,128.32657834588093,0.7189308669736832,0.33010710188282416,0.12712946999963606,1.0
Hybrid GWO-ABC,508,100.0,0.0,10.847068274784869,39.15293172521513,50800.0,50800.0,3854.1,15416400.0,1.0,0.07643683063619928,7.55,26.94443706510786,128.46066261169307,0.6561140963346317,0.32524310528664757,0.13042608499963534,1.0
Hybrid GWO-ABC,509,100.0,0.0,10.769752309544808,39.230247690455194,50900.0,50900.0,3862.85,15451400.0,1.0,0.0773159652400615,8.75,25.145505833722765,126.25649978007114,0.8482408827362592,0.32888151755577477,0.1236274000006233,1.0
Hybrid GWO-ABC,510,100.0,0.0,10.692489414771696,39.30751058522831,51000.0,51000.0,3871.3,15485200.0,1.0,0.07726289477311052,8.45,26.42304228143887,125.68387319209191,0.8217328606224148,0.3249358935597979,0.13572680999968725,1.0
Hybrid GWO-ABC,511,100.0,0.0,10.616407042638878,39.383592957361124,51100.0,51100.0,3878.55,15514200.0,1.0,0.0760823721328184,7.25,27.61589980025455,128.63454972141722,0.5766349713821313,0.3280883829584114,0.12109257000083744,1.0
Hybrid GWO-ABC,512,100.0,0.0,10.539684097170468,39.460315902829535,51200.0,51200.0,3887.0,15548000.0,1.0,0.07672294546841085,8.45,26.75841808609895,125.97347292994978,0.8373553143730847,0.3314041910394598,0.1265475050011446,1.0
Hybrid GWO-ABC,513,100.0,0.0,10.46388325738705,39.53611674261295,51300.0,51300.0,3893.9,15575600.0,1.0,0.07580083978341819,6.9,31.778989431353597,124.98280954838397,0.5594532822061178,0.33008966782718974,0.1321133050005301,1.0
Hybrid GWO-ABC,514,100.0,0.0,10.387601920959854,39.61239807904015,51400.0,51400.0,3901.75,15607000.0,1.0,0.07628133642719562,7.85,27.11476009392166,127.00679060530133,0.755325175825796,0.33158721237805533,0.1301427649999823,1.0
Hybrid GWO-ABC,515,100.0,0.0,10.312592760511837,39.68740723948817,51500.0,51500.0,3909.95,15639800.0,1.0,0.0750091604480155,8.2,27.549127045457205,122.68832017120087,0.8970962512540867,0.33343920801812005,0.12364080499937699,1.0
Hybrid GWO-ABC,516,100.0,0.0,10.236011219871113,39.763988780128884,51600.0,51600.0,3917.9,15671600.0,1.0,0.07658154064072464,7.95,28.38543752650305,125.41055665866475,0.7160366458056227,0.32933186699774264,0.12825131000063267,1.0
Hybrid GWO-ABC,517,100.0,0.0,10.160305134817122,39.83969486518288,51700.0,51700.0,3926.5,15706000.0,1.0,0.07570608505399049,8.6,26.537312845761544,123.9360673173519,0.9279031814622416,0.33278545159781364,0.12965929500060155,1.0
Hybrid GWO-ABC,518,100.0,0.0,10.083848454988964,39.91615154501103,51800.0,51800.0,3934.5,15738000.0,1.0,0.07645667982816033,8.0,27.273231349795317,126.6610368920334,0.7389333394323266,0.3289143217362063,0.12408190999994986,1.0
Hybrid GWO-ABC,519,100.0,0.0,10.00700354682071,39.99299645317929,51900.0,51900.0,3943.2,15772800.0,1.0,0.07684490816825193,8.7,25.69551298668609,126.0826736849738,0.8425007206353609,0.3289460869607851,0.12237593500030926,1.0
Hybrid GWO-ABC,520,100.0,0.0,9.92975693247406,40.07024306752594,52000.0,52000.0,3951.8,15807200.0,1.0,0.07724661434665174,8.6,26.234450842750704,125.68230737623485,0.9011987241603283,0.33211080003509885,0.12792561000023853,1.0
Hybrid GWO-ABC,521,100.0,0.0,9.851899687077815,40.14810031292218,52100.0,52100.0,3960.1,15840400.0,1.0,0.07785724539624428,8.3,25.37655101650316,128.4102602673211,0.6849016710180335,0.323558006681768,0.13493194499860692,1.0
Hybrid GWO-ABC,522,100.0,0.0,9.774964628691876,40.225035371308124,52200.0,52200.0,3967.55,15870200.0,1.0,0.07693505838593775,7.45,28.997130931389602,128.31401791767945,0.5557284002685122,0.3243921149841861,0.12432537499989849,1.0
Hybrid GWO-ABC,523,100.0,0.0,9.698153754585293,40.30184624541471,52300.0,52300.0,3976.45,15905800.0,1.0,0.07681087410658427,8.9,24.41705866783193,126.07807084759403,0.9467815946996273,0.33003262942338185,0.12240513500037195,1.0
Hybrid GWO-ABC,524,100.0,0.0,9.62136410981223,40.378635890187766,52400.0,52400.0,3984.4,15937600.0,1.0,0.07678964477306156,7.95,28.633188409890387,127.35189590059159,0.6347432915379514,0.3259820787552393,0.12463628000004974,1.0
Hybrid GWO-ABC,525,100.0,0.0,9.54539881895025,40.454601181049746,52500.0,52500.0,3992.2,15968800.0,1.0,0.07596529086198131,7.8,27.49943114133213,126.15426221207557,0.7751871307368344,0.33167855875800023,0.12472785499994643,1.0
Hybrid GWO-ABC,526,100.0,0.0,9.469195907284139,40.53080409271586,52600.0,52600.0,3998.85,15995400.0,1.0,0.07620291166611053,6.65,26.79476195490829,131.46812712886168,0.48522404202936265,0.32732763328329895,0.13208180000110586,1.0
Hybrid GWO-ABC,527,100.0,0.0,9.39215771411331,40.60784228588669,52700.0,52700.0,4006.7,16026800.0,1.0,0.07703819317082883,7.85,24.954068844721874,128.90820639684995,0.7146324805062588,0.3302019598897582,0.12460282999927585,1.0
Hybrid GWO-ABC,528,100.0,0.0,9.314851430294897,40.685148569705106,52800.0,52800.0,4014.85,16059400.0,1.0,0.0773062838184138,8.15,24.93792023244682,129.0431105210801,0.7446285724535996,0.3329255162899531,0.12219689000012295,1.0
Hybrid GWO-ABC,529,100.0,0.0,9.237331991439742,40.762668008560254,52900.0,52900.0,4022.95,16091800.0,1.0,0.07751943885515482,8.1,24.691597464197397,129.2705410935726,0.6855200012470086,0.32986795042822087,0.1250047600005928,1.0
Hybrid GWO-ABC,530,100.0,0.0,9.160448310481915,40.83955168951809,53000.0,53000.0,4031.2,16124800.0,1.0,0.07688368095782824,8.25,24.12486983851049,128.3191654012805,0.8310456257805372,0.33166749833051146,0.14061751999870467,1.0
Hybrid GWO-ABC,531,100.0,0.0,9.084201646138965,40.915798353861035,53100.0,53100.0,4038.5,16154000.0,1.0,0.07624666434294927,7.3,28.57055738718528,126.34283206310984,0.6737128992459636,0.3310709845748328,0.13300254499954461,1.0
Hybrid GWO-ABC,532,100.0,0.0,9.007418115965155,40.99258188403484,53200.0,53200.0,4045.75,16183000.0,1.0,0.07678353017380868,7.25,24.994344773470218,131.10076416767717,0.624220919153111,0.32934478217271684,0.13375345000094968,1.0
Hybrid GWO-ABC,533,100.0,0.0,8.930112499158714,41.06988750084129,53300.0,53300.0,4053.5,16214000.0,1.0,0.07730561680644121,7.75,24.53824709461794,129.34374969825157,0.6080280002306945,0.32362982119032296,0.12076687500084518,1.0
Hybrid GWO-ABC,534,100.0,0.0,8.85305320612938,41.14694679387062,53400.0,53400.0,4061.0,16244000.0,1.0,0.07705929302933434,7.5,27.754667084674715,128.34475460857124,0.5256816560422348,0.3220015815714697,0.12713401500004692,1.0
Hybrid GWO-ABC,535,100.0,0.0,8.774703903647712,41.22529609635229,53500.0,53500.0,4069.85,16279400.0,1.0,0.07834930248166794,8.85,24.092703752041867,129.38141842245153,0.7902723301253081,0.32441610380569624,0.12834119999934046,1.0
Hybrid GWO-ABC,536,100.0,0.0,8.69899629119383,41.30100370880617,53600.0,53600.0,4077.4,16309600.0,1.0,0.07570761245388238,7.55,26.541199410980845,127.95592237311514,0.7140706530903397,0.33003422404731253,0.13072951500034832,1.0
Hybrid GWO-ABC,537,100.0,0.0,8.621939048181506,41.37806095181849,53700.0,53700.0,4085.75,16343000.0,1.0,0.0770572430123225,8.35,25.007482349149164,128.04254078038844,0.7423989885871359,0.3288478183281264,0.13372725500048546,1.0
Hybrid GWO-ABC,538,100.0,0.0,8.546059932502192,41.45394006749781,53800.0,53800.0,4094.15,16376600.0,1.0,0.07587911567931464,8.4,27.286718992898933,124.93529768068827,0.88044168517635,0.3352782945929899,0.12385043500071333,1.0
Hybrid GWO-ABC,539,100.0,0.0,8.46961035092812,41.53038964907188,53900.0,53900.0,4101.85,16407400.0,1.0,0.07644958157407192,7.7,26.95237286729081,128.77572868442988,0.6316683544632733,0.33083897566469733,0.12731093000147667,1.0
Hybrid GWO-ABC,540,100.0,0.0,8.39301294699385,41.60698705300615,54000.0,54000.0,4109.8,16439200.0,1.0,0.07659740393427161,7.95,27.091830673691078,127.15374646501796,0.7272092572028626,0.3310604144224375,0.12051396500028204,1.0
Hybrid GWO-ABC,541,100.0,0.0,8.317779118355704,41.6822208816443,54100.0,54100.0,4117.4,16469600.0,1.0,0.07523382863814554,7.6,26.020413970308823,126.680405727808,0.788117629025808,0.3390763119970216,0.1225968250000733,1.0
Hybrid GWO-ABC,542,100.0,0.0,8.242075471395811,41.75792452860419,54200.0,54200.0,4124.6,16498400.0,1.0,0.07570364695989258,7.2,30.615559877239207,124.95702739350023,0.6336300586407385,0.3337040926499677,0.1284364099992672,1.0
Hybrid GWO-ABC,543,100.0,0.0,8.165846921082233,41.834153078917765,54300.0,54300.0,4132.65,16530600.0,1.0,0.0762285503135772,8.05,27.170518370148237,125.4679116883614,0.7613693727446066,0.33190979211650284,0.12368254499924661,1.0
Hybrid GWO-ABC,544,100.0,0.0,8.088267298268999,41.911732701731,54400.0,54400.0,4141.3,16565200.0,1.0,0.07757962281323363,8.65,26.88955190955299,125.76479334022365,0.7851925500173691,0.32890568451695634,0.12831498500090674,1.0
Hybrid GWO-ABC,545,100.0,0.0,8.011309748045726,41.98869025195428,54500.0,54500.0,4149.7,16598800.0,1.0,0.07695755022327493,8.4,27.462137879632316,125.83760839322538,0.8347503725441193,0.3303574442649636,0.1282827000002726,1.0
Hybrid GWO-ABC,546,100.0,0.0,7.934881420460313,42.065118579539686,54600.0,54600.0,4158.05,16632200.0,1.0,0.0764283275854114,8.35,24.945086272783065,127.51273374527713,0.7535948377299098,0.33127969647566136,0.12453604500078655,1.0
Hybrid GWO-ABC,547,100.0,0.0,7.857015511831541,42.14298448816846,54700.0,54700.0,4166.2,16664800.0,1.0,0.07786590862877234,8.15,23.56164638538373,130.93210024620888,0.6739447537886056,0.3286400840757674,0.12412995500017132,1.0
Hybrid GWO-ABC,548,100.0,0.0,7.780017041934623,42.21998295806538,54800.0,54800.0,4174.45,16697800.0,1.0,0.07699846989691794,8.25,25.769305556251943,126.89564405820082,0.8279059256845285,0.3355201035732645,0.128431374999127,1.0
Hybrid GWO-ABC,549,100.0,0.0,7.702581657943449,42.29741834205655,54900.0,54900.0,4182.95,16731800.0,1.0,0.07743538399117349,8.5,25.564501059753983,126.78318540871291,0.7802840664081059,0.33237603948237215,0.1260072950000904,1.0
Hybrid GWO-ABC,550,100.0,0.0,7.626273786223651,42.37372621377635,55000.0,55000.0,4191.35,16765400.0,1.0,0.07630787171979984,8.4,27.08678271173635,124.9803706401278,0.8502681643221986,0.3348370665058835,0.12599500500036812,1.0
Hybrid GWO-ABC,551,100.0,0.0,7.551477680402671,42.44852231959733,55100.0,55100.0,4198.85,16795400.0,1.0,0.07479610582097877,7.5,31.117866776988166,123.06752548400894,0.8897539489627169,0.34325807482108706,0.12575603499972204,1.0
Hybrid GWO-ABC,552,100.0,0.0,7.476435905902029,42.52356409409797,55200.0,55200.0,4206.7,16826800.0,1.0,0.07504177450064242,7.85,28.51805988317458,123.09597317923348,0.8746178935338429,0.34156559152111354,0.12421875499858288,1.0
Hybrid GWO-ABC,553,100.0,0.0,7.39951557819222,42.60048442180778,55300.0,55300.0,4214.4,16857600.0,1.0,0.07692032770980743,7.7,26.26174022328891,128.91070861865543,0.6540295606378401,0.33235754081932833,0.13006218999944394,1.0
Hybrid GWO-ABC,554,100.0,0.0,7.32288566714346,42.67711433285654,55400.0,55400.0,4222.45,16889800.0,1.0,0.07662991104876164,8.05,28.04114231690499,124.98057420004827,0.7848523160177284,0.3334526217353141,0.12346014000031573,1.0
Hybrid GWO-ABC,555,100.0,0.0,7.24580441968654,42.754195580313464,55500.0,55500.0,4230.8,16923200.0,1.0,0.07708124745691988,8.35,25.97409655494136,128.05917391724927,0.72726164848304,0.33240829216510936,0.12408817499890575,1.0
Hybrid GWO-ABC,556,100.0,0.0,7.170111500162847,42.82988849983715,55600.0,55600.0,4239.15,16956600.0,1.0,0.07569291952369257,8.35,25.85921422622572,123.81693084454692,0.935103529778918,0.33945740911481215,0.1256212250009412,1.0
Hybrid GWO-ABC,557,100.0,0.0,7.092270894975911,42.90772910502409,55700.0,55700.0,4248.3,16993200.0,1.0,0.07784060518693652,9.15,25.46773166182776,126.50308464941187,0.9415158858730127,0.3347467378406507,0.12665564499911852,1.0
Hybrid GWO-ABC,558,100.0,0.0,7.014196663757568,42.98580333624243,55800.0,55800.0,4255.85,17023400.0,1.0,0.07807423121834249,7.55,25.90527193440447,130.9882589898624,0.5184815306719975,0.32589444359931974,0.13252825000017765,1.0
Hybrid GWO-ABC,559,100.0,0.0,6.937758156402052,43.06224184359795,55900.0,55900.0,4263.25,17053000.0,1.0,0.07643850735551672,7.4,25.669845693935393,129.64587750385817,0.5812913981372589,0.3268214203594271,0.12817571999876237,1.0
Hybrid GWO-ABC,560,100.0,0.0,6.861349985086681,43.138650014913324,56000.0,56000.0,4271.1,17084400.0,1.0,0.07640817131537014,7.85,27.41870512366005,126.92471871841539,0.687325276902445,0.33568230541406263,0.1275462299996434,1.0
Hybrid GWO-ABC,561,100.0,0.0,6.785384006953175,43.21461599304682,56100.0,56100.0,4278.55,17114200.0,1.0,0.07596597813350736,7.45,25.820352167290658,128.1865479606283,0.6948383308784696,0.3358632929112397,0.12082891000063682,1.0
Hybrid GWO-ABC,562,100.0,0.0,6.70806334156016,43.29193665843984,56200.0,56200.0,4286.3,17145200.0,1.0,0.07732066539301363,7.75,26.018668310820537,129.47007706199128,0.630753675887985,0.3331533980589699,0.12935465499977,1.0
Hybrid GWO-ABC,563,100.0,0.0,6.63101304335613,43.368986956643866,56300.0,56300.0,4294.35,17177400.0,1.0,0.07705029820403109,8.05,24.038533831056437,129.42589047520443,0.7143495059204532,0.3328020744494725,0.12492535000019415,1.0
Hybrid GWO-ABC,564,100.0,0.0,6.5534397782322475,43.446560221767754,56400.0,56400.0,4302.45,17209800.0,1.0,0.07757326512388163,8.1,23.32644158783701,130.28947026996877,0.61652979456676,0.32415389022083974,0.12663986000043223,1.0
Hybrid GWO-ABC,565,100.0,0.0,6.477061682731208,43.52293831726879,56500.0,56500.0,4310.65,17242600.0,1.0,0.07637809550103944,8.2,27.7771294239791,125.18987897967693,0.7428715219091515,0.333910266903337,0.12603251500004262,1.0
Hybrid GWO-ABC,566,100.0,0.0,6.400384374033803,43.599615625966194,56600.0,56600.0,4318.8,17275200.0,1.0,0.07667730869740522,8.15,25.94961240669672,127.85196496304715,0.7703023504366939,0.3342405710310777,0.12323274000045785,1.0
Hybrid GWO-ABC,567,100.0,0.0,6.323207967708791,43.67679203229121,56700.0,56700.0,4327.05,17308200.0,1.0,0.07717640632501185,8.25,24.938538332954785,127.6795878692396,0.7561726133059877,0.33387278420750344,0.12474011999984214,1.0
Hybrid GWO-ABC,568,100.0,0.0,6.247811842298509,43.7521881577015,56800.0,56800.0,4334.3,17337200.0,1.0,0.07539612541028262,7.25,29.880147025771333,125.33810230168419,0.6691644886649878,0.33850641799750936,0.12735756500042045,1.0
Hybrid GWO-ABC,569,100.0,0.0,6.170605599973793,43.8293944000262,56900.0,56900.0,4343.1,17372400.0,1.0,0.07720624232471489,8.8,25.800199095466514,124.96038086147652,0.8865334372653036,0.33821093503224237,0.12006907499962835,1.0
Hybrid GWO-ABC,570,100.0,0.0,6.094313403738914,43.905686596261084,57000.0,57000.0,4351.1,17404400.0,1.0,0.07629219623487979,8.0,26.939871390727102,126.63938329253915,0.7953525595837178,0.33999247434159663,0.1260381050007709,1.0
Hybrid GWO-ABC,571,100.0,0.0,6.018260603270561,43.98173939672944,57100.0,57100.0,4359.65,17438600.0,1.0,0.07605280046835228,8.55,28.41265394162493,122.87740501333869,0.9196851765689754,0.3401721449420699,0.12228725499953726,1.0
Hybrid GWO-ABC,572,100.0,0.0,5.941573769736499,44.0584262302635,57200.0,57200.0,4368.0,17472000.0,1.0,0.07668683353406211,8.35,27.670837528224535,123.96240103869386,0.8224474341141826,0.3394417194777361,0.12219802499930665,1.0
Hybrid GWO-ABC,573,100.0,0.0,5.8642221930321075,44.135777806967894,57300.0,57300.0,4376.95,17507800.0,1.0,0.0773515767043925,8.95,27.3582132560823,125.48499696110386,0.8112526615575009,0.336995897133883,0.12370680000058201,1.0
Hybrid GWO-ABC,574,100.0,0.0,5.786721894170373,44.21327810582962,57400.0,57400.0,4385.45,17541800.0,1.0,0.07750029886173378,8.5,25.863084318102892,126.66829832821034,0.7475534185924285,0.3365189327746904,0.1265158699992753,1.0
Hybrid GWO-ABC,575,100.0,0.0,5.709490025294501,44.2905099747055,57500.0,57500.0,4393.7,17574800.0,1.0,0.07723186887587115,8.25,27.584890799876053,126.05399510314666,0.7974549312604075,0.33559374168435585,0.12911920000005922,1.0
Hybrid GWO-ABC,576,100.0,0.0,5.632924416125588,44.36707558387441,57600.0,57600.0,4402.15,17608600.0,1.0,0.07656560916891339,8.45,25.242022036344906,126.08279740146108,0.8563416301079869,0.33869882509185467,0.12612326000125904,1.0
Hybrid GWO-ABC,577,100.0,0.0,5.555523737129503,44.4444762628705,57700.0,57700.0,4410.65,17642600.0,1.0,0.07740067899608583,8.5,24.34126251489929,127.94566606409646,0.7956237398072363,0.33742513972344773,0.1234827199987194,1.0
Hybrid GWO-ABC,578,100.0,0.0,5.478876254614958,44.52112374538504,57800.0,57800.0,4419.55,17678200.0,1.0,0.0766474825145446,8.9,25.31281432724437,124.44911273014051,0.9873529989521004,0.34358875682480644,0.12316517499966721,1.0
Hybrid GWO-ABC,579,100.0,0.0,5.4010543709499625,44.598945629050036,57900.0,57900.0,4428.3,17713200.0,1.0,0.07782188366499496,8.75,25.358727708738634,126.50986220511318,0.7932064012222326,0.334115252444642,0.1254025600010209,1.0
Hybrid GWO-ABC,580,100.0,0.0,5.323830910644532,44.67616908935547,58000.0,58000.0,4436.0,17744000.0,1.0,0.07722346030543095,7.7,25.89518832206012,129.26128223762063,0.5402675007789515,0.32628608333298914,0.1305791450009565,1.0
Hybrid GWO-ABC,581,100.0,0.0,5.246661314930567,44.75333868506944,58100.0,58100.0,4444.95,17779800.0,1.0,0.07716959571396505,8.95,24.88559239351843,127.15825010102768,0.8960187861779865,0.3356461052448315,0.1295223700009956,1.0
Hybrid GWO-ABC,582,100.0,0.0,5.169052854933364,44.83094714506664,58200.0,58200.0,4452.55,17810200.0,1.0,0.07760845999720405,7.6,26.666400272355038,129.07896139631197,0.53134064782263,0.33257154137049255,0.1277962349999143,1.0
Hybrid GWO-ABC,583,100.0,0.0,5.091118630967071,44.908881369032926,58300.0,58300.0,4461.05,17844200.0,1.0,0.07793422396629228,8.5,25.178006740803305,128.92447153532945,0.7109621729208752,0.3357394813949622,0.12363018500000181,1.0
Hybrid GWO-ABC,584,100.0,0.0,5.013643829511343,44.98635617048866,58400.0,58400.0,4469.9,17879600.0,1.0,0.07747480145572809,8.85,26.43227478757612,125.50845346687477,0.7947654480040238,0.3342470225106008,0.12461486000029254,1.0
Hybrid GWO-ABC,585,100.0,0.0,4.936752600978985,45.063247399021016,58500.0,58500.0,4478.85,17915400.0,1.0,0.07689122853235793,8.95,26.106338336279002,124.94726689716018,0.930753023723371,0.33996384891533205,0.12693363999933355,1.0
Hybrid GWO-ABC,586,100.0,0.0,4.860313211902957,45.139686788097045,58600.0,58600.0,4487.3,17949200.0,1.0,0.07643938907602843,8.45,27.461137769303964,124.19363506502683,0.882733993249914,0.34090806485779923,0.12798216499977572,1.0
Hybrid GWO-ABC,587,99.95,0.05,4.78187484900427,45.21812515099573,58700.0,58699.95,4495.75,17983000.0,0.9999991482112437,0.0784383628986874,8.45,25.543784804014866,129.37200349078643,0.5665519221573936,0.3316046541262121,0.12255002499987314,0.9994999999999999
Hybrid GWO-ABC,588,99.95,0.05,4.704083620597159,45.29591637940284,58799.95,58799.9,4504.55,18018200.0,0.999999149645402,0.0777912284071097,8.8,23.280927470500387,128.66687385203866,0.8262583129918541,0.33283659077950845,0.1222429400007968,1.0
Hybrid GWO-ABC,589,99.9,0.1,4.626885016825374,45.37311498317463,58899.9,58899.8,4512.75,18051000.0,0.9999983021494788,0.07719860377178564,8.2,25.863307405944777,128.10309050863225,0.6656774535416512,0.3316238465374486,0.11969499000006181,0.9994949494949494
Hybrid GWO-ABC,590,99.9,0.1,4.549789640210019,45.45021035978998,58999.8,58999.7,4520.8,18083200.0,0.9999983049698284,0.07709537661535477,8.05,27.63679006180567,126.63216943440321,0.6981867118558955,0.34099050070738496,0.1224377149996144,1.0
Hybrid GWO-ABC,591,99.9,0.1,4.472191364777081,45.52780863522292,59099.7,59099.6,4528.55,18114200.0,0.9999983077808239,0.07759827543293787,7.75,25.852994972116942,129.84918489609893,0.6084918067545069,0.33655280474284044,0.12757963999974892,1.0
Hybrid GWO-ABC,592,99.9,0.1,4.396136500082544,45.60386349991746,59199.6,59199.5,4537.05,18148200.0,0.9999983105825111,0.07605486469453679,8.5,25.58284821653691,125.98586580480716,0.8725521493505154,0.34680587767818977,0.12322565999966173,1.0
Hybrid GWO-ABC,593,99.9,0.1,4.319103539634024,45.68089646036598,59299.5,59299.4,4545.7,18182800.0,0.9999983133749367,0.07703296044852032,8.65,26.214221047663877,125.37483912818894,0.839515742472071,0.34247688480913374,0.12326855499923113,1.0
Hybrid GWO-ABC,594,99.85,0.15,4.2441140360397425,45.75588596396026,59399.4,59399.25,4554.45,18217800.0,0.9999974744073047,0.07498950359428157,8.75,27.453958037264705,121.37029205250242,1.060454549604789,0.3488226634598311,0.12021808500030602,0.9994999999999999
Hybrid GWO-ABC,595,99.85,0.15,4.167194473823335,45.83280552617667,59499.25,59499.1,4562.45,18249800.0,0.9999974785819278,0.07691956221640718,8.0,24.96968298524312,128.26785562303394,0.6821319975373382,0.3427695672697859,0.12902200999888008,1.0
Hybrid GWO-ABC,596,99.8,0.2,4.091763470510335,45.90823652948966,59599.1,59598.9,4571.55,18286200.0,0.999996643816598,0.0754310033130002,9.1,26.2551438006851,122.66602433075916,0.9663622932192497,0.34804779418553095,0.12264886999873852,0.9994999999999999
Hybrid GWO-ABC,597,99.8,0.2,4.01493178305841,45.98506821694159,59698.9,59698.7,4580.2,18320800.0,0.9999966493549401,0.07683168745192562,8.65,29.368556051404887,124.76329649168417,0.7151491113237393,0.33708182783080254,0.12136773500096751,1.0
Hybrid GWO-ABC,598,99.8,0.2,3.9393905721688838,46.06060942783112,59798.7,59798.5,4588.7,18354800.0,0.9999966548750333,0.0755412108895252,8.5,28.255276175543194,122.7523888342059,0.9410194799264767,0.3478124537827821,0.12379490500061366,1.0
Hybrid GWO-ABC,599,99.8,0.2,3.863986321052078,46.13601367894792,59898.5,59898.3,4596.65,18386600.0,0.9999966603769674,0.07540425111680611,7.95,29.948805782806666,122.40860646238582,0.8274708539359287,0.34546690321248197,0.12491219500043371,1.0
Hybrid GWO-ABC,600,99.8,0.2,3.7885975492873447,46.211402450712654,59998.3,59998.1,4605.1,18420400.0,0.9999966658608322,0.07538877176473294,8.45,27.288061561391153,123.4572996842478,0.8807513136711034,0.3457659184540057,0.12235133500107623,1.0
Hybrid GWO-ABC,601,99.65,0.35,3.7110831259379977,46.288916874062,60098.1,60097.75,4614.15,18456600.0,0.9999941752926297,0.07751442334934752,9.05,24.015267579724522,127.1042064234969,0.8222584402195962,0.33711296898393694,0.1185941149993596,0.998489898989899
Hybrid GWO-ABC,602,99.5,0.5,3.634926852052817,46.36507314794718,60197.75,60197.25,4622.55,18490200.0,0.9999916929030398,0.07615627388518081,8.4,26.89974286077807,125.98417080901034,0.7615904991793734,0.34567064216323456,0.1259115800006839,0.9984744350723732
Hybrid GWO-ABC,603,99.35,0.65,3.559776171535139,46.44022382846486,60297.25,60296.6,4630.75,18523000.0,0.9999892185418228,0.07515068051767762,8.2,31.32046677847392,120.57659875992745,0.8561148861626071,0.3446910770278021,0.13005253500014077,0.9984536082474227
Hybrid GWO-ABC,604,99.25,0.75,3.4842778544010002,46.515722145599,60396.6,60395.85,4639.5,18558000.0,0.9999875795458074,0.07549831713413896,8.75,28.230368588196434,122.86304886335742,0.8761116498016776,0.3456624316780327,0.12979907500011906,0.9989897959183673
Hybrid GWO-ABC,605,99.15,0.85,3.4069346577969846,46.59306534220302,60495.85,60495.0,4647.85,18591400.0,0.9999859458899255,0.07734319660401544,8.35,24.997104657470242,128.74584106395127,0.6340846693092312,0.3351638370878229,0.1328161049994378,0.9989361702127659
Hybrid GWO-ABC,606,98.95,1.05,3.3315436646117944,46.6684563353882,60595.0,60593.95,4656.95,18627800.0,0.9999826662114828,0.07539099318519037,9.1,27.830994775507975,121.46293211315162,1.0442997828633556,0.3513509241259561,0.12323751499934588,0.9978260869565216
Hybrid GWO-ABC,607,98.85,1.15,3.2553077995192736,46.74469220048073,60693.95,60692.8,4665.7,18662800.0,0.9999810445622602,0.07623586509252063,8.75,27.300886883374538,124.5432741254624,0.9311181650164846,0.34496797286752795,0.1262269849987206,0.9989741161616161
Hybrid GWO-ABC,608,98.55,1.45,3.1793915716058136,46.82060842839419,60792.8,60791.35,4674.05,18696200.0,0.9999761359934084,0.07591622791346017,8.35,27.360381687494588,126.10180968530122,0.7181598041922429,0.3442422306808516,0.13120607499949982,0.9967009569377991
Hybrid GWO-ABC,609,98.3,1.7,3.1046423211348455,46.89535767886515,60891.35,60889.65,4682.35,18729400.0,0.9999720622704652,0.07474925047096836,8.3,28.769806036441413,121.97169675133948,0.8738458595544092,0.3531897209697577,0.12463600500013854,0.9971504559270518
Hybrid GWO-ABC,610,97.9,2.1,3.029640276975771,46.97035972302423,60989.65,60987.55,4690.45,18761800.0,0.9999655381600506,0.07500204415907448,8.1,28.994756287396097,124.90943304507626,0.712531724791106,0.34674801617237094,0.13030823499939287,0.9954307568438002
Hybrid GWO-ABC,611,97.75,2.25,2.9536947523108177,47.046305247689176,61087.55,61085.3,4698.8,18795200.0,0.9999631264316319,0.07594552466495272,8.35,27.96264155291077,126.06688808160152,0.6844414741760676,0.34233155128885817,0.12603423500077043,0.998076923076923
Hybrid GWO-ABC,612,97.0,3.0,2.879003256784949,47.12099674321505,61185.3,61182.3,4707.3,18829200.0,0.9999509024590842,0.07469149552586912,8.5,28.129306680477562,124.49149968838371,0.7275182138987709,0.34123360256965163,0.12775794500157645,0.9908526645768025
Hybrid GWO-ABC,613,96.5,3.5,2.8050885749902545,47.19491142500975,61282.3,61278.8,4714.65,18858600.0,0.9999427883572981,0.07391468179469426,7.35,29.791787388641904,124.37165991646187,0.5432888151304289,0.3385414041869313,0.1270891450021736,0.9929688904873224
Hybrid GWO-ABC,614,96.1,3.9,2.7319801854233625,47.26801981457664,61378.8,61374.9,4722.45,18889800.0,0.9999363244095262,0.07310838956689218,7.8,28.58833686562262,124.19186919754358,0.6356801144312676,0.34666123941394655,0.12624604000011458,0.9942708333333334
Hybrid GWO-ABC,615,95.6,4.4,2.658867036267929,47.34113296373207,61474.9,61470.5,4730.9,18923600.0,0.9999282444429152,0.0731131491554332,8.45,27.386492596213344,124.60125583314611,0.7748866918132374,0.34665372047304155,0.12924221999855945,0.9928261183261183
Hybrid GWO-ABC,616,95.0,5.0,2.58726683247039,47.41273316752961,61570.5,61565.5,4738.4,18953600.0,0.9999185454927433,0.07160020379753937,7.5,29.505942077797545,122.89006457144765,0.7426693804702935,0.3446627623052893,0.13055280000007768,0.9901939218261064
Hybrid GWO-ABC,617,94.55,5.45,2.514475461975342,47.485524538024656,61665.5,61660.05,4746.1,18984400.0,0.9999113048539157,0.0727913704950478,7.7,26.737599740029033,126.5741613830232,0.5575949790753127,0.3357985997802263,0.1253630000002886,0.9925689223057643
Hybrid GWO-ABC,618,94.15,5.85,2.4430144156369797,47.55698558436302,61760.05,61754.2,4754.45,19017800.0,0.9999048886445268,0.07146104633836253,8.35,27.61162342983829,123.28292832846437,0.8065565037130635,0.34784490653514616,0.13231739999937417,0.993057049333645
Hybrid GWO-ABC,619,93.55,6.45,2.371499852259224,47.62850014774078,61854.2,61847.75,4762.6,19050400.0,0.9998952363323521,0.07151456337775555,8.15,27.116381730337842,123.46379449429112,0.7541442049602268,0.3436187493511026,0.1309020300002885,0.9894217283417845
Hybrid GWO-ABC,620,92.85,7.15,2.30163751103074,47.69836248896926,61947.75,61938.15,4770.45,19081800.0,0.9998444567621767,0.06986234122848377,7.9,29.29912766985401,120.83432460073782,0.7850528834825121,0.34826608247482443,0.125933349999832,0.9618130282415998
Hybrid GWO-ABC,621,92.1,7.9,2.2307099868083915,47.76929001319161,62040.6,62030.25,4778.4,19113600.0,0.999832473271763,0.07092752422234899,7.95,29.20985464988697,123.69443108054324,0.6333047763070488,0.3458465643055376,0.12521707499945478,0.9852862930188072
Hybrid GWO-ABC,622,91.5,8.5,2.1616453346126345,47.83835466538737,62132.7,62121.75,4786.4,19145600.0,0.9998229515816168,0.06906465219575658,8.0,29.05918819914739,120.63876498041809,0.7741920902864303,0.348936679197333,0.11874025999968581,0.9904513242392403
Hybrid GWO-ABC,623,91.1,8.9,2.093539621893437,47.90646037810656,62224.2,62212.85,4793.1,19172400.0,0.9998166738185776,0.06810571271919766,6.7,31.91478358344707,121.0574957861342,0.564280536791553,0.348956845396752,0.13018816000039807,0.9936969830363444
Hybrid GWO-ABC,624,90.45,9.55,2.0249917660215746,47.97500823397842,62315.3,62303.3,4800.1,19200400.0,0.9998063329570094,0.06854785587186223,7.0,32.462225502773286,121.89756285462768,0.541894837900738,0.34554308244836335,0.123431475000325,0.9820595636247811
Hybrid GWO-ABC,625,89.9,10.1,1.9578931370244952,48.0421068629755,62405.75,62393.2,4807.55,19230200.0,0.9997976561696008,0.0670986289970796,7.45,28.280072919684738,122.65325137459574,0.6802800035384178,0.35230115872468154,0.12794700499980535,0.9896718219645851
Hybrid GWO-ABC,626,89.0,11.0,1.8907055531708388,48.10929444682916,62495.65,62482.2,4815.0,19260000.0,0.9997833864748396,0.06718758385365634,7.45,30.05040686103722,122.16573418131338,0.6327605872291879,0.34943434976733523,0.1297272850002628,0.9843420435324765
Hybrid GWO-ABC,627,88.05,11.95,1.8253141679861475,48.17468583201385,62584.65,62570.25,4822.6,19290400.0,0.9997682993965157,0.06539138518469126,7.6,31.954470699705457,116.95929971970016,0.80499808500035,0.35183060471019945,0.1234329600003548,0.9750969192950683
Hybrid GWO-ABC,628,87.15,12.85,1.7598703181156552,48.24012968188434,62672.7,62657.4,4829.65,19318600.0,0.9997540810062386,0.06544384987049227,7.05,29.740749683501626,121.98983578273324,0.5496212502319603,0.34185911386140255,0.11825597499846481,0.9811904635197737
Hybrid GWO-ABC,629,86.6,13.4,1.6943732111474148,48.305626788852585,62759.85,62744.0,4837.55,19350200.0,0.9997454790891224,0.06549710696824063,7.9,29.769375495977965,120.2955940213811,0.7491352095324482,0.3430844153313013,0.12642157499940368,0.9904018695101622
Hybrid GWO-ABC,630,85.75,14.25,1.6292469866578045,48.370753013342195,62846.45,62829.75,4844.55,19378200.0,0.9997321370918911,0.06512622448961004,7.0,28.878631200378162,122.41852807027642,0.46617642308591645,0.34048198472254415,0.12644140999982484,0.9887861568759936
Hybrid GWO-ABC,631,84.2,15.8,1.5657440409279473,48.43425595907205,62932.2,62913.95,4851.5,19406000.0,0.9997076122465799,0.06350294572985739,6.95,29.09699908255076,122.61801852293384,0.5493056734977716,0.3408865140176197,0.1265856550005992,0.9618202588510438
Hybrid GWO-ABC,632,83.0,17.0,1.5043035385929115,48.49569646140709,63016.4,62996.95,4858.7,19434800.0,0.9996887663273721,0.06144050233503556,7.2,29.237254161598827,116.9644291839749,0.6722001368660666,0.34570538063565326,0.12708615500050655,0.9814757889677359
Hybrid GWO-ABC,633,82.2,17.8,1.443486865859879,48.55651313414012,63099.4,63079.15,4865.6,19462400.0,0.9996763062116306,0.06081667273303278,6.9,30.12410734699302,118.31958981138196,0.6118887846973624,0.35079205670102,0.12393382999907772,0.9877267825407369
Hybrid GWO-ABC,634,80.6,19.4,1.3841772785820656,48.615822721417935,63181.6,63159.75,4872.5,19490000.0,0.999651109761667,0.059309587277813214,6.9,29.796111387219735,118.96375549121088,0.694992924729193,0.35048685153560655,0.12340906000135873,0.9617059529766244
Hybrid GWO-ABC,635,79.35,20.65,1.3255441953054714,48.674455804694524,63262.2,63239.1,4878.2,19512800.0,0.9996315527714584,0.05863308327659428,5.7,31.69703133308379,119.89177988487863,0.34972707313777746,0.3444679794735499,0.12836762000079033,0.973012189553802
Hybrid GWO-ABC,636,77.9,22.1,1.266901687708653,48.73309831229135,63341.55,63316.5,4884.45,19537800.0,0.9996009910103766,0.058642507596818494,6.3,27.667878746771002,121.31863289287146,0.4374875711841971,0.34272977725988596,0.12096623500110582,0.9606427079926929
Hybrid GWO-ABC,637,75.8,24.2,1.2105893666590821,48.78941063334092,63419.45,63392.3,4890.55,19562200.0,0.9995681084484641,0.05631232104957075,6.1,30.345925133743485,118.78064170766541,0.42838848963799736,0.3370209918790875,0.12257094000051438,0.9583990288088347
Hybrid GWO-ABC,638,74.65,25.35,1.1555918639367728,48.84440813606322,63495.25,63466.95,4896.5,19586000.0,0.9995502774342642,0.05499750272230937,5.95,29.317962500259405,120.7133016532085,0.377822744958126,0.33698413177863235,0.12207561000032001,0.9816190435616889
Hybrid GWO-ABC,639,73.6,26.4,1.1012512079198742,48.89874879208013,63569.9,63540.55,4902.8,19611200.0,0.9995340172233588,0.05434065601689868,6.3,28.573090947144475,118.45507081312333,0.5486191256212088,0.3405284958839854,0.12560703500021192,0.9747763299793742
Hybrid GWO-ABC,640,72.35,27.65,1.0472303012146913,48.95276969878531,63643.5,63612.9,4908.6,19634400.0,0.9995146120900766,0.05402090670518278,5.8,29.177446266442644,119.17345032204386,0.34232615371104835,0.3338061846652424,0.11807473999942886,0.9638297352583066
Hybrid GWO-ABC,641,71.0,29.0,0.995104159876537,49.00489584012347,63715.85,63683.8,4914.05,19656200.0,0.9994920404606106,0.05212614133815441,5.5,28.973030666381582,117.7911210574025,0.36563085338266527,0.8420335109049883,0.11920112500047253,0.9290001702021351
Hybrid GWO-ABC,642,69.4,30.6,0.9439267823008357,49.056073217699165,63786.85,63753.15,4920.15,19680600.0,0.9994663894508526,0.051177377575701136,6.15,27.86454506030441,119.00303520974599,0.4389846473160673,0.8509289598236093,0.12254398499935633,0.9163162113212813
Hybrid GWO-ABC,643,67.9,32.1,0.8938674871052734,49.106132512894725,63856.25,63821.05,4926.7,19706800.0,0.9994431955507836,0.0500592951955624,6.6,26.485602282436595,118.01734960482425,0.4963465812438635,0.8405141485100527,0.12040499499962606,0.9247287044634748
Hybrid GWO-ABC,644,66.2,33.8,0.8464912371540734,49.15350876284593,63924.15,63887.25,4931.75,19727000.0,0.9994169049293726,0.04986973679073674,5.315789473684211,30.779152481279606,116.62510163680844,0.38904403353020045,0.3437178959708774,0.12113023157910088,0.9624507178509826
Hybrid GWO-ABC,645,64.85,35.15,0.7999275603982391,49.20007243960176,63990.35,63950.95,4937.25,19749000.0,0.9993782683312167,0.04901439658508882,5.842105263157895,30.565857901341786,114.58587824502172,0.4928205547166419,0.3420047007063099,0.11802899999900929,0.9530967330291655
Hybrid GWO-ABC,646,63.05,36.95,0.7551916831775036,49.2448083168225,64055.2,64014.0,4941.3,19765200.0,0.999350574221579,0.04709039707445837,4.2631578947368425,33.933316288198625,114.31588242316916,0.2336391642591356,0.3384185171194531,0.12212408947341732,0.9646875861502769
Hybrid GWO-ABC,647,61.4,38.6,0.71076409631617,49.28923590368383,64118.25,64074.7,4945.85,19783400.0,0.9993144173181581,0.046765880906667084,4.842105263157895,31.855081186814388,115.75193358171794,0.3252524243733365,0.34077380002129665,0.11840466842190117,0.9549551222502743
Hybrid GWO-ABC,648,60.45,39.55,0.6685798880136328,49.33142011198637,64179.65,64135.15,4950.6,19802400.0,0.9992999906313373,0.0444044297921444,5.0,30.34885122836967,113.60497264564201,0.4162233328660491,0.34662225879167036,0.118462957894065,0.975116055861875
Hybrid GWO-ABC,649,59.0,41.0,0.6266079477012871,49.37339205229871,64240.1,64194.15,4955.3,19821200.0,0.9992778433047877,0.044180989802469116,4.947368421052632,31.61490023145468,115.4060927143717,0.3627598057792983,0.34392635934728966,0.11742814736920225,0.9622261662851394
Hybrid GWO-ABC,650,57.25,42.75,0.5864526750713539,49.41354732492864,64299.1,64251.4,4959.25,19837000.0,0.9992510344398544,0.04226870803150861,4.157894736842105,32.702714472622745,112.92603004480843,0.2191658034588593,0.33210657543017613,0.12164183157974069,0.9462019483468382
Hybrid GWO-ABC,651,55.6,44.4,0.547420709192414,49.452579290807584,64356.35,64306.95,4963.05,19852200.0,0.9992249910349826,0.04108627987256833,4.052631578947368,32.131657452018,114.71380799309858,0.22095725328371926,0.3530336820263679,0.11951421052608087,0.9305428182789269
Hybrid GWO-ABC,652,54.0,46.0,0.5093441758438438,49.49065582415616,64411.95,64360.85,4967.2,19868800.0,0.9991989351097648,0.040080561419547585,4.421052631578948,29.821721733265147,115.5024181899309,0.28168229274912127,0.87836365598791,0.11703793157932141,0.9035312255256464
Hybrid GWO-ABC,653,51.7,48.3,0.47278224391213214,49.527217756087865,64465.95,64411.15,4971.2,19884800.0,0.9991421192767682,0.03848624413864385,4.421052631578948,28.58547645543763,116.58685691646903,0.3000917457805075,1.927552784828213,0.11727534210551407,0.8417333106060646
Hybrid GWO-ABC,654,49.0,51.0,0.43829521575063285,49.561704784249365,64517.65,64459.45,4975.15,19900600.0,0.999089807912342,0.03831892017944371,4.5,27.88023396310703,116.89551333953301,0.2778800898759722,1.4488536238761849,0.11507085000024138,0.8185070608771344
Hybrid GWO-ABC,655,46.45,53.55,0.4063038133341029,49.593696186665895,64566.65,64505.25,4978.7,19914800.0,0.9990407464322232,0.03554600268503315,4.111111111111111,30.191081619000645,112.07061723045933,0.2656090224030663,2.007074710241442,0.11625484999967739,0.7858994451697853
Hybrid GWO-ABC,656,43.95,56.05,0.3763422098769545,49.62365779012305,64613.1,64548.95,4981.75,19927000.0,0.9989987054174996,0.03329067050794275,3.5555555555555554,29.68134560104228,111.93743680437105,0.21494083729530294,2.0017556391031115,0.11565385555675473,0.7840442735720582
Hybrid GWO-ABC,657,41.9,58.1,0.34781178231193954,49.65218821768806,64657.05,64590.8,4985.4,19941600.0,0.9989668040750942,0.033565208900017615,4.411764705882353,27.44174997073025,113.80772869003513,0.33965583696963797,1.522217491408321,0.11270343529587776,0.8388845203947981
Hybrid GWO-ABC,658,40.0,60.0,0.31998299758358406,49.68001700241642,64698.95,64630.45,4988.8,19955200.0,0.9989325822852411,0.03478598091044431,4.375,27.94721989611497,114.96583173950647,0.20420849525307475,0.9508827511649037,0.1146863562503313,0.8316068685609096
Hybrid GWO-ABC,659,38.1,61.9,0.2941656477020721,49.70583435229793,64738.95,64668.35,4991.9,19967600.0,0.9989006830955928,0.03442313317534935,4.2,28.172901049470347,114.26286068067706,0.261004127099823,0.9961976086542292,0.11079115333316926,0.8767939208769918
Hybrid GWO-ABC,660,36.3,63.7,0.2699702878421847,49.730029712157815,64777.05,64704.5,4995.1,19980400.0,0.9988711753905821,0.0322604798131832,4.333333333333333,24.605916268020856,114.23800951256202,0.3455927771381022,1.6627073227184075,0.11130000666550283,0.8794363299412719
Hybrid GWO-ABC,661,33.8,66.2,0.24748247341200172,49.752517526587994,64813.35,64737.55,4997.45,19989800.0,0.9988217435573695,0.02998375257357726,3.3333333333333335,29.384483142884353,112.42358275411421,0.23942599574490747,1.6655041002126523,0.10820364000004096,0.803928535909668
Hybrid GWO-ABC,662,32.05,67.95,0.226644523609386,49.77335547639061,64847.15,64769.35,4999.3,19997200.0,0.9987915144217737,0.02976849971802245,2.7142857142857144,29.76812100776309,112.36382965819199,0.1124689973060816,1.0429504940855054,0.11694240000101022,0.8981272973934368
Hybrid GWO-ABC,663,30.3,69.7,0.2066223484708042,49.79337765152919,64879.2,64798.85,5001.6,20006400.0,0.998752768874889,0.028603107340831147,3.4285714285714284,29.907741875074997,112.25749638184696,0.15429068172222205,1.7518224982690753,0.10761286428636854,0.8000100588809218
Hybrid GWO-ABC,664,28.2,71.8,0.1880094839248902,49.81199051607511,64909.5,64826.6,5003.7,20014800.0,0.9987140839380244,0.026589806494162854,3.142857142857143,30.42643429412047,110.48120643991453,0.2719192169743021,1.7539427947044341,0.10741297142885742,0.784429331121499
Hybrid GWO-ABC,665,26.25,73.75,0.17024004364364237,49.829759956356355,64937.7,64852.75,5005.65,20022600.0,0.9986830965333005,0.02538491468749693,2.9285714285714284,30.974189625526854,112.81379755380543,0.16849554707867911,1.7742305793168247,0.11359379285827995,0.7903154711636123
Hybrid GWO-ABC,666,24.8,75.2,0.15380960802159027,49.84619039197841,64963.95,64877.05,5007.75,20031000.0,0.9986535743178058,0.02527759326469551,3.3846153846153846,27.067522592613276,113.88344341083686,0.27775835905336116,1.8754945816465562,0.10921743076995391,0.791123256289543
Hybrid GWO-ABC,667,22.9,77.1,0.13859727326284424,49.861402726737154,64988.75,64899.3,5009.5,20038000.0,0.9986150117591256,0.02535389126457675,3.0833333333333335,26.412852437052337,110.95497823299723,0.16136122118935567,1.9794990052776944,0.11120531666771664,0.803281081396944
Hybrid GWO-ABC,668,21.0,79.0,0.12477600366069001,49.87522399633931,65011.65,64919.05,5011.05,20044200.0,0.9985673470048114,0.0230354493369237,2.9166666666666665,27.203605420928145,113.0021777005947,0.14436431908133726,2.8260859047151947,0.1096912166661544,0.7044617440578325
Hybrid GWO-ABC,669,19.05,80.95,0.11217324460738716,49.88782675539261,65032.65,64937.8,5012.55,20050200.0,0.998533461198637,0.021004598422171394,2.6666666666666665,27.178424923981947,114.21853807381093,0.11523215776005069,2.8323581101774455,0.11618727500050834,0.7461518562431341
Hybrid GWO-ABC,670,18.0,82.0,0.10033874917306126,49.89966125082694,65051.7,64955.1,5014.05,20056200.0,0.9985071390762817,0.019724159057209846,2.75,27.478701433477507,111.40511075037087,0.09537916394830782,2.820868279793562,0.1062339500009936,0.7077470922821566
Hybrid GWO-ABC,671,16.5,83.5,0.08959017257654762,49.91040982742345,65069.7,64971.0,5015.1,20060400.0,0.9984755518755298,0.019542866539115702,2.1818181818181817,29.018946543470335,109.82282150894693,0.08122295798545881,3.062820186712385,0.12418733636282427,0.705969349289603
Hybrid GWO-ABC,672,15.55,84.45,0.07947958501218107,49.92052041498782,65086.2,64985.8,5016.55,20066200.0,0.9984499941546755,0.020221175128733133,3.1,25.563316120576644,112.33789440322161,0.1436739744539374,2.314687037418421,0.11451286000010441,0.7484176421404682
Hybrid GWO-ABC,673,14.65,85.35,0.07017650905602581,49.929823490943974,65101.75,64999.75,5017.45,20069800.0,0.9984259421906716,0.01860615191231051,2.1,27.514002718700873,110.49359431315153,0.06509230732001689,3.32064101458869,0.11316298000092502,0.6731739006992556
Hybrid GWO-ABC,674,13.25,86.75,0.06173799094466674,49.938262009055336,65116.4,65012.7,5018.3,20073200.0,0.9984005031671304,0.016877036222718123,2.0,25.279148306094175,113.00335719253937,0.07375499695206165,3.3330837336407058,0.11633768999818131,0.6535205335356805
Hybrid GWO-ABC,675,12.25,87.75,0.054096500939603,49.9459034990604,65129.65,65023.75,5019.05,20076200.0,0.9983677797581242,0.01698108890014165,2.0,24.986294580377702,111.73406407036673,0.07560203598193815,2.5596824910996485,0.119865933333737,0.6939617465166192
Hybrid GWO-ABC,676,11.05,88.95,0.047227303553983926,49.95277269644602,65141.9,65034.45,5019.75,20079000.0,0.9983447036507286,0.017172993464047676,2.0,24.198677603701977,112.3036108921244,0.038766237232092854,2.809679878693035,0.1046072125000137,0.7405727258852259
Hybrid GWO-ABC,677,10.35,89.65,0.040785884152639965,49.95921411584736,65152.95,65044.2,5020.65,20082600.0,0.9983252869575086,0.018404055432411352,2.7142857142857144,26.00451626307791,110.82869828633912,0.08924817700968737,1.7438787456059146,0.10787530000067948,0.7856526342594454
Hybrid GWO-ABC,678,9.5,90.5,0.03499059186101885,49.96500940813898,65163.3,65053.25,5021.35,20085400.0,0.9983059281892868,0.01655797797606031,2.142857142857143,24.396713943010475,110.03363083502758,0.06551765097407028,1.7479632231612514,0.1122292428585102,0.7899049014096599
Hybrid GWO-ABC,679,8.85,91.15,0.02966474698791824,49.97033525301208,65172.8,65061.15,5021.85,20087400.0,0.998281966503708,0.015216699637430317,1.8571428571428572,24.212000240943247,109.94549517080512,0.02785426892699006,4.6120772435152375,0.10973974285713796,0.5440704764234175
Hybrid GWO-ABC,680,7.3,92.7,0.025115375338793138,49.97488462466121,65181.65,65067.35,5022.3,20089200.0,0.9982424644048926,0.012998204711785992,2.0,24.45414540112473,115.28042408040437,0.03099784492529184,6.054290817426984,0.10552860000046037,0.44442906819956
Hybrid GWO-ABC,681,6.25,93.75,0.02130829116626825,49.97869170883373,65188.95,65073.1,5022.75,20091000.0,0.9982194288914823,0.010877383350071115,1.8571428571428572,21.28052035981629,108.80946555377815,0.025299156351069076,6.052133320671325,0.10825465714151505,0.47513227513227513
Hybrid GWO-ABC,682,5.5,94.5,0.01795173778827151,49.982048262211734,65195.2,65077.75,5023.2,20092800.0,0.9981957028084667,0.009590152508562112,2.0,22.44832442757062,107.9263842687512,0.059016619635340044,6.021227638359029,0.11628009999965018,0.4003806284418529
Hybrid GWO-ABC,683,4.65,95.35,0.01512124996197646,49.98487875003802,65200.7,65082.05,5023.6,20094400.0,0.9981779873454336,0.014152439131475254,2.25,20.17805405312044,113.47214596897079,0.087653503001547,2.8114932040912315,0.11719599999923958,0.7256213522198177
Hybrid GWO-ABC,684,4.35,95.65,0.012505532378183781,49.987494467621815,65205.35,65086.15,5024.0,20096000.0,0.9981698958438228,0.013078587918963387,2.25,22.11436642628764,112.70315571487836,0.11904489430129554,2.8163847564267144,0.11152302499795042,0.7352941176470589
Hybrid GWO-ABC,685,4.0,96.0,0.010070547283881131,49.98992945271612,65209.7,65090.05,5024.4,20097600.0,0.9981633015065142,0.012174925471513252,2.25,20.921505069244812,110.85713314226483,0.11654713495221929,2.8412961175234637,0.11617092499909631,0.7224702380952381
Hybrid GWO-ABC,686,3.5,96.5,0.00794987344968932,49.99205012655031,65213.7,65093.55,5024.75,20099000.0,0.9981559822593369,0.01060336917095906,2.0,27.08436583215216,112.19277938777567,0.13040441058657648,2.8868481277048876,0.10719224999957078,0.6916666666666667
Hybrid GWO-ABC,687,3.15,96.85,0.006081439734548671,49.99391856026545,65217.2,65096.15,5025.0,20100000.0,0.9981427136103791,0.012456224767604324,2.0,21.890455263601577,113.30019641296025,0.0811965811965812,3.7125659726983606,0.10677999999946526,0.7115384615384616
Hybrid GWO-ABC,688,2.7,97.3,0.00446465488360461,49.995535345116394,65220.35,65097.9,5025.1,20100400.0,0.9981220134383844,0.010778565672960405,1.3333333333333333,26.928120999966144,113.38857585661373,0.24074074074074073,7.069830838919773,0.1005553666667159,0.32407407407407407
Hybrid GWO-ABC,689,1.95,98.05,0.0031152432635676566,49.996884756736435,65223.05,65099.1,5025.25,20101000.0,0.9980999302672169,0.008996077466913024,2.0,23.76304375924023,113.65698364423446,0.01649572197684645,10.365182982823216,0.1050757000023926,0.31746031746031744
Hybrid GWO-ABC,690,1.55,98.45,0.0021070376433376557,49.99789296235666,65225.0,65100.4,5025.4,20101600.0,0.9980903489313931,0.006721370801533338,1.6666666666666667,19.450472882421952,116.71841605722057,0.11378729812197318,7.055873695049023,0.09058463333591742,0.2988505747126437
Hybrid GWO-ABC,691,1.1,98.9,0.0013868461104653072,49.998613153889536,65226.55,65100.8,5025.45,20101800.0,0.9980734773619181,0.007201915328723485,2.0,13.949746709428336,114.53976588143247,0.05439282932204212,10.326837224027734,0.12350145000164048,0.15384615384615385
Hybrid GWO-ABC,692,0.85,99.15,0.0008320438229130827,49.99916795617709,65227.65,65101.55,5025.55,20102200.0,0.9980683553125094,0.005548022875522246,1.5,25.365424067341326,110.76588284290273,0.13157894736842105,5.392465634248615,0.12578874999599066,0.39473684210526316
Hybrid GWO-ABC,693,0.55,99.45,0.0004391782631990666,49.9995608217368,65228.5,65101.75,5025.6,20102400.0,0.9980588302102371,0.003928655597140161,1.5,26.618887459172278,121.03478251683543,0.16666666666666666,10.462179941900953,0.18064700000104494,0.13333333333333333
Hybrid GWO-ABC,694,0.25,99.75,0.00022754259678446268,49.99977245740321,65229.05,65102.0,5025.65,20102600.0,0.9980544451027248,0.004232713328292078,1.0,30.644481680781308,112.9337619017825,0.0,10.301086044505304,0.1330281999980798,0.45454545454545453
Hybrid GWO-ABC,695,0.15,99.85,9.897041439243308e-05,49.99990102958561,65229.3,65102.15,5025.7,20102800.0,0.9980529858674899,0.0025714436478405916,1.0,27.30635638879563,120.42751919778348,0.0,10.352666094171907,0.1444883000003756,0.6
Hybrid GWO-ABC,696,0.05,99.95,1.0308261287305818e-05,49.99998969173871,65229.45,65102.15,5025.7,20102800.0,0.9980507900065769,0.0017732430621025454,1.0,5.789424725483508,114.45596453886667,0.0,10.420604021870334,0.11821269999927608,0.0
Hybrid GWO-ABC,697,0.0,100.0,0.0,50.0,65229.5,65102.15,5025.7,20102800.0,0.9980500580958935,0.00020616522574611637,1.0,,112.9337619017825,0.0,10.32630069806243,0.10184700000536395,0.0
Hybrid GWO-ABC,698,0.0,100.0,0.0,50.0,65229.5,65102.15,5025.7,20102800.0,0.9980500580958935,,,,,,,,
Hybrid GWO-ABC,699,0.0,100.0,0.0,50.0,65229.5,65102.15,5025.7,20102800.0,0.9980500580958935,,,,,,,,
Hybrid GWO-ABC,700,0.0,100.0,0.0,50.0,65229.5,65102.15,5025.7,20102800.0,0.9980500580958935,,,,,,,,
Hybrid GWO-ABC,701,0.0,100.0,0.0,50.0,65229.5,65102.15,5025.7,20102800.0,0.9980500580958935,,,,,,,,
Hybrid GWO-ABC,702,0.0,100.0,0.0,50.0,65229.5,65102.15,5025.7,20102800.0,0.9980500580958935,,,,,,,,
Hybrid GWO-ABC,703,0.0,100.0,0.0,50.0,65229.5,65102.15,5025.7,20102800.0,0.9980500580958935,,,,,,,,
Hybrid GWO-ABC,704,0.0,100.0,0.0,50.0,65229.5,65102.15,5025.7,20102800.0,0.9980500580958935,,,,,,,,
Hybrid GWO-ABC,705,0.0,100.0,0.0,50.0,65229.5,65102.15,5025.7,20102800.0,0.9980500580958935,,,,,,,,
Hybrid GWO-ABC,706,0.0,100.0,0.0,50.0,65229.5,65102.15,5025.7,20102800.0,0.9980500580958935,,,,,,,,
Hybrid GWO-ABC,707,0.0,100.0,0.0,50.0,65229.5,65102.15,5025.7,20102800.0,0.9980500580958935,,,,,,,,
Hybrid GWO-ABC,708,0.0,100.0,0.0,50.0,65229.5,65102.15,5025.7,20102800.0,0.9980500580958935,,,,,,,,
Hybrid GWO-ABC,709,0.0,100.0,0.0,50.0,65229.5,65102.15,5025.7,20102800.0,0.9980500580958935,,,,,,,,
Hybrid GWO-ABC,710,0.0,100.0,0.0,50.0,65229.5,65102.15,5025.7,20102800.0,0.9980500580958935,,,,,,,,
Hybrid GWO-ABC,711,0.0,100.0,0.0,50.0,65229.5,65102.15,5025.7,20102800.0,0.9980500580958935,,,,,,,,
Hybrid GWO-ABC,712,0.0,100.0,0.0,50.0,65229.5,65102.15,5025.7,20102800.0,0.9980500580958935,,,,,,,,
Hybrid GWO-ABC,713,0.0,100.0,0.0,50.0,65229.5,65102.15,5025.7,20102800.0,0.9980500580958935,,,,,,,,
Hybrid GWO-ABC,714,0.0,100.0,0.0,50.0,65229.5,65102.15,5025.7,20102800.0,0.9980500580958935,,,,,,,,
Hybrid GWO-ABC,715,0.0,100.0,0.0,50.0,65229.5,65102.15,5025.7,20102800.0,0.9980500580958935,,,,,,,,
Hybrid GWO-ABC,716,0.0,100.0,0.0,50.0,65229.5,65102.15,5025.7,20102800.0,0.9980500580958935,,,,,,,,
Hybrid GWO-ABC,717,0.0,100.0,0.0,50.0,65229.5,65102.15,5025.7,20102800.0,0.9980500580958935,,,,,,,,
Hybrid GWO-ABC,718,0.0,100.0,0.0,50.0,65229.5,65102.15,5025.7,20102800.0,0.9980500580958935,,,,,,,,
Hybrid GWO-ABC,719,0.0,100.0,0.0,50.0,65229.5,65102.15,5025.7,20102800.0,0.9980500580958935,,,,,,,,
Hybrid GWO-ABC,720,0.0,100.0,0.0,50.0,65229.5,65102.15,5025.7,20102800.0,0.9980500580958935,,,,,,,,
Hybrid GWO-ABC,721,0.0,100.0,0.0,50.0,65229.5,65102.15,5025.7,20102800.0,0.9980500580958935,,,,,,,,
Hybrid GWO-ABC,722,0.0,100.0,0.0,50.0,65229.5,65102.15,5025.7,20102800.0,0.9980500580958935,,,,,,,,
Hybrid GWO-ABC,723,0.0,100.0,0.0,50.0,65229.5,65102.15,5025.7,20102800.0,0.9980500580958935,,,,,,,,
Hybrid GWO-ABC,724,0.0,100.0,0.0,50.0,65229.5,65102.15,5025.7,20102800.0,0.9980500580958935,,,,,,,,
Hybrid GWO-ABC,725,0.0,100.0,0.0,50.0,65229.5,65102.15,5025.7,20102800.0,0.9980500580958935,,,,,,,,
Hybrid GWO-ABC,726,0.0,100.0,0.0,50.0,65229.5,65102.15,5025.7,20102800.0,0.9980500580958935,,,,,,,,
Hybrid GWO-ABC,727,0.0,100.0,0.0,50.0,65229.5,65102.15,5025.7,20102800.0,0.9980500580958935,,,,,,,,
Hybrid GWO-ABC,728,0.0,100.0,0.0,50.0,65229.5,65102.15,5025.7,20102800.0,0.9980500580958935,,,,,,,,
